ID;Fecha;Usuario;Acción;Entidad;Detalle
56128;"4/9/2026, 3:14:10 p. m.";Cajero;quote:created;Sale;"{""saleNumber"":""COT-2026-1000"",""total"":13257.85,""items"":1}"
56127;"4/9/2026, 3:14:10 p. m.";Cajero;quote:created;Sale;"{""saleNumber"":""COT-2026-0999"",""total"":29494.69,""items"":1}"
56126;"4/9/2026, 3:14:10 p. m.";Cajero;quote:created;Sale;"{""saleNumber"":""COT-2026-0998"",""total"":27957.51,""items"":1}"
56125;"4/9/2026, 3:14:10 p. m.";Cajero;quote:created;Sale;"{""saleNumber"":""COT-2026-0997"",""total"":1766.23,""items"":1}"
56124;"4/9/2026, 3:14:10 p. m.";Cajero;quote:created;Sale;"{""saleNumber"":""COT-2026-0996"",""total"":7164.69,""items"":1}"
56123;"4/9/2026, 3:14:10 p. m.";Cajero;quote:created;Sale;"{""saleNumber"":""COT-2026-0995"",""total"":46415.26,""items"":1}"
56122;"4/9/2026, 3:14:09 p. m.";Cajero;quote:created;Sale;"{""saleNumber"":""COT-2026-0994"",""total"":32158.94,""items"":1}"
56121;"4/9/2026, 3:14:09 p. m.";Cajero;quote:created;Sale;"{""saleNumber"":""COT-2026-0993"",""total"":4875.07,""items"":1}"
56120;"4/9/2026, 3:14:09 p. m.";Cajero;quote:created;Sale;"{""saleNumber"":""COT-2026-0992"",""total"":78868.88,""items"":1}"
56119;"4/9/2026, 3:14:09 p. m.";Cajero;quote:created;Sale;"{""saleNumber"":""COT-2026-0991"",""total"":32311.51,""items"":1}"
56118;"4/9/2026, 3:14:09 p. m.";Cajero;quote:created;Sale;"{""saleNumber"":""COT-2026-0990"",""total"":41199.14,""items"":1}"
56117;"4/9/2026, 3:14:09 p. m.";Cajero;quote:created;Sale;"{""saleNumber"":""COT-2026-0989"",""total"":43264.05,""items"":1}"
56116;"4/9/2026, 3:14:09 p. m.";Cajero;quote:created;Sale;"{""saleNumber"":""COT-2026-0988"",""total"":99222.58,""items"":1}"
56115;"4/9/2026, 3:14:09 p. m.";Cajero;quote:created;Sale;"{""saleNumber"":""COT-2026-0987"",""total"":29938.76,""items"":1}"
56114;"4/9/2026, 3:14:09 p. m.";Cajero;quote:created;Sale;"{""saleNumber"":""COT-2026-0986"",""total"":48762.42,""items"":1}"
56113;"4/9/2026, 3:14:09 p. m.";Cajero;quote:created;Sale;"{""saleNumber"":""COT-2026-0985"",""total"":1005.23,""items"":1}"
56112;"4/9/2026, 3:14:09 p. m.";Cajero;quote:created;Sale;"{""saleNumber"":""COT-2026-0984"",""total"":24927.81,""items"":1}"
56111;"4/9/2026, 3:14:09 p. m.";Cajero;quote:created;Sale;"{""saleNumber"":""COT-2026-0983"",""total"":29837.02,""items"":1}"
56110;"4/9/2026, 3:14:09 p. m.";Cajero;quote:created;Sale;"{""saleNumber"":""COT-2026-0982"",""total"":51754.39,""items"":1}"
56109;"4/9/2026, 3:14:09 p. m.";Cajero;quote:created;Sale;"{""saleNumber"":""COT-2026-0981"",""total"":75606.47,""items"":1}"
56108;"4/9/2026, 3:14:09 p. m.";Cajero;quote:created;Sale;"{""saleNumber"":""COT-2026-0980"",""total"":34446.76,""items"":1}"
56107;"4/9/2026, 3:14:09 p. m.";Cajero;quote:created;Sale;"{""saleNumber"":""COT-2026-0979"",""total"":96118.9,""items"":1}"
56106;"4/9/2026, 3:14:09 p. m.";Cajero;quote:created;Sale;"{""saleNumber"":""COT-2026-0978"",""total"":40906.15,""items"":1}"
56105;"4/9/2026, 3:14:09 p. m.";Cajero;quote:created;Sale;"{""saleNumber"":""COT-2026-0977"",""total"":22490.39,""items"":1}"
56104;"4/9/2026, 3:14:09 p. m.";Cajero;quote:created;Sale;"{""saleNumber"":""COT-2026-0976"",""total"":27848.8,""items"":1}"
56103;"4/9/2026, 3:14:09 p. m.";Cajero;quote:created;Sale;"{""saleNumber"":""COT-2026-0975"",""total"":26424.1,""items"":1}"
56102;"4/9/2026, 3:14:09 p. m.";Cajero;quote:created;Sale;"{""saleNumber"":""COT-2026-0974"",""total"":10713.09,""items"":1}"
56101;"4/9/2026, 3:14:09 p. m.";Cajero;quote:created;Sale;"{""saleNumber"":""COT-2026-0973"",""total"":46399.21,""items"":1}"
56100;"4/9/2026, 3:14:09 p. m.";Cajero;quote:created;Sale;"{""saleNumber"":""COT-2026-0972"",""total"":29329.02,""items"":1}"
56099;"4/9/2026, 3:14:09 p. m.";Cajero;quote:created;Sale;"{""saleNumber"":""COT-2026-0971"",""total"":6440.12,""items"":1}"
56098;"4/9/2026, 3:14:09 p. m.";Cajero;quote:created;Sale;"{""saleNumber"":""COT-2026-0970"",""total"":49065.57,""items"":1}"
56097;"4/9/2026, 3:14:08 p. m.";Cajero;quote:created;Sale;"{""saleNumber"":""COT-2026-0969"",""total"":31026.74,""items"":1}"
56096;"4/9/2026, 3:14:08 p. m.";Cajero;quote:created;Sale;"{""saleNumber"":""COT-2026-0968"",""total"":24129.73,""items"":1}"
56095;"4/9/2026, 3:14:08 p. m.";Cajero;quote:created;Sale;"{""saleNumber"":""COT-2026-0967"",""total"":15834.36,""items"":1}"
56094;"4/9/2026, 3:14:08 p. m.";Cajero;quote:created;Sale;"{""saleNumber"":""COT-2026-0966"",""total"":60563.69,""items"":1}"
56093;"4/9/2026, 3:14:08 p. m.";Cajero;quote:created;Sale;"{""saleNumber"":""COT-2026-0965"",""total"":43201.79,""items"":1}"
56092;"4/9/2026, 3:14:08 p. m.";Cajero;quote:created;Sale;"{""saleNumber"":""COT-2026-0964"",""total"":70872.51,""items"":1}"
56091;"4/9/2026, 3:14:08 p. m.";Cajero;quote:created;Sale;"{""saleNumber"":""COT-2026-0963"",""total"":33681.64,""items"":1}"
56090;"4/9/2026, 3:14:08 p. m.";Cajero;quote:created;Sale;"{""saleNumber"":""COT-2026-0962"",""total"":43228.53,""items"":1}"
56089;"4/9/2026, 3:14:08 p. m.";Cajero;quote:created;Sale;"{""saleNumber"":""COT-2026-0961"",""total"":27850.87,""items"":1}"
56088;"4/9/2026, 3:14:08 p. m.";Cajero;quote:created;Sale;"{""saleNumber"":""COT-2026-0960"",""total"":43789.92,""items"":1}"
56087;"4/9/2026, 3:14:08 p. m.";Cajero;quote:created;Sale;"{""saleNumber"":""COT-2026-0959"",""total"":10648.48,""items"":1}"
56086;"4/9/2026, 3:14:08 p. m.";Cajero;quote:created;Sale;"{""saleNumber"":""COT-2026-0958"",""total"":39406.39,""items"":1}"
56085;"4/9/2026, 3:14:08 p. m.";Cajero;quote:created;Sale;"{""saleNumber"":""COT-2026-0957"",""total"":37331.25,""items"":1}"
56084;"4/9/2026, 3:14:08 p. m.";Cajero;quote:created;Sale;"{""saleNumber"":""COT-2026-0956"",""total"":17901.77,""items"":1}"
56083;"4/9/2026, 3:14:08 p. m.";Cajero;quote:created;Sale;"{""saleNumber"":""COT-2026-0955"",""total"":47463.9,""items"":1}"
56082;"4/9/2026, 3:14:08 p. m.";Cajero;quote:created;Sale;"{""saleNumber"":""COT-2026-0954"",""total"":2742.26,""items"":1}"
56081;"4/9/2026, 3:14:08 p. m.";Cajero;quote:created;Sale;"{""saleNumber"":""COT-2026-0953"",""total"":46763.03,""items"":1}"
56080;"4/9/2026, 3:14:08 p. m.";Cajero;quote:created;Sale;"{""saleNumber"":""COT-2026-0952"",""total"":5716.92,""items"":1}"
56079;"4/9/2026, 3:14:08 p. m.";Cajero;quote:created;Sale;"{""saleNumber"":""COT-2026-0951"",""total"":48144.79,""items"":1}"
56078;"4/9/2026, 3:14:08 p. m.";Cajero;quote:created;Sale;"{""saleNumber"":""COT-2026-0950"",""total"":35164.76,""items"":1}"
56077;"4/9/2026, 3:14:08 p. m.";Cajero;quote:created;Sale;"{""saleNumber"":""COT-2026-0949"",""total"":98257.52,""items"":1}"
56076;"4/9/2026, 3:14:08 p. m.";Cajero;quote:created;Sale;"{""saleNumber"":""COT-2026-0948"",""total"":39232.55,""items"":1}"
56075;"4/9/2026, 3:14:08 p. m.";Cajero;quote:created;Sale;"{""saleNumber"":""COT-2026-0947"",""total"":20367.89,""items"":1}"
56074;"4/9/2026, 3:14:08 p. m.";Cajero;quote:created;Sale;"{""saleNumber"":""COT-2026-0946"",""total"":35679.45,""items"":1}"
56073;"4/9/2026, 3:14:07 p. m.";Cajero;quote:created;Sale;"{""saleNumber"":""COT-2026-0945"",""total"":43651.75,""items"":1}"
56072;"4/9/2026, 3:14:07 p. m.";Cajero;quote:created;Sale;"{""saleNumber"":""COT-2026-0944"",""total"":34052.39,""items"":1}"
56071;"4/9/2026, 3:14:07 p. m.";Cajero;quote:created;Sale;"{""saleNumber"":""COT-2026-0943"",""total"":27803.02,""items"":1}"
56070;"4/9/2026, 3:14:07 p. m.";Cajero;quote:created;Sale;"{""saleNumber"":""COT-2026-0942"",""total"":43405.04,""items"":1}"
56069;"4/9/2026, 3:14:07 p. m.";Cajero;quote:created;Sale;"{""saleNumber"":""COT-2026-0941"",""total"":95593.35,""items"":1}"
56068;"4/9/2026, 3:14:07 p. m.";Cajero;quote:created;Sale;"{""saleNumber"":""COT-2026-0940"",""total"":24930.39,""items"":1}"
56067;"4/9/2026, 3:14:07 p. m.";Cajero;quote:created;Sale;"{""saleNumber"":""COT-2026-0939"",""total"":43169.04,""items"":1}"
56066;"4/9/2026, 3:14:07 p. m.";Cajero;quote:created;Sale;"{""saleNumber"":""COT-2026-0938"",""total"":21402.13,""items"":1}"
56065;"4/9/2026, 3:14:07 p. m.";Cajero;quote:created;Sale;"{""saleNumber"":""COT-2026-0937"",""total"":46844.23,""items"":1}"
56064;"4/9/2026, 3:14:07 p. m.";Cajero;quote:created;Sale;"{""saleNumber"":""COT-2026-0936"",""total"":40290.46,""items"":1}"
56063;"4/9/2026, 3:14:07 p. m.";Cajero;quote:created;Sale;"{""saleNumber"":""COT-2026-0935"",""total"":19481.2,""items"":1}"
56062;"4/9/2026, 3:14:07 p. m.";Cajero;quote:created;Sale;"{""saleNumber"":""COT-2026-0934"",""total"":515.14,""items"":1}"
56061;"4/9/2026, 3:14:07 p. m.";Cajero;quote:created;Sale;"{""saleNumber"":""COT-2026-0933"",""total"":33944.69,""items"":1}"
56060;"4/9/2026, 3:14:07 p. m.";Cajero;quote:created;Sale;"{""saleNumber"":""COT-2026-0932"",""total"":13895.84,""items"":1}"
56059;"4/9/2026, 3:14:07 p. m.";Cajero;quote:created;Sale;"{""saleNumber"":""COT-2026-0931"",""total"":41865.42,""items"":1}"
56058;"4/9/2026, 3:14:07 p. m.";Cajero;quote:created;Sale;"{""saleNumber"":""COT-2026-0930"",""total"":32561.86,""items"":1}"
56057;"4/9/2026, 3:14:07 p. m.";Cajero;quote:created;Sale;"{""saleNumber"":""COT-2026-0929"",""total"":11904.98,""items"":1}"
56056;"4/9/2026, 3:14:07 p. m.";Cajero;quote:created;Sale;"{""saleNumber"":""COT-2026-0928"",""total"":35980.39,""items"":1}"
56055;"4/9/2026, 3:14:07 p. m.";Cajero;quote:created;Sale;"{""saleNumber"":""COT-2026-0927"",""total"":30812.72,""items"":1}"
56054;"4/9/2026, 3:14:07 p. m.";Cajero;quote:created;Sale;"{""saleNumber"":""COT-2026-0926"",""total"":13241.4,""items"":1}"
56053;"4/9/2026, 3:14:07 p. m.";Cajero;quote:created;Sale;"{""saleNumber"":""COT-2026-0925"",""total"":75584.42,""items"":1}"
56052;"4/9/2026, 3:14:07 p. m.";Cajero;quote:created;Sale;"{""saleNumber"":""COT-2026-0924"",""total"":36074.23,""items"":1}"
56051;"4/9/2026, 3:14:07 p. m.";Cajero;quote:created;Sale;"{""saleNumber"":""COT-2026-0923"",""total"":28721.97,""items"":1}"
56050;"4/9/2026, 3:14:07 p. m.";Cajero;quote:created;Sale;"{""saleNumber"":""COT-2026-0922"",""total"":84494.01,""items"":1}"
56049;"4/9/2026, 3:14:06 p. m.";Cajero;quote:created;Sale;"{""saleNumber"":""COT-2026-0921"",""total"":17865.56,""items"":1}"
56048;"4/9/2026, 3:14:06 p. m.";Cajero;quote:created;Sale;"{""saleNumber"":""COT-2026-0920"",""total"":45451.26,""items"":1}"
56047;"4/9/2026, 3:14:06 p. m.";Cajero;quote:created;Sale;"{""saleNumber"":""COT-2026-0919"",""total"":39149.51,""items"":1}"
56046;"4/9/2026, 3:14:06 p. m.";Cajero;quote:created;Sale;"{""saleNumber"":""COT-2026-0918"",""total"":3298.2,""items"":1}"
56045;"4/9/2026, 3:14:06 p. m.";Cajero;quote:created;Sale;"{""saleNumber"":""COT-2026-0917"",""total"":42273.56,""items"":1}"
56044;"4/9/2026, 3:14:06 p. m.";Cajero;quote:created;Sale;"{""saleNumber"":""COT-2026-0916"",""total"":92800.97,""items"":1}"
56043;"4/9/2026, 3:14:06 p. m.";Cajero;quote:created;Sale;"{""saleNumber"":""COT-2026-0915"",""total"":46399.21,""items"":1}"
56042;"4/9/2026, 3:14:06 p. m.";Cajero;quote:created;Sale;"{""saleNumber"":""COT-2026-0914"",""total"":14858.73,""items"":1}"
56041;"4/9/2026, 3:14:06 p. m.";Cajero;quote:created;Sale;"{""saleNumber"":""COT-2026-0913"",""total"":56466.94,""items"":1}"
56040;"4/9/2026, 3:14:06 p. m.";Cajero;quote:created;Sale;"{""saleNumber"":""COT-2026-0912"",""total"":11418.19,""items"":1}"
56039;"4/9/2026, 3:14:06 p. m.";Cajero;quote:created;Sale;"{""saleNumber"":""COT-2026-0911"",""total"":93603.72,""items"":1}"
56038;"4/9/2026, 3:14:06 p. m.";Cajero;quote:created;Sale;"{""saleNumber"":""COT-2026-0910"",""total"":57926.16,""items"":1}"
56037;"4/9/2026, 3:14:06 p. m.";Cajero;quote:created;Sale;"{""saleNumber"":""COT-2026-0909"",""total"":43641.19,""items"":1}"
56036;"4/9/2026, 3:14:06 p. m.";Cajero;quote:created;Sale;"{""saleNumber"":""COT-2026-0908"",""total"":19415.36,""items"":1}"
56035;"4/9/2026, 3:14:06 p. m.";Cajero;quote:created;Sale;"{""saleNumber"":""COT-2026-0907"",""total"":6861.13,""items"":1}"
56034;"4/9/2026, 3:14:06 p. m.";Cajero;quote:created;Sale;"{""saleNumber"":""COT-2026-0906"",""total"":22993.78,""items"":1}"
56033;"4/9/2026, 3:14:06 p. m.";Cajero;quote:created;Sale;"{""saleNumber"":""COT-2026-0905"",""total"":10648.48,""items"":1}"
56032;"4/9/2026, 3:14:06 p. m.";Cajero;quote:created;Sale;"{""saleNumber"":""COT-2026-0904"",""total"":68468.77,""items"":1}"
56031;"4/9/2026, 3:14:06 p. m.";Cajero;quote:created;Sale;"{""saleNumber"":""COT-2026-0903"",""total"":1939.41,""items"":1}"
56030;"4/9/2026, 3:14:06 p. m.";Cajero;quote:created;Sale;"{""saleNumber"":""COT-2026-0902"",""total"":49877.65,""items"":1}"
56029;"4/9/2026, 3:14:06 p. m.";Cajero;quote:created;Sale;"{""saleNumber"":""COT-2026-0901"",""total"":34687.42,""items"":1}"
56028;"4/9/2026, 3:14:06 p. m.";Cajero;quote:created;Sale;"{""saleNumber"":""COT-2026-0900"",""total"":30832.22,""items"":1}"
56027;"4/9/2026, 3:14:05 p. m.";Cajero;quote:created;Sale;"{""saleNumber"":""COT-2026-0899"",""total"":7669.7,""items"":1}"
56026;"4/9/2026, 3:14:05 p. m.";Cajero;quote:created;Sale;"{""saleNumber"":""COT-2026-0898"",""total"":37859.37,""items"":1}"
56025;"4/9/2026, 3:14:05 p. m.";Cajero;quote:created;Sale;"{""saleNumber"":""COT-2026-0897"",""total"":34032.11,""items"":1}"
56024;"4/9/2026, 3:14:05 p. m.";Cajero;quote:created;Sale;"{""saleNumber"":""COT-2026-0896"",""total"":14937.25,""items"":1}"
56023;"4/9/2026, 3:14:05 p. m.";Cajero;quote:created;Sale;"{""saleNumber"":""COT-2026-0895"",""total"":92340.43,""items"":1}"
56022;"4/9/2026, 3:14:05 p. m.";Cajero;quote:created;Sale;"{""saleNumber"":""COT-2026-0894"",""total"":68031.12,""items"":1}"
56021;"4/9/2026, 3:14:05 p. m.";Cajero;quote:created;Sale;"{""saleNumber"":""COT-2026-0893"",""total"":6743.34,""items"":1}"
56020;"4/9/2026, 3:14:05 p. m.";Cajero;quote:created;Sale;"{""saleNumber"":""COT-2026-0892"",""total"":6292.33,""items"":1}"
56019;"4/9/2026, 3:14:05 p. m.";Cajero;quote:created;Sale;"{""saleNumber"":""COT-2026-0891"",""total"":29938.76,""items"":1}"
56018;"4/9/2026, 3:14:05 p. m.";Cajero;quote:created;Sale;"{""saleNumber"":""COT-2026-0890"",""total"":10014.89,""items"":1}"
56017;"4/9/2026, 3:14:05 p. m.";Cajero;quote:created;Sale;"{""saleNumber"":""COT-2026-0889"",""total"":43978.93,""items"":1}"
56016;"4/9/2026, 3:14:05 p. m.";Cajero;quote:created;Sale;"{""saleNumber"":""COT-2026-0888"",""total"":42104.07,""items"":1}"
56015;"4/9/2026, 3:14:05 p. m.";Cajero;quote:created;Sale;"{""saleNumber"":""COT-2026-0887"",""total"":7241.18,""items"":1}"
56014;"4/9/2026, 3:14:05 p. m.";Cajero;quote:created;Sale;"{""saleNumber"":""COT-2026-0886"",""total"":42295.12,""items"":1}"
56013;"4/9/2026, 3:14:05 p. m.";Cajero;quote:created;Sale;"{""saleNumber"":""COT-2026-0885"",""total"":24535.51,""items"":1}"
56012;"4/9/2026, 3:14:05 p. m.";Cajero;quote:created;Sale;"{""saleNumber"":""COT-2026-0884"",""total"":8946.69,""items"":1}"
56011;"4/9/2026, 3:14:05 p. m.";Cajero;quote:created;Sale;"{""saleNumber"":""COT-2026-0883"",""total"":45638.46,""items"":1}"
56010;"4/9/2026, 3:14:05 p. m.";Cajero;quote:created;Sale;"{""saleNumber"":""COT-2026-0882"",""total"":52714.55,""items"":1}"
56009;"4/9/2026, 3:14:05 p. m.";Cajero;quote:created;Sale;"{""saleNumber"":""COT-2026-0881"",""total"":99752.04,""items"":1}"
56008;"4/9/2026, 3:14:05 p. m.";Cajero;quote:created;Sale;"{""saleNumber"":""COT-2026-0880"",""total"":91659.02,""items"":1}"
56007;"4/9/2026, 3:14:05 p. m.";Cajero;quote:created;Sale;"{""saleNumber"":""COT-2026-0879"",""total"":4957.39,""items"":1}"
56006;"4/9/2026, 3:14:05 p. m.";Cajero;quote:created;Sale;"{""saleNumber"":""COT-2026-0878"",""total"":11856.56,""items"":1}"
56005;"4/9/2026, 3:14:05 p. m.";Cajero;quote:created;Sale;"{""saleNumber"":""COT-2026-0877"",""total"":40830.18,""items"":1}"
56004;"4/9/2026, 3:14:05 p. m.";Cajero;quote:created;Sale;"{""saleNumber"":""COT-2026-0876"",""total"":24114.16,""items"":1}"
56003;"4/9/2026, 3:14:05 p. m.";Cajero;quote:created;Sale;"{""saleNumber"":""COT-2026-0875"",""total"":36329.22,""items"":1}"
56002;"4/9/2026, 3:14:04 p. m.";Cajero;quote:created;Sale;"{""saleNumber"":""COT-2026-0874"",""total"":55722.9,""items"":1}"
56001;"4/9/2026, 3:14:04 p. m.";Cajero;quote:created;Sale;"{""saleNumber"":""COT-2026-0873"",""total"":10566.15,""items"":1}"
56000;"4/9/2026, 3:14:04 p. m.";Cajero;quote:created;Sale;"{""saleNumber"":""COT-2026-0872"",""total"":63564.02,""items"":1}"
55999;"4/9/2026, 3:14:04 p. m.";Cajero;quote:created;Sale;"{""saleNumber"":""COT-2026-0871"",""total"":1344.82,""items"":1}"
55998;"4/9/2026, 3:14:04 p. m.";Cajero;quote:created;Sale;"{""saleNumber"":""COT-2026-0870"",""total"":11266.47,""items"":1}"
55997;"4/9/2026, 3:14:04 p. m.";Cajero;quote:created;Sale;"{""saleNumber"":""COT-2026-0869"",""total"":24810.83,""items"":1}"
55996;"4/9/2026, 3:14:04 p. m.";Cajero;quote:created;Sale;"{""saleNumber"":""COT-2026-0868"",""total"":14415.66,""items"":1}"
55995;"4/9/2026, 3:14:04 p. m.";Cajero;quote:created;Sale;"{""saleNumber"":""COT-2026-0867"",""total"":20072.51,""items"":1}"
55994;"4/9/2026, 3:14:04 p. m.";Cajero;quote:created;Sale;"{""saleNumber"":""COT-2026-0866"",""total"":48209.77,""items"":1}"
55993;"4/9/2026, 3:14:04 p. m.";Cajero;quote:created;Sale;"{""saleNumber"":""COT-2026-0865"",""total"":20640.53,""items"":1}"
55992;"4/9/2026, 3:14:04 p. m.";Cajero;quote:created;Sale;"{""saleNumber"":""COT-2026-0864"",""total"":67716.58,""items"":1}"
55991;"4/9/2026, 3:14:04 p. m.";Cajero;quote:created;Sale;"{""saleNumber"":""COT-2026-0863"",""total"":5005.93,""items"":1}"
55990;"4/9/2026, 3:14:04 p. m.";Cajero;quote:created;Sale;"{""saleNumber"":""COT-2026-0862"",""total"":37426.55,""items"":1}"
55989;"4/9/2026, 3:14:04 p. m.";Cajero;quote:created;Sale;"{""saleNumber"":""COT-2026-0861"",""total"":37399.24,""items"":1}"
55988;"4/9/2026, 3:14:04 p. m.";Cajero;quote:created;Sale;"{""saleNumber"":""COT-2026-0860"",""total"":29075.71,""items"":1}"
55987;"4/9/2026, 3:14:04 p. m.";Cajero;quote:created;Sale;"{""saleNumber"":""COT-2026-0859"",""total"":9772.37,""items"":1}"
55986;"4/9/2026, 3:14:04 p. m.";Cajero;quote:created;Sale;"{""saleNumber"":""COT-2026-0858"",""total"":18130.94,""items"":1}"
55985;"4/9/2026, 3:14:04 p. m.";Cajero;quote:created;Sale;"{""saleNumber"":""COT-2026-0857"",""total"":18881.09,""items"":1}"
55984;"4/9/2026, 3:14:04 p. m.";Cajero;quote:created;Sale;"{""saleNumber"":""COT-2026-0856"",""total"":15026.36,""items"":1}"
55983;"4/9/2026, 3:14:04 p. m.";Cajero;quote:created;Sale;"{""saleNumber"":""COT-2026-0855"",""total"":46045.94,""items"":1}"
55982;"4/9/2026, 3:14:04 p. m.";Cajero;quote:created;Sale;"{""saleNumber"":""COT-2026-0854"",""total"":18931.1,""items"":1}"
55981;"4/9/2026, 3:14:04 p. m.";Cajero;quote:created;Sale;"{""saleNumber"":""COT-2026-0853"",""total"":1727.71,""items"":1}"
55980;"4/9/2026, 3:14:04 p. m.";Cajero;quote:created;Sale;"{""saleNumber"":""COT-2026-0852"",""total"":24268.3,""items"":1}"
55979;"4/9/2026, 3:14:04 p. m.";Cajero;quote:created;Sale;"{""saleNumber"":""COT-2026-0851"",""total"":19852.38,""items"":1}"
55978;"4/9/2026, 3:14:04 p. m.";Cajero;quote:created;Sale;"{""saleNumber"":""COT-2026-0850"",""total"":35283.73,""items"":1}"
55977;"4/9/2026, 3:14:04 p. m.";Cajero;quote:created;Sale;"{""saleNumber"":""COT-2026-0849"",""total"":47894.82,""items"":1}"
55976;"4/9/2026, 3:14:04 p. m.";Cajero;quote:created;Sale;"{""saleNumber"":""COT-2026-0848"",""total"":25586.35,""items"":1}"
55975;"4/9/2026, 3:14:03 p. m.";Cajero;quote:created;Sale;"{""saleNumber"":""COT-2026-0847"",""total"":44642.28,""items"":1}"
55974;"4/9/2026, 3:14:03 p. m.";Cajero;quote:created;Sale;"{""saleNumber"":""COT-2026-0846"",""total"":73828.43,""items"":1}"
55973;"4/9/2026, 3:14:03 p. m.";Cajero;quote:created;Sale;"{""saleNumber"":""COT-2026-0845"",""total"":53576.67,""items"":1}"
55972;"4/9/2026, 3:14:03 p. m.";Cajero;quote:created;Sale;"{""saleNumber"":""COT-2026-0844"",""total"":1058.39,""items"":1}"
55971;"4/9/2026, 3:14:03 p. m.";Cajero;quote:created;Sale;"{""saleNumber"":""COT-2026-0843"",""total"":16397.41,""items"":1}"
55970;"4/9/2026, 3:14:03 p. m.";Cajero;quote:created;Sale;"{""saleNumber"":""COT-2026-0842"",""total"":35687.41,""items"":1}"
55969;"4/9/2026, 3:14:03 p. m.";Cajero;quote:created;Sale;"{""saleNumber"":""COT-2026-0841"",""total"":79371.13,""items"":1}"
55968;"4/9/2026, 3:14:03 p. m.";Cajero;quote:created;Sale;"{""saleNumber"":""COT-2026-0840"",""total"":72202.21,""items"":1}"
55967;"4/9/2026, 3:14:03 p. m.";Cajero;quote:created;Sale;"{""saleNumber"":""COT-2026-0839"",""total"":11453.17,""items"":1}"
55966;"4/9/2026, 3:14:03 p. m.";Cajero;quote:created;Sale;"{""saleNumber"":""COT-2026-0838"",""total"":52691.16,""items"":1}"
55965;"4/9/2026, 3:14:03 p. m.";Cajero;quote:created;Sale;"{""saleNumber"":""COT-2026-0837"",""total"":43336.72,""items"":1}"
55964;"4/9/2026, 3:14:03 p. m.";Cajero;quote:created;Sale;"{""saleNumber"":""COT-2026-0836"",""total"":48123.36,""items"":1}"
55963;"4/9/2026, 3:14:03 p. m.";Cajero;quote:created;Sale;"{""saleNumber"":""COT-2026-0835"",""total"":85348.04,""items"":1}"
55962;"4/9/2026, 3:14:03 p. m.";Cajero;quote:created;Sale;"{""saleNumber"":""COT-2026-0834"",""total"":20432.1,""items"":1}"
55961;"4/9/2026, 3:14:03 p. m.";Cajero;quote:created;Sale;"{""saleNumber"":""COT-2026-0833"",""total"":60797.91,""items"":1}"
55960;"4/9/2026, 3:14:03 p. m.";Cajero;quote:created;Sale;"{""saleNumber"":""COT-2026-0832"",""total"":3143.69,""items"":1}"
55959;"4/9/2026, 3:14:03 p. m.";Cajero;quote:created;Sale;"{""saleNumber"":""COT-2026-0831"",""total"":48991.34,""items"":1}"
55958;"4/9/2026, 3:14:03 p. m.";Cajero;quote:created;Sale;"{""saleNumber"":""COT-2026-0830"",""total"":58217.28,""items"":1}"
55957;"4/9/2026, 3:14:03 p. m.";Cajero;quote:created;Sale;"{""saleNumber"":""COT-2026-0829"",""total"":22419.87,""items"":1}"
55956;"4/9/2026, 3:14:03 p. m.";Cajero;quote:created;Sale;"{""saleNumber"":""COT-2026-0828"",""total"":8143.26,""items"":1}"
55955;"4/9/2026, 3:14:03 p. m.";Cajero;quote:created;Sale;"{""saleNumber"":""COT-2026-0827"",""total"":45563.43,""items"":1}"
55954;"4/9/2026, 3:14:03 p. m.";Cajero;quote:created;Sale;"{""saleNumber"":""COT-2026-0826"",""total"":98536.44,""items"":1}"
55953;"4/9/2026, 3:14:03 p. m.";Cajero;quote:created;Sale;"{""saleNumber"":""COT-2026-0825"",""total"":2199.17,""items"":1}"
55952;"4/9/2026, 3:14:02 p. m.";Cajero;quote:created;Sale;"{""saleNumber"":""COT-2026-0824"",""total"":19637.99,""items"":1}"
55951;"4/9/2026, 3:14:02 p. m.";Cajero;quote:created;Sale;"{""saleNumber"":""COT-2026-0823"",""total"":53234.72,""items"":1}"
55950;"4/9/2026, 3:14:02 p. m.";Cajero;quote:created;Sale;"{""saleNumber"":""COT-2026-0822"",""total"":47066.83,""items"":1}"
55949;"4/9/2026, 3:14:02 p. m.";Cajero;quote:created;Sale;"{""saleNumber"":""COT-2026-0821"",""total"":30391.97,""items"":1}"
55948;"4/9/2026, 3:14:02 p. m.";Cajero;quote:created;Sale;"{""saleNumber"":""COT-2026-0820"",""total"":28383.32,""items"":1}"
55947;"4/9/2026, 3:14:02 p. m.";Cajero;quote:created;Sale;"{""saleNumber"":""COT-2026-0819"",""total"":12364.15,""items"":1}"
55946;"4/9/2026, 3:14:02 p. m.";Cajero;quote:created;Sale;"{""saleNumber"":""COT-2026-0818"",""total"":4119.38,""items"":1}"
55945;"4/9/2026, 3:14:02 p. m.";Cajero;quote:created;Sale;"{""saleNumber"":""COT-2026-0817"",""total"":19418.5,""items"":1}"
55944;"4/9/2026, 3:14:02 p. m.";Cajero;quote:created;Sale;"{""saleNumber"":""COT-2026-0816"",""total"":46850.11,""items"":1}"
55943;"4/9/2026, 3:14:02 p. m.";Cajero;quote:created;Sale;"{""saleNumber"":""COT-2026-0815"",""total"":30703.63,""items"":1}"
55942;"4/9/2026, 3:14:02 p. m.";Cajero;quote:created;Sale;"{""saleNumber"":""COT-2026-0814"",""total"":21540.15,""items"":1}"
55941;"4/9/2026, 3:14:02 p. m.";Cajero;quote:created;Sale;"{""saleNumber"":""COT-2026-0813"",""total"":82998.05,""items"":1}"
55940;"4/9/2026, 3:14:02 p. m.";Cajero;quote:created;Sale;"{""saleNumber"":""COT-2026-0812"",""total"":42796.46,""items"":1}"
55939;"4/9/2026, 3:14:02 p. m.";Cajero;quote:created;Sale;"{""saleNumber"":""COT-2026-0811"",""total"":12942.17,""items"":1}"
55938;"4/9/2026, 3:14:02 p. m.";Cajero;quote:created;Sale;"{""saleNumber"":""COT-2026-0810"",""total"":62305.61,""items"":1}"
55937;"4/9/2026, 3:14:02 p. m.";Cajero;quote:created;Sale;"{""saleNumber"":""COT-2026-0809"",""total"":39881.11,""items"":1}"
55936;"4/9/2026, 3:14:02 p. m.";Cajero;quote:created;Sale;"{""saleNumber"":""COT-2026-0808"",""total"":46002.15,""items"":1}"
55935;"4/9/2026, 3:14:02 p. m.";Cajero;quote:created;Sale;"{""saleNumber"":""COT-2026-0807"",""total"":34583.46,""items"":1}"
55934;"4/9/2026, 3:14:02 p. m.";Cajero;quote:created;Sale;"{""saleNumber"":""COT-2026-0806"",""total"":49641.48,""items"":1}"
55933;"4/9/2026, 3:14:02 p. m.";Cajero;quote:created;Sale;"{""saleNumber"":""COT-2026-0805"",""total"":29893.8,""items"":1}"
55932;"4/9/2026, 3:14:02 p. m.";Cajero;quote:created;Sale;"{""saleNumber"":""COT-2026-0804"",""total"":9350.64,""items"":1}"
55931;"4/9/2026, 3:14:02 p. m.";Cajero;quote:created;Sale;"{""saleNumber"":""COT-2026-0803"",""total"":12364.15,""items"":1}"
55930;"4/9/2026, 3:14:02 p. m.";Cajero;quote:created;Sale;"{""saleNumber"":""COT-2026-0802"",""total"":42426.68,""items"":1}"
55929;"4/9/2026, 3:14:02 p. m.";Cajero;quote:created;Sale;"{""saleNumber"":""COT-2026-0801"",""total"":40616.44,""items"":1}"
55928;"4/9/2026, 3:14:02 p. m.";Cajero;quote:created;Sale;"{""saleNumber"":""COT-2026-0800"",""total"":23995.24,""items"":1}"
55927;"4/9/2026, 3:14:02 p. m.";Cajero;quote:created;Sale;"{""saleNumber"":""COT-2026-0799"",""total"":94371.64,""items"":1}"
55926;"4/9/2026, 3:14:01 p. m.";Cajero;quote:created;Sale;"{""saleNumber"":""COT-2026-0798"",""total"":21795.32,""items"":1}"
55925;"4/9/2026, 3:14:01 p. m.";Cajero;quote:created;Sale;"{""saleNumber"":""COT-2026-0797"",""total"":39493.94,""items"":1}"
55924;"4/9/2026, 3:14:01 p. m.";Cajero;quote:created;Sale;"{""saleNumber"":""COT-2026-0796"",""total"":54980.5,""items"":1}"
55923;"4/9/2026, 3:14:01 p. m.";Cajero;quote:created;Sale;"{""saleNumber"":""COT-2026-0795"",""total"":64904.34,""items"":1}"
55922;"4/9/2026, 3:14:01 p. m.";Cajero;quote:created;Sale;"{""saleNumber"":""COT-2026-0794"",""total"":88260.42,""items"":1}"
55921;"4/9/2026, 3:14:01 p. m.";Cajero;quote:created;Sale;"{""saleNumber"":""COT-2026-0793"",""total"":32121.25,""items"":1}"
55920;"4/9/2026, 3:14:01 p. m.";Cajero;quote:created;Sale;"{""saleNumber"":""COT-2026-0792"",""total"":12847.06,""items"":1}"
55919;"4/9/2026, 3:14:01 p. m.";Cajero;quote:created;Sale;"{""saleNumber"":""COT-2026-0791"",""total"":29256.26,""items"":1}"
55918;"4/9/2026, 3:14:01 p. m.";Cajero;quote:created;Sale;"{""saleNumber"":""COT-2026-0790"",""total"":18274.77,""items"":1}"
55917;"4/9/2026, 3:14:01 p. m.";Cajero;quote:created;Sale;"{""saleNumber"":""COT-2026-0789"",""total"":44452.34,""items"":1}"
55916;"4/9/2026, 3:14:01 p. m.";Cajero;quote:created;Sale;"{""saleNumber"":""COT-2026-0788"",""total"":13410.17,""items"":1}"
55915;"4/9/2026, 3:14:01 p. m.";Cajero;quote:created;Sale;"{""saleNumber"":""COT-2026-0787"",""total"":24615.83,""items"":1}"
55914;"4/9/2026, 3:14:01 p. m.";Cajero;quote:created;Sale;"{""saleNumber"":""COT-2026-0786"",""total"":45374.42,""items"":1}"
55913;"4/9/2026, 3:14:01 p. m.";Cajero;quote:created;Sale;"{""saleNumber"":""COT-2026-0785"",""total"":18007.56,""items"":1}"
55912;"4/9/2026, 3:14:01 p. m.";Cajero;quote:created;Sale;"{""saleNumber"":""COT-2026-0784"",""total"":35946.63,""items"":1}"
55911;"4/9/2026, 3:14:01 p. m.";Cajero;quote:created;Sale;"{""saleNumber"":""COT-2026-0783"",""total"":99024.12,""items"":1}"
55910;"4/9/2026, 3:14:01 p. m.";Cajero;quote:created;Sale;"{""saleNumber"":""COT-2026-0782"",""total"":94831.86,""items"":1}"
55909;"4/9/2026, 3:14:01 p. m.";Cajero;quote:created;Sale;"{""saleNumber"":""COT-2026-0781"",""total"":16933.21,""items"":1}"
55908;"4/9/2026, 3:14:01 p. m.";Cajero;quote:created;Sale;"{""saleNumber"":""COT-2026-0780"",""total"":39332.21,""items"":1}"
55907;"4/9/2026, 3:14:01 p. m.";Cajero;quote:created;Sale;"{""saleNumber"":""COT-2026-0779"",""total"":81703.06,""items"":1}"
55906;"4/9/2026, 3:14:01 p. m.";Cajero;quote:created;Sale;"{""saleNumber"":""COT-2026-0778"",""total"":45285.04,""items"":1}"
55905;"4/9/2026, 3:14:01 p. m.";Cajero;quote:created;Sale;"{""saleNumber"":""COT-2026-0777"",""total"":20621.87,""items"":1}"
55904;"4/9/2026, 3:14:01 p. m.";Cajero;quote:created;Sale;"{""saleNumber"":""COT-2026-0776"",""total"":17334.33,""items"":1}"
55903;"4/9/2026, 3:14:01 p. m.";Cajero;quote:created;Sale;"{""saleNumber"":""COT-2026-0775"",""total"":27242.66,""items"":1}"
55902;"4/9/2026, 3:14:01 p. m.";Cajero;quote:created;Sale;"{""saleNumber"":""COT-2026-0774"",""total"":19134.7,""items"":1}"
55901;"4/9/2026, 3:14:00 p. m.";Cajero;quote:created;Sale;"{""saleNumber"":""COT-2026-0773"",""total"":4958.32,""items"":1}"
55900;"4/9/2026, 3:14:00 p. m.";Cajero;quote:created;Sale;"{""saleNumber"":""COT-2026-0772"",""total"":71893.11,""items"":1}"
55899;"4/9/2026, 3:14:00 p. m.";Cajero;quote:created;Sale;"{""saleNumber"":""COT-2026-0771"",""total"":9922.78,""items"":1}"
55898;"4/9/2026, 3:14:00 p. m.";Cajero;quote:created;Sale;"{""saleNumber"":""COT-2026-0770"",""total"":97099.15,""items"":1}"
55897;"4/9/2026, 3:14:00 p. m.";Cajero;quote:created;Sale;"{""saleNumber"":""COT-2026-0769"",""total"":7962.54,""items"":1}"
55896;"4/9/2026, 3:14:00 p. m.";Cajero;quote:created;Sale;"{""saleNumber"":""COT-2026-0768"",""total"":10566.15,""items"":1}"
55895;"4/9/2026, 3:14:00 p. m.";Cajero;quote:created;Sale;"{""saleNumber"":""COT-2026-0767"",""total"":51297.79,""items"":1}"
55894;"4/9/2026, 3:14:00 p. m.";Cajero;quote:created;Sale;"{""saleNumber"":""COT-2026-0766"",""total"":47025.5,""items"":1}"
55893;"4/9/2026, 3:14:00 p. m.";Cajero;quote:created;Sale;"{""saleNumber"":""COT-2026-0765"",""total"":70479.43,""items"":1}"
55892;"4/9/2026, 3:14:00 p. m.";Cajero;quote:created;Sale;"{""saleNumber"":""COT-2026-0764"",""total"":32247.94,""items"":1}"
55891;"4/9/2026, 3:14:00 p. m.";Cajero;quote:created;Sale;"{""saleNumber"":""COT-2026-0763"",""total"":45934.44,""items"":1}"
55890;"4/9/2026, 3:14:00 p. m.";Cajero;quote:created;Sale;"{""saleNumber"":""COT-2026-0762"",""total"":27238.87,""items"":1}"
55889;"4/9/2026, 3:14:00 p. m.";Cajero;quote:created;Sale;"{""saleNumber"":""COT-2026-0761"",""total"":2549.92,""items"":1}"
55888;"4/9/2026, 3:14:00 p. m.";Cajero;quote:created;Sale;"{""saleNumber"":""COT-2026-0760"",""total"":20203.5,""items"":1}"
55887;"4/9/2026, 3:14:00 p. m.";Cajero;quote:created;Sale;"{""saleNumber"":""COT-2026-0759"",""total"":60120.57,""items"":1}"
55886;"4/9/2026, 3:14:00 p. m.";Cajero;quote:created;Sale;"{""saleNumber"":""COT-2026-0758"",""total"":7779.57,""items"":1}"
55885;"4/9/2026, 3:14:00 p. m.";Cajero;quote:created;Sale;"{""saleNumber"":""COT-2026-0757"",""total"":84398.03,""items"":1}"
55884;"4/9/2026, 3:14:00 p. m.";Cajero;quote:created;Sale;"{""saleNumber"":""COT-2026-0756"",""total"":11900.91,""items"":1}"
55883;"4/9/2026, 3:14:00 p. m.";Cajero;quote:created;Sale;"{""saleNumber"":""COT-2026-0755"",""total"":20884.51,""items"":1}"
55882;"4/9/2026, 3:14:00 p. m.";Cajero;quote:created;Sale;"{""saleNumber"":""COT-2026-0754"",""total"":46548.02,""items"":1}"
55881;"4/9/2026, 3:14:00 p. m.";Cajero;quote:created;Sale;"{""saleNumber"":""COT-2026-0753"",""total"":22410.26,""items"":1}"
55880;"4/9/2026, 3:14:00 p. m.";Cajero;quote:created;Sale;"{""saleNumber"":""COT-2026-0752"",""total"":6751.03,""items"":1}"
55879;"4/9/2026, 3:14:00 p. m.";Cajero;quote:created;Sale;"{""saleNumber"":""COT-2026-0751"",""total"":47391.4,""items"":1}"
55878;"4/9/2026, 3:14:00 p. m.";Cajero;quote:created;Sale;"{""saleNumber"":""COT-2026-0750"",""total"":15101.61,""items"":1}"
55877;"4/9/2026, 3:14:00 p. m.";Cajero;quote:created;Sale;"{""saleNumber"":""COT-2026-0749"",""total"":32379.17,""items"":1}"
55876;"4/9/2026, 3:14:00 p. m.";Cajero;quote:created;Sale;"{""saleNumber"":""COT-2026-0748"",""total"":28195.34,""items"":1}"
55875;"4/9/2026, 3:14:00 p. m.";Cajero;quote:created;Sale;"{""saleNumber"":""COT-2026-0747"",""total"":28905.97,""items"":1}"
55874;"4/9/2026, 3:13:59 p. m.";Cajero;quote:created;Sale;"{""saleNumber"":""COT-2026-0746"",""total"":77769.48,""items"":1}"
55873;"4/9/2026, 3:13:59 p. m.";Cajero;quote:created;Sale;"{""saleNumber"":""COT-2026-0745"",""total"":44556.49,""items"":1}"
55872;"4/9/2026, 3:13:59 p. m.";Cajero;quote:created;Sale;"{""saleNumber"":""COT-2026-0744"",""total"":1119.01,""items"":1}"
55871;"4/9/2026, 3:13:59 p. m.";Cajero;quote:created;Sale;"{""saleNumber"":""COT-2026-0743"",""total"":7172.06,""items"":1}"
55870;"4/9/2026, 3:13:59 p. m.";Cajero;quote:created;Sale;"{""saleNumber"":""COT-2026-0742"",""total"":34441.5,""items"":1}"
55869;"4/9/2026, 3:13:59 p. m.";Cajero;quote:created;Sale;"{""saleNumber"":""COT-2026-0741"",""total"":16523.46,""items"":1}"
55868;"4/9/2026, 3:13:59 p. m.";Cajero;quote:created;Sale;"{""saleNumber"":""COT-2026-0740"",""total"":2330.46,""items"":1}"
55867;"4/9/2026, 3:13:59 p. m.";Cajero;quote:created;Sale;"{""saleNumber"":""COT-2026-0739"",""total"":79973.77,""items"":1}"
55866;"4/9/2026, 3:13:59 p. m.";Cajero;quote:created;Sale;"{""saleNumber"":""COT-2026-0738"",""total"":69301.97,""items"":1}"
55865;"4/9/2026, 3:13:59 p. m.";Cajero;quote:created;Sale;"{""saleNumber"":""COT-2026-0737"",""total"":68117.31,""items"":1}"
55864;"4/9/2026, 3:13:59 p. m.";Cajero;quote:created;Sale;"{""saleNumber"":""COT-2026-0736"",""total"":31172.11,""items"":1}"
55863;"4/9/2026, 3:13:59 p. m.";Cajero;quote:created;Sale;"{""saleNumber"":""COT-2026-0735"",""total"":17311.38,""items"":1}"
55862;"4/9/2026, 3:13:59 p. m.";Cajero;quote:created;Sale;"{""saleNumber"":""COT-2026-0734"",""total"":3705.82,""items"":1}"
55861;"4/9/2026, 3:13:59 p. m.";Cajero;quote:created;Sale;"{""saleNumber"":""COT-2026-0733"",""total"":16397.41,""items"":1}"
55860;"4/9/2026, 3:13:59 p. m.";Cajero;quote:created;Sale;"{""saleNumber"":""COT-2026-0732"",""total"":78052.79,""items"":1}"
55859;"4/9/2026, 3:13:59 p. m.";Cajero;quote:created;Sale;"{""saleNumber"":""COT-2026-0731"",""total"":37962.25,""items"":1}"
55858;"4/9/2026, 3:13:59 p. m.";Cajero;quote:created;Sale;"{""saleNumber"":""COT-2026-0730"",""total"":16785.17,""items"":1}"
55857;"4/9/2026, 3:13:59 p. m.";Cajero;quote:created;Sale;"{""saleNumber"":""COT-2026-0729"",""total"":29623.59,""items"":1}"
55856;"4/9/2026, 3:13:59 p. m.";Cajero;quote:created;Sale;"{""saleNumber"":""COT-2026-0728"",""total"":49141.76,""items"":1}"
55855;"4/9/2026, 3:13:59 p. m.";Cajero;quote:created;Sale;"{""saleNumber"":""COT-2026-0727"",""total"":5648.04,""items"":1}"
55854;"4/9/2026, 3:13:59 p. m.";Cajero;quote:created;Sale;"{""saleNumber"":""COT-2026-0726"",""total"":20153.58,""items"":1}"
55853;"4/9/2026, 3:13:59 p. m.";Cajero;quote:created;Sale;"{""saleNumber"":""COT-2026-0725"",""total"":5740.67,""items"":1}"
55852;"4/9/2026, 3:13:59 p. m.";Cajero;quote:created;Sale;"{""saleNumber"":""COT-2026-0724"",""total"":19635.89,""items"":1}"
55851;"4/9/2026, 3:13:59 p. m.";Cajero;quote:created;Sale;"{""saleNumber"":""COT-2026-0723"",""total"":33168.89,""items"":1}"
55850;"4/9/2026, 3:13:59 p. m.";Cajero;quote:created;Sale;"{""saleNumber"":""COT-2026-0722"",""total"":8221.84,""items"":1}"
55849;"4/9/2026, 3:13:59 p. m.";Cajero;quote:created;Sale;"{""saleNumber"":""COT-2026-0721"",""total"":77064.67,""items"":1}"
55848;"4/9/2026, 3:13:58 p. m.";Cajero;quote:created;Sale;"{""saleNumber"":""COT-2026-0720"",""total"":20925.29,""items"":1}"
55847;"4/9/2026, 3:13:58 p. m.";Cajero;quote:created;Sale;"{""saleNumber"":""COT-2026-0719"",""total"":75709.3,""items"":1}"
55846;"4/9/2026, 3:13:58 p. m.";Cajero;quote:created;Sale;"{""saleNumber"":""COT-2026-0718"",""total"":9648.93,""items"":1}"
55845;"4/9/2026, 3:13:58 p. m.";Cajero;quote:created;Sale;"{""saleNumber"":""COT-2026-0717"",""total"":84051.69,""items"":1}"
55844;"4/9/2026, 3:13:58 p. m.";Cajero;quote:created;Sale;"{""saleNumber"":""COT-2026-0716"",""total"":27050.81,""items"":1}"
55843;"4/9/2026, 3:13:58 p. m.";Cajero;quote:created;Sale;"{""saleNumber"":""COT-2026-0715"",""total"":1283.9,""items"":1}"
55842;"4/9/2026, 3:13:58 p. m.";Cajero;quote:created;Sale;"{""saleNumber"":""COT-2026-0714"",""total"":69258.04,""items"":1}"
55841;"4/9/2026, 3:13:58 p. m.";Cajero;quote:created;Sale;"{""saleNumber"":""COT-2026-0713"",""total"":3494.01,""items"":1}"
55840;"4/9/2026, 3:13:58 p. m.";Cajero;quote:created;Sale;"{""saleNumber"":""COT-2026-0712"",""total"":37475.57,""items"":1}"
55839;"4/9/2026, 3:13:58 p. m.";Cajero;quote:created;Sale;"{""saleNumber"":""COT-2026-0711"",""total"":39434.38,""items"":1}"
55838;"4/9/2026, 3:13:58 p. m.";Cajero;quote:created;Sale;"{""saleNumber"":""COT-2026-0710"",""total"":86128.03,""items"":1}"
55837;"4/9/2026, 3:13:58 p. m.";Cajero;quote:created;Sale;"{""saleNumber"":""COT-2026-0709"",""total"":9283.33,""items"":1}"
55836;"4/9/2026, 3:13:58 p. m.";Cajero;quote:created;Sale;"{""saleNumber"":""COT-2026-0708"",""total"":19732.2,""items"":1}"
55835;"4/9/2026, 3:13:58 p. m.";Cajero;quote:created;Sale;"{""saleNumber"":""COT-2026-0707"",""total"":49823.63,""items"":1}"
55834;"4/9/2026, 3:13:58 p. m.";Cajero;quote:created;Sale;"{""saleNumber"":""COT-2026-0706"",""total"":37035.37,""items"":1}"
55833;"4/9/2026, 3:13:58 p. m.";Cajero;quote:created;Sale;"{""saleNumber"":""COT-2026-0705"",""total"":27180.2,""items"":1}"
55832;"4/9/2026, 3:13:58 p. m.";Cajero;quote:created;Sale;"{""saleNumber"":""COT-2026-0704"",""total"":49573.88,""items"":1}"
55831;"4/9/2026, 3:13:58 p. m.";Cajero;quote:created;Sale;"{""saleNumber"":""COT-2026-0703"",""total"":58874.27,""items"":1}"
55830;"4/9/2026, 3:13:58 p. m.";Cajero;quote:created;Sale;"{""saleNumber"":""COT-2026-0702"",""total"":24713.55,""items"":1}"
55829;"4/9/2026, 3:13:58 p. m.";Cajero;quote:created;Sale;"{""saleNumber"":""COT-2026-0701"",""total"":47963.46,""items"":1}"
55828;"4/9/2026, 3:13:58 p. m.";Cajero;quote:created;Sale;"{""saleNumber"":""COT-2026-0700"",""total"":47069.46,""items"":1}"
55827;"4/9/2026, 3:13:58 p. m.";Cajero;quote:created;Sale;"{""saleNumber"":""COT-2026-0699"",""total"":25631.27,""items"":1}"
55826;"4/9/2026, 3:13:58 p. m.";Cajero;quote:created;Sale;"{""saleNumber"":""COT-2026-0698"",""total"":20432.1,""items"":1}"
55825;"4/9/2026, 3:13:58 p. m.";Cajero;quote:created;Sale;"{""saleNumber"":""COT-2026-0697"",""total"":10185.84,""items"":1}"
55824;"4/9/2026, 3:13:58 p. m.";Cajero;quote:created;Sale;"{""saleNumber"":""COT-2026-0696"",""total"":47639.08,""items"":1}"
55823;"4/9/2026, 3:13:58 p. m.";Cajero;quote:created;Sale;"{""saleNumber"":""COT-2026-0695"",""total"":36956.65,""items"":1}"
55822;"4/9/2026, 3:13:58 p. m.";Cajero;quote:created;Sale;"{""saleNumber"":""COT-2026-0694"",""total"":29322.11,""items"":1}"
55821;"4/9/2026, 3:13:57 p. m.";Cajero;quote:created;Sale;"{""saleNumber"":""COT-2026-0693"",""total"":4219.92,""items"":1}"
55820;"4/9/2026, 3:13:57 p. m.";Cajero;quote:created;Sale;"{""saleNumber"":""COT-2026-0692"",""total"":18591.15,""items"":1}"
55819;"4/9/2026, 3:13:57 p. m.";Cajero;quote:created;Sale;"{""saleNumber"":""COT-2026-0691"",""total"":43227.1,""items"":1}"
55818;"4/9/2026, 3:13:57 p. m.";Cajero;quote:created;Sale;"{""saleNumber"":""COT-2026-0690"",""total"":21381.47,""items"":1}"
55817;"4/9/2026, 3:13:57 p. m.";Cajero;quote:created;Sale;"{""saleNumber"":""COT-2026-0689"",""total"":45556.71,""items"":1}"
55816;"4/9/2026, 3:13:57 p. m.";Cajero;quote:created;Sale;"{""saleNumber"":""COT-2026-0688"",""total"":38284.78,""items"":1}"
55815;"4/9/2026, 3:13:57 p. m.";Cajero;quote:created;Sale;"{""saleNumber"":""COT-2026-0687"",""total"":34563.69,""items"":1}"
55814;"4/9/2026, 3:13:57 p. m.";Cajero;quote:created;Sale;"{""saleNumber"":""COT-2026-0686"",""total"":30195.32,""items"":1}"
55813;"4/9/2026, 3:13:57 p. m.";Cajero;quote:created;Sale;"{""saleNumber"":""COT-2026-0685"",""total"":785.03,""items"":1}"
55812;"4/9/2026, 3:13:57 p. m.";Cajero;quote:created;Sale;"{""saleNumber"":""COT-2026-0684"",""total"":17106.91,""items"":1}"
55811;"4/9/2026, 3:13:57 p. m.";Cajero;quote:created;Sale;"{""saleNumber"":""COT-2026-0683"",""total"":51502.62,""items"":1}"
55810;"4/9/2026, 3:13:57 p. m.";Cajero;quote:created;Sale;"{""saleNumber"":""COT-2026-0682"",""total"":33406.28,""items"":1}"
55809;"4/9/2026, 3:13:57 p. m.";Cajero;quote:created;Sale;"{""saleNumber"":""COT-2026-0681"",""total"":69451.77,""items"":1}"
55808;"4/9/2026, 3:13:57 p. m.";Cajero;quote:created;Sale;"{""saleNumber"":""COT-2026-0680"",""total"":85527.85,""items"":1}"
55807;"4/9/2026, 3:13:57 p. m.";Cajero;quote:created;Sale;"{""saleNumber"":""COT-2026-0679"",""total"":14585.4,""items"":1}"
55806;"4/9/2026, 3:13:57 p. m.";Cajero;quote:created;Sale;"{""saleNumber"":""COT-2026-0678"",""total"":18020.16,""items"":1}"
55805;"4/9/2026, 3:13:57 p. m.";Cajero;quote:created;Sale;"{""saleNumber"":""COT-2026-0677"",""total"":26226.26,""items"":1}"
55804;"4/9/2026, 3:13:57 p. m.";Cajero;quote:created;Sale;"{""saleNumber"":""COT-2026-0676"",""total"":61284.04,""items"":1}"
55803;"4/9/2026, 3:13:57 p. m.";Cajero;quote:created;Sale;"{""saleNumber"":""COT-2026-0675"",""total"":34600.31,""items"":1}"
55802;"4/9/2026, 3:13:57 p. m.";Cajero;quote:created;Sale;"{""saleNumber"":""COT-2026-0674"",""total"":88767.45,""items"":1}"
55801;"4/9/2026, 3:13:57 p. m.";Cajero;quote:created;Sale;"{""saleNumber"":""COT-2026-0673"",""total"":93904.31,""items"":1}"
55800;"4/9/2026, 3:13:57 p. m.";Cajero;quote:created;Sale;"{""saleNumber"":""COT-2026-0672"",""total"":85978.67,""items"":1}"
55799;"4/9/2026, 3:13:57 p. m.";Cajero;quote:created;Sale;"{""saleNumber"":""COT-2026-0671"",""total"":20886.29,""items"":1}"
55798;"4/9/2026, 3:13:57 p. m.";Cajero;quote:created;Sale;"{""saleNumber"":""COT-2026-0670"",""total"":27573.06,""items"":1}"
55797;"4/9/2026, 3:13:56 p. m.";Cajero;quote:created;Sale;"{""saleNumber"":""COT-2026-0669"",""total"":32622.34,""items"":1}"
55796;"4/9/2026, 3:13:56 p. m.";Cajero;quote:created;Sale;"{""saleNumber"":""COT-2026-0668"",""total"":23473.31,""items"":1}"
55795;"4/9/2026, 3:13:56 p. m.";Cajero;quote:created;Sale;"{""saleNumber"":""COT-2026-0667"",""total"":46157.44,""items"":1}"
55794;"4/9/2026, 3:13:56 p. m.";Cajero;quote:created;Sale;"{""saleNumber"":""COT-2026-0666"",""total"":31526.87,""items"":1}"
55793;"4/9/2026, 3:13:56 p. m.";Cajero;quote:created;Sale;"{""saleNumber"":""COT-2026-0665"",""total"":48882.6,""items"":1}"
55792;"4/9/2026, 3:13:56 p. m.";Cajero;quote:created;Sale;"{""saleNumber"":""COT-2026-0664"",""total"":27615.22,""items"":1}"
55791;"4/9/2026, 3:13:56 p. m.";Cajero;quote:created;Sale;"{""saleNumber"":""COT-2026-0663"",""total"":65131.1,""items"":1}"
55790;"4/9/2026, 3:13:56 p. m.";Cajero;quote:created;Sale;"{""saleNumber"":""COT-2026-0662"",""total"":69856.83,""items"":1}"
55789;"4/9/2026, 3:13:56 p. m.";Cajero;quote:created;Sale;"{""saleNumber"":""COT-2026-0661"",""total"":27537.88,""items"":1}"
55788;"4/9/2026, 3:13:56 p. m.";Cajero;quote:created;Sale;"{""saleNumber"":""COT-2026-0660"",""total"":15332.95,""items"":1}"
55787;"4/9/2026, 3:13:56 p. m.";Cajero;quote:created;Sale;"{""saleNumber"":""COT-2026-0659"",""total"":36014.77,""items"":1}"
55786;"4/9/2026, 3:13:56 p. m.";Cajero;quote:created;Sale;"{""saleNumber"":""COT-2026-0658"",""total"":26587.61,""items"":1}"
55785;"4/9/2026, 3:13:56 p. m.";Cajero;quote:created;Sale;"{""saleNumber"":""COT-2026-0657"",""total"":52474.74,""items"":1}"
55784;"4/9/2026, 3:13:56 p. m.";Cajero;quote:created;Sale;"{""saleNumber"":""COT-2026-0656"",""total"":25485.81,""items"":1}"
55783;"4/9/2026, 3:13:56 p. m.";Cajero;quote:created;Sale;"{""saleNumber"":""COT-2026-0655"",""total"":21120.43,""items"":1}"
55782;"4/9/2026, 3:13:56 p. m.";Cajero;quote:created;Sale;"{""saleNumber"":""COT-2026-0654"",""total"":5227.1,""items"":1}"
55781;"4/9/2026, 3:13:56 p. m.";Cajero;quote:created;Sale;"{""saleNumber"":""COT-2026-0653"",""total"":19941.96,""items"":1}"
55780;"4/9/2026, 3:13:56 p. m.";Cajero;quote:created;Sale;"{""saleNumber"":""COT-2026-0652"",""total"":32424.29,""items"":1}"
55779;"4/9/2026, 3:13:56 p. m.";Cajero;quote:created;Sale;"{""saleNumber"":""COT-2026-0651"",""total"":34868.59,""items"":1}"
55778;"4/9/2026, 3:13:56 p. m.";Cajero;quote:created;Sale;"{""saleNumber"":""COT-2026-0650"",""total"":6949.35,""items"":1}"
55777;"4/9/2026, 3:13:56 p. m.";Cajero;quote:created;Sale;"{""saleNumber"":""COT-2026-0649"",""total"":58945.98,""items"":1}"
55776;"4/9/2026, 3:13:56 p. m.";Cajero;quote:created;Sale;"{""saleNumber"":""COT-2026-0648"",""total"":13168.18,""items"":1}"
55775;"4/9/2026, 3:13:56 p. m.";Cajero;quote:created;Sale;"{""saleNumber"":""COT-2026-0647"",""total"":34018.36,""items"":1}"
55774;"4/9/2026, 3:13:56 p. m.";Cajero;quote:created;Sale;"{""saleNumber"":""COT-2026-0646"",""total"":50810.97,""items"":1}"
55773;"4/9/2026, 3:13:56 p. m.";Cajero;quote:created;Sale;"{""saleNumber"":""COT-2026-0645"",""total"":9226.22,""items"":1}"
55772;"4/9/2026, 3:13:56 p. m.";Cajero;quote:created;Sale;"{""saleNumber"":""COT-2026-0644"",""total"":46349.28,""items"":1}"
55771;"4/9/2026, 3:13:56 p. m.";Cajero;quote:created;Sale;"{""saleNumber"":""COT-2026-0643"",""total"":13580.51,""items"":1}"
55770;"4/9/2026, 3:13:56 p. m.";Cajero;quote:created;Sale;"{""saleNumber"":""COT-2026-0642"",""total"":1485.23,""items"":1}"
55769;"4/9/2026, 3:13:55 p. m.";Cajero;quote:created;Sale;"{""saleNumber"":""COT-2026-0641"",""total"":34542.98,""items"":1}"
55768;"4/9/2026, 3:13:55 p. m.";Cajero;quote:created;Sale;"{""saleNumber"":""COT-2026-0640"",""total"":393.25,""items"":1}"
55767;"4/9/2026, 3:13:55 p. m.";Cajero;quote:created;Sale;"{""saleNumber"":""COT-2026-0639"",""total"":66151.27,""items"":1}"
55766;"4/9/2026, 3:13:55 p. m.";Cajero;quote:created;Sale;"{""saleNumber"":""COT-2026-0638"",""total"":18662.54,""items"":1}"
55765;"4/9/2026, 3:13:55 p. m.";Cajero;quote:created;Sale;"{""saleNumber"":""COT-2026-0637"",""total"":17599.61,""items"":1}"
55764;"4/9/2026, 3:13:55 p. m.";Cajero;quote:created;Sale;"{""saleNumber"":""COT-2026-0636"",""total"":18007.56,""items"":1}"
55763;"4/9/2026, 3:13:55 p. m.";Cajero;quote:created;Sale;"{""saleNumber"":""COT-2026-0635"",""total"":88695.12,""items"":1}"
55762;"4/9/2026, 3:13:55 p. m.";Cajero;quote:created;Sale;"{""saleNumber"":""COT-2026-0634"",""total"":90158.6,""items"":1}"
55761;"4/9/2026, 3:13:55 p. m.";Cajero;quote:created;Sale;"{""saleNumber"":""COT-2026-0633"",""total"":21592.11,""items"":1}"
55760;"4/9/2026, 3:13:55 p. m.";Cajero;quote:created;Sale;"{""saleNumber"":""COT-2026-0632"",""total"":57198.6,""items"":1}"
55759;"4/9/2026, 3:13:55 p. m.";Cajero;quote:created;Sale;"{""saleNumber"":""COT-2026-0631"",""total"":29870.37,""items"":1}"
55758;"4/9/2026, 3:13:55 p. m.";Cajero;quote:created;Sale;"{""saleNumber"":""COT-2026-0630"",""total"":17712.7,""items"":1}"
55757;"4/9/2026, 3:13:55 p. m.";Cajero;quote:created;Sale;"{""saleNumber"":""COT-2026-0629"",""total"":15300.47,""items"":1}"
55756;"4/9/2026, 3:13:55 p. m.";Cajero;quote:created;Sale;"{""saleNumber"":""COT-2026-0628"",""total"":3069.43,""items"":1}"
55755;"4/9/2026, 3:13:55 p. m.";Cajero;quote:created;Sale;"{""saleNumber"":""COT-2026-0627"",""total"":37276.82,""items"":1}"
55754;"4/9/2026, 3:13:55 p. m.";Cajero;quote:created;Sale;"{""saleNumber"":""COT-2026-0626"",""total"":21062.64,""items"":1}"
55753;"4/9/2026, 3:13:55 p. m.";Cajero;quote:created;Sale;"{""saleNumber"":""COT-2026-0625"",""total"":34858.33,""items"":1}"
55752;"4/9/2026, 3:13:55 p. m.";Cajero;quote:created;Sale;"{""saleNumber"":""COT-2026-0624"",""total"":17355.71,""items"":1}"
55751;"4/9/2026, 3:13:55 p. m.";Cajero;quote:created;Sale;"{""saleNumber"":""COT-2026-0623"",""total"":34582.63,""items"":1}"
55750;"4/9/2026, 3:13:55 p. m.";Cajero;quote:created;Sale;"{""saleNumber"":""COT-2026-0622"",""total"":38597.8,""items"":1}"
55749;"4/9/2026, 3:13:55 p. m.";Cajero;quote:created;Sale;"{""saleNumber"":""COT-2026-0621"",""total"":97878.78,""items"":1}"
55748;"4/9/2026, 3:13:55 p. m.";Cajero;quote:created;Sale;"{""saleNumber"":""COT-2026-0620"",""total"":31151.91,""items"":1}"
55747;"4/9/2026, 3:13:55 p. m.";Cajero;quote:created;Sale;"{""saleNumber"":""COT-2026-0619"",""total"":6605.13,""items"":1}"
55746;"4/9/2026, 3:13:55 p. m.";Cajero;quote:created;Sale;"{""saleNumber"":""COT-2026-0618"",""total"":80281.47,""items"":1}"
55745;"4/9/2026, 3:13:55 p. m.";Cajero;quote:created;Sale;"{""saleNumber"":""COT-2026-0617"",""total"":1189.91,""items"":1}"
55744;"4/9/2026, 3:13:55 p. m.";Cajero;quote:created;Sale;"{""saleNumber"":""COT-2026-0616"",""total"":5716.92,""items"":1}"
55743;"4/9/2026, 3:13:54 p. m.";Cajero;quote:created;Sale;"{""saleNumber"":""COT-2026-0615"",""total"":97310.18,""items"":1}"
55742;"4/9/2026, 3:13:54 p. m.";Cajero;quote:created;Sale;"{""saleNumber"":""COT-2026-0614"",""total"":95581.42,""items"":1}"
55741;"4/9/2026, 3:13:54 p. m.";Cajero;quote:created;Sale;"{""saleNumber"":""COT-2026-0613"",""total"":33059.04,""items"":1}"
55740;"4/9/2026, 3:13:54 p. m.";Cajero;quote:created;Sale;"{""saleNumber"":""COT-2026-0612"",""total"":48939.08,""items"":1}"
55739;"4/9/2026, 3:13:54 p. m.";Cajero;quote:created;Sale;"{""saleNumber"":""COT-2026-0611"",""total"":41536.03,""items"":1}"
55738;"4/9/2026, 3:13:54 p. m.";Cajero;quote:created;Sale;"{""saleNumber"":""COT-2026-0610"",""total"":48697.28,""items"":1}"
55737;"4/9/2026, 3:13:54 p. m.";Cajero;quote:created;Sale;"{""saleNumber"":""COT-2026-0609"",""total"":78890.48,""items"":1}"
55736;"4/9/2026, 3:13:54 p. m.";Cajero;quote:created;Sale;"{""saleNumber"":""COT-2026-0608"",""total"":5507.74,""items"":1}"
55735;"4/9/2026, 3:13:54 p. m.";Cajero;quote:created;Sale;"{""saleNumber"":""COT-2026-0607"",""total"":868.41,""items"":1}"
55734;"4/9/2026, 3:13:54 p. m.";Cajero;quote:created;Sale;"{""saleNumber"":""COT-2026-0606"",""total"":8251.02,""items"":1}"
55733;"4/9/2026, 3:13:54 p. m.";Cajero;quote:created;Sale;"{""saleNumber"":""COT-2026-0605"",""total"":41837.54,""items"":1}"
55732;"4/9/2026, 3:13:54 p. m.";Cajero;quote:created;Sale;"{""saleNumber"":""COT-2026-0604"",""total"":96248.34,""items"":1}"
55731;"4/9/2026, 3:13:54 p. m.";Cajero;quote:created;Sale;"{""saleNumber"":""COT-2026-0603"",""total"":709.92,""items"":1}"
55730;"4/9/2026, 3:13:54 p. m.";Cajero;quote:created;Sale;"{""saleNumber"":""COT-2026-0602"",""total"":41364.58,""items"":1}"
55729;"4/9/2026, 3:13:54 p. m.";Cajero;quote:created;Sale;"{""saleNumber"":""COT-2026-0601"",""total"":44269.86,""items"":1}"
55728;"4/9/2026, 3:13:54 p. m.";Cajero;quote:created;Sale;"{""saleNumber"":""COT-2026-0600"",""total"":8679.75,""items"":1}"
55727;"4/9/2026, 3:13:54 p. m.";Cajero;quote:created;Sale;"{""saleNumber"":""COT-2026-0599"",""total"":90915.9,""items"":1}"
55726;"4/9/2026, 3:13:54 p. m.";Cajero;quote:created;Sale;"{""saleNumber"":""COT-2026-0598"",""total"":16785.17,""items"":1}"
55725;"4/9/2026, 3:13:54 p. m.";Cajero;quote:created;Sale;"{""saleNumber"":""COT-2026-0597"",""total"":29855.28,""items"":1}"
55724;"4/9/2026, 3:13:54 p. m.";Cajero;quote:created;Sale;"{""saleNumber"":""COT-2026-0596"",""total"":13137.25,""items"":1}"
55723;"4/9/2026, 3:13:54 p. m.";Cajero;quote:created;Sale;"{""saleNumber"":""COT-2026-0595"",""total"":2308.53,""items"":1}"
55722;"4/9/2026, 3:13:54 p. m.";Cajero;quote:created;Sale;"{""saleNumber"":""COT-2026-0594"",""total"":92367.72,""items"":1}"
55721;"4/9/2026, 3:13:54 p. m.";Cajero;quote:created;Sale;"{""saleNumber"":""COT-2026-0593"",""total"":41227.5,""items"":1}"
55720;"4/9/2026, 3:13:54 p. m.";Cajero;quote:created;Sale;"{""saleNumber"":""COT-2026-0592"",""total"":58874.27,""items"":1}"
55719;"4/9/2026, 3:13:54 p. m.";Cajero;quote:created;Sale;"{""saleNumber"":""COT-2026-0591"",""total"":75516.2,""items"":1}"
55718;"4/9/2026, 3:13:54 p. m.";Cajero;quote:created;Sale;"{""saleNumber"":""COT-2026-0590"",""total"":18992.89,""items"":1}"
55717;"4/9/2026, 3:13:54 p. m.";Cajero;quote:created;Sale;"{""saleNumber"":""COT-2026-0589"",""total"":6630.39,""items"":1}"
55716;"4/9/2026, 3:13:53 p. m.";Cajero;quote:created;Sale;"{""saleNumber"":""COT-2026-0588"",""total"":34373.06,""items"":1}"
55715;"4/9/2026, 3:13:53 p. m.";Cajero;quote:created;Sale;"{""saleNumber"":""COT-2026-0587"",""total"":8936.63,""items"":1}"
55714;"4/9/2026, 3:13:53 p. m.";Cajero;quote:created;Sale;"{""saleNumber"":""COT-2026-0586"",""total"":7315.52,""items"":1}"
55713;"4/9/2026, 3:13:53 p. m.";Cajero;quote:created;Sale;"{""saleNumber"":""COT-2026-0585"",""total"":8186.18,""items"":1}"
55712;"4/9/2026, 3:13:53 p. m.";Cajero;quote:created;Sale;"{""saleNumber"":""COT-2026-0584"",""total"":48091.46,""items"":1}"
55711;"4/9/2026, 3:13:53 p. m.";Cajero;quote:created;Sale;"{""saleNumber"":""COT-2026-0583"",""total"":28653.73,""items"":1}"
55710;"4/9/2026, 3:13:53 p. m.";Cajero;quote:created;Sale;"{""saleNumber"":""COT-2026-0582"",""total"":24986.46,""items"":1}"
55709;"4/9/2026, 3:13:53 p. m.";Cajero;quote:created;Sale;"{""saleNumber"":""COT-2026-0581"",""total"":26655.4,""items"":1}"
55708;"4/9/2026, 3:13:53 p. m.";Cajero;quote:created;Sale;"{""saleNumber"":""COT-2026-0580"",""total"":22109.5,""items"":1}"
55707;"4/9/2026, 3:13:53 p. m.";Cajero;quote:created;Sale;"{""saleNumber"":""COT-2026-0579"",""total"":14374.45,""items"":1}"
55706;"4/9/2026, 3:13:53 p. m.";Cajero;quote:created;Sale;"{""saleNumber"":""COT-2026-0578"",""total"":12942.17,""items"":1}"
55705;"4/9/2026, 3:13:53 p. m.";Cajero;quote:created;Sale;"{""saleNumber"":""COT-2026-0577"",""total"":39501.08,""items"":1}"
55704;"4/9/2026, 3:13:53 p. m.";Cajero;quote:created;Sale;"{""saleNumber"":""COT-2026-0576"",""total"":39841.62,""items"":1}"
55703;"4/9/2026, 3:13:53 p. m.";Cajero;quote:created;Sale;"{""saleNumber"":""COT-2026-0575"",""total"":25316.97,""items"":1}"
55702;"4/9/2026, 3:13:53 p. m.";Cajero;quote:created;Sale;"{""saleNumber"":""COT-2026-0574"",""total"":41927.61,""items"":1}"
55701;"4/9/2026, 3:13:53 p. m.";Cajero;quote:created;Sale;"{""saleNumber"":""COT-2026-0573"",""total"":32961.46,""items"":1}"
55700;"4/9/2026, 3:13:53 p. m.";Cajero;quote:created;Sale;"{""saleNumber"":""COT-2026-0572"",""total"":93861.52,""items"":1}"
55699;"4/9/2026, 3:13:53 p. m.";Cajero;quote:created;Sale;"{""saleNumber"":""COT-2026-0571"",""total"":65813.09,""items"":1}"
55698;"4/9/2026, 3:13:53 p. m.";Cajero;quote:created;Sale;"{""saleNumber"":""COT-2026-0570"",""total"":2549.92,""items"":1}"
55697;"4/9/2026, 3:13:53 p. m.";Cajero;quote:created;Sale;"{""saleNumber"":""COT-2026-0569"",""total"":34567.17,""items"":1}"
55696;"4/9/2026, 3:13:53 p. m.";Cajero;quote:created;Sale;"{""saleNumber"":""COT-2026-0568"",""total"":4464.37,""items"":1}"
55695;"4/9/2026, 3:13:53 p. m.";Cajero;quote:created;Sale;"{""saleNumber"":""COT-2026-0567"",""total"":48585.86,""items"":1}"
55694;"4/9/2026, 3:13:53 p. m.";Cajero;quote:created;Sale;"{""saleNumber"":""COT-2026-0566"",""total"":97878.78,""items"":1}"
55693;"4/9/2026, 3:13:53 p. m.";Cajero;quote:created;Sale;"{""saleNumber"":""COT-2026-0565"",""total"":49182.86,""items"":1}"
55692;"4/9/2026, 3:13:53 p. m.";Cajero;quote:created;Sale;"{""saleNumber"":""COT-2026-0564"",""total"":853.81,""items"":1}"
55691;"4/9/2026, 3:13:53 p. m.";Cajero;quote:created;Sale;"{""saleNumber"":""COT-2026-0563"",""total"":49319.71,""items"":1}"
55690;"4/9/2026, 3:13:53 p. m.";Cajero;quote:created;Sale;"{""saleNumber"":""COT-2026-0562"",""total"":35376.98,""items"":1}"
55689;"4/9/2026, 3:13:52 p. m.";Cajero;quote:created;Sale;"{""saleNumber"":""COT-2026-0561"",""total"":27394.3,""items"":1}"
55688;"4/9/2026, 3:13:52 p. m.";Cajero;quote:created;Sale;"{""saleNumber"":""COT-2026-0560"",""total"":22140.87,""items"":1}"
55687;"4/9/2026, 3:13:52 p. m.";Cajero;quote:created;Sale;"{""saleNumber"":""COT-2026-0559"",""total"":85881.33,""items"":1}"
55686;"4/9/2026, 3:13:52 p. m.";Cajero;quote:created;Sale;"{""saleNumber"":""COT-2026-0558"",""total"":21402.13,""items"":1}"
55685;"4/9/2026, 3:13:52 p. m.";Cajero;quote:created;Sale;"{""saleNumber"":""COT-2026-0557"",""total"":21013.42,""items"":1}"
55684;"4/9/2026, 3:13:52 p. m.";Cajero;quote:created;Sale;"{""saleNumber"":""COT-2026-0556"",""total"":3808.77,""items"":1}"
55683;"4/9/2026, 3:13:52 p. m.";Cajero;quote:created;Sale;"{""saleNumber"":""COT-2026-0555"",""total"":31570.86,""items"":1}"
55682;"4/9/2026, 3:13:52 p. m.";Cajero;quote:created;Sale;"{""saleNumber"":""COT-2026-0554"",""total"":18987.42,""items"":1}"
55681;"4/9/2026, 3:13:52 p. m.";Cajero;quote:created;Sale;"{""saleNumber"":""COT-2026-0553"",""total"":17357.03,""items"":1}"
55680;"4/9/2026, 3:13:52 p. m.";Cajero;quote:created;Sale;"{""saleNumber"":""COT-2026-0552"",""total"":46519.26,""items"":1}"
55679;"4/9/2026, 3:13:52 p. m.";Cajero;quote:created;Sale;"{""saleNumber"":""COT-2026-0551"",""total"":13213.8,""items"":1}"
55678;"4/9/2026, 3:13:52 p. m.";Cajero;quote:created;Sale;"{""saleNumber"":""COT-2026-0550"",""total"":53000.62,""items"":1}"
55677;"4/9/2026, 3:13:52 p. m.";Cajero;quote:created;Sale;"{""saleNumber"":""COT-2026-0549"",""total"":58727.04,""items"":1}"
55676;"4/9/2026, 3:13:52 p. m.";Cajero;quote:created;Sale;"{""saleNumber"":""COT-2026-0548"",""total"":7105.46,""items"":1}"
55675;"4/9/2026, 3:13:52 p. m.";Cajero;quote:created;Sale;"{""saleNumber"":""COT-2026-0547"",""total"":654.15,""items"":1}"
55674;"4/9/2026, 3:13:52 p. m.";Cajero;quote:created;Sale;"{""saleNumber"":""COT-2026-0546"",""total"":36512.45,""items"":1}"
55673;"4/9/2026, 3:13:52 p. m.";Cajero;quote:created;Sale;"{""saleNumber"":""COT-2026-0545"",""total"":29938.76,""items"":1}"
55672;"4/9/2026, 3:13:52 p. m.";Cajero;quote:created;Sale;"{""saleNumber"":""COT-2026-0544"",""total"":29506.32,""items"":1}"
55671;"4/9/2026, 3:13:52 p. m.";Cajero;quote:created;Sale;"{""saleNumber"":""COT-2026-0543"",""total"":49676.52,""items"":1}"
55670;"4/9/2026, 3:13:52 p. m.";Cajero;quote:created;Sale;"{""saleNumber"":""COT-2026-0542"",""total"":53441.63,""items"":1}"
55669;"4/9/2026, 3:13:52 p. m.";Cajero;quote:created;Sale;"{""saleNumber"":""COT-2026-0541"",""total"":40851.77,""items"":1}"
55668;"4/9/2026, 3:13:52 p. m.";Cajero;quote:created;Sale;"{""saleNumber"":""COT-2026-0540"",""total"":85978.67,""items"":1}"
55667;"4/9/2026, 3:13:52 p. m.";Cajero;quote:created;Sale;"{""saleNumber"":""COT-2026-0539"",""total"":12333.29,""items"":1}"
55666;"4/9/2026, 3:13:52 p. m.";Cajero;quote:created;Sale;"{""saleNumber"":""COT-2026-0538"",""total"":81940.73,""items"":1}"
55665;"4/9/2026, 3:13:52 p. m.";Cajero;quote:created;Sale;"{""saleNumber"":""COT-2026-0537"",""total"":14674.46,""items"":1}"
55664;"4/9/2026, 3:13:52 p. m.";Cajero;quote:created;Sale;"{""saleNumber"":""COT-2026-0536"",""total"":32422.23,""items"":1}"
55663;"4/9/2026, 3:13:51 p. m.";Cajero;quote:created;Sale;"{""saleNumber"":""COT-2026-0535"",""total"":38546.92,""items"":1}"
55662;"4/9/2026, 3:13:51 p. m.";Cajero;quote:created;Sale;"{""saleNumber"":""COT-2026-0534"",""total"":81540.07,""items"":1}"
55661;"4/9/2026, 3:13:51 p. m.";Cajero;quote:created;Sale;"{""saleNumber"":""COT-2026-0533"",""total"":33720.17,""items"":1}"
55660;"4/9/2026, 3:13:51 p. m.";Cajero;quote:created;Sale;"{""saleNumber"":""COT-2026-0532"",""total"":35613.26,""items"":1}"
55659;"4/9/2026, 3:13:51 p. m.";Cajero;quote:created;Sale;"{""saleNumber"":""COT-2026-0531"",""total"":96350.01,""items"":1}"
55658;"4/9/2026, 3:13:51 p. m.";Cajero;quote:created;Sale;"{""saleNumber"":""COT-2026-0530"",""total"":69468.31,""items"":1}"
55657;"4/9/2026, 3:13:51 p. m.";Cajero;quote:created;Sale;"{""saleNumber"":""COT-2026-0529"",""total"":37132.28,""items"":1}"
55656;"4/9/2026, 3:13:51 p. m.";Cajero;quote:created;Sale;"{""saleNumber"":""COT-2026-0528"",""total"":48021.73,""items"":1}"
55655;"4/9/2026, 3:13:51 p. m.";Cajero;quote:created;Sale;"{""saleNumber"":""COT-2026-0527"",""total"":18442.37,""items"":1}"
55654;"4/9/2026, 3:13:51 p. m.";Cajero;quote:created;Sale;"{""saleNumber"":""COT-2026-0526"",""total"":35702.36,""items"":1}"
55653;"4/9/2026, 3:13:51 p. m.";Cajero;quote:created;Sale;"{""saleNumber"":""COT-2026-0525"",""total"":9496.9,""items"":1}"
55652;"4/9/2026, 3:13:51 p. m.";Cajero;quote:created;Sale;"{""saleNumber"":""COT-2026-0524"",""total"":16679.85,""items"":1}"
55651;"4/9/2026, 3:13:51 p. m.";Cajero;quote:created;Sale;"{""saleNumber"":""COT-2026-0523"",""total"":36479.71,""items"":1}"
55650;"4/9/2026, 3:13:51 p. m.";Cajero;quote:created;Sale;"{""saleNumber"":""COT-2026-0522"",""total"":95099.84,""items"":1}"
55649;"4/9/2026, 3:13:51 p. m.";Cajero;quote:created;Sale;"{""saleNumber"":""COT-2026-0521"",""total"":5555.82,""items"":1}"
55648;"4/9/2026, 3:13:51 p. m.";Cajero;quote:created;Sale;"{""saleNumber"":""COT-2026-0520"",""total"":54511.39,""items"":1}"
55647;"4/9/2026, 3:13:51 p. m.";Cajero;quote:created;Sale;"{""saleNumber"":""COT-2026-0519"",""total"":1727.71,""items"":1}"
55646;"4/9/2026, 3:13:51 p. m.";Cajero;quote:created;Sale;"{""saleNumber"":""COT-2026-0518"",""total"":4836.41,""items"":1}"
55645;"4/9/2026, 3:13:51 p. m.";Cajero;quote:created;Sale;"{""saleNumber"":""COT-2026-0517"",""total"":67995.75,""items"":1}"
55644;"4/9/2026, 3:13:51 p. m.";Cajero;quote:created;Sale;"{""saleNumber"":""COT-2026-0516"",""total"":9248.32,""items"":1}"
55643;"4/9/2026, 3:13:51 p. m.";Cajero;quote:created;Sale;"{""saleNumber"":""COT-2026-0515"",""total"":34798.28,""items"":1}"
55642;"4/9/2026, 3:13:51 p. m.";Cajero;quote:created;Sale;"{""saleNumber"":""COT-2026-0514"",""total"":47396.48,""items"":1}"
55641;"4/9/2026, 3:13:51 p. m.";Cajero;quote:created;Sale;"{""saleNumber"":""COT-2026-0513"",""total"":37301.17,""items"":1}"
55640;"4/9/2026, 3:13:51 p. m.";Cajero;quote:created;Sale;"{""saleNumber"":""COT-2026-0512"",""total"":97076.15,""items"":1}"
55639;"4/9/2026, 3:13:51 p. m.";Cajero;quote:created;Sale;"{""saleNumber"":""COT-2026-0511"",""total"":45563.43,""items"":1}"
55638;"4/9/2026, 3:13:51 p. m.";Cajero;quote:created;Sale;"{""saleNumber"":""COT-2026-0510"",""total"":10029.77,""items"":1}"
55637;"4/9/2026, 3:13:50 p. m.";Cajero;quote:created;Sale;"{""saleNumber"":""COT-2026-0509"",""total"":22601.02,""items"":1}"
55636;"4/9/2026, 3:13:50 p. m.";Cajero;quote:created;Sale;"{""saleNumber"":""COT-2026-0508"",""total"":48469.94,""items"":1}"
55635;"4/9/2026, 3:13:50 p. m.";Cajero;quote:created;Sale;"{""saleNumber"":""COT-2026-0507"",""total"":22193.97,""items"":1}"
55634;"4/9/2026, 3:13:50 p. m.";Cajero;quote:created;Sale;"{""saleNumber"":""COT-2026-0506"",""total"":90870.15,""items"":1}"
55633;"4/9/2026, 3:13:50 p. m.";Cajero;quote:created;Sale;"{""saleNumber"":""COT-2026-0505"",""total"":99649.4,""items"":1}"
55632;"4/9/2026, 3:13:50 p. m.";Cajero;quote:created;Sale;"{""saleNumber"":""COT-2026-0504"",""total"":43381.4,""items"":1}"
55631;"4/9/2026, 3:13:50 p. m.";Cajero;quote:created;Sale;"{""saleNumber"":""COT-2026-0503"",""total"":29587.6,""items"":1}"
55630;"4/9/2026, 3:13:50 p. m.";Cajero;quote:created;Sale;"{""saleNumber"":""COT-2026-0502"",""total"":15300.47,""items"":1}"
55629;"4/9/2026, 3:13:50 p. m.";Cajero;quote:created;Sale;"{""saleNumber"":""COT-2026-0501"",""total"":30758.13,""items"":1}"
55628;"4/9/2026, 3:13:50 p. m.";Cajero;cash-session:closed;CashSession;"{""finalCash"":0,""expectedCash"":100000,""difference"":-100000}"
55627;"4/9/2026, 3:13:50 p. m.";Cajero;cash-session:opened;CashSession;"{""initialCash"":100000}"
55626;"4/9/2026, 3:13:50 p. m.";Cajero;quote:created;Sale;"{""saleNumber"":""COT-2026-0500"",""total"":620033799.5999999,""items"":1}"
55625;"4/9/2026, 3:13:50 p. m.";Cajero;cash-session:closed;CashSession;"{""finalCash"":0,""expectedCash"":100000,""difference"":-100000}"
55624;"4/9/2026, 3:13:50 p. m.";Cajero;cash-session:opened;CashSession;"{""initialCash"":100000}"
55623;"4/9/2026, 3:13:50 p. m.";Cajero;quote:created;Sale;"{""saleNumber"":""COT-2026-0499"",""total"":620033799.5999999,""items"":1}"
55622;"4/9/2026, 3:13:50 p. m.";Cajero;cash-session:closed;CashSession;"{""finalCash"":0,""expectedCash"":100000,""difference"":-100000}"
55621;"4/9/2026, 3:13:50 p. m.";Cajero;cash-session:opened;CashSession;"{""initialCash"":100000}"
55620;"4/9/2026, 3:13:50 p. m.";Cajero;quote:created;Sale;"{""saleNumber"":""COT-2026-0498"",""total"":620033799.5999999,""items"":1}"
55619;"4/9/2026, 3:13:50 p. m.";Cajero;cash-session:closed;CashSession;"{""finalCash"":0,""expectedCash"":100000,""difference"":-100000}"
55618;"4/9/2026, 3:13:50 p. m.";Cajero;cash-session:opened;CashSession;"{""initialCash"":100000}"
55617;"4/9/2026, 3:13:50 p. m.";Cajero;quote:created;Sale;"{""saleNumber"":""COT-2026-0497"",""total"":620033799.5999999,""items"":1}"
55616;"4/9/2026, 3:13:50 p. m.";Cajero;cash-session:closed;CashSession;"{""finalCash"":0,""expectedCash"":100000,""difference"":-100000}"
55615;"4/9/2026, 3:13:50 p. m.";Cajero;cash-session:opened;CashSession;"{""initialCash"":100000}"
55614;"4/9/2026, 3:13:50 p. m.";Cajero;quote:created;Sale;"{""saleNumber"":""COT-2026-0496"",""total"":620033799.5999999,""items"":1}"
55613;"4/9/2026, 3:13:50 p. m.";Cajero;cash-session:closed;CashSession;"{""finalCash"":0,""expectedCash"":100000,""difference"":-100000}"
55612;"4/9/2026, 3:13:50 p. m.";Cajero;cash-session:opened;CashSession;"{""initialCash"":100000}"
55611;"4/9/2026, 3:13:50 p. m.";Cajero;quote:created;Sale;"{""saleNumber"":""COT-2026-0495"",""total"":620033799.5999999,""items"":1}"
55610;"4/9/2026, 3:13:50 p. m.";Cajero;cash-session:closed;CashSession;"{""finalCash"":0,""expectedCash"":100000,""difference"":-100000}"
55609;"4/9/2026, 3:13:50 p. m.";Cajero;cash-session:opened;CashSession;"{""initialCash"":100000}"
55608;"4/9/2026, 3:13:50 p. m.";Cajero;quote:created;Sale;"{""saleNumber"":""COT-2026-0494"",""total"":620033799.5999999,""items"":1}"
55607;"4/9/2026, 3:13:50 p. m.";Cajero;cash-session:closed;CashSession;"{""finalCash"":0,""expectedCash"":100000,""difference"":-100000}"
55606;"4/9/2026, 3:13:50 p. m.";Cajero;cash-session:opened;CashSession;"{""initialCash"":100000}"
55605;"4/9/2026, 3:13:50 p. m.";Cajero;quote:created;Sale;"{""saleNumber"":""COT-2026-0493"",""total"":620033799.5999999,""items"":1}"
55604;"4/9/2026, 3:13:50 p. m.";Cajero;cash-session:closed;CashSession;"{""finalCash"":0,""expectedCash"":100000,""difference"":-100000}"
55603;"4/9/2026, 3:13:50 p. m.";Cajero;cash-session:opened;CashSession;"{""initialCash"":100000}"
55602;"4/9/2026, 3:13:50 p. m.";Cajero;quote:created;Sale;"{""saleNumber"":""COT-2026-0492"",""total"":620033799.5999999,""items"":1}"
55601;"4/9/2026, 3:13:50 p. m.";Cajero;cash-session:closed;CashSession;"{""finalCash"":0,""expectedCash"":100000,""difference"":-100000}"
55600;"4/9/2026, 3:13:50 p. m.";Cajero;cash-session:opened;CashSession;"{""initialCash"":100000}"
55599;"4/9/2026, 3:13:50 p. m.";Cajero;quote:created;Sale;"{""saleNumber"":""COT-2026-0491"",""total"":620033799.5999999,""items"":1}"
55598;"4/9/2026, 3:13:50 p. m.";Cajero;cash-session:closed;CashSession;"{""finalCash"":0,""expectedCash"":100000,""difference"":-100000}"
55597;"4/9/2026, 3:13:50 p. m.";Cajero;cash-session:opened;CashSession;"{""initialCash"":100000}"
55596;"4/9/2026, 3:13:50 p. m.";Cajero;quote:created;Sale;"{""saleNumber"":""COT-2026-0490"",""total"":620033799.5999999,""items"":1}"
55595;"4/9/2026, 3:13:50 p. m.";Cajero;cash-session:closed;CashSession;"{""finalCash"":0,""expectedCash"":100000,""difference"":-100000}"
55594;"4/9/2026, 3:13:50 p. m.";Cajero;cash-session:opened;CashSession;"{""initialCash"":100000}"
55593;"4/9/2026, 3:13:50 p. m.";Cajero;quote:created;Sale;"{""saleNumber"":""COT-2026-0489"",""total"":620033799.5999999,""items"":1}"
55592;"4/9/2026, 3:13:50 p. m.";Cajero;cash-session:closed;CashSession;"{""finalCash"":0,""expectedCash"":100000,""difference"":-100000}"
55591;"4/9/2026, 3:13:50 p. m.";Cajero;cash-session:opened;CashSession;"{""initialCash"":100000}"
55590;"4/9/2026, 3:13:50 p. m.";Cajero;quote:created;Sale;"{""saleNumber"":""COT-2026-0488"",""total"":620033799.5999999,""items"":1}"
55589;"4/9/2026, 3:13:50 p. m.";Cajero;cash-session:closed;CashSession;"{""finalCash"":0,""expectedCash"":100000,""difference"":-100000}"
55588;"4/9/2026, 3:13:50 p. m.";Cajero;cash-session:opened;CashSession;"{""initialCash"":100000}"
55587;"4/9/2026, 3:13:50 p. m.";Cajero;quote:created;Sale;"{""saleNumber"":""COT-2026-0487"",""total"":620033799.5999999,""items"":1}"
55586;"4/9/2026, 3:13:50 p. m.";Cajero;cash-session:closed;CashSession;"{""finalCash"":0,""expectedCash"":100000,""difference"":-100000}"
55585;"4/9/2026, 3:13:50 p. m.";Cajero;cash-session:opened;CashSession;"{""initialCash"":100000}"
55584;"4/9/2026, 3:13:50 p. m.";Cajero;quote:created;Sale;"{""saleNumber"":""COT-2026-0486"",""total"":620033799.5999999,""items"":1}"
55583;"4/9/2026, 3:13:49 p. m.";Cajero;cash-session:closed;CashSession;"{""finalCash"":0,""expectedCash"":100000,""difference"":-100000}"
55582;"4/9/2026, 3:13:49 p. m.";Cajero;cash-session:opened;CashSession;"{""initialCash"":100000}"
55581;"4/9/2026, 3:13:49 p. m.";Cajero;quote:created;Sale;"{""saleNumber"":""COT-2026-0485"",""total"":620033799.5999999,""items"":1}"
55580;"4/9/2026, 3:13:49 p. m.";Cajero;cash-session:closed;CashSession;"{""finalCash"":0,""expectedCash"":100000,""difference"":-100000}"
55579;"4/9/2026, 3:13:49 p. m.";Cajero;cash-session:opened;CashSession;"{""initialCash"":100000}"
55578;"4/9/2026, 3:13:49 p. m.";Cajero;quote:created;Sale;"{""saleNumber"":""COT-2026-0484"",""total"":620033799.5999999,""items"":1}"
55577;"4/9/2026, 3:13:49 p. m.";Cajero;cash-session:closed;CashSession;"{""finalCash"":0,""expectedCash"":100000,""difference"":-100000}"
55576;"4/9/2026, 3:13:49 p. m.";Cajero;cash-session:opened;CashSession;"{""initialCash"":100000}"
55575;"4/9/2026, 3:13:49 p. m.";Cajero;quote:created;Sale;"{""saleNumber"":""COT-2026-0483"",""total"":620033799.5999999,""items"":1}"
55574;"4/9/2026, 3:13:49 p. m.";Cajero;cash-session:closed;CashSession;"{""finalCash"":0,""expectedCash"":100000,""difference"":-100000}"
55573;"4/9/2026, 3:13:49 p. m.";Cajero;cash-session:opened;CashSession;"{""initialCash"":100000}"
55572;"4/9/2026, 3:13:49 p. m.";Cajero;quote:created;Sale;"{""saleNumber"":""COT-2026-0482"",""total"":620033799.5999999,""items"":1}"
55571;"4/9/2026, 3:13:49 p. m.";Cajero;cash-session:closed;CashSession;"{""finalCash"":0,""expectedCash"":100000,""difference"":-100000}"
55570;"4/9/2026, 3:13:49 p. m.";Cajero;cash-session:opened;CashSession;"{""initialCash"":100000}"
55569;"4/9/2026, 3:13:49 p. m.";Cajero;quote:created;Sale;"{""saleNumber"":""COT-2026-0481"",""total"":620033799.5999999,""items"":1}"
55568;"4/9/2026, 3:13:49 p. m.";Cajero;cash-session:closed;CashSession;"{""finalCash"":0,""expectedCash"":100000,""difference"":-100000}"
55567;"4/9/2026, 3:13:49 p. m.";Cajero;cash-session:opened;CashSession;"{""initialCash"":100000}"
55566;"4/9/2026, 3:13:49 p. m.";Cajero;quote:created;Sale;"{""saleNumber"":""COT-2026-0480"",""total"":620033799.5999999,""items"":1}"
55565;"4/9/2026, 3:13:49 p. m.";Cajero;cash-session:closed;CashSession;"{""finalCash"":0,""expectedCash"":100000,""difference"":-100000}"
55564;"4/9/2026, 3:13:49 p. m.";Cajero;cash-session:opened;CashSession;"{""initialCash"":100000}"
55563;"4/9/2026, 3:13:49 p. m.";Cajero;quote:created;Sale;"{""saleNumber"":""COT-2026-0479"",""total"":620033799.5999999,""items"":1}"
55562;"4/9/2026, 3:13:49 p. m.";Cajero;cash-session:closed;CashSession;"{""finalCash"":0,""expectedCash"":100000,""difference"":-100000}"
55561;"4/9/2026, 3:13:49 p. m.";Cajero;cash-session:opened;CashSession;"{""initialCash"":100000}"
55560;"4/9/2026, 3:13:49 p. m.";Cajero;quote:created;Sale;"{""saleNumber"":""COT-2026-0478"",""total"":620033799.5999999,""items"":1}"
55559;"4/9/2026, 3:13:49 p. m.";Cajero;cash-session:closed;CashSession;"{""finalCash"":0,""expectedCash"":100000,""difference"":-100000}"
55558;"4/9/2026, 3:13:49 p. m.";Cajero;cash-session:opened;CashSession;"{""initialCash"":100000}"
55557;"4/9/2026, 3:13:49 p. m.";Cajero;quote:created;Sale;"{""saleNumber"":""COT-2026-0477"",""total"":620033799.5999999,""items"":1}"
55556;"4/9/2026, 3:13:49 p. m.";Cajero;cash-session:closed;CashSession;"{""finalCash"":0,""expectedCash"":100000,""difference"":-100000}"
55555;"4/9/2026, 3:13:49 p. m.";Cajero;cash-session:opened;CashSession;"{""initialCash"":100000}"
55554;"4/9/2026, 3:13:49 p. m.";Cajero;quote:created;Sale;"{""saleNumber"":""COT-2026-0476"",""total"":620033799.5999999,""items"":1}"
55553;"4/9/2026, 3:13:49 p. m.";Cajero;cash-session:closed;CashSession;"{""finalCash"":0,""expectedCash"":100000,""difference"":-100000}"
55552;"4/9/2026, 3:13:49 p. m.";Cajero;cash-session:opened;CashSession;"{""initialCash"":100000}"
55551;"4/9/2026, 3:13:49 p. m.";Cajero;quote:created;Sale;"{""saleNumber"":""COT-2026-0475"",""total"":620033799.5999999,""items"":1}"
55550;"4/9/2026, 3:13:49 p. m.";Cajero;cash-session:closed;CashSession;"{""finalCash"":0,""expectedCash"":100000,""difference"":-100000}"
55549;"4/9/2026, 3:13:49 p. m.";Cajero;cash-session:opened;CashSession;"{""initialCash"":100000}"
55548;"4/9/2026, 3:13:49 p. m.";Cajero;quote:created;Sale;"{""saleNumber"":""COT-2026-0474"",""total"":620033799.5999999,""items"":1}"
55547;"4/9/2026, 3:13:49 p. m.";Cajero;cash-session:closed;CashSession;"{""finalCash"":0,""expectedCash"":100000,""difference"":-100000}"
55546;"4/9/2026, 3:13:49 p. m.";Cajero;cash-session:opened;CashSession;"{""initialCash"":100000}"
55545;"4/9/2026, 3:13:49 p. m.";Cajero;quote:created;Sale;"{""saleNumber"":""COT-2026-0473"",""total"":620033799.5999999,""items"":1}"
55544;"4/9/2026, 3:13:49 p. m.";Cajero;cash-session:closed;CashSession;"{""finalCash"":0,""expectedCash"":100000,""difference"":-100000}"
55543;"4/9/2026, 3:13:49 p. m.";Cajero;cash-session:opened;CashSession;"{""initialCash"":100000}"
55542;"4/9/2026, 3:13:49 p. m.";Cajero;quote:created;Sale;"{""saleNumber"":""COT-2026-0472"",""total"":620033799.5999999,""items"":1}"
55541;"4/9/2026, 3:13:49 p. m.";Cajero;cash-session:closed;CashSession;"{""finalCash"":0,""expectedCash"":100000,""difference"":-100000}"
55540;"4/9/2026, 3:13:49 p. m.";Cajero;cash-session:opened;CashSession;"{""initialCash"":100000}"
55539;"4/9/2026, 3:13:49 p. m.";Cajero;quote:created;Sale;"{""saleNumber"":""COT-2026-0471"",""total"":620033799.5999999,""items"":1}"
55538;"4/9/2026, 3:13:49 p. m.";Cajero;cash-session:closed;CashSession;"{""finalCash"":0,""expectedCash"":100000,""difference"":-100000}"
55537;"4/9/2026, 3:13:49 p. m.";Cajero;cash-session:opened;CashSession;"{""initialCash"":100000}"
55536;"4/9/2026, 3:13:49 p. m.";Cajero;quote:created;Sale;"{""saleNumber"":""COT-2026-0470"",""total"":620033799.5999999,""items"":1}"
55535;"4/9/2026, 3:13:49 p. m.";Cajero;cash-session:closed;CashSession;"{""finalCash"":0,""expectedCash"":100000,""difference"":-100000}"
55534;"4/9/2026, 3:13:49 p. m.";Cajero;cash-session:opened;CashSession;"{""initialCash"":100000}"
55533;"4/9/2026, 3:13:49 p. m.";Cajero;quote:created;Sale;"{""saleNumber"":""COT-2026-0469"",""total"":620033799.5999999,""items"":1}"
55532;"4/9/2026, 3:13:49 p. m.";Cajero;cash-session:closed;CashSession;"{""finalCash"":0,""expectedCash"":100000,""difference"":-100000}"
55531;"4/9/2026, 3:13:49 p. m.";Cajero;cash-session:opened;CashSession;"{""initialCash"":100000}"
55530;"4/9/2026, 3:13:49 p. m.";Cajero;quote:created;Sale;"{""saleNumber"":""COT-2026-0468"",""total"":620033799.5999999,""items"":1}"
55529;"4/9/2026, 3:13:49 p. m.";Cajero;cash-session:closed;CashSession;"{""finalCash"":0,""expectedCash"":100000,""difference"":-100000}"
55528;"4/9/2026, 3:13:49 p. m.";Cajero;cash-session:opened;CashSession;"{""initialCash"":100000}"
55527;"4/9/2026, 3:13:49 p. m.";Cajero;quote:created;Sale;"{""saleNumber"":""COT-2026-0467"",""total"":620033799.5999999,""items"":1}"
55526;"4/9/2026, 3:13:49 p. m.";Cajero;cash-session:closed;CashSession;"{""finalCash"":0,""expectedCash"":100000,""difference"":-100000}"
55525;"4/9/2026, 3:13:49 p. m.";Cajero;cash-session:opened;CashSession;"{""initialCash"":100000}"
55524;"4/9/2026, 3:13:49 p. m.";Cajero;quote:created;Sale;"{""saleNumber"":""COT-2026-0466"",""total"":620033799.5999999,""items"":1}"
55523;"4/9/2026, 3:13:49 p. m.";Cajero;cash-session:closed;CashSession;"{""finalCash"":0,""expectedCash"":100000,""difference"":-100000}"
55522;"4/9/2026, 3:13:49 p. m.";Cajero;cash-session:opened;CashSession;"{""initialCash"":100000}"
55521;"4/9/2026, 3:13:49 p. m.";Cajero;quote:created;Sale;"{""saleNumber"":""COT-2026-0465"",""total"":620033799.5999999,""items"":1}"
55520;"4/9/2026, 3:13:49 p. m.";Cajero;cash-session:closed;CashSession;"{""finalCash"":0,""expectedCash"":100000,""difference"":-100000}"
55519;"4/9/2026, 3:13:49 p. m.";Cajero;cash-session:opened;CashSession;"{""initialCash"":100000}"
55518;"4/9/2026, 3:13:49 p. m.";Cajero;quote:created;Sale;"{""saleNumber"":""COT-2026-0464"",""total"":620033799.5999999,""items"":1}"
55517;"4/9/2026, 3:13:49 p. m.";Cajero;cash-session:closed;CashSession;"{""finalCash"":0,""expectedCash"":100000,""difference"":-100000}"
55516;"4/9/2026, 3:13:49 p. m.";Cajero;cash-session:opened;CashSession;"{""initialCash"":100000}"
55515;"4/9/2026, 3:13:48 p. m.";Cajero;quote:created;Sale;"{""saleNumber"":""COT-2026-0463"",""total"":620033799.5999999,""items"":1}"
55514;"4/9/2026, 3:13:48 p. m.";Cajero;cash-session:closed;CashSession;"{""finalCash"":0,""expectedCash"":100000,""difference"":-100000}"
55513;"4/9/2026, 3:13:48 p. m.";Cajero;cash-session:opened;CashSession;"{""initialCash"":100000}"
55512;"4/9/2026, 3:13:48 p. m.";Cajero;quote:created;Sale;"{""saleNumber"":""COT-2026-0462"",""total"":620033799.5999999,""items"":1}"
55511;"4/9/2026, 3:13:48 p. m.";Cajero;cash-session:closed;CashSession;"{""finalCash"":0,""expectedCash"":100000,""difference"":-100000}"
55510;"4/9/2026, 3:13:48 p. m.";Cajero;cash-session:opened;CashSession;"{""initialCash"":100000}"
55509;"4/9/2026, 3:13:48 p. m.";Cajero;quote:created;Sale;"{""saleNumber"":""COT-2026-0461"",""total"":620033799.5999999,""items"":1}"
55508;"4/9/2026, 3:13:48 p. m.";Cajero;cash-session:closed;CashSession;"{""finalCash"":0,""expectedCash"":100000,""difference"":-100000}"
55507;"4/9/2026, 3:13:48 p. m.";Cajero;cash-session:opened;CashSession;"{""initialCash"":100000}"
55506;"4/9/2026, 3:13:48 p. m.";Cajero;quote:created;Sale;"{""saleNumber"":""COT-2026-0460"",""total"":620033799.5999999,""items"":1}"
55505;"4/9/2026, 3:13:48 p. m.";Cajero;cash-session:closed;CashSession;"{""finalCash"":0,""expectedCash"":100000,""difference"":-100000}"
55504;"4/9/2026, 3:13:48 p. m.";Cajero;cash-session:opened;CashSession;"{""initialCash"":100000}"
55503;"4/9/2026, 3:13:48 p. m.";Cajero;quote:created;Sale;"{""saleNumber"":""COT-2026-0459"",""total"":620033799.5999999,""items"":1}"
55502;"4/9/2026, 3:13:48 p. m.";Cajero;cash-session:closed;CashSession;"{""finalCash"":0,""expectedCash"":100000,""difference"":-100000}"
55501;"4/9/2026, 3:13:48 p. m.";Cajero;cash-session:opened;CashSession;"{""initialCash"":100000}"
55500;"4/9/2026, 3:13:48 p. m.";Cajero;quote:created;Sale;"{""saleNumber"":""COT-2026-0458"",""total"":620033799.5999999,""items"":1}"
55499;"4/9/2026, 3:13:48 p. m.";Cajero;cash-session:closed;CashSession;"{""finalCash"":0,""expectedCash"":100000,""difference"":-100000}"
55498;"4/9/2026, 3:13:48 p. m.";Cajero;cash-session:opened;CashSession;"{""initialCash"":100000}"
55497;"4/9/2026, 3:13:48 p. m.";Cajero;quote:created;Sale;"{""saleNumber"":""COT-2026-0457"",""total"":620033799.5999999,""items"":1}"
55496;"4/9/2026, 3:13:48 p. m.";Cajero;cash-session:closed;CashSession;"{""finalCash"":0,""expectedCash"":100000,""difference"":-100000}"
55495;"4/9/2026, 3:13:48 p. m.";Cajero;cash-session:opened;CashSession;"{""initialCash"":100000}"
55494;"4/9/2026, 3:13:48 p. m.";Cajero;quote:created;Sale;"{""saleNumber"":""COT-2026-0456"",""total"":620033799.5999999,""items"":1}"
55493;"4/9/2026, 3:13:48 p. m.";Cajero;cash-session:closed;CashSession;"{""finalCash"":0,""expectedCash"":100000,""difference"":-100000}"
55492;"4/9/2026, 3:13:48 p. m.";Cajero;cash-session:opened;CashSession;"{""initialCash"":100000}"
55491;"4/9/2026, 3:13:48 p. m.";Cajero;quote:created;Sale;"{""saleNumber"":""COT-2026-0455"",""total"":620033799.5999999,""items"":1}"
55490;"4/9/2026, 3:13:48 p. m.";Cajero;cash-session:closed;CashSession;"{""finalCash"":0,""expectedCash"":100000,""difference"":-100000}"
55489;"4/9/2026, 3:13:48 p. m.";Cajero;cash-session:opened;CashSession;"{""initialCash"":100000}"
55488;"4/9/2026, 3:13:48 p. m.";Cajero;quote:created;Sale;"{""saleNumber"":""COT-2026-0454"",""total"":620033799.5999999,""items"":1}"
55487;"4/9/2026, 3:13:48 p. m.";Cajero;cash-session:closed;CashSession;"{""finalCash"":0,""expectedCash"":100000,""difference"":-100000}"
55486;"4/9/2026, 3:13:48 p. m.";Cajero;cash-session:opened;CashSession;"{""initialCash"":100000}"
55485;"4/9/2026, 3:13:48 p. m.";Cajero;quote:created;Sale;"{""saleNumber"":""COT-2026-0453"",""total"":620033799.5999999,""items"":1}"
55484;"4/9/2026, 3:13:48 p. m.";Cajero;cash-session:closed;CashSession;"{""finalCash"":0,""expectedCash"":100000,""difference"":-100000}"
55483;"4/9/2026, 3:13:48 p. m.";Cajero;cash-session:opened;CashSession;"{""initialCash"":100000}"
55482;"4/9/2026, 3:13:48 p. m.";Cajero;quote:created;Sale;"{""saleNumber"":""COT-2026-0452"",""total"":620033799.5999999,""items"":1}"
55481;"4/9/2026, 3:13:48 p. m.";Cajero;cash-session:closed;CashSession;"{""finalCash"":0,""expectedCash"":100000,""difference"":-100000}"
55480;"4/9/2026, 3:13:48 p. m.";Cajero;cash-session:opened;CashSession;"{""initialCash"":100000}"
55479;"4/9/2026, 3:13:48 p. m.";Cajero;quote:created;Sale;"{""saleNumber"":""COT-2026-0451"",""total"":620033799.5999999,""items"":1}"
55478;"4/9/2026, 3:13:48 p. m.";Cajero;cash-session:closed;CashSession;"{""finalCash"":0,""expectedCash"":100000,""difference"":-100000}"
55477;"4/9/2026, 3:13:48 p. m.";Cajero;cash-session:opened;CashSession;"{""initialCash"":100000}"
55476;"4/9/2026, 3:13:48 p. m.";Cajero;quote:created;Sale;"{""saleNumber"":""COT-2026-0450"",""total"":620033799.5999999,""items"":1}"
55475;"4/9/2026, 3:13:48 p. m.";Cajero;cash-session:closed;CashSession;"{""finalCash"":0,""expectedCash"":100000,""difference"":-100000}"
55474;"4/9/2026, 3:13:48 p. m.";Cajero;cash-session:opened;CashSession;"{""initialCash"":100000}"
55473;"4/9/2026, 3:13:48 p. m.";Cajero;quote:created;Sale;"{""saleNumber"":""COT-2026-0449"",""total"":620033799.5999999,""items"":1}"
55472;"4/9/2026, 3:13:48 p. m.";Cajero;cash-session:closed;CashSession;"{""finalCash"":0,""expectedCash"":100000,""difference"":-100000}"
55471;"4/9/2026, 3:13:48 p. m.";Cajero;cash-session:opened;CashSession;"{""initialCash"":100000}"
55470;"4/9/2026, 3:13:48 p. m.";Cajero;quote:created;Sale;"{""saleNumber"":""COT-2026-0448"",""total"":620033799.5999999,""items"":1}"
55469;"4/9/2026, 3:13:48 p. m.";Cajero;cash-session:closed;CashSession;"{""finalCash"":0,""expectedCash"":100000,""difference"":-100000}"
55468;"4/9/2026, 3:13:48 p. m.";Cajero;cash-session:opened;CashSession;"{""initialCash"":100000}"
55467;"4/9/2026, 3:13:48 p. m.";Cajero;quote:created;Sale;"{""saleNumber"":""COT-2026-0447"",""total"":620033799.5999999,""items"":1}"
55466;"4/9/2026, 3:13:48 p. m.";Cajero;cash-session:closed;CashSession;"{""finalCash"":0,""expectedCash"":100000,""difference"":-100000}"
55465;"4/9/2026, 3:13:48 p. m.";Cajero;cash-session:opened;CashSession;"{""initialCash"":100000}"
55464;"4/9/2026, 3:13:48 p. m.";Cajero;quote:created;Sale;"{""saleNumber"":""COT-2026-0446"",""total"":620033799.5999999,""items"":1}"
55463;"4/9/2026, 3:13:48 p. m.";Cajero;cash-session:closed;CashSession;"{""finalCash"":0,""expectedCash"":100000,""difference"":-100000}"
55462;"4/9/2026, 3:13:48 p. m.";Cajero;cash-session:opened;CashSession;"{""initialCash"":100000}"
55461;"4/9/2026, 3:13:48 p. m.";Cajero;quote:created;Sale;"{""saleNumber"":""COT-2026-0445"",""total"":620033799.5999999,""items"":1}"
55460;"4/9/2026, 3:13:48 p. m.";Cajero;cash-session:closed;CashSession;"{""finalCash"":0,""expectedCash"":100000,""difference"":-100000}"
55459;"4/9/2026, 3:13:48 p. m.";Cajero;cash-session:opened;CashSession;"{""initialCash"":100000}"
55458;"4/9/2026, 3:13:48 p. m.";Cajero;quote:created;Sale;"{""saleNumber"":""COT-2026-0444"",""total"":620033799.5999999,""items"":1}"
55457;"4/9/2026, 3:13:48 p. m.";Cajero;cash-session:closed;CashSession;"{""finalCash"":0,""expectedCash"":100000,""difference"":-100000}"
55456;"4/9/2026, 3:13:48 p. m.";Cajero;cash-session:opened;CashSession;"{""initialCash"":100000}"
55455;"4/9/2026, 3:13:48 p. m.";Cajero;quote:created;Sale;"{""saleNumber"":""COT-2026-0443"",""total"":620033799.5999999,""items"":1}"
55454;"4/9/2026, 3:13:48 p. m.";Cajero;cash-session:closed;CashSession;"{""finalCash"":0,""expectedCash"":100000,""difference"":-100000}"
55453;"4/9/2026, 3:13:48 p. m.";Cajero;cash-session:opened;CashSession;"{""initialCash"":100000}"
55452;"4/9/2026, 3:13:48 p. m.";Cajero;quote:created;Sale;"{""saleNumber"":""COT-2026-0442"",""total"":620033799.5999999,""items"":1}"
55451;"4/9/2026, 3:13:47 p. m.";Cajero;cash-session:closed;CashSession;"{""finalCash"":0,""expectedCash"":100000,""difference"":-100000}"
55450;"4/9/2026, 3:13:47 p. m.";Cajero;cash-session:opened;CashSession;"{""initialCash"":100000}"
55449;"4/9/2026, 3:13:47 p. m.";Cajero;quote:created;Sale;"{""saleNumber"":""COT-2026-0441"",""total"":620033799.5999999,""items"":1}"
55448;"4/9/2026, 3:13:47 p. m.";Cajero;cash-session:closed;CashSession;"{""finalCash"":0,""expectedCash"":100000,""difference"":-100000}"
55447;"4/9/2026, 3:13:47 p. m.";Cajero;cash-session:opened;CashSession;"{""initialCash"":100000}"
55446;"4/9/2026, 3:13:47 p. m.";Cajero;quote:created;Sale;"{""saleNumber"":""COT-2026-0440"",""total"":620033799.5999999,""items"":1}"
55445;"4/9/2026, 3:13:47 p. m.";Cajero;cash-session:closed;CashSession;"{""finalCash"":0,""expectedCash"":100000,""difference"":-100000}"
55444;"4/9/2026, 3:13:47 p. m.";Cajero;cash-session:opened;CashSession;"{""initialCash"":100000}"
55443;"4/9/2026, 3:13:47 p. m.";Cajero;quote:created;Sale;"{""saleNumber"":""COT-2026-0439"",""total"":620033799.5999999,""items"":1}"
55442;"4/9/2026, 3:13:47 p. m.";Cajero;cash-session:closed;CashSession;"{""finalCash"":0,""expectedCash"":100000,""difference"":-100000}"
55441;"4/9/2026, 3:13:47 p. m.";Cajero;cash-session:opened;CashSession;"{""initialCash"":100000}"
55440;"4/9/2026, 3:13:47 p. m.";Cajero;quote:created;Sale;"{""saleNumber"":""COT-2026-0438"",""total"":620033799.5999999,""items"":1}"
55439;"4/9/2026, 3:13:47 p. m.";Cajero;cash-session:closed;CashSession;"{""finalCash"":0,""expectedCash"":100000,""difference"":-100000}"
55438;"4/9/2026, 3:13:47 p. m.";Cajero;cash-session:opened;CashSession;"{""initialCash"":100000}"
55437;"4/9/2026, 3:13:47 p. m.";Cajero;quote:created;Sale;"{""saleNumber"":""COT-2026-0437"",""total"":620033799.5999999,""items"":1}"
55436;"4/9/2026, 3:13:47 p. m.";Cajero;cash-session:closed;CashSession;"{""finalCash"":0,""expectedCash"":100000,""difference"":-100000}"
55435;"4/9/2026, 3:13:47 p. m.";Cajero;cash-session:opened;CashSession;"{""initialCash"":100000}"
55434;"4/9/2026, 3:13:47 p. m.";Cajero;quote:created;Sale;"{""saleNumber"":""COT-2026-0436"",""total"":620033799.5999999,""items"":1}"
55433;"4/9/2026, 3:13:47 p. m.";Cajero;cash-session:closed;CashSession;"{""finalCash"":0,""expectedCash"":100000,""difference"":-100000}"
55432;"4/9/2026, 3:13:47 p. m.";Cajero;cash-session:opened;CashSession;"{""initialCash"":100000}"
55431;"4/9/2026, 3:13:47 p. m.";Cajero;quote:created;Sale;"{""saleNumber"":""COT-2026-0435"",""total"":620033799.5999999,""items"":1}"
55430;"4/9/2026, 3:13:47 p. m.";Cajero;cash-session:closed;CashSession;"{""finalCash"":0,""expectedCash"":100000,""difference"":-100000}"
55429;"4/9/2026, 3:13:47 p. m.";Cajero;cash-session:opened;CashSession;"{""initialCash"":100000}"
55428;"4/9/2026, 3:13:47 p. m.";Cajero;quote:created;Sale;"{""saleNumber"":""COT-2026-0434"",""total"":620033799.5999999,""items"":1}"
55427;"4/9/2026, 3:13:47 p. m.";Cajero;cash-session:closed;CashSession;"{""finalCash"":0,""expectedCash"":100000,""difference"":-100000}"
55426;"4/9/2026, 3:13:47 p. m.";Cajero;cash-session:opened;CashSession;"{""initialCash"":100000}"
55425;"4/9/2026, 3:13:47 p. m.";Cajero;quote:created;Sale;"{""saleNumber"":""COT-2026-0433"",""total"":620033799.5999999,""items"":1}"
55424;"4/9/2026, 3:13:47 p. m.";Cajero;cash-session:closed;CashSession;"{""finalCash"":0,""expectedCash"":100000,""difference"":-100000}"
55423;"4/9/2026, 3:13:47 p. m.";Cajero;cash-session:opened;CashSession;"{""initialCash"":100000}"
55422;"4/9/2026, 3:13:47 p. m.";Cajero;quote:created;Sale;"{""saleNumber"":""COT-2026-0432"",""total"":620033799.5999999,""items"":1}"
55421;"4/9/2026, 3:13:47 p. m.";Cajero;cash-session:closed;CashSession;"{""finalCash"":0,""expectedCash"":100000,""difference"":-100000}"
55420;"4/9/2026, 3:13:47 p. m.";Cajero;cash-session:opened;CashSession;"{""initialCash"":100000}"
55419;"4/9/2026, 3:13:47 p. m.";Cajero;quote:created;Sale;"{""saleNumber"":""COT-2026-0431"",""total"":620033799.5999999,""items"":1}"
55418;"4/9/2026, 3:13:47 p. m.";Cajero;cash-session:closed;CashSession;"{""finalCash"":0,""expectedCash"":100000,""difference"":-100000}"
55417;"4/9/2026, 3:13:47 p. m.";Cajero;cash-session:opened;CashSession;"{""initialCash"":100000}"
55416;"4/9/2026, 3:13:47 p. m.";Cajero;quote:created;Sale;"{""saleNumber"":""COT-2026-0430"",""total"":620033799.5999999,""items"":1}"
55415;"4/9/2026, 3:13:47 p. m.";Cajero;cash-session:closed;CashSession;"{""finalCash"":0,""expectedCash"":100000,""difference"":-100000}"
55414;"4/9/2026, 3:13:47 p. m.";Cajero;cash-session:opened;CashSession;"{""initialCash"":100000}"
55413;"4/9/2026, 3:13:47 p. m.";Cajero;quote:created;Sale;"{""saleNumber"":""COT-2026-0429"",""total"":620033799.5999999,""items"":1}"
55412;"4/9/2026, 3:13:47 p. m.";Cajero;cash-session:closed;CashSession;"{""finalCash"":0,""expectedCash"":100000,""difference"":-100000}"
55411;"4/9/2026, 3:13:47 p. m.";Cajero;cash-session:opened;CashSession;"{""initialCash"":100000}"
55410;"4/9/2026, 3:13:47 p. m.";Cajero;quote:created;Sale;"{""saleNumber"":""COT-2026-0428"",""total"":620033799.5999999,""items"":1}"
55409;"4/9/2026, 3:13:47 p. m.";Cajero;cash-session:closed;CashSession;"{""finalCash"":0,""expectedCash"":100000,""difference"":-100000}"
55408;"4/9/2026, 3:13:47 p. m.";Cajero;cash-session:opened;CashSession;"{""initialCash"":100000}"
55407;"4/9/2026, 3:13:47 p. m.";Cajero;quote:created;Sale;"{""saleNumber"":""COT-2026-0427"",""total"":620033799.5999999,""items"":1}"
55406;"4/9/2026, 3:13:47 p. m.";Cajero;cash-session:closed;CashSession;"{""finalCash"":0,""expectedCash"":100000,""difference"":-100000}"
55405;"4/9/2026, 3:13:47 p. m.";Cajero;cash-session:opened;CashSession;"{""initialCash"":100000}"
55404;"4/9/2026, 3:13:47 p. m.";Cajero;quote:created;Sale;"{""saleNumber"":""COT-2026-0426"",""total"":620033799.5999999,""items"":1}"
55403;"4/9/2026, 3:13:47 p. m.";Cajero;cash-session:closed;CashSession;"{""finalCash"":0,""expectedCash"":100000,""difference"":-100000}"
55402;"4/9/2026, 3:13:47 p. m.";Cajero;cash-session:opened;CashSession;"{""initialCash"":100000}"
55401;"4/9/2026, 3:13:47 p. m.";Cajero;quote:created;Sale;"{""saleNumber"":""COT-2026-0425"",""total"":620033799.5999999,""items"":1}"
55400;"4/9/2026, 3:13:47 p. m.";Cajero;cash-session:closed;CashSession;"{""finalCash"":0,""expectedCash"":100000,""difference"":-100000}"
55399;"4/9/2026, 3:13:47 p. m.";Cajero;cash-session:opened;CashSession;"{""initialCash"":100000}"
55398;"4/9/2026, 3:13:47 p. m.";Cajero;quote:created;Sale;"{""saleNumber"":""COT-2026-0424"",""total"":620033799.5999999,""items"":1}"
55397;"4/9/2026, 3:13:47 p. m.";Cajero;cash-session:closed;CashSession;"{""finalCash"":0,""expectedCash"":100000,""difference"":-100000}"
55396;"4/9/2026, 3:13:47 p. m.";Cajero;cash-session:opened;CashSession;"{""initialCash"":100000}"
55395;"4/9/2026, 3:13:47 p. m.";Cajero;quote:created;Sale;"{""saleNumber"":""COT-2026-0423"",""total"":620033799.5999999,""items"":1}"
55394;"4/9/2026, 3:13:47 p. m.";Cajero;cash-session:closed;CashSession;"{""finalCash"":0,""expectedCash"":100000,""difference"":-100000}"
55393;"4/9/2026, 3:13:47 p. m.";Cajero;cash-session:opened;CashSession;"{""initialCash"":100000}"
55392;"4/9/2026, 3:13:47 p. m.";Cajero;quote:created;Sale;"{""saleNumber"":""COT-2026-0422"",""total"":620033799.5999999,""items"":1}"
55391;"4/9/2026, 3:13:47 p. m.";Cajero;cash-session:closed;CashSession;"{""finalCash"":0,""expectedCash"":100000,""difference"":-100000}"
55390;"4/9/2026, 3:13:47 p. m.";Cajero;cash-session:opened;CashSession;"{""initialCash"":100000}"
55389;"4/9/2026, 3:13:47 p. m.";Cajero;quote:created;Sale;"{""saleNumber"":""COT-2026-0421"",""total"":620033799.5999999,""items"":1}"
55388;"4/9/2026, 3:13:47 p. m.";Cajero;cash-session:closed;CashSession;"{""finalCash"":0,""expectedCash"":100000,""difference"":-100000}"
55387;"4/9/2026, 3:13:47 p. m.";Cajero;cash-session:opened;CashSession;"{""initialCash"":100000}"
55386;"4/9/2026, 3:13:47 p. m.";Cajero;quote:created;Sale;"{""saleNumber"":""COT-2026-0420"",""total"":620033799.5999999,""items"":1}"
55385;"4/9/2026, 3:13:46 p. m.";Cajero;cash-session:closed;CashSession;"{""finalCash"":0,""expectedCash"":100000,""difference"":-100000}"
55384;"4/9/2026, 3:13:46 p. m.";Cajero;cash-session:opened;CashSession;"{""initialCash"":100000}"
55383;"4/9/2026, 3:13:46 p. m.";Cajero;quote:created;Sale;"{""saleNumber"":""COT-2026-0419"",""total"":620033799.5999999,""items"":1}"
55382;"4/9/2026, 3:13:46 p. m.";Cajero;cash-session:closed;CashSession;"{""finalCash"":0,""expectedCash"":100000,""difference"":-100000}"
55381;"4/9/2026, 3:13:46 p. m.";Cajero;cash-session:opened;CashSession;"{""initialCash"":100000}"
55380;"4/9/2026, 3:13:46 p. m.";Cajero;quote:created;Sale;"{""saleNumber"":""COT-2026-0418"",""total"":620033799.5999999,""items"":1}"
55379;"4/9/2026, 3:13:46 p. m.";Cajero;cash-session:closed;CashSession;"{""finalCash"":0,""expectedCash"":100000,""difference"":-100000}"
55378;"4/9/2026, 3:13:46 p. m.";Cajero;cash-session:opened;CashSession;"{""initialCash"":100000}"
55377;"4/9/2026, 3:13:46 p. m.";Cajero;quote:created;Sale;"{""saleNumber"":""COT-2026-0417"",""total"":620033799.5999999,""items"":1}"
55376;"4/9/2026, 3:13:46 p. m.";Cajero;cash-session:closed;CashSession;"{""finalCash"":0,""expectedCash"":100000,""difference"":-100000}"
55375;"4/9/2026, 3:13:46 p. m.";Cajero;cash-session:opened;CashSession;"{""initialCash"":100000}"
55374;"4/9/2026, 3:13:46 p. m.";Cajero;quote:created;Sale;"{""saleNumber"":""COT-2026-0416"",""total"":620033799.5999999,""items"":1}"
55373;"4/9/2026, 3:13:46 p. m.";Cajero;cash-session:closed;CashSession;"{""finalCash"":0,""expectedCash"":100000,""difference"":-100000}"
55372;"4/9/2026, 3:13:46 p. m.";Cajero;cash-session:opened;CashSession;"{""initialCash"":100000}"
55371;"4/9/2026, 3:13:46 p. m.";Cajero;quote:created;Sale;"{""saleNumber"":""COT-2026-0415"",""total"":620033799.5999999,""items"":1}"
55370;"4/9/2026, 3:13:46 p. m.";Cajero;cash-session:closed;CashSession;"{""finalCash"":0,""expectedCash"":100000,""difference"":-100000}"
55369;"4/9/2026, 3:13:46 p. m.";Cajero;cash-session:opened;CashSession;"{""initialCash"":100000}"
55368;"4/9/2026, 3:13:46 p. m.";Cajero;quote:created;Sale;"{""saleNumber"":""COT-2026-0414"",""total"":620033799.5999999,""items"":1}"
55367;"4/9/2026, 3:13:46 p. m.";Cajero;cash-session:closed;CashSession;"{""finalCash"":0,""expectedCash"":100000,""difference"":-100000}"
55366;"4/9/2026, 3:13:46 p. m.";Cajero;cash-session:opened;CashSession;"{""initialCash"":100000}"
55365;"4/9/2026, 3:13:46 p. m.";Cajero;quote:created;Sale;"{""saleNumber"":""COT-2026-0413"",""total"":620033799.5999999,""items"":1}"
55364;"4/9/2026, 3:13:46 p. m.";Cajero;cash-session:closed;CashSession;"{""finalCash"":0,""expectedCash"":100000,""difference"":-100000}"
55363;"4/9/2026, 3:13:46 p. m.";Cajero;cash-session:opened;CashSession;"{""initialCash"":100000}"
55362;"4/9/2026, 3:13:46 p. m.";Cajero;quote:created;Sale;"{""saleNumber"":""COT-2026-0412"",""total"":620033799.5999999,""items"":1}"
55361;"4/9/2026, 3:13:46 p. m.";Cajero;cash-session:closed;CashSession;"{""finalCash"":0,""expectedCash"":100000,""difference"":-100000}"
55360;"4/9/2026, 3:13:46 p. m.";Cajero;cash-session:opened;CashSession;"{""initialCash"":100000}"
55359;"4/9/2026, 3:13:46 p. m.";Cajero;quote:created;Sale;"{""saleNumber"":""COT-2026-0411"",""total"":620033799.5999999,""items"":1}"
55358;"4/9/2026, 3:13:46 p. m.";Cajero;cash-session:closed;CashSession;"{""finalCash"":0,""expectedCash"":100000,""difference"":-100000}"
55357;"4/9/2026, 3:13:46 p. m.";Cajero;cash-session:opened;CashSession;"{""initialCash"":100000}"
55356;"4/9/2026, 3:13:46 p. m.";Cajero;quote:created;Sale;"{""saleNumber"":""COT-2026-0410"",""total"":620033799.5999999,""items"":1}"
55355;"4/9/2026, 3:13:46 p. m.";Cajero;cash-session:closed;CashSession;"{""finalCash"":0,""expectedCash"":100000,""difference"":-100000}"
55354;"4/9/2026, 3:13:46 p. m.";Cajero;cash-session:opened;CashSession;"{""initialCash"":100000}"
55353;"4/9/2026, 3:13:46 p. m.";Cajero;quote:created;Sale;"{""saleNumber"":""COT-2026-0409"",""total"":620033799.5999999,""items"":1}"
55352;"4/9/2026, 3:13:46 p. m.";Cajero;cash-session:closed;CashSession;"{""finalCash"":0,""expectedCash"":100000,""difference"":-100000}"
55351;"4/9/2026, 3:13:46 p. m.";Cajero;cash-session:opened;CashSession;"{""initialCash"":100000}"
55350;"4/9/2026, 3:13:46 p. m.";Cajero;quote:created;Sale;"{""saleNumber"":""COT-2026-0408"",""total"":620033799.5999999,""items"":1}"
55349;"4/9/2026, 3:13:46 p. m.";Cajero;cash-session:closed;CashSession;"{""finalCash"":0,""expectedCash"":100000,""difference"":-100000}"
55348;"4/9/2026, 3:13:46 p. m.";Cajero;cash-session:opened;CashSession;"{""initialCash"":100000}"
55347;"4/9/2026, 3:13:46 p. m.";Cajero;quote:created;Sale;"{""saleNumber"":""COT-2026-0407"",""total"":620033799.5999999,""items"":1}"
55346;"4/9/2026, 3:13:46 p. m.";Cajero;cash-session:closed;CashSession;"{""finalCash"":0,""expectedCash"":100000,""difference"":-100000}"
55345;"4/9/2026, 3:13:46 p. m.";Cajero;cash-session:opened;CashSession;"{""initialCash"":100000}"
55344;"4/9/2026, 3:13:46 p. m.";Cajero;quote:created;Sale;"{""saleNumber"":""COT-2026-0406"",""total"":620033799.5999999,""items"":1}"
55343;"4/9/2026, 3:13:46 p. m.";Cajero;cash-session:closed;CashSession;"{""finalCash"":0,""expectedCash"":100000,""difference"":-100000}"
55342;"4/9/2026, 3:13:46 p. m.";Cajero;cash-session:opened;CashSession;"{""initialCash"":100000}"
55341;"4/9/2026, 3:13:46 p. m.";Cajero;quote:created;Sale;"{""saleNumber"":""COT-2026-0405"",""total"":620033799.5999999,""items"":1}"
55340;"4/9/2026, 3:13:46 p. m.";Cajero;cash-session:closed;CashSession;"{""finalCash"":0,""expectedCash"":100000,""difference"":-100000}"
55339;"4/9/2026, 3:13:46 p. m.";Cajero;cash-session:opened;CashSession;"{""initialCash"":100000}"
55338;"4/9/2026, 3:13:46 p. m.";Cajero;quote:created;Sale;"{""saleNumber"":""COT-2026-0404"",""total"":620033799.5999999,""items"":1}"
55337;"4/9/2026, 3:13:46 p. m.";Cajero;cash-session:closed;CashSession;"{""finalCash"":0,""expectedCash"":100000,""difference"":-100000}"
55336;"4/9/2026, 3:13:46 p. m.";Cajero;cash-session:opened;CashSession;"{""initialCash"":100000}"
55335;"4/9/2026, 3:13:46 p. m.";Cajero;quote:created;Sale;"{""saleNumber"":""COT-2026-0403"",""total"":620033799.5999999,""items"":1}"
55334;"4/9/2026, 3:13:46 p. m.";Cajero;cash-session:closed;CashSession;"{""finalCash"":0,""expectedCash"":100000,""difference"":-100000}"
55333;"4/9/2026, 3:13:46 p. m.";Cajero;cash-session:opened;CashSession;"{""initialCash"":100000}"
55332;"4/9/2026, 3:13:46 p. m.";Cajero;quote:created;Sale;"{""saleNumber"":""COT-2026-0402"",""total"":620033799.5999999,""items"":1}"
55331;"4/9/2026, 3:13:46 p. m.";Cajero;cash-session:closed;CashSession;"{""finalCash"":0,""expectedCash"":100000,""difference"":-100000}"
55330;"4/9/2026, 3:13:46 p. m.";Cajero;cash-session:opened;CashSession;"{""initialCash"":100000}"
55329;"4/9/2026, 3:13:46 p. m.";Cajero;quote:created;Sale;"{""saleNumber"":""COT-2026-0401"",""total"":620033799.5999999,""items"":1}"
55328;"4/9/2026, 3:13:46 p. m.";Cajero;cash-session:closed;CashSession;"{""finalCash"":0,""expectedCash"":100000,""difference"":-100000}"
55327;"4/9/2026, 3:13:46 p. m.";Cajero;cash-session:opened;CashSession;"{""initialCash"":100000}"
55326;"4/9/2026, 3:13:46 p. m.";Cajero;quote:created;Sale;"{""saleNumber"":""COT-2026-0400"",""total"":620033799.5999999,""items"":1}"
55325;"4/9/2026, 3:13:46 p. m.";Cajero;cash-session:closed;CashSession;"{""finalCash"":0,""expectedCash"":100000,""difference"":-100000}"
55324;"4/9/2026, 3:13:46 p. m.";Cajero;cash-session:opened;CashSession;"{""initialCash"":100000}"
55323;"4/9/2026, 3:13:46 p. m.";Cajero;quote:created;Sale;"{""saleNumber"":""COT-2026-0399"",""total"":620033799.5999999,""items"":1}"
55322;"4/9/2026, 3:13:46 p. m.";Cajero;cash-session:closed;CashSession;"{""finalCash"":0,""expectedCash"":100000,""difference"":-100000}"
55321;"4/9/2026, 3:13:46 p. m.";Cajero;cash-session:opened;CashSession;"{""initialCash"":100000}"
55320;"4/9/2026, 3:13:46 p. m.";Cajero;quote:created;Sale;"{""saleNumber"":""COT-2026-0398"",""total"":620033799.5999999,""items"":1}"
55319;"4/9/2026, 3:13:46 p. m.";Cajero;cash-session:closed;CashSession;"{""finalCash"":0,""expectedCash"":100000,""difference"":-100000}"
55318;"4/9/2026, 3:13:45 p. m.";Cajero;cash-session:opened;CashSession;"{""initialCash"":100000}"
55317;"4/9/2026, 3:13:45 p. m.";Cajero;quote:created;Sale;"{""saleNumber"":""COT-2026-0397"",""total"":620033799.5999999,""items"":1}"
55316;"4/9/2026, 3:13:45 p. m.";Cajero;cash-session:closed;CashSession;"{""finalCash"":0,""expectedCash"":100000,""difference"":-100000}"
55315;"4/9/2026, 3:13:45 p. m.";Cajero;cash-session:opened;CashSession;"{""initialCash"":100000}"
55314;"4/9/2026, 3:13:45 p. m.";Cajero;quote:created;Sale;"{""saleNumber"":""COT-2026-0396"",""total"":620033799.5999999,""items"":1}"
55313;"4/9/2026, 3:13:45 p. m.";Cajero;cash-session:closed;CashSession;"{""finalCash"":0,""expectedCash"":100000,""difference"":-100000}"
55312;"4/9/2026, 3:13:45 p. m.";Cajero;cash-session:opened;CashSession;"{""initialCash"":100000}"
55311;"4/9/2026, 3:13:45 p. m.";Cajero;quote:created;Sale;"{""saleNumber"":""COT-2026-0395"",""total"":620033799.5999999,""items"":1}"
55310;"4/9/2026, 3:13:45 p. m.";Cajero;cash-session:closed;CashSession;"{""finalCash"":0,""expectedCash"":100000,""difference"":-100000}"
55309;"4/9/2026, 3:13:45 p. m.";Cajero;cash-session:opened;CashSession;"{""initialCash"":100000}"
55308;"4/9/2026, 3:13:45 p. m.";Cajero;quote:created;Sale;"{""saleNumber"":""COT-2026-0394"",""total"":620033799.5999999,""items"":1}"
55307;"4/9/2026, 3:13:45 p. m.";Cajero;cash-session:closed;CashSession;"{""finalCash"":0,""expectedCash"":100000,""difference"":-100000}"
55306;"4/9/2026, 3:13:45 p. m.";Cajero;cash-session:opened;CashSession;"{""initialCash"":100000}"
55305;"4/9/2026, 3:13:45 p. m.";Cajero;quote:created;Sale;"{""saleNumber"":""COT-2026-0393"",""total"":620033799.5999999,""items"":1}"
55304;"4/9/2026, 3:13:45 p. m.";Cajero;cash-session:closed;CashSession;"{""finalCash"":0,""expectedCash"":100000,""difference"":-100000}"
55303;"4/9/2026, 3:13:45 p. m.";Cajero;cash-session:opened;CashSession;"{""initialCash"":100000}"
55302;"4/9/2026, 3:13:45 p. m.";Cajero;quote:created;Sale;"{""saleNumber"":""COT-2026-0392"",""total"":620033799.5999999,""items"":1}"
55301;"4/9/2026, 3:13:45 p. m.";Cajero;cash-session:closed;CashSession;"{""finalCash"":0,""expectedCash"":100000,""difference"":-100000}"
55300;"4/9/2026, 3:13:45 p. m.";Cajero;cash-session:opened;CashSession;"{""initialCash"":100000}"
55299;"4/9/2026, 3:13:45 p. m.";Cajero;quote:created;Sale;"{""saleNumber"":""COT-2026-0391"",""total"":620033799.5999999,""items"":1}"
55298;"4/9/2026, 3:13:45 p. m.";Cajero;cash-session:closed;CashSession;"{""finalCash"":0,""expectedCash"":100000,""difference"":-100000}"
55297;"4/9/2026, 3:13:45 p. m.";Cajero;cash-session:opened;CashSession;"{""initialCash"":100000}"
55296;"4/9/2026, 3:13:45 p. m.";Cajero;quote:created;Sale;"{""saleNumber"":""COT-2026-0390"",""total"":620033799.5999999,""items"":1}"
55295;"4/9/2026, 3:13:45 p. m.";Cajero;cash-session:closed;CashSession;"{""finalCash"":0,""expectedCash"":100000,""difference"":-100000}"
55294;"4/9/2026, 3:13:45 p. m.";Cajero;cash-session:opened;CashSession;"{""initialCash"":100000}"
55293;"4/9/2026, 3:13:45 p. m.";Cajero;quote:created;Sale;"{""saleNumber"":""COT-2026-0389"",""total"":620033799.5999999,""items"":1}"
55292;"4/9/2026, 3:13:45 p. m.";Cajero;cash-session:closed;CashSession;"{""finalCash"":0,""expectedCash"":100000,""difference"":-100000}"
55291;"4/9/2026, 3:13:45 p. m.";Cajero;cash-session:opened;CashSession;"{""initialCash"":100000}"
55290;"4/9/2026, 3:13:45 p. m.";Cajero;quote:created;Sale;"{""saleNumber"":""COT-2026-0388"",""total"":620033799.5999999,""items"":1}"
55289;"4/9/2026, 3:13:45 p. m.";Cajero;cash-session:closed;CashSession;"{""finalCash"":0,""expectedCash"":100000,""difference"":-100000}"
55288;"4/9/2026, 3:13:45 p. m.";Cajero;cash-session:opened;CashSession;"{""initialCash"":100000}"
55287;"4/9/2026, 3:13:45 p. m.";Cajero;quote:created;Sale;"{""saleNumber"":""COT-2026-0387"",""total"":620033799.5999999,""items"":1}"
55286;"4/9/2026, 3:13:45 p. m.";Cajero;cash-session:closed;CashSession;"{""finalCash"":0,""expectedCash"":100000,""difference"":-100000}"
55285;"4/9/2026, 3:13:45 p. m.";Cajero;cash-session:opened;CashSession;"{""initialCash"":100000}"
55284;"4/9/2026, 3:13:45 p. m.";Cajero;quote:created;Sale;"{""saleNumber"":""COT-2026-0386"",""total"":620033799.5999999,""items"":1}"
55283;"4/9/2026, 3:13:45 p. m.";Cajero;cash-session:closed;CashSession;"{""finalCash"":0,""expectedCash"":100000,""difference"":-100000}"
55282;"4/9/2026, 3:13:45 p. m.";Cajero;cash-session:opened;CashSession;"{""initialCash"":100000}"
55281;"4/9/2026, 3:13:45 p. m.";Cajero;quote:created;Sale;"{""saleNumber"":""COT-2026-0385"",""total"":620033799.5999999,""items"":1}"
55280;"4/9/2026, 3:13:45 p. m.";Cajero;cash-session:closed;CashSession;"{""finalCash"":0,""expectedCash"":100000,""difference"":-100000}"
55279;"4/9/2026, 3:13:45 p. m.";Cajero;cash-session:opened;CashSession;"{""initialCash"":100000}"
55278;"4/9/2026, 3:13:45 p. m.";Cajero;quote:created;Sale;"{""saleNumber"":""COT-2026-0384"",""total"":620033799.5999999,""items"":1}"
55277;"4/9/2026, 3:13:45 p. m.";Cajero;cash-session:closed;CashSession;"{""finalCash"":0,""expectedCash"":100000,""difference"":-100000}"
55276;"4/9/2026, 3:13:45 p. m.";Cajero;cash-session:opened;CashSession;"{""initialCash"":100000}"
55275;"4/9/2026, 3:13:45 p. m.";Cajero;quote:created;Sale;"{""saleNumber"":""COT-2026-0383"",""total"":620033799.5999999,""items"":1}"
55274;"4/9/2026, 3:13:45 p. m.";Cajero;cash-session:closed;CashSession;"{""finalCash"":0,""expectedCash"":100000,""difference"":-100000}"
55273;"4/9/2026, 3:13:45 p. m.";Cajero;cash-session:opened;CashSession;"{""initialCash"":100000}"
55272;"4/9/2026, 3:13:45 p. m.";Cajero;quote:created;Sale;"{""saleNumber"":""COT-2026-0382"",""total"":620033799.5999999,""items"":1}"
55271;"4/9/2026, 3:13:45 p. m.";Cajero;cash-session:closed;CashSession;"{""finalCash"":0,""expectedCash"":100000,""difference"":-100000}"
55270;"4/9/2026, 3:13:45 p. m.";Cajero;cash-session:opened;CashSession;"{""initialCash"":100000}"
55269;"4/9/2026, 3:13:45 p. m.";Cajero;quote:created;Sale;"{""saleNumber"":""COT-2026-0381"",""total"":620033799.5999999,""items"":1}"
55268;"4/9/2026, 3:13:45 p. m.";Cajero;cash-session:closed;CashSession;"{""finalCash"":0,""expectedCash"":100000,""difference"":-100000}"
55267;"4/9/2026, 3:13:45 p. m.";Cajero;cash-session:opened;CashSession;"{""initialCash"":100000}"
55266;"4/9/2026, 3:13:45 p. m.";Cajero;quote:created;Sale;"{""saleNumber"":""COT-2026-0380"",""total"":620033799.5999999,""items"":1}"
55265;"4/9/2026, 3:13:45 p. m.";Cajero;cash-session:closed;CashSession;"{""finalCash"":0,""expectedCash"":100000,""difference"":-100000}"
55264;"4/9/2026, 3:13:45 p. m.";Cajero;cash-session:opened;CashSession;"{""initialCash"":100000}"
55263;"4/9/2026, 3:13:45 p. m.";Cajero;quote:created;Sale;"{""saleNumber"":""COT-2026-0379"",""total"":620033799.5999999,""items"":1}"
55262;"4/9/2026, 3:13:45 p. m.";Cajero;cash-session:closed;CashSession;"{""finalCash"":0,""expectedCash"":100000,""difference"":-100000}"
55261;"4/9/2026, 3:13:45 p. m.";Cajero;cash-session:opened;CashSession;"{""initialCash"":100000}"
55260;"4/9/2026, 3:13:45 p. m.";Cajero;quote:created;Sale;"{""saleNumber"":""COT-2026-0378"",""total"":620033799.5999999,""items"":1}"
55259;"4/9/2026, 3:13:45 p. m.";Cajero;cash-session:closed;CashSession;"{""finalCash"":0,""expectedCash"":100000,""difference"":-100000}"
55258;"4/9/2026, 3:13:45 p. m.";Cajero;cash-session:opened;CashSession;"{""initialCash"":100000}"
55257;"4/9/2026, 3:13:45 p. m.";Cajero;quote:created;Sale;"{""saleNumber"":""COT-2026-0377"",""total"":620033799.5999999,""items"":1}"
55256;"4/9/2026, 3:13:45 p. m.";Cajero;cash-session:closed;CashSession;"{""finalCash"":0,""expectedCash"":100000,""difference"":-100000}"
55255;"4/9/2026, 3:13:45 p. m.";Cajero;cash-session:opened;CashSession;"{""initialCash"":100000}"
55254;"4/9/2026, 3:13:45 p. m.";Cajero;quote:created;Sale;"{""saleNumber"":""COT-2026-0376"",""total"":620033799.5999999,""items"":1}"
55253;"4/9/2026, 3:13:45 p. m.";Cajero;cash-session:closed;CashSession;"{""finalCash"":0,""expectedCash"":100000,""difference"":-100000}"
55252;"4/9/2026, 3:13:45 p. m.";Cajero;cash-session:opened;CashSession;"{""initialCash"":100000}"
55251;"4/9/2026, 3:13:45 p. m.";Cajero;quote:created;Sale;"{""saleNumber"":""COT-2026-0375"",""total"":620033799.5999999,""items"":1}"
55250;"4/9/2026, 3:13:44 p. m.";Cajero;cash-session:closed;CashSession;"{""finalCash"":0,""expectedCash"":100000,""difference"":-100000}"
55249;"4/9/2026, 3:13:44 p. m.";Cajero;cash-session:opened;CashSession;"{""initialCash"":100000}"
55248;"4/9/2026, 3:13:44 p. m.";Cajero;quote:created;Sale;"{""saleNumber"":""COT-2026-0374"",""total"":620033799.5999999,""items"":1}"
55247;"4/9/2026, 3:13:44 p. m.";Cajero;cash-session:closed;CashSession;"{""finalCash"":0,""expectedCash"":100000,""difference"":-100000}"
55246;"4/9/2026, 3:13:44 p. m.";Cajero;cash-session:opened;CashSession;"{""initialCash"":100000}"
55245;"4/9/2026, 3:13:44 p. m.";Cajero;quote:created;Sale;"{""saleNumber"":""COT-2026-0373"",""total"":620033799.5999999,""items"":1}"
55244;"4/9/2026, 3:13:44 p. m.";Cajero;cash-session:closed;CashSession;"{""finalCash"":0,""expectedCash"":100000,""difference"":-100000}"
55243;"4/9/2026, 3:13:44 p. m.";Cajero;cash-session:opened;CashSession;"{""initialCash"":100000}"
55242;"4/9/2026, 3:13:44 p. m.";Cajero;quote:created;Sale;"{""saleNumber"":""COT-2026-0372"",""total"":620033799.5999999,""items"":1}"
55241;"4/9/2026, 3:13:44 p. m.";Cajero;cash-session:closed;CashSession;"{""finalCash"":0,""expectedCash"":100000,""difference"":-100000}"
55240;"4/9/2026, 3:13:44 p. m.";Cajero;cash-session:opened;CashSession;"{""initialCash"":100000}"
55239;"4/9/2026, 3:13:44 p. m.";Cajero;quote:created;Sale;"{""saleNumber"":""COT-2026-0371"",""total"":620033799.5999999,""items"":1}"
55238;"4/9/2026, 3:13:44 p. m.";Cajero;cash-session:closed;CashSession;"{""finalCash"":0,""expectedCash"":100000,""difference"":-100000}"
55237;"4/9/2026, 3:13:44 p. m.";Cajero;cash-session:opened;CashSession;"{""initialCash"":100000}"
55236;"4/9/2026, 3:13:44 p. m.";Cajero;quote:created;Sale;"{""saleNumber"":""COT-2026-0370"",""total"":620033799.5999999,""items"":1}"
55235;"4/9/2026, 3:13:44 p. m.";Cajero;cash-session:closed;CashSession;"{""finalCash"":0,""expectedCash"":100000,""difference"":-100000}"
55234;"4/9/2026, 3:13:44 p. m.";Cajero;cash-session:opened;CashSession;"{""initialCash"":100000}"
55233;"4/9/2026, 3:13:44 p. m.";Cajero;quote:created;Sale;"{""saleNumber"":""COT-2026-0369"",""total"":620033799.5999999,""items"":1}"
55232;"4/9/2026, 3:13:44 p. m.";Cajero;cash-session:closed;CashSession;"{""finalCash"":0,""expectedCash"":100000,""difference"":-100000}"
55231;"4/9/2026, 3:13:44 p. m.";Cajero;cash-session:opened;CashSession;"{""initialCash"":100000}"
55230;"4/9/2026, 3:13:44 p. m.";Cajero;quote:created;Sale;"{""saleNumber"":""COT-2026-0368"",""total"":620033799.5999999,""items"":1}"
55229;"4/9/2026, 3:13:44 p. m.";Cajero;cash-session:closed;CashSession;"{""finalCash"":0,""expectedCash"":100000,""difference"":-100000}"
55228;"4/9/2026, 3:13:44 p. m.";Cajero;cash-session:opened;CashSession;"{""initialCash"":100000}"
55227;"4/9/2026, 3:13:44 p. m.";Cajero;quote:created;Sale;"{""saleNumber"":""COT-2026-0367"",""total"":620033799.5999999,""items"":1}"
55226;"4/9/2026, 3:13:44 p. m.";Cajero;cash-session:closed;CashSession;"{""finalCash"":0,""expectedCash"":100000,""difference"":-100000}"
55225;"4/9/2026, 3:13:44 p. m.";Cajero;cash-session:opened;CashSession;"{""initialCash"":100000}"
55224;"4/9/2026, 3:13:44 p. m.";Cajero;quote:created;Sale;"{""saleNumber"":""COT-2026-0366"",""total"":620033799.5999999,""items"":1}"
55223;"4/9/2026, 3:13:44 p. m.";Cajero;cash-session:closed;CashSession;"{""finalCash"":0,""expectedCash"":100000,""difference"":-100000}"
55222;"4/9/2026, 3:13:44 p. m.";Cajero;cash-session:opened;CashSession;"{""initialCash"":100000}"
55221;"4/9/2026, 3:13:44 p. m.";Cajero;quote:created;Sale;"{""saleNumber"":""COT-2026-0365"",""total"":620033799.5999999,""items"":1}"
55220;"4/9/2026, 3:13:44 p. m.";Cajero;cash-session:closed;CashSession;"{""finalCash"":0,""expectedCash"":100000,""difference"":-100000}"
55219;"4/9/2026, 3:13:44 p. m.";Cajero;cash-session:opened;CashSession;"{""initialCash"":100000}"
55218;"4/9/2026, 3:13:44 p. m.";Cajero;quote:created;Sale;"{""saleNumber"":""COT-2026-0364"",""total"":620033799.5999999,""items"":1}"
55217;"4/9/2026, 3:13:44 p. m.";Cajero;cash-session:closed;CashSession;"{""finalCash"":0,""expectedCash"":100000,""difference"":-100000}"
55216;"4/9/2026, 3:13:44 p. m.";Cajero;cash-session:opened;CashSession;"{""initialCash"":100000}"
55215;"4/9/2026, 3:13:44 p. m.";Cajero;quote:created;Sale;"{""saleNumber"":""COT-2026-0363"",""total"":620033799.5999999,""items"":1}"
55214;"4/9/2026, 3:13:44 p. m.";Cajero;cash-session:closed;CashSession;"{""finalCash"":0,""expectedCash"":100000,""difference"":-100000}"
55213;"4/9/2026, 3:13:44 p. m.";Cajero;cash-session:opened;CashSession;"{""initialCash"":100000}"
55212;"4/9/2026, 3:13:44 p. m.";Cajero;quote:created;Sale;"{""saleNumber"":""COT-2026-0362"",""total"":620033799.5999999,""items"":1}"
55211;"4/9/2026, 3:13:44 p. m.";Cajero;cash-session:closed;CashSession;"{""finalCash"":0,""expectedCash"":100000,""difference"":-100000}"
55210;"4/9/2026, 3:13:44 p. m.";Cajero;cash-session:opened;CashSession;"{""initialCash"":100000}"
55209;"4/9/2026, 3:13:44 p. m.";Cajero;quote:created;Sale;"{""saleNumber"":""COT-2026-0361"",""total"":620033799.5999999,""items"":1}"
55208;"4/9/2026, 3:13:44 p. m.";Cajero;cash-session:closed;CashSession;"{""finalCash"":0,""expectedCash"":100000,""difference"":-100000}"
55207;"4/9/2026, 3:13:44 p. m.";Cajero;cash-session:opened;CashSession;"{""initialCash"":100000}"
55206;"4/9/2026, 3:13:44 p. m.";Cajero;quote:created;Sale;"{""saleNumber"":""COT-2026-0360"",""total"":620033799.5999999,""items"":1}"
55205;"4/9/2026, 3:13:44 p. m.";Cajero;cash-session:closed;CashSession;"{""finalCash"":0,""expectedCash"":100000,""difference"":-100000}"
55204;"4/9/2026, 3:13:44 p. m.";Cajero;cash-session:opened;CashSession;"{""initialCash"":100000}"
55203;"4/9/2026, 3:13:44 p. m.";Cajero;quote:created;Sale;"{""saleNumber"":""COT-2026-0359"",""total"":620033799.5999999,""items"":1}"
55202;"4/9/2026, 3:13:44 p. m.";Cajero;cash-session:closed;CashSession;"{""finalCash"":0,""expectedCash"":100000,""difference"":-100000}"
55201;"4/9/2026, 3:13:44 p. m.";Cajero;cash-session:opened;CashSession;"{""initialCash"":100000}"
55200;"4/9/2026, 3:13:44 p. m.";Cajero;quote:created;Sale;"{""saleNumber"":""COT-2026-0358"",""total"":620033799.5999999,""items"":1}"
55199;"4/9/2026, 3:13:44 p. m.";Cajero;cash-session:closed;CashSession;"{""finalCash"":0,""expectedCash"":100000,""difference"":-100000}"
55198;"4/9/2026, 3:13:44 p. m.";Cajero;cash-session:opened;CashSession;"{""initialCash"":100000}"
55197;"4/9/2026, 3:13:44 p. m.";Cajero;quote:created;Sale;"{""saleNumber"":""COT-2026-0357"",""total"":620033799.5999999,""items"":1}"
55196;"4/9/2026, 3:13:44 p. m.";Cajero;cash-session:closed;CashSession;"{""finalCash"":0,""expectedCash"":100000,""difference"":-100000}"
55195;"4/9/2026, 3:13:44 p. m.";Cajero;cash-session:opened;CashSession;"{""initialCash"":100000}"
55194;"4/9/2026, 3:13:44 p. m.";Cajero;quote:created;Sale;"{""saleNumber"":""COT-2026-0356"",""total"":620033799.5999999,""items"":1}"
55193;"4/9/2026, 3:13:44 p. m.";Cajero;cash-session:closed;CashSession;"{""finalCash"":0,""expectedCash"":100000,""difference"":-100000}"
55192;"4/9/2026, 3:13:44 p. m.";Cajero;cash-session:opened;CashSession;"{""initialCash"":100000}"
55191;"4/9/2026, 3:13:44 p. m.";Cajero;quote:created;Sale;"{""saleNumber"":""COT-2026-0355"",""total"":620033799.5999999,""items"":1}"
55190;"4/9/2026, 3:13:44 p. m.";Cajero;cash-session:closed;CashSession;"{""finalCash"":0,""expectedCash"":100000,""difference"":-100000}"
55189;"4/9/2026, 3:13:44 p. m.";Cajero;cash-session:opened;CashSession;"{""initialCash"":100000}"
55188;"4/9/2026, 3:13:44 p. m.";Cajero;quote:created;Sale;"{""saleNumber"":""COT-2026-0354"",""total"":620033799.5999999,""items"":1}"
55187;"4/9/2026, 3:13:44 p. m.";Cajero;cash-session:closed;CashSession;"{""finalCash"":0,""expectedCash"":100000,""difference"":-100000}"
55186;"4/9/2026, 3:13:44 p. m.";Cajero;cash-session:opened;CashSession;"{""initialCash"":100000}"
55185;"4/9/2026, 3:13:43 p. m.";Cajero;quote:created;Sale;"{""saleNumber"":""COT-2026-0353"",""total"":620033799.5999999,""items"":1}"
55184;"4/9/2026, 3:13:43 p. m.";Cajero;cash-session:closed;CashSession;"{""finalCash"":0,""expectedCash"":100000,""difference"":-100000}"
55183;"4/9/2026, 3:13:43 p. m.";Cajero;cash-session:opened;CashSession;"{""initialCash"":100000}"
55182;"4/9/2026, 3:13:43 p. m.";Cajero;quote:created;Sale;"{""saleNumber"":""COT-2026-0352"",""total"":620033799.5999999,""items"":1}"
55181;"4/9/2026, 3:13:43 p. m.";Cajero;cash-session:closed;CashSession;"{""finalCash"":0,""expectedCash"":100000,""difference"":-100000}"
55180;"4/9/2026, 3:13:43 p. m.";Cajero;cash-session:opened;CashSession;"{""initialCash"":100000}"
55179;"4/9/2026, 3:13:43 p. m.";Cajero;quote:created;Sale;"{""saleNumber"":""COT-2026-0351"",""total"":620033799.5999999,""items"":1}"
55178;"4/9/2026, 3:13:43 p. m.";Cajero;cash-session:closed;CashSession;"{""finalCash"":0,""expectedCash"":100000,""difference"":-100000}"
55177;"4/9/2026, 3:13:43 p. m.";Cajero;cash-session:opened;CashSession;"{""initialCash"":100000}"
55176;"4/9/2026, 3:13:43 p. m.";Cajero;quote:created;Sale;"{""saleNumber"":""COT-2026-0350"",""total"":620033799.5999999,""items"":1}"
55175;"4/9/2026, 3:13:43 p. m.";Cajero;cash-session:closed;CashSession;"{""finalCash"":0,""expectedCash"":100000,""difference"":-100000}"
55174;"4/9/2026, 3:13:43 p. m.";Cajero;cash-session:opened;CashSession;"{""initialCash"":100000}"
55173;"4/9/2026, 3:13:43 p. m.";Cajero;quote:created;Sale;"{""saleNumber"":""COT-2026-0349"",""total"":620033799.5999999,""items"":1}"
55172;"4/9/2026, 3:13:43 p. m.";Cajero;cash-session:closed;CashSession;"{""finalCash"":0,""expectedCash"":100000,""difference"":-100000}"
55171;"4/9/2026, 3:13:43 p. m.";Cajero;cash-session:opened;CashSession;"{""initialCash"":100000}"
55170;"4/9/2026, 3:13:43 p. m.";Cajero;quote:created;Sale;"{""saleNumber"":""COT-2026-0348"",""total"":620033799.5999999,""items"":1}"
55169;"4/9/2026, 3:13:43 p. m.";Cajero;cash-session:closed;CashSession;"{""finalCash"":0,""expectedCash"":100000,""difference"":-100000}"
55168;"4/9/2026, 3:13:43 p. m.";Cajero;cash-session:opened;CashSession;"{""initialCash"":100000}"
55167;"4/9/2026, 3:13:43 p. m.";Cajero;quote:created;Sale;"{""saleNumber"":""COT-2026-0347"",""total"":620033799.5999999,""items"":1}"
55166;"4/9/2026, 3:13:43 p. m.";Cajero;cash-session:closed;CashSession;"{""finalCash"":0,""expectedCash"":100000,""difference"":-100000}"
55165;"4/9/2026, 3:13:43 p. m.";Cajero;cash-session:opened;CashSession;"{""initialCash"":100000}"
55164;"4/9/2026, 3:13:43 p. m.";Cajero;quote:created;Sale;"{""saleNumber"":""COT-2026-0346"",""total"":620033799.5999999,""items"":1}"
55163;"4/9/2026, 3:13:43 p. m.";Cajero;cash-session:closed;CashSession;"{""finalCash"":0,""expectedCash"":100000,""difference"":-100000}"
55162;"4/9/2026, 3:13:43 p. m.";Cajero;cash-session:opened;CashSession;"{""initialCash"":100000}"
55161;"4/9/2026, 3:13:43 p. m.";Cajero;quote:created;Sale;"{""saleNumber"":""COT-2026-0345"",""total"":620033799.5999999,""items"":1}"
55160;"4/9/2026, 3:13:43 p. m.";Cajero;cash-session:closed;CashSession;"{""finalCash"":0,""expectedCash"":100000,""difference"":-100000}"
55159;"4/9/2026, 3:13:43 p. m.";Cajero;cash-session:opened;CashSession;"{""initialCash"":100000}"
55158;"4/9/2026, 3:13:43 p. m.";Cajero;quote:created;Sale;"{""saleNumber"":""COT-2026-0344"",""total"":620033799.5999999,""items"":1}"
55157;"4/9/2026, 3:13:43 p. m.";Cajero;cash-session:closed;CashSession;"{""finalCash"":0,""expectedCash"":100000,""difference"":-100000}"
55156;"4/9/2026, 3:13:43 p. m.";Cajero;cash-session:opened;CashSession;"{""initialCash"":100000}"
55155;"4/9/2026, 3:13:43 p. m.";Cajero;quote:created;Sale;"{""saleNumber"":""COT-2026-0343"",""total"":620033799.5999999,""items"":1}"
55154;"4/9/2026, 3:13:43 p. m.";Cajero;cash-session:closed;CashSession;"{""finalCash"":0,""expectedCash"":100000,""difference"":-100000}"
55153;"4/9/2026, 3:13:43 p. m.";Cajero;cash-session:opened;CashSession;"{""initialCash"":100000}"
55152;"4/9/2026, 3:13:43 p. m.";Cajero;quote:created;Sale;"{""saleNumber"":""COT-2026-0342"",""total"":620033799.5999999,""items"":1}"
55151;"4/9/2026, 3:13:43 p. m.";Cajero;cash-session:closed;CashSession;"{""finalCash"":0,""expectedCash"":100000,""difference"":-100000}"
55150;"4/9/2026, 3:13:43 p. m.";Cajero;cash-session:opened;CashSession;"{""initialCash"":100000}"
55149;"4/9/2026, 3:13:43 p. m.";Cajero;quote:created;Sale;"{""saleNumber"":""COT-2026-0341"",""total"":620033799.5999999,""items"":1}"
55148;"4/9/2026, 3:13:43 p. m.";Cajero;cash-session:closed;CashSession;"{""finalCash"":0,""expectedCash"":100000,""difference"":-100000}"
55147;"4/9/2026, 3:13:43 p. m.";Cajero;cash-session:opened;CashSession;"{""initialCash"":100000}"
55146;"4/9/2026, 3:13:43 p. m.";Cajero;quote:created;Sale;"{""saleNumber"":""COT-2026-0340"",""total"":620033799.5999999,""items"":1}"
55145;"4/9/2026, 3:13:43 p. m.";Cajero;cash-session:closed;CashSession;"{""finalCash"":0,""expectedCash"":100000,""difference"":-100000}"
55144;"4/9/2026, 3:13:43 p. m.";Cajero;cash-session:opened;CashSession;"{""initialCash"":100000}"
55143;"4/9/2026, 3:13:43 p. m.";Cajero;quote:created;Sale;"{""saleNumber"":""COT-2026-0339"",""total"":620033799.5999999,""items"":1}"
55142;"4/9/2026, 3:13:43 p. m.";Cajero;cash-session:closed;CashSession;"{""finalCash"":0,""expectedCash"":100000,""difference"":-100000}"
55141;"4/9/2026, 3:13:43 p. m.";Cajero;cash-session:opened;CashSession;"{""initialCash"":100000}"
55140;"4/9/2026, 3:13:43 p. m.";Cajero;quote:created;Sale;"{""saleNumber"":""COT-2026-0338"",""total"":620033799.5999999,""items"":1}"
55139;"4/9/2026, 3:13:43 p. m.";Cajero;cash-session:closed;CashSession;"{""finalCash"":0,""expectedCash"":100000,""difference"":-100000}"
55138;"4/9/2026, 3:13:43 p. m.";Cajero;cash-session:opened;CashSession;"{""initialCash"":100000}"
55137;"4/9/2026, 3:13:43 p. m.";Cajero;quote:created;Sale;"{""saleNumber"":""COT-2026-0337"",""total"":620033799.5999999,""items"":1}"
55136;"4/9/2026, 3:13:43 p. m.";Cajero;cash-session:closed;CashSession;"{""finalCash"":0,""expectedCash"":100000,""difference"":-100000}"
55135;"4/9/2026, 3:13:43 p. m.";Cajero;cash-session:opened;CashSession;"{""initialCash"":100000}"
55134;"4/9/2026, 3:13:43 p. m.";Cajero;quote:created;Sale;"{""saleNumber"":""COT-2026-0336"",""total"":620033799.5999999,""items"":1}"
55133;"4/9/2026, 3:13:43 p. m.";Cajero;cash-session:closed;CashSession;"{""finalCash"":0,""expectedCash"":100000,""difference"":-100000}"
55132;"4/9/2026, 3:13:43 p. m.";Cajero;cash-session:opened;CashSession;"{""initialCash"":100000}"
55131;"4/9/2026, 3:13:43 p. m.";Cajero;quote:created;Sale;"{""saleNumber"":""COT-2026-0335"",""total"":620033799.5999999,""items"":1}"
55130;"4/9/2026, 3:13:43 p. m.";Cajero;cash-session:closed;CashSession;"{""finalCash"":0,""expectedCash"":100000,""difference"":-100000}"
55129;"4/9/2026, 3:13:43 p. m.";Cajero;cash-session:opened;CashSession;"{""initialCash"":100000}"
55128;"4/9/2026, 3:13:43 p. m.";Cajero;quote:created;Sale;"{""saleNumber"":""COT-2026-0334"",""total"":620033799.5999999,""items"":1}"
55127;"4/9/2026, 3:13:43 p. m.";Cajero;cash-session:closed;CashSession;"{""finalCash"":0,""expectedCash"":100000,""difference"":-100000}"
55126;"4/9/2026, 3:13:43 p. m.";Cajero;cash-session:opened;CashSession;"{""initialCash"":100000}"
55125;"4/9/2026, 3:13:43 p. m.";Cajero;quote:created;Sale;"{""saleNumber"":""COT-2026-0333"",""total"":620033799.5999999,""items"":1}"
55124;"4/9/2026, 3:13:43 p. m.";Cajero;cash-session:closed;CashSession;"{""finalCash"":0,""expectedCash"":100000,""difference"":-100000}"
55123;"4/9/2026, 3:13:43 p. m.";Cajero;cash-session:opened;CashSession;"{""initialCash"":100000}"
55122;"4/9/2026, 3:13:43 p. m.";Cajero;quote:created;Sale;"{""saleNumber"":""COT-2026-0332"",""total"":620033799.5999999,""items"":1}"
55121;"4/9/2026, 3:13:43 p. m.";Cajero;cash-session:closed;CashSession;"{""finalCash"":0,""expectedCash"":100000,""difference"":-100000}"
55120;"4/9/2026, 3:13:43 p. m.";Cajero;cash-session:opened;CashSession;"{""initialCash"":100000}"
55119;"4/9/2026, 3:13:43 p. m.";Cajero;quote:created;Sale;"{""saleNumber"":""COT-2026-0331"",""total"":620033799.5999999,""items"":1}"
55118;"4/9/2026, 3:13:43 p. m.";Cajero;cash-session:closed;CashSession;"{""finalCash"":0,""expectedCash"":100000,""difference"":-100000}"
55117;"4/9/2026, 3:13:43 p. m.";Cajero;cash-session:opened;CashSession;"{""initialCash"":100000}"
55116;"4/9/2026, 3:13:42 p. m.";Cajero;quote:created;Sale;"{""saleNumber"":""COT-2026-0330"",""total"":620033799.5999999,""items"":1}"
55115;"4/9/2026, 3:13:42 p. m.";Cajero;cash-session:closed;CashSession;"{""finalCash"":0,""expectedCash"":100000,""difference"":-100000}"
55114;"4/9/2026, 3:13:42 p. m.";Cajero;cash-session:opened;CashSession;"{""initialCash"":100000}"
55113;"4/9/2026, 3:13:42 p. m.";Cajero;quote:created;Sale;"{""saleNumber"":""COT-2026-0329"",""total"":620033799.5999999,""items"":1}"
55112;"4/9/2026, 3:13:42 p. m.";Cajero;cash-session:closed;CashSession;"{""finalCash"":0,""expectedCash"":100000,""difference"":-100000}"
55111;"4/9/2026, 3:13:42 p. m.";Cajero;cash-session:opened;CashSession;"{""initialCash"":100000}"
55110;"4/9/2026, 3:13:42 p. m.";Cajero;quote:created;Sale;"{""saleNumber"":""COT-2026-0328"",""total"":620033799.5999999,""items"":1}"
55109;"4/9/2026, 3:13:42 p. m.";Cajero;cash-session:closed;CashSession;"{""finalCash"":0,""expectedCash"":100000,""difference"":-100000}"
55108;"4/9/2026, 3:13:42 p. m.";Cajero;cash-session:opened;CashSession;"{""initialCash"":100000}"
55107;"4/9/2026, 3:13:42 p. m.";Cajero;quote:created;Sale;"{""saleNumber"":""COT-2026-0327"",""total"":620033799.5999999,""items"":1}"
55106;"4/9/2026, 3:13:42 p. m.";Cajero;cash-session:closed;CashSession;"{""finalCash"":0,""expectedCash"":100000,""difference"":-100000}"
55105;"4/9/2026, 3:13:42 p. m.";Cajero;cash-session:opened;CashSession;"{""initialCash"":100000}"
55104;"4/9/2026, 3:13:42 p. m.";Cajero;quote:created;Sale;"{""saleNumber"":""COT-2026-0326"",""total"":620033799.5999999,""items"":1}"
55103;"4/9/2026, 3:13:42 p. m.";Cajero;cash-session:closed;CashSession;"{""finalCash"":0,""expectedCash"":100000,""difference"":-100000}"
55102;"4/9/2026, 3:13:42 p. m.";Cajero;cash-session:opened;CashSession;"{""initialCash"":100000}"
55101;"4/9/2026, 3:13:42 p. m.";Cajero;quote:created;Sale;"{""saleNumber"":""COT-2026-0325"",""total"":620033799.5999999,""items"":1}"
55100;"4/9/2026, 3:13:42 p. m.";Cajero;cash-session:closed;CashSession;"{""finalCash"":0,""expectedCash"":100000,""difference"":-100000}"
55099;"4/9/2026, 3:13:42 p. m.";Cajero;cash-session:opened;CashSession;"{""initialCash"":100000}"
55098;"4/9/2026, 3:13:42 p. m.";Cajero;quote:created;Sale;"{""saleNumber"":""COT-2026-0324"",""total"":620033799.5999999,""items"":1}"
55097;"4/9/2026, 3:13:42 p. m.";Cajero;cash-session:closed;CashSession;"{""finalCash"":0,""expectedCash"":100000,""difference"":-100000}"
55096;"4/9/2026, 3:13:42 p. m.";Cajero;cash-session:opened;CashSession;"{""initialCash"":100000}"
55095;"4/9/2026, 3:13:42 p. m.";Cajero;quote:created;Sale;"{""saleNumber"":""COT-2026-0323"",""total"":620033799.5999999,""items"":1}"
55094;"4/9/2026, 3:13:42 p. m.";Cajero;cash-session:closed;CashSession;"{""finalCash"":0,""expectedCash"":100000,""difference"":-100000}"
55093;"4/9/2026, 3:13:42 p. m.";Cajero;cash-session:opened;CashSession;"{""initialCash"":100000}"
55092;"4/9/2026, 3:13:42 p. m.";Cajero;quote:created;Sale;"{""saleNumber"":""COT-2026-0322"",""total"":620033799.5999999,""items"":1}"
55091;"4/9/2026, 3:13:42 p. m.";Cajero;cash-session:closed;CashSession;"{""finalCash"":0,""expectedCash"":100000,""difference"":-100000}"
55090;"4/9/2026, 3:13:42 p. m.";Cajero;cash-session:opened;CashSession;"{""initialCash"":100000}"
55089;"4/9/2026, 3:13:42 p. m.";Cajero;quote:created;Sale;"{""saleNumber"":""COT-2026-0321"",""total"":620033799.5999999,""items"":1}"
55088;"4/9/2026, 3:13:42 p. m.";Cajero;cash-session:closed;CashSession;"{""finalCash"":0,""expectedCash"":100000,""difference"":-100000}"
55087;"4/9/2026, 3:13:42 p. m.";Cajero;cash-session:opened;CashSession;"{""initialCash"":100000}"
55086;"4/9/2026, 3:13:42 p. m.";Cajero;quote:created;Sale;"{""saleNumber"":""COT-2026-0320"",""total"":620033799.5999999,""items"":1}"
55085;"4/9/2026, 3:13:42 p. m.";Cajero;cash-session:closed;CashSession;"{""finalCash"":0,""expectedCash"":100000,""difference"":-100000}"
55084;"4/9/2026, 3:13:42 p. m.";Cajero;cash-session:opened;CashSession;"{""initialCash"":100000}"
55083;"4/9/2026, 3:13:42 p. m.";Cajero;quote:created;Sale;"{""saleNumber"":""COT-2026-0319"",""total"":620033799.5999999,""items"":1}"
55082;"4/9/2026, 3:13:42 p. m.";Cajero;cash-session:closed;CashSession;"{""finalCash"":0,""expectedCash"":100000,""difference"":-100000}"
55081;"4/9/2026, 3:13:42 p. m.";Cajero;cash-session:opened;CashSession;"{""initialCash"":100000}"
55080;"4/9/2026, 3:13:42 p. m.";Cajero;quote:created;Sale;"{""saleNumber"":""COT-2026-0318"",""total"":620033799.5999999,""items"":1}"
55079;"4/9/2026, 3:13:42 p. m.";Cajero;cash-session:closed;CashSession;"{""finalCash"":0,""expectedCash"":100000,""difference"":-100000}"
55078;"4/9/2026, 3:13:42 p. m.";Cajero;cash-session:opened;CashSession;"{""initialCash"":100000}"
55077;"4/9/2026, 3:13:42 p. m.";Cajero;quote:created;Sale;"{""saleNumber"":""COT-2026-0317"",""total"":620033799.5999999,""items"":1}"
55076;"4/9/2026, 3:13:42 p. m.";Cajero;cash-session:closed;CashSession;"{""finalCash"":0,""expectedCash"":100000,""difference"":-100000}"
55075;"4/9/2026, 3:13:42 p. m.";Cajero;cash-session:opened;CashSession;"{""initialCash"":100000}"
55074;"4/9/2026, 3:13:42 p. m.";Cajero;quote:created;Sale;"{""saleNumber"":""COT-2026-0316"",""total"":620033799.5999999,""items"":1}"
55073;"4/9/2026, 3:13:42 p. m.";Cajero;cash-session:closed;CashSession;"{""finalCash"":0,""expectedCash"":100000,""difference"":-100000}"
55072;"4/9/2026, 3:13:42 p. m.";Cajero;cash-session:opened;CashSession;"{""initialCash"":100000}"
55071;"4/9/2026, 3:13:42 p. m.";Cajero;quote:created;Sale;"{""saleNumber"":""COT-2026-0315"",""total"":620033799.5999999,""items"":1}"
55070;"4/9/2026, 3:13:42 p. m.";Cajero;cash-session:closed;CashSession;"{""finalCash"":0,""expectedCash"":100000,""difference"":-100000}"
55069;"4/9/2026, 3:13:42 p. m.";Cajero;cash-session:opened;CashSession;"{""initialCash"":100000}"
55068;"4/9/2026, 3:13:42 p. m.";Cajero;quote:created;Sale;"{""saleNumber"":""COT-2026-0314"",""total"":620033799.5999999,""items"":1}"
55067;"4/9/2026, 3:13:42 p. m.";Cajero;cash-session:closed;CashSession;"{""finalCash"":0,""expectedCash"":100000,""difference"":-100000}"
55066;"4/9/2026, 3:13:42 p. m.";Cajero;cash-session:opened;CashSession;"{""initialCash"":100000}"
55065;"4/9/2026, 3:13:42 p. m.";Cajero;quote:created;Sale;"{""saleNumber"":""COT-2026-0313"",""total"":620033799.5999999,""items"":1}"
55064;"4/9/2026, 3:13:42 p. m.";Cajero;cash-session:closed;CashSession;"{""finalCash"":0,""expectedCash"":100000,""difference"":-100000}"
55063;"4/9/2026, 3:13:42 p. m.";Cajero;cash-session:opened;CashSession;"{""initialCash"":100000}"
55062;"4/9/2026, 3:13:42 p. m.";Cajero;quote:created;Sale;"{""saleNumber"":""COT-2026-0312"",""total"":620033799.5999999,""items"":1}"
55061;"4/9/2026, 3:13:42 p. m.";Cajero;cash-session:closed;CashSession;"{""finalCash"":0,""expectedCash"":100000,""difference"":-100000}"
55060;"4/9/2026, 3:13:42 p. m.";Cajero;cash-session:opened;CashSession;"{""initialCash"":100000}"
55059;"4/9/2026, 3:13:42 p. m.";Cajero;quote:created;Sale;"{""saleNumber"":""COT-2026-0311"",""total"":620033799.5999999,""items"":1}"
55058;"4/9/2026, 3:13:42 p. m.";Cajero;cash-session:closed;CashSession;"{""finalCash"":0,""expectedCash"":100000,""difference"":-100000}"
55057;"4/9/2026, 3:13:42 p. m.";Cajero;cash-session:opened;CashSession;"{""initialCash"":100000}"
55056;"4/9/2026, 3:13:42 p. m.";Cajero;quote:created;Sale;"{""saleNumber"":""COT-2026-0310"",""total"":620033799.5999999,""items"":1}"
55055;"4/9/2026, 3:13:42 p. m.";Cajero;cash-session:closed;CashSession;"{""finalCash"":0,""expectedCash"":100000,""difference"":-100000}"
55054;"4/9/2026, 3:13:42 p. m.";Cajero;cash-session:opened;CashSession;"{""initialCash"":100000}"
55053;"4/9/2026, 3:13:42 p. m.";Cajero;quote:created;Sale;"{""saleNumber"":""COT-2026-0309"",""total"":620033799.5999999,""items"":1}"
55052;"4/9/2026, 3:13:42 p. m.";Cajero;cash-session:closed;CashSession;"{""finalCash"":0,""expectedCash"":100000,""difference"":-100000}"
55051;"4/9/2026, 3:13:42 p. m.";Cajero;cash-session:opened;CashSession;"{""initialCash"":100000}"
55050;"4/9/2026, 3:13:41 p. m.";Cajero;quote:created;Sale;"{""saleNumber"":""COT-2026-0308"",""total"":620033799.5999999,""items"":1}"
55049;"4/9/2026, 3:13:41 p. m.";Cajero;cash-session:closed;CashSession;"{""finalCash"":0,""expectedCash"":100000,""difference"":-100000}"
55048;"4/9/2026, 3:13:41 p. m.";Cajero;cash-session:opened;CashSession;"{""initialCash"":100000}"
55047;"4/9/2026, 3:13:41 p. m.";Cajero;quote:created;Sale;"{""saleNumber"":""COT-2026-0307"",""total"":620033799.5999999,""items"":1}"
55046;"4/9/2026, 3:13:41 p. m.";Cajero;cash-session:closed;CashSession;"{""finalCash"":0,""expectedCash"":100000,""difference"":-100000}"
55045;"4/9/2026, 3:13:41 p. m.";Cajero;cash-session:opened;CashSession;"{""initialCash"":100000}"
55044;"4/9/2026, 3:13:41 p. m.";Cajero;quote:created;Sale;"{""saleNumber"":""COT-2026-0306"",""total"":620033799.5999999,""items"":1}"
55043;"4/9/2026, 3:13:41 p. m.";Cajero;cash-session:closed;CashSession;"{""finalCash"":0,""expectedCash"":100000,""difference"":-100000}"
55042;"4/9/2026, 3:13:41 p. m.";Cajero;cash-session:opened;CashSession;"{""initialCash"":100000}"
55041;"4/9/2026, 3:13:41 p. m.";Cajero;quote:created;Sale;"{""saleNumber"":""COT-2026-0305"",""total"":620033799.5999999,""items"":1}"
55040;"4/9/2026, 3:13:41 p. m.";Cajero;cash-session:closed;CashSession;"{""finalCash"":0,""expectedCash"":100000,""difference"":-100000}"
55039;"4/9/2026, 3:13:41 p. m.";Cajero;cash-session:opened;CashSession;"{""initialCash"":100000}"
55038;"4/9/2026, 3:13:41 p. m.";Cajero;quote:created;Sale;"{""saleNumber"":""COT-2026-0304"",""total"":620033799.5999999,""items"":1}"
55037;"4/9/2026, 3:13:41 p. m.";Cajero;cash-session:closed;CashSession;"{""finalCash"":0,""expectedCash"":100000,""difference"":-100000}"
55036;"4/9/2026, 3:13:41 p. m.";Cajero;cash-session:opened;CashSession;"{""initialCash"":100000}"
55035;"4/9/2026, 3:13:41 p. m.";Cajero;quote:created;Sale;"{""saleNumber"":""COT-2026-0303"",""total"":620033799.5999999,""items"":1}"
55034;"4/9/2026, 3:13:41 p. m.";Cajero;cash-session:closed;CashSession;"{""finalCash"":0,""expectedCash"":100000,""difference"":-100000}"
55033;"4/9/2026, 3:13:41 p. m.";Cajero;cash-session:opened;CashSession;"{""initialCash"":100000}"
55032;"4/9/2026, 3:13:41 p. m.";Cajero;quote:created;Sale;"{""saleNumber"":""COT-2026-0302"",""total"":620033799.5999999,""items"":1}"
55031;"4/9/2026, 3:13:41 p. m.";Cajero;cash-session:closed;CashSession;"{""finalCash"":0,""expectedCash"":100000,""difference"":-100000}"
55030;"4/9/2026, 3:13:41 p. m.";Cajero;cash-session:opened;CashSession;"{""initialCash"":100000}"
55029;"4/9/2026, 3:13:41 p. m.";Cajero;quote:created;Sale;"{""saleNumber"":""COT-2026-0301"",""total"":620033799.5999999,""items"":1}"
55028;"4/9/2026, 3:13:41 p. m.";Cajero;cash-session:closed;CashSession;"{""finalCash"":0,""expectedCash"":100000,""difference"":-100000}"
55027;"4/9/2026, 3:13:41 p. m.";Cajero;cash-session:opened;CashSession;"{""initialCash"":100000}"
55026;"4/9/2026, 3:13:41 p. m.";Cajero;quote:created;Sale;"{""saleNumber"":""COT-2026-0300"",""total"":620033799.5999999,""items"":1}"
55025;"4/9/2026, 3:13:41 p. m.";Cajero;cash-session:closed;CashSession;"{""finalCash"":0,""expectedCash"":100000,""difference"":-100000}"
55024;"4/9/2026, 3:13:41 p. m.";Cajero;cash-session:opened;CashSession;"{""initialCash"":100000}"
55023;"4/9/2026, 3:13:41 p. m.";Cajero;quote:created;Sale;"{""saleNumber"":""COT-2026-0299"",""total"":620033799.5999999,""items"":1}"
55022;"4/9/2026, 3:13:41 p. m.";Cajero;cash-session:closed;CashSession;"{""finalCash"":0,""expectedCash"":100000,""difference"":-100000}"
55021;"4/9/2026, 3:13:41 p. m.";Cajero;cash-session:opened;CashSession;"{""initialCash"":100000}"
55020;"4/9/2026, 3:13:41 p. m.";Cajero;quote:created;Sale;"{""saleNumber"":""COT-2026-0298"",""total"":620033799.5999999,""items"":1}"
55019;"4/9/2026, 3:13:41 p. m.";Cajero;cash-session:closed;CashSession;"{""finalCash"":0,""expectedCash"":100000,""difference"":-100000}"
55018;"4/9/2026, 3:13:41 p. m.";Cajero;cash-session:opened;CashSession;"{""initialCash"":100000}"
55017;"4/9/2026, 3:13:41 p. m.";Cajero;quote:created;Sale;"{""saleNumber"":""COT-2026-0297"",""total"":620033799.5999999,""items"":1}"
55016;"4/9/2026, 3:13:41 p. m.";Cajero;cash-session:closed;CashSession;"{""finalCash"":0,""expectedCash"":100000,""difference"":-100000}"
55015;"4/9/2026, 3:13:41 p. m.";Cajero;cash-session:opened;CashSession;"{""initialCash"":100000}"
55014;"4/9/2026, 3:13:41 p. m.";Cajero;quote:created;Sale;"{""saleNumber"":""COT-2026-0296"",""total"":620033799.5999999,""items"":1}"
55013;"4/9/2026, 3:13:41 p. m.";Cajero;cash-session:closed;CashSession;"{""finalCash"":0,""expectedCash"":100000,""difference"":-100000}"
55012;"4/9/2026, 3:13:41 p. m.";Cajero;cash-session:opened;CashSession;"{""initialCash"":100000}"
55011;"4/9/2026, 3:13:41 p. m.";Cajero;quote:created;Sale;"{""saleNumber"":""COT-2026-0295"",""total"":620033799.5999999,""items"":1}"
55010;"4/9/2026, 3:13:41 p. m.";Cajero;cash-session:closed;CashSession;"{""finalCash"":0,""expectedCash"":100000,""difference"":-100000}"
55009;"4/9/2026, 3:13:41 p. m.";Cajero;cash-session:opened;CashSession;"{""initialCash"":100000}"
55008;"4/9/2026, 3:13:41 p. m.";Cajero;quote:created;Sale;"{""saleNumber"":""COT-2026-0294"",""total"":620033799.5999999,""items"":1}"
55007;"4/9/2026, 3:13:41 p. m.";Cajero;cash-session:closed;CashSession;"{""finalCash"":0,""expectedCash"":100000,""difference"":-100000}"
55006;"4/9/2026, 3:13:41 p. m.";Cajero;cash-session:opened;CashSession;"{""initialCash"":100000}"
55005;"4/9/2026, 3:13:41 p. m.";Cajero;quote:created;Sale;"{""saleNumber"":""COT-2026-0293"",""total"":620033799.5999999,""items"":1}"
55004;"4/9/2026, 3:13:41 p. m.";Cajero;cash-session:closed;CashSession;"{""finalCash"":0,""expectedCash"":100000,""difference"":-100000}"
55003;"4/9/2026, 3:13:41 p. m.";Cajero;cash-session:opened;CashSession;"{""initialCash"":100000}"
55002;"4/9/2026, 3:13:41 p. m.";Cajero;quote:created;Sale;"{""saleNumber"":""COT-2026-0292"",""total"":620033799.5999999,""items"":1}"
55001;"4/9/2026, 3:13:41 p. m.";Cajero;cash-session:closed;CashSession;"{""finalCash"":0,""expectedCash"":100000,""difference"":-100000}"
55000;"4/9/2026, 3:13:41 p. m.";Cajero;cash-session:opened;CashSession;"{""initialCash"":100000}"
54999;"4/9/2026, 3:13:41 p. m.";Cajero;quote:created;Sale;"{""saleNumber"":""COT-2026-0291"",""total"":620033799.5999999,""items"":1}"
54998;"4/9/2026, 3:13:41 p. m.";Cajero;cash-session:closed;CashSession;"{""finalCash"":0,""expectedCash"":100000,""difference"":-100000}"
54997;"4/9/2026, 3:13:41 p. m.";Cajero;cash-session:opened;CashSession;"{""initialCash"":100000}"
54996;"4/9/2026, 3:13:41 p. m.";Cajero;quote:created;Sale;"{""saleNumber"":""COT-2026-0290"",""total"":620033799.5999999,""items"":1}"
54995;"4/9/2026, 3:13:41 p. m.";Cajero;cash-session:closed;CashSession;"{""finalCash"":0,""expectedCash"":100000,""difference"":-100000}"
54994;"4/9/2026, 3:13:41 p. m.";Cajero;cash-session:opened;CashSession;"{""initialCash"":100000}"
54993;"4/9/2026, 3:13:41 p. m.";Cajero;quote:created;Sale;"{""saleNumber"":""COT-2026-0289"",""total"":620033799.5999999,""items"":1}"
54992;"4/9/2026, 3:13:41 p. m.";Cajero;cash-session:closed;CashSession;"{""finalCash"":0,""expectedCash"":100000,""difference"":-100000}"
54991;"4/9/2026, 3:13:41 p. m.";Cajero;cash-session:opened;CashSession;"{""initialCash"":100000}"
54990;"4/9/2026, 3:13:41 p. m.";Cajero;quote:created;Sale;"{""saleNumber"":""COT-2026-0288"",""total"":620033799.5999999,""items"":1}"
54989;"4/9/2026, 3:13:41 p. m.";Cajero;cash-session:closed;CashSession;"{""finalCash"":0,""expectedCash"":100000,""difference"":-100000}"
54988;"4/9/2026, 3:13:41 p. m.";Cajero;cash-session:opened;CashSession;"{""initialCash"":100000}"
54987;"4/9/2026, 3:13:41 p. m.";Cajero;quote:created;Sale;"{""saleNumber"":""COT-2026-0287"",""total"":620033799.5999999,""items"":1}"
54986;"4/9/2026, 3:13:41 p. m.";Cajero;cash-session:closed;CashSession;"{""finalCash"":0,""expectedCash"":100000,""difference"":-100000}"
54985;"4/9/2026, 3:13:41 p. m.";Cajero;cash-session:opened;CashSession;"{""initialCash"":100000}"
54984;"4/9/2026, 3:13:41 p. m.";Cajero;quote:created;Sale;"{""saleNumber"":""COT-2026-0286"",""total"":620033799.5999999,""items"":1}"
54983;"4/9/2026, 3:13:40 p. m.";Cajero;cash-session:closed;CashSession;"{""finalCash"":0,""expectedCash"":100000,""difference"":-100000}"
54982;"4/9/2026, 3:13:40 p. m.";Cajero;cash-session:opened;CashSession;"{""initialCash"":100000}"
54981;"4/9/2026, 3:13:40 p. m.";Cajero;quote:created;Sale;"{""saleNumber"":""COT-2026-0285"",""total"":620033799.5999999,""items"":1}"
54980;"4/9/2026, 3:13:40 p. m.";Cajero;cash-session:closed;CashSession;"{""finalCash"":0,""expectedCash"":100000,""difference"":-100000}"
54979;"4/9/2026, 3:13:40 p. m.";Cajero;cash-session:opened;CashSession;"{""initialCash"":100000}"
54978;"4/9/2026, 3:13:40 p. m.";Cajero;quote:created;Sale;"{""saleNumber"":""COT-2026-0284"",""total"":620033799.5999999,""items"":1}"
54977;"4/9/2026, 3:13:40 p. m.";Cajero;cash-session:closed;CashSession;"{""finalCash"":0,""expectedCash"":100000,""difference"":-100000}"
54976;"4/9/2026, 3:13:40 p. m.";Cajero;cash-session:opened;CashSession;"{""initialCash"":100000}"
54975;"4/9/2026, 3:13:40 p. m.";Cajero;quote:created;Sale;"{""saleNumber"":""COT-2026-0283"",""total"":620033799.5999999,""items"":1}"
54974;"4/9/2026, 3:13:40 p. m.";Cajero;cash-session:closed;CashSession;"{""finalCash"":0,""expectedCash"":100000,""difference"":-100000}"
54973;"4/9/2026, 3:13:40 p. m.";Cajero;cash-session:opened;CashSession;"{""initialCash"":100000}"
54972;"4/9/2026, 3:13:40 p. m.";Cajero;quote:created;Sale;"{""saleNumber"":""COT-2026-0282"",""total"":620033799.5999999,""items"":1}"
54971;"4/9/2026, 3:13:40 p. m.";Cajero;cash-session:closed;CashSession;"{""finalCash"":0,""expectedCash"":100000,""difference"":-100000}"
54970;"4/9/2026, 3:13:40 p. m.";Cajero;cash-session:opened;CashSession;"{""initialCash"":100000}"
54969;"4/9/2026, 3:13:40 p. m.";Cajero;quote:created;Sale;"{""saleNumber"":""COT-2026-0281"",""total"":620033799.5999999,""items"":1}"
54968;"4/9/2026, 3:13:40 p. m.";Cajero;cash-session:closed;CashSession;"{""finalCash"":0,""expectedCash"":100000,""difference"":-100000}"
54967;"4/9/2026, 3:13:40 p. m.";Cajero;cash-session:opened;CashSession;"{""initialCash"":100000}"
54966;"4/9/2026, 3:13:40 p. m.";Cajero;quote:created;Sale;"{""saleNumber"":""COT-2026-0280"",""total"":620033799.5999999,""items"":1}"
54965;"4/9/2026, 3:13:40 p. m.";Cajero;cash-session:closed;CashSession;"{""finalCash"":0,""expectedCash"":100000,""difference"":-100000}"
54964;"4/9/2026, 3:13:40 p. m.";Cajero;cash-session:opened;CashSession;"{""initialCash"":100000}"
54963;"4/9/2026, 3:13:40 p. m.";Cajero;quote:created;Sale;"{""saleNumber"":""COT-2026-0279"",""total"":620033799.5999999,""items"":1}"
54962;"4/9/2026, 3:13:40 p. m.";Cajero;cash-session:closed;CashSession;"{""finalCash"":0,""expectedCash"":100000,""difference"":-100000}"
54961;"4/9/2026, 3:13:40 p. m.";Cajero;cash-session:opened;CashSession;"{""initialCash"":100000}"
54960;"4/9/2026, 3:13:40 p. m.";Cajero;quote:created;Sale;"{""saleNumber"":""COT-2026-0278"",""total"":620033799.5999999,""items"":1}"
54959;"4/9/2026, 3:13:40 p. m.";Cajero;cash-session:closed;CashSession;"{""finalCash"":0,""expectedCash"":100000,""difference"":-100000}"
54958;"4/9/2026, 3:13:40 p. m.";Cajero;cash-session:opened;CashSession;"{""initialCash"":100000}"
54957;"4/9/2026, 3:13:40 p. m.";Cajero;quote:created;Sale;"{""saleNumber"":""COT-2026-0277"",""total"":620033799.5999999,""items"":1}"
54956;"4/9/2026, 3:13:40 p. m.";Cajero;cash-session:closed;CashSession;"{""finalCash"":0,""expectedCash"":100000,""difference"":-100000}"
54955;"4/9/2026, 3:13:40 p. m.";Cajero;cash-session:opened;CashSession;"{""initialCash"":100000}"
54954;"4/9/2026, 3:13:40 p. m.";Cajero;quote:created;Sale;"{""saleNumber"":""COT-2026-0276"",""total"":620033799.5999999,""items"":1}"
54953;"4/9/2026, 3:13:40 p. m.";Cajero;cash-session:closed;CashSession;"{""finalCash"":0,""expectedCash"":100000,""difference"":-100000}"
54952;"4/9/2026, 3:13:40 p. m.";Cajero;cash-session:opened;CashSession;"{""initialCash"":100000}"
54951;"4/9/2026, 3:13:40 p. m.";Cajero;quote:created;Sale;"{""saleNumber"":""COT-2026-0275"",""total"":620033799.5999999,""items"":1}"
54950;"4/9/2026, 3:13:40 p. m.";Cajero;cash-session:closed;CashSession;"{""finalCash"":0,""expectedCash"":100000,""difference"":-100000}"
54949;"4/9/2026, 3:13:40 p. m.";Cajero;cash-session:opened;CashSession;"{""initialCash"":100000}"
54948;"4/9/2026, 3:13:40 p. m.";Cajero;quote:created;Sale;"{""saleNumber"":""COT-2026-0274"",""total"":620033799.5999999,""items"":1}"
54947;"4/9/2026, 3:13:40 p. m.";Cajero;cash-session:closed;CashSession;"{""finalCash"":0,""expectedCash"":100000,""difference"":-100000}"
54946;"4/9/2026, 3:13:40 p. m.";Cajero;cash-session:opened;CashSession;"{""initialCash"":100000}"
54945;"4/9/2026, 3:13:40 p. m.";Cajero;quote:created;Sale;"{""saleNumber"":""COT-2026-0273"",""total"":620033799.5999999,""items"":1}"
54944;"4/9/2026, 3:13:40 p. m.";Cajero;cash-session:closed;CashSession;"{""finalCash"":0,""expectedCash"":100000,""difference"":-100000}"
54943;"4/9/2026, 3:13:40 p. m.";Cajero;cash-session:opened;CashSession;"{""initialCash"":100000}"
54942;"4/9/2026, 3:13:40 p. m.";Cajero;quote:created;Sale;"{""saleNumber"":""COT-2026-0272"",""total"":620033799.5999999,""items"":1}"
54941;"4/9/2026, 3:13:40 p. m.";Cajero;cash-session:closed;CashSession;"{""finalCash"":0,""expectedCash"":100000,""difference"":-100000}"
54940;"4/9/2026, 3:13:40 p. m.";Cajero;cash-session:opened;CashSession;"{""initialCash"":100000}"
54939;"4/9/2026, 3:13:40 p. m.";Cajero;quote:created;Sale;"{""saleNumber"":""COT-2026-0271"",""total"":620033799.5999999,""items"":1}"
54938;"4/9/2026, 3:13:40 p. m.";Cajero;cash-session:closed;CashSession;"{""finalCash"":0,""expectedCash"":100000,""difference"":-100000}"
54937;"4/9/2026, 3:13:40 p. m.";Cajero;cash-session:opened;CashSession;"{""initialCash"":100000}"
54936;"4/9/2026, 3:13:40 p. m.";Cajero;quote:created;Sale;"{""saleNumber"":""COT-2026-0270"",""total"":620033799.5999999,""items"":1}"
54935;"4/9/2026, 3:13:40 p. m.";Cajero;cash-session:closed;CashSession;"{""finalCash"":0,""expectedCash"":100000,""difference"":-100000}"
54934;"4/9/2026, 3:13:40 p. m.";Cajero;cash-session:opened;CashSession;"{""initialCash"":100000}"
54933;"4/9/2026, 3:13:40 p. m.";Cajero;quote:created;Sale;"{""saleNumber"":""COT-2026-0269"",""total"":620033799.5999999,""items"":1}"
54932;"4/9/2026, 3:13:40 p. m.";Cajero;cash-session:closed;CashSession;"{""finalCash"":0,""expectedCash"":100000,""difference"":-100000}"
54931;"4/9/2026, 3:13:40 p. m.";Cajero;cash-session:opened;CashSession;"{""initialCash"":100000}"
54930;"4/9/2026, 3:13:40 p. m.";Cajero;quote:created;Sale;"{""saleNumber"":""COT-2026-0268"",""total"":620033799.5999999,""items"":1}"
54929;"4/9/2026, 3:13:40 p. m.";Cajero;cash-session:closed;CashSession;"{""finalCash"":0,""expectedCash"":100000,""difference"":-100000}"
54928;"4/9/2026, 3:13:40 p. m.";Cajero;cash-session:opened;CashSession;"{""initialCash"":100000}"
54927;"4/9/2026, 3:13:40 p. m.";Cajero;quote:created;Sale;"{""saleNumber"":""COT-2026-0267"",""total"":620033799.5999999,""items"":1}"
54926;"4/9/2026, 3:13:40 p. m.";Cajero;cash-session:closed;CashSession;"{""finalCash"":0,""expectedCash"":100000,""difference"":-100000}"
54925;"4/9/2026, 3:13:40 p. m.";Cajero;cash-session:opened;CashSession;"{""initialCash"":100000}"
54924;"4/9/2026, 3:13:40 p. m.";Cajero;quote:created;Sale;"{""saleNumber"":""COT-2026-0266"",""total"":620033799.5999999,""items"":1}"
54923;"4/9/2026, 3:13:40 p. m.";Cajero;cash-session:closed;CashSession;"{""finalCash"":0,""expectedCash"":100000,""difference"":-100000}"
54922;"4/9/2026, 3:13:40 p. m.";Cajero;cash-session:opened;CashSession;"{""initialCash"":100000}"
54921;"4/9/2026, 3:13:40 p. m.";Cajero;quote:created;Sale;"{""saleNumber"":""COT-2026-0265"",""total"":620033799.5999999,""items"":1}"
54920;"4/9/2026, 3:13:40 p. m.";Cajero;cash-session:closed;CashSession;"{""finalCash"":0,""expectedCash"":100000,""difference"":-100000}"
54919;"4/9/2026, 3:13:40 p. m.";Cajero;cash-session:opened;CashSession;"{""initialCash"":100000}"
54918;"4/9/2026, 3:13:39 p. m.";Cajero;quote:created;Sale;"{""saleNumber"":""COT-2026-0264"",""total"":620033799.5999999,""items"":1}"
54917;"4/9/2026, 3:13:39 p. m.";Cajero;cash-session:closed;CashSession;"{""finalCash"":0,""expectedCash"":100000,""difference"":-100000}"
54916;"4/9/2026, 3:13:39 p. m.";Cajero;cash-session:opened;CashSession;"{""initialCash"":100000}"
54915;"4/9/2026, 3:13:39 p. m.";Cajero;quote:created;Sale;"{""saleNumber"":""COT-2026-0263"",""total"":620033799.5999999,""items"":1}"
54914;"4/9/2026, 3:13:39 p. m.";Cajero;cash-session:closed;CashSession;"{""finalCash"":0,""expectedCash"":100000,""difference"":-100000}"
54913;"4/9/2026, 3:13:39 p. m.";Cajero;cash-session:opened;CashSession;"{""initialCash"":100000}"
54912;"4/9/2026, 3:13:39 p. m.";Cajero;quote:created;Sale;"{""saleNumber"":""COT-2026-0262"",""total"":620033799.5999999,""items"":1}"
54911;"4/9/2026, 3:13:39 p. m.";Cajero;cash-session:closed;CashSession;"{""finalCash"":0,""expectedCash"":100000,""difference"":-100000}"
54910;"4/9/2026, 3:13:39 p. m.";Cajero;cash-session:opened;CashSession;"{""initialCash"":100000}"
54909;"4/9/2026, 3:13:39 p. m.";Cajero;quote:created;Sale;"{""saleNumber"":""COT-2026-0261"",""total"":620033799.5999999,""items"":1}"
54908;"4/9/2026, 3:13:39 p. m.";Cajero;cash-session:closed;CashSession;"{""finalCash"":0,""expectedCash"":100000,""difference"":-100000}"
54907;"4/9/2026, 3:13:39 p. m.";Cajero;cash-session:opened;CashSession;"{""initialCash"":100000}"
54906;"4/9/2026, 3:13:39 p. m.";Cajero;quote:created;Sale;"{""saleNumber"":""COT-2026-0260"",""total"":620033799.5999999,""items"":1}"
54905;"4/9/2026, 3:13:39 p. m.";Cajero;cash-session:closed;CashSession;"{""finalCash"":0,""expectedCash"":100000,""difference"":-100000}"
54904;"4/9/2026, 3:13:39 p. m.";Cajero;cash-session:opened;CashSession;"{""initialCash"":100000}"
54903;"4/9/2026, 3:13:39 p. m.";Cajero;quote:created;Sale;"{""saleNumber"":""COT-2026-0259"",""total"":620033799.5999999,""items"":1}"
54902;"4/9/2026, 3:13:39 p. m.";Cajero;cash-session:closed;CashSession;"{""finalCash"":0,""expectedCash"":100000,""difference"":-100000}"
54901;"4/9/2026, 3:13:39 p. m.";Cajero;cash-session:opened;CashSession;"{""initialCash"":100000}"
54900;"4/9/2026, 3:13:39 p. m.";Cajero;quote:created;Sale;"{""saleNumber"":""COT-2026-0258"",""total"":620033799.5999999,""items"":1}"
54899;"4/9/2026, 3:13:39 p. m.";Cajero;cash-session:closed;CashSession;"{""finalCash"":0,""expectedCash"":100000,""difference"":-100000}"
54898;"4/9/2026, 3:13:39 p. m.";Cajero;cash-session:opened;CashSession;"{""initialCash"":100000}"
54897;"4/9/2026, 3:13:39 p. m.";Cajero;quote:created;Sale;"{""saleNumber"":""COT-2026-0257"",""total"":620033799.5999999,""items"":1}"
54896;"4/9/2026, 3:13:39 p. m.";Cajero;cash-session:closed;CashSession;"{""finalCash"":0,""expectedCash"":100000,""difference"":-100000}"
54895;"4/9/2026, 3:13:39 p. m.";Cajero;cash-session:opened;CashSession;"{""initialCash"":100000}"
54894;"4/9/2026, 3:13:39 p. m.";Cajero;quote:created;Sale;"{""saleNumber"":""COT-2026-0256"",""total"":620033799.5999999,""items"":1}"
54893;"4/9/2026, 3:13:39 p. m.";Cajero;cash-session:closed;CashSession;"{""finalCash"":0,""expectedCash"":100000,""difference"":-100000}"
54892;"4/9/2026, 3:13:39 p. m.";Cajero;cash-session:opened;CashSession;"{""initialCash"":100000}"
54891;"4/9/2026, 3:13:39 p. m.";Cajero;quote:created;Sale;"{""saleNumber"":""COT-2026-0255"",""total"":620033799.5999999,""items"":1}"
54890;"4/9/2026, 3:13:39 p. m.";Cajero;cash-session:closed;CashSession;"{""finalCash"":0,""expectedCash"":100000,""difference"":-100000}"
54889;"4/9/2026, 3:13:39 p. m.";Cajero;cash-session:opened;CashSession;"{""initialCash"":100000}"
54888;"4/9/2026, 3:13:39 p. m.";Cajero;quote:created;Sale;"{""saleNumber"":""COT-2026-0254"",""total"":620033799.5999999,""items"":1}"
54887;"4/9/2026, 3:13:39 p. m.";Cajero;cash-session:closed;CashSession;"{""finalCash"":0,""expectedCash"":100000,""difference"":-100000}"
54886;"4/9/2026, 3:13:39 p. m.";Cajero;cash-session:opened;CashSession;"{""initialCash"":100000}"
54885;"4/9/2026, 3:13:39 p. m.";Cajero;quote:created;Sale;"{""saleNumber"":""COT-2026-0253"",""total"":620033799.5999999,""items"":1}"
54884;"4/9/2026, 3:13:39 p. m.";Cajero;cash-session:closed;CashSession;"{""finalCash"":0,""expectedCash"":100000,""difference"":-100000}"
54883;"4/9/2026, 3:13:39 p. m.";Cajero;cash-session:opened;CashSession;"{""initialCash"":100000}"
54882;"4/9/2026, 3:13:39 p. m.";Cajero;quote:created;Sale;"{""saleNumber"":""COT-2026-0252"",""total"":620033799.5999999,""items"":1}"
54881;"4/9/2026, 3:13:39 p. m.";Cajero;cash-session:closed;CashSession;"{""finalCash"":0,""expectedCash"":100000,""difference"":-100000}"
54880;"4/9/2026, 3:13:39 p. m.";Cajero;cash-session:opened;CashSession;"{""initialCash"":100000}"
54879;"4/9/2026, 3:13:39 p. m.";Cajero;quote:created;Sale;"{""saleNumber"":""COT-2026-0251"",""total"":620033799.5999999,""items"":1}"
54878;"4/9/2026, 3:13:39 p. m.";Cajero;cash-session:closed;CashSession;"{""finalCash"":0,""expectedCash"":100000,""difference"":-100000}"
54877;"4/9/2026, 3:13:39 p. m.";Cajero;cash-session:opened;CashSession;"{""initialCash"":100000}"
54876;"4/9/2026, 3:13:39 p. m.";Cajero;quote:created;Sale;"{""saleNumber"":""COT-2026-0250"",""total"":620033799.5999999,""items"":1}"
54875;"4/9/2026, 3:13:39 p. m.";Cajero;cash-session:closed;CashSession;"{""finalCash"":0,""expectedCash"":100000,""difference"":-100000}"
54874;"4/9/2026, 3:13:39 p. m.";Cajero;cash-session:opened;CashSession;"{""initialCash"":100000}"
54873;"4/9/2026, 3:13:39 p. m.";Cajero;quote:created;Sale;"{""saleNumber"":""COT-2026-0249"",""total"":620033799.5999999,""items"":1}"
54872;"4/9/2026, 3:13:39 p. m.";Cajero;cash-session:closed;CashSession;"{""finalCash"":0,""expectedCash"":100000,""difference"":-100000}"
54871;"4/9/2026, 3:13:39 p. m.";Cajero;cash-session:opened;CashSession;"{""initialCash"":100000}"
54870;"4/9/2026, 3:13:39 p. m.";Cajero;quote:created;Sale;"{""saleNumber"":""COT-2026-0248"",""total"":620033799.5999999,""items"":1}"
54869;"4/9/2026, 3:13:39 p. m.";Cajero;cash-session:closed;CashSession;"{""finalCash"":0,""expectedCash"":100000,""difference"":-100000}"
54868;"4/9/2026, 3:13:39 p. m.";Cajero;cash-session:opened;CashSession;"{""initialCash"":100000}"
54867;"4/9/2026, 3:13:39 p. m.";Cajero;quote:created;Sale;"{""saleNumber"":""COT-2026-0247"",""total"":620033799.5999999,""items"":1}"
54866;"4/9/2026, 3:13:39 p. m.";Cajero;cash-session:closed;CashSession;"{""finalCash"":0,""expectedCash"":100000,""difference"":-100000}"
54865;"4/9/2026, 3:13:39 p. m.";Cajero;cash-session:opened;CashSession;"{""initialCash"":100000}"
54864;"4/9/2026, 3:13:39 p. m.";Cajero;quote:created;Sale;"{""saleNumber"":""COT-2026-0246"",""total"":620033799.5999999,""items"":1}"
54863;"4/9/2026, 3:13:39 p. m.";Cajero;cash-session:closed;CashSession;"{""finalCash"":0,""expectedCash"":100000,""difference"":-100000}"
54862;"4/9/2026, 3:13:39 p. m.";Cajero;cash-session:opened;CashSession;"{""initialCash"":100000}"
54861;"4/9/2026, 3:13:39 p. m.";Cajero;quote:created;Sale;"{""saleNumber"":""COT-2026-0245"",""total"":620033799.5999999,""items"":1}"
54860;"4/9/2026, 3:13:39 p. m.";Cajero;cash-session:closed;CashSession;"{""finalCash"":0,""expectedCash"":100000,""difference"":-100000}"
54859;"4/9/2026, 3:13:39 p. m.";Cajero;cash-session:opened;CashSession;"{""initialCash"":100000}"
54858;"4/9/2026, 3:13:39 p. m.";Cajero;quote:created;Sale;"{""saleNumber"":""COT-2026-0244"",""total"":620033799.5999999,""items"":1}"
54857;"4/9/2026, 3:13:39 p. m.";Cajero;cash-session:closed;CashSession;"{""finalCash"":0,""expectedCash"":100000,""difference"":-100000}"
54856;"4/9/2026, 3:13:39 p. m.";Cajero;cash-session:opened;CashSession;"{""initialCash"":100000}"
54855;"4/9/2026, 3:13:39 p. m.";Cajero;quote:created;Sale;"{""saleNumber"":""COT-2026-0243"",""total"":620033799.5999999,""items"":1}"
54854;"4/9/2026, 3:13:38 p. m.";Cajero;cash-session:closed;CashSession;"{""finalCash"":0,""expectedCash"":100000,""difference"":-100000}"
54853;"4/9/2026, 3:13:38 p. m.";Cajero;cash-session:opened;CashSession;"{""initialCash"":100000}"
54852;"4/9/2026, 3:13:38 p. m.";Cajero;quote:created;Sale;"{""saleNumber"":""COT-2026-0242"",""total"":620033799.5999999,""items"":1}"
54851;"4/9/2026, 3:13:38 p. m.";Cajero;cash-session:closed;CashSession;"{""finalCash"":0,""expectedCash"":100000,""difference"":-100000}"
54850;"4/9/2026, 3:13:38 p. m.";Cajero;cash-session:opened;CashSession;"{""initialCash"":100000}"
54849;"4/9/2026, 3:13:38 p. m.";Cajero;quote:created;Sale;"{""saleNumber"":""COT-2026-0241"",""total"":620033799.5999999,""items"":1}"
54848;"4/9/2026, 3:13:38 p. m.";Cajero;cash-session:closed;CashSession;"{""finalCash"":0,""expectedCash"":100000,""difference"":-100000}"
54847;"4/9/2026, 3:13:38 p. m.";Cajero;cash-session:opened;CashSession;"{""initialCash"":100000}"
54846;"4/9/2026, 3:13:38 p. m.";Cajero;quote:created;Sale;"{""saleNumber"":""COT-2026-0240"",""total"":620033799.5999999,""items"":1}"
54845;"4/9/2026, 3:13:38 p. m.";Cajero;cash-session:closed;CashSession;"{""finalCash"":0,""expectedCash"":100000,""difference"":-100000}"
54844;"4/9/2026, 3:13:38 p. m.";Cajero;cash-session:opened;CashSession;"{""initialCash"":100000}"
54843;"4/9/2026, 3:13:38 p. m.";Cajero;quote:created;Sale;"{""saleNumber"":""COT-2026-0239"",""total"":620033799.5999999,""items"":1}"
54842;"4/9/2026, 3:13:38 p. m.";Cajero;cash-session:closed;CashSession;"{""finalCash"":0,""expectedCash"":100000,""difference"":-100000}"
54841;"4/9/2026, 3:13:38 p. m.";Cajero;cash-session:opened;CashSession;"{""initialCash"":100000}"
54840;"4/9/2026, 3:13:38 p. m.";Cajero;quote:created;Sale;"{""saleNumber"":""COT-2026-0238"",""total"":620033799.5999999,""items"":1}"
54839;"4/9/2026, 3:13:38 p. m.";Cajero;cash-session:closed;CashSession;"{""finalCash"":0,""expectedCash"":100000,""difference"":-100000}"
54838;"4/9/2026, 3:13:38 p. m.";Cajero;cash-session:opened;CashSession;"{""initialCash"":100000}"
54837;"4/9/2026, 3:13:38 p. m.";Cajero;quote:created;Sale;"{""saleNumber"":""COT-2026-0237"",""total"":620033799.5999999,""items"":1}"
54836;"4/9/2026, 3:13:38 p. m.";Cajero;cash-session:closed;CashSession;"{""finalCash"":0,""expectedCash"":100000,""difference"":-100000}"
54835;"4/9/2026, 3:13:38 p. m.";Cajero;cash-session:opened;CashSession;"{""initialCash"":100000}"
54834;"4/9/2026, 3:13:38 p. m.";Cajero;quote:created;Sale;"{""saleNumber"":""COT-2026-0236"",""total"":620033799.5999999,""items"":1}"
54833;"4/9/2026, 3:13:38 p. m.";Cajero;cash-session:closed;CashSession;"{""finalCash"":0,""expectedCash"":100000,""difference"":-100000}"
54832;"4/9/2026, 3:13:38 p. m.";Cajero;cash-session:opened;CashSession;"{""initialCash"":100000}"
54831;"4/9/2026, 3:13:38 p. m.";Cajero;quote:created;Sale;"{""saleNumber"":""COT-2026-0235"",""total"":620033799.5999999,""items"":1}"
54830;"4/9/2026, 3:13:38 p. m.";Cajero;cash-session:closed;CashSession;"{""finalCash"":0,""expectedCash"":100000,""difference"":-100000}"
54829;"4/9/2026, 3:13:38 p. m.";Cajero;cash-session:opened;CashSession;"{""initialCash"":100000}"
54828;"4/9/2026, 3:13:38 p. m.";Cajero;quote:created;Sale;"{""saleNumber"":""COT-2026-0234"",""total"":620033799.5999999,""items"":1}"
54827;"4/9/2026, 3:13:38 p. m.";Cajero;cash-session:closed;CashSession;"{""finalCash"":0,""expectedCash"":100000,""difference"":-100000}"
54826;"4/9/2026, 3:13:38 p. m.";Cajero;cash-session:opened;CashSession;"{""initialCash"":100000}"
54825;"4/9/2026, 3:13:38 p. m.";Cajero;quote:created;Sale;"{""saleNumber"":""COT-2026-0233"",""total"":620033799.5999999,""items"":1}"
54824;"4/9/2026, 3:13:38 p. m.";Cajero;cash-session:closed;CashSession;"{""finalCash"":0,""expectedCash"":100000,""difference"":-100000}"
54823;"4/9/2026, 3:13:38 p. m.";Cajero;cash-session:opened;CashSession;"{""initialCash"":100000}"
54822;"4/9/2026, 3:13:38 p. m.";Cajero;quote:created;Sale;"{""saleNumber"":""COT-2026-0232"",""total"":620033799.5999999,""items"":1}"
54821;"4/9/2026, 3:13:38 p. m.";Cajero;cash-session:closed;CashSession;"{""finalCash"":0,""expectedCash"":100000,""difference"":-100000}"
54820;"4/9/2026, 3:13:38 p. m.";Cajero;cash-session:opened;CashSession;"{""initialCash"":100000}"
54819;"4/9/2026, 3:13:38 p. m.";Cajero;quote:created;Sale;"{""saleNumber"":""COT-2026-0231"",""total"":620033799.5999999,""items"":1}"
54818;"4/9/2026, 3:13:38 p. m.";Cajero;cash-session:closed;CashSession;"{""finalCash"":0,""expectedCash"":100000,""difference"":-100000}"
54817;"4/9/2026, 3:13:38 p. m.";Cajero;cash-session:opened;CashSession;"{""initialCash"":100000}"
54816;"4/9/2026, 3:13:38 p. m.";Cajero;quote:created;Sale;"{""saleNumber"":""COT-2026-0230"",""total"":620033799.5999999,""items"":1}"
54815;"4/9/2026, 3:13:38 p. m.";Cajero;cash-session:closed;CashSession;"{""finalCash"":0,""expectedCash"":100000,""difference"":-100000}"
54814;"4/9/2026, 3:13:38 p. m.";Cajero;cash-session:opened;CashSession;"{""initialCash"":100000}"
54813;"4/9/2026, 3:13:38 p. m.";Cajero;quote:created;Sale;"{""saleNumber"":""COT-2026-0229"",""total"":620033799.5999999,""items"":1}"
54812;"4/9/2026, 3:13:38 p. m.";Cajero;cash-session:closed;CashSession;"{""finalCash"":0,""expectedCash"":100000,""difference"":-100000}"
54811;"4/9/2026, 3:13:38 p. m.";Cajero;cash-session:opened;CashSession;"{""initialCash"":100000}"
54810;"4/9/2026, 3:13:38 p. m.";Cajero;quote:created;Sale;"{""saleNumber"":""COT-2026-0228"",""total"":620033799.5999999,""items"":1}"
54809;"4/9/2026, 3:13:38 p. m.";Cajero;cash-session:closed;CashSession;"{""finalCash"":0,""expectedCash"":100000,""difference"":-100000}"
54808;"4/9/2026, 3:13:38 p. m.";Cajero;cash-session:opened;CashSession;"{""initialCash"":100000}"
54807;"4/9/2026, 3:13:38 p. m.";Cajero;quote:created;Sale;"{""saleNumber"":""COT-2026-0227"",""total"":620033799.5999999,""items"":1}"
54806;"4/9/2026, 3:13:38 p. m.";Cajero;cash-session:closed;CashSession;"{""finalCash"":0,""expectedCash"":100000,""difference"":-100000}"
54805;"4/9/2026, 3:13:38 p. m.";Cajero;cash-session:opened;CashSession;"{""initialCash"":100000}"
54804;"4/9/2026, 3:13:38 p. m.";Cajero;quote:created;Sale;"{""saleNumber"":""COT-2026-0226"",""total"":620033799.5999999,""items"":1}"
54803;"4/9/2026, 3:13:38 p. m.";Cajero;cash-session:closed;CashSession;"{""finalCash"":0,""expectedCash"":100000,""difference"":-100000}"
54802;"4/9/2026, 3:13:38 p. m.";Cajero;cash-session:opened;CashSession;"{""initialCash"":100000}"
54801;"4/9/2026, 3:13:38 p. m.";Cajero;quote:created;Sale;"{""saleNumber"":""COT-2026-0225"",""total"":620033799.5999999,""items"":1}"
54800;"4/9/2026, 3:13:38 p. m.";Cajero;cash-session:closed;CashSession;"{""finalCash"":0,""expectedCash"":100000,""difference"":-100000}"
54799;"4/9/2026, 3:13:38 p. m.";Cajero;cash-session:opened;CashSession;"{""initialCash"":100000}"
54798;"4/9/2026, 3:13:38 p. m.";Cajero;quote:created;Sale;"{""saleNumber"":""COT-2026-0224"",""total"":620033799.5999999,""items"":1}"
54797;"4/9/2026, 3:13:38 p. m.";Cajero;cash-session:closed;CashSession;"{""finalCash"":0,""expectedCash"":100000,""difference"":-100000}"
54796;"4/9/2026, 3:13:38 p. m.";Cajero;cash-session:opened;CashSession;"{""initialCash"":100000}"
54795;"4/9/2026, 3:13:38 p. m.";Cajero;quote:created;Sale;"{""saleNumber"":""COT-2026-0223"",""total"":620033799.5999999,""items"":1}"
54794;"4/9/2026, 3:13:38 p. m.";Cajero;cash-session:closed;CashSession;"{""finalCash"":0,""expectedCash"":100000,""difference"":-100000}"
54793;"4/9/2026, 3:13:38 p. m.";Cajero;cash-session:opened;CashSession;"{""initialCash"":100000}"
54792;"4/9/2026, 3:13:38 p. m.";Cajero;quote:created;Sale;"{""saleNumber"":""COT-2026-0222"",""total"":620033799.5999999,""items"":1}"
54791;"4/9/2026, 3:13:38 p. m.";Cajero;cash-session:closed;CashSession;"{""finalCash"":0,""expectedCash"":100000,""difference"":-100000}"
54790;"4/9/2026, 3:13:38 p. m.";Cajero;cash-session:opened;CashSession;"{""initialCash"":100000}"
54789;"4/9/2026, 3:13:38 p. m.";Cajero;quote:created;Sale;"{""saleNumber"":""COT-2026-0221"",""total"":620033799.5999999,""items"":1}"
54788;"4/9/2026, 3:13:38 p. m.";Cajero;cash-session:closed;CashSession;"{""finalCash"":0,""expectedCash"":100000,""difference"":-100000}"
54787;"4/9/2026, 3:13:38 p. m.";Cajero;cash-session:opened;CashSession;"{""initialCash"":100000}"
54786;"4/9/2026, 3:13:38 p. m.";Cajero;quote:created;Sale;"{""saleNumber"":""COT-2026-0220"",""total"":620033799.5999999,""items"":1}"
54785;"4/9/2026, 3:13:37 p. m.";Cajero;cash-session:closed;CashSession;"{""finalCash"":0,""expectedCash"":100000,""difference"":-100000}"
54784;"4/9/2026, 3:13:37 p. m.";Cajero;cash-session:opened;CashSession;"{""initialCash"":100000}"
54783;"4/9/2026, 3:13:37 p. m.";Cajero;quote:created;Sale;"{""saleNumber"":""COT-2026-0219"",""total"":620033799.5999999,""items"":1}"
54782;"4/9/2026, 3:13:37 p. m.";Cajero;cash-session:closed;CashSession;"{""finalCash"":0,""expectedCash"":100000,""difference"":-100000}"
54781;"4/9/2026, 3:13:37 p. m.";Cajero;cash-session:opened;CashSession;"{""initialCash"":100000}"
54780;"4/9/2026, 3:13:37 p. m.";Cajero;quote:created;Sale;"{""saleNumber"":""COT-2026-0218"",""total"":620033799.5999999,""items"":1}"
54779;"4/9/2026, 3:13:37 p. m.";Cajero;cash-session:closed;CashSession;"{""finalCash"":0,""expectedCash"":100000,""difference"":-100000}"
54778;"4/9/2026, 3:13:37 p. m.";Cajero;cash-session:opened;CashSession;"{""initialCash"":100000}"
54777;"4/9/2026, 3:13:37 p. m.";Cajero;quote:created;Sale;"{""saleNumber"":""COT-2026-0217"",""total"":620033799.5999999,""items"":1}"
54776;"4/9/2026, 3:13:37 p. m.";Cajero;cash-session:closed;CashSession;"{""finalCash"":0,""expectedCash"":100000,""difference"":-100000}"
54775;"4/9/2026, 3:13:37 p. m.";Cajero;cash-session:opened;CashSession;"{""initialCash"":100000}"
54774;"4/9/2026, 3:13:37 p. m.";Cajero;quote:created;Sale;"{""saleNumber"":""COT-2026-0216"",""total"":620033799.5999999,""items"":1}"
54773;"4/9/2026, 3:13:37 p. m.";Cajero;cash-session:closed;CashSession;"{""finalCash"":0,""expectedCash"":100000,""difference"":-100000}"
54772;"4/9/2026, 3:13:37 p. m.";Cajero;cash-session:opened;CashSession;"{""initialCash"":100000}"
54771;"4/9/2026, 3:13:37 p. m.";Cajero;quote:created;Sale;"{""saleNumber"":""COT-2026-0215"",""total"":620033799.5999999,""items"":1}"
54770;"4/9/2026, 3:13:37 p. m.";Cajero;cash-session:closed;CashSession;"{""finalCash"":0,""expectedCash"":100000,""difference"":-100000}"
54769;"4/9/2026, 3:13:37 p. m.";Cajero;cash-session:opened;CashSession;"{""initialCash"":100000}"
54768;"4/9/2026, 3:13:37 p. m.";Cajero;quote:created;Sale;"{""saleNumber"":""COT-2026-0214"",""total"":620033799.5999999,""items"":1}"
54767;"4/9/2026, 3:13:37 p. m.";Cajero;cash-session:closed;CashSession;"{""finalCash"":0,""expectedCash"":100000,""difference"":-100000}"
54766;"4/9/2026, 3:13:37 p. m.";Cajero;cash-session:opened;CashSession;"{""initialCash"":100000}"
54765;"4/9/2026, 3:13:37 p. m.";Cajero;quote:created;Sale;"{""saleNumber"":""COT-2026-0213"",""total"":620033799.5999999,""items"":1}"
54764;"4/9/2026, 3:13:37 p. m.";Cajero;cash-session:closed;CashSession;"{""finalCash"":0,""expectedCash"":100000,""difference"":-100000}"
54763;"4/9/2026, 3:13:37 p. m.";Cajero;cash-session:opened;CashSession;"{""initialCash"":100000}"
54762;"4/9/2026, 3:13:37 p. m.";Cajero;quote:created;Sale;"{""saleNumber"":""COT-2026-0212"",""total"":620033799.5999999,""items"":1}"
54761;"4/9/2026, 3:13:37 p. m.";Cajero;cash-session:closed;CashSession;"{""finalCash"":0,""expectedCash"":100000,""difference"":-100000}"
54760;"4/9/2026, 3:13:37 p. m.";Cajero;cash-session:opened;CashSession;"{""initialCash"":100000}"
54759;"4/9/2026, 3:13:37 p. m.";Cajero;quote:created;Sale;"{""saleNumber"":""COT-2026-0211"",""total"":620033799.5999999,""items"":1}"
54758;"4/9/2026, 3:13:37 p. m.";Cajero;cash-session:closed;CashSession;"{""finalCash"":0,""expectedCash"":100000,""difference"":-100000}"
54757;"4/9/2026, 3:13:37 p. m.";Cajero;cash-session:opened;CashSession;"{""initialCash"":100000}"
54756;"4/9/2026, 3:13:37 p. m.";Cajero;quote:created;Sale;"{""saleNumber"":""COT-2026-0210"",""total"":620033799.5999999,""items"":1}"
54755;"4/9/2026, 3:13:37 p. m.";Cajero;cash-session:closed;CashSession;"{""finalCash"":0,""expectedCash"":100000,""difference"":-100000}"
54754;"4/9/2026, 3:13:37 p. m.";Cajero;cash-session:opened;CashSession;"{""initialCash"":100000}"
54753;"4/9/2026, 3:13:37 p. m.";Cajero;quote:created;Sale;"{""saleNumber"":""COT-2026-0209"",""total"":620033799.5999999,""items"":1}"
54752;"4/9/2026, 3:13:37 p. m.";Cajero;cash-session:closed;CashSession;"{""finalCash"":0,""expectedCash"":100000,""difference"":-100000}"
54751;"4/9/2026, 3:13:37 p. m.";Cajero;cash-session:opened;CashSession;"{""initialCash"":100000}"
54750;"4/9/2026, 3:13:37 p. m.";Cajero;quote:created;Sale;"{""saleNumber"":""COT-2026-0208"",""total"":620033799.5999999,""items"":1}"
54749;"4/9/2026, 3:13:37 p. m.";Cajero;cash-session:closed;CashSession;"{""finalCash"":0,""expectedCash"":100000,""difference"":-100000}"
54748;"4/9/2026, 3:13:37 p. m.";Cajero;cash-session:opened;CashSession;"{""initialCash"":100000}"
54747;"4/9/2026, 3:13:37 p. m.";Cajero;quote:created;Sale;"{""saleNumber"":""COT-2026-0207"",""total"":620033799.5999999,""items"":1}"
54746;"4/9/2026, 3:13:37 p. m.";Cajero;cash-session:closed;CashSession;"{""finalCash"":0,""expectedCash"":100000,""difference"":-100000}"
54745;"4/9/2026, 3:13:37 p. m.";Cajero;cash-session:opened;CashSession;"{""initialCash"":100000}"
54744;"4/9/2026, 3:13:37 p. m.";Cajero;quote:created;Sale;"{""saleNumber"":""COT-2026-0206"",""total"":620033799.5999999,""items"":1}"
54743;"4/9/2026, 3:13:37 p. m.";Cajero;cash-session:closed;CashSession;"{""finalCash"":0,""expectedCash"":100000,""difference"":-100000}"
54742;"4/9/2026, 3:13:37 p. m.";Cajero;cash-session:opened;CashSession;"{""initialCash"":100000}"
54741;"4/9/2026, 3:13:37 p. m.";Cajero;quote:created;Sale;"{""saleNumber"":""COT-2026-0205"",""total"":620033799.5999999,""items"":1}"
54740;"4/9/2026, 3:13:37 p. m.";Cajero;cash-session:closed;CashSession;"{""finalCash"":0,""expectedCash"":100000,""difference"":-100000}"
54739;"4/9/2026, 3:13:37 p. m.";Cajero;cash-session:opened;CashSession;"{""initialCash"":100000}"
54738;"4/9/2026, 3:13:37 p. m.";Cajero;quote:created;Sale;"{""saleNumber"":""COT-2026-0204"",""total"":620033799.5999999,""items"":1}"
54737;"4/9/2026, 3:13:37 p. m.";Cajero;cash-session:closed;CashSession;"{""finalCash"":0,""expectedCash"":100000,""difference"":-100000}"
54736;"4/9/2026, 3:13:37 p. m.";Cajero;cash-session:opened;CashSession;"{""initialCash"":100000}"
54735;"4/9/2026, 3:13:37 p. m.";Cajero;quote:created;Sale;"{""saleNumber"":""COT-2026-0203"",""total"":620033799.5999999,""items"":1}"
54734;"4/9/2026, 3:13:37 p. m.";Cajero;cash-session:closed;CashSession;"{""finalCash"":0,""expectedCash"":100000,""difference"":-100000}"
54733;"4/9/2026, 3:13:37 p. m.";Cajero;cash-session:opened;CashSession;"{""initialCash"":100000}"
54732;"4/9/2026, 3:13:37 p. m.";Cajero;quote:created;Sale;"{""saleNumber"":""COT-2026-0202"",""total"":620033799.5999999,""items"":1}"
54731;"4/9/2026, 3:13:37 p. m.";Cajero;cash-session:closed;CashSession;"{""finalCash"":0,""expectedCash"":100000,""difference"":-100000}"
54730;"4/9/2026, 3:13:37 p. m.";Cajero;cash-session:opened;CashSession;"{""initialCash"":100000}"
54729;"4/9/2026, 3:13:37 p. m.";Cajero;quote:created;Sale;"{""saleNumber"":""COT-2026-0201"",""total"":620033799.5999999,""items"":1}"
54728;"4/9/2026, 3:13:37 p. m.";Cajero;cash-session:closed;CashSession;"{""finalCash"":0,""expectedCash"":100000,""difference"":-100000}"
54727;"4/9/2026, 3:13:37 p. m.";Cajero;cash-session:opened;CashSession;"{""initialCash"":100000}"
54726;"4/9/2026, 3:13:37 p. m.";Cajero;quote:created;Sale;"{""saleNumber"":""COT-2026-0200"",""total"":620033799.5999999,""items"":1}"
54725;"4/9/2026, 3:13:37 p. m.";Cajero;cash-session:closed;CashSession;"{""finalCash"":0,""expectedCash"":100000,""difference"":-100000}"
54724;"4/9/2026, 3:13:37 p. m.";Cajero;cash-session:opened;CashSession;"{""initialCash"":100000}"
54723;"4/9/2026, 3:13:37 p. m.";Cajero;quote:created;Sale;"{""saleNumber"":""COT-2026-0199"",""total"":620033799.5999999,""items"":1}"
54722;"4/9/2026, 3:13:37 p. m.";Cajero;cash-session:closed;CashSession;"{""finalCash"":0,""expectedCash"":100000,""difference"":-100000}"
54721;"4/9/2026, 3:13:37 p. m.";Cajero;cash-session:opened;CashSession;"{""initialCash"":100000}"
54720;"4/9/2026, 3:13:37 p. m.";Cajero;quote:created;Sale;"{""saleNumber"":""COT-2026-0198"",""total"":620033799.5999999,""items"":1}"
54719;"4/9/2026, 3:13:37 p. m.";Cajero;cash-session:closed;CashSession;"{""finalCash"":0,""expectedCash"":100000,""difference"":-100000}"
54718;"4/9/2026, 3:13:37 p. m.";Cajero;cash-session:opened;CashSession;"{""initialCash"":100000}"
54717;"4/9/2026, 3:13:37 p. m.";Cajero;quote:created;Sale;"{""saleNumber"":""COT-2026-0197"",""total"":620033799.5999999,""items"":1}"
54716;"4/9/2026, 3:13:36 p. m.";Cajero;cash-session:closed;CashSession;"{""finalCash"":0,""expectedCash"":100000,""difference"":-100000}"
54715;"4/9/2026, 3:13:36 p. m.";Cajero;cash-session:opened;CashSession;"{""initialCash"":100000}"
54714;"4/9/2026, 3:13:36 p. m.";Cajero;quote:created;Sale;"{""saleNumber"":""COT-2026-0196"",""total"":620033799.5999999,""items"":1}"
54713;"4/9/2026, 3:13:36 p. m.";Cajero;cash-session:closed;CashSession;"{""finalCash"":0,""expectedCash"":100000,""difference"":-100000}"
54712;"4/9/2026, 3:13:36 p. m.";Cajero;cash-session:opened;CashSession;"{""initialCash"":100000}"
54711;"4/9/2026, 3:13:36 p. m.";Cajero;quote:created;Sale;"{""saleNumber"":""COT-2026-0195"",""total"":620033799.5999999,""items"":1}"
54710;"4/9/2026, 3:13:36 p. m.";Cajero;cash-session:closed;CashSession;"{""finalCash"":0,""expectedCash"":100000,""difference"":-100000}"
54709;"4/9/2026, 3:13:36 p. m.";Cajero;cash-session:opened;CashSession;"{""initialCash"":100000}"
54708;"4/9/2026, 3:13:36 p. m.";Cajero;quote:created;Sale;"{""saleNumber"":""COT-2026-0194"",""total"":620033799.5999999,""items"":1}"
54707;"4/9/2026, 3:13:36 p. m.";Cajero;cash-session:closed;CashSession;"{""finalCash"":0,""expectedCash"":100000,""difference"":-100000}"
54706;"4/9/2026, 3:13:36 p. m.";Cajero;cash-session:opened;CashSession;"{""initialCash"":100000}"
54705;"4/9/2026, 3:13:36 p. m.";Cajero;quote:created;Sale;"{""saleNumber"":""COT-2026-0193"",""total"":620033799.5999999,""items"":1}"
54704;"4/9/2026, 3:13:36 p. m.";Cajero;cash-session:closed;CashSession;"{""finalCash"":0,""expectedCash"":100000,""difference"":-100000}"
54703;"4/9/2026, 3:13:36 p. m.";Cajero;cash-session:opened;CashSession;"{""initialCash"":100000}"
54702;"4/9/2026, 3:13:36 p. m.";Cajero;quote:created;Sale;"{""saleNumber"":""COT-2026-0192"",""total"":620033799.5999999,""items"":1}"
54701;"4/9/2026, 3:13:36 p. m.";Cajero;cash-session:closed;CashSession;"{""finalCash"":0,""expectedCash"":100000,""difference"":-100000}"
54700;"4/9/2026, 3:13:36 p. m.";Cajero;cash-session:opened;CashSession;"{""initialCash"":100000}"
54699;"4/9/2026, 3:13:36 p. m.";Cajero;quote:created;Sale;"{""saleNumber"":""COT-2026-0191"",""total"":620033799.5999999,""items"":1}"
54698;"4/9/2026, 3:13:36 p. m.";Cajero;cash-session:closed;CashSession;"{""finalCash"":0,""expectedCash"":100000,""difference"":-100000}"
54697;"4/9/2026, 3:13:36 p. m.";Cajero;cash-session:opened;CashSession;"{""initialCash"":100000}"
54696;"4/9/2026, 3:13:36 p. m.";Cajero;quote:created;Sale;"{""saleNumber"":""COT-2026-0190"",""total"":620033799.5999999,""items"":1}"
54695;"4/9/2026, 3:13:36 p. m.";Cajero;cash-session:closed;CashSession;"{""finalCash"":0,""expectedCash"":100000,""difference"":-100000}"
54694;"4/9/2026, 3:13:36 p. m.";Cajero;cash-session:opened;CashSession;"{""initialCash"":100000}"
54693;"4/9/2026, 3:13:36 p. m.";Cajero;quote:created;Sale;"{""saleNumber"":""COT-2026-0189"",""total"":620033799.5999999,""items"":1}"
54692;"4/9/2026, 3:13:36 p. m.";Cajero;cash-session:closed;CashSession;"{""finalCash"":0,""expectedCash"":100000,""difference"":-100000}"
54691;"4/9/2026, 3:13:36 p. m.";Cajero;cash-session:opened;CashSession;"{""initialCash"":100000}"
54690;"4/9/2026, 3:13:36 p. m.";Cajero;quote:created;Sale;"{""saleNumber"":""COT-2026-0188"",""total"":620033799.5999999,""items"":1}"
54689;"4/9/2026, 3:13:36 p. m.";Cajero;cash-session:closed;CashSession;"{""finalCash"":0,""expectedCash"":100000,""difference"":-100000}"
54688;"4/9/2026, 3:13:36 p. m.";Cajero;cash-session:opened;CashSession;"{""initialCash"":100000}"
54687;"4/9/2026, 3:13:36 p. m.";Cajero;quote:created;Sale;"{""saleNumber"":""COT-2026-0187"",""total"":620033799.5999999,""items"":1}"
54686;"4/9/2026, 3:13:36 p. m.";Cajero;cash-session:closed;CashSession;"{""finalCash"":0,""expectedCash"":100000,""difference"":-100000}"
54685;"4/9/2026, 3:13:36 p. m.";Cajero;cash-session:opened;CashSession;"{""initialCash"":100000}"
54684;"4/9/2026, 3:13:36 p. m.";Cajero;quote:created;Sale;"{""saleNumber"":""COT-2026-0186"",""total"":620033799.5999999,""items"":1}"
54683;"4/9/2026, 3:13:36 p. m.";Cajero;cash-session:closed;CashSession;"{""finalCash"":0,""expectedCash"":100000,""difference"":-100000}"
54682;"4/9/2026, 3:13:36 p. m.";Cajero;cash-session:opened;CashSession;"{""initialCash"":100000}"
54681;"4/9/2026, 3:13:36 p. m.";Cajero;quote:created;Sale;"{""saleNumber"":""COT-2026-0185"",""total"":620033799.5999999,""items"":1}"
54680;"4/9/2026, 3:13:36 p. m.";Cajero;cash-session:closed;CashSession;"{""finalCash"":0,""expectedCash"":100000,""difference"":-100000}"
54679;"4/9/2026, 3:13:36 p. m.";Cajero;cash-session:opened;CashSession;"{""initialCash"":100000}"
54678;"4/9/2026, 3:13:36 p. m.";Cajero;quote:created;Sale;"{""saleNumber"":""COT-2026-0184"",""total"":620033799.5999999,""items"":1}"
54677;"4/9/2026, 3:13:36 p. m.";Cajero;cash-session:closed;CashSession;"{""finalCash"":0,""expectedCash"":100000,""difference"":-100000}"
54676;"4/9/2026, 3:13:36 p. m.";Cajero;cash-session:opened;CashSession;"{""initialCash"":100000}"
54675;"4/9/2026, 3:13:36 p. m.";Cajero;quote:created;Sale;"{""saleNumber"":""COT-2026-0183"",""total"":620033799.5999999,""items"":1}"
54674;"4/9/2026, 3:13:36 p. m.";Cajero;cash-session:closed;CashSession;"{""finalCash"":0,""expectedCash"":100000,""difference"":-100000}"
54673;"4/9/2026, 3:13:36 p. m.";Cajero;cash-session:opened;CashSession;"{""initialCash"":100000}"
54672;"4/9/2026, 3:13:36 p. m.";Cajero;quote:created;Sale;"{""saleNumber"":""COT-2026-0182"",""total"":620033799.5999999,""items"":1}"
54671;"4/9/2026, 3:13:36 p. m.";Cajero;cash-session:closed;CashSession;"{""finalCash"":0,""expectedCash"":100000,""difference"":-100000}"
54670;"4/9/2026, 3:13:36 p. m.";Cajero;cash-session:opened;CashSession;"{""initialCash"":100000}"
54669;"4/9/2026, 3:13:36 p. m.";Cajero;quote:created;Sale;"{""saleNumber"":""COT-2026-0181"",""total"":620033799.5999999,""items"":1}"
54668;"4/9/2026, 3:13:36 p. m.";Cajero;cash-session:closed;CashSession;"{""finalCash"":0,""expectedCash"":100000,""difference"":-100000}"
54667;"4/9/2026, 3:13:36 p. m.";Cajero;cash-session:opened;CashSession;"{""initialCash"":100000}"
54666;"4/9/2026, 3:13:36 p. m.";Cajero;quote:created;Sale;"{""saleNumber"":""COT-2026-0180"",""total"":620033799.5999999,""items"":1}"
54665;"4/9/2026, 3:13:36 p. m.";Cajero;cash-session:closed;CashSession;"{""finalCash"":0,""expectedCash"":100000,""difference"":-100000}"
54664;"4/9/2026, 3:13:36 p. m.";Cajero;cash-session:opened;CashSession;"{""initialCash"":100000}"
54663;"4/9/2026, 3:13:36 p. m.";Cajero;quote:created;Sale;"{""saleNumber"":""COT-2026-0179"",""total"":620033799.5999999,""items"":1}"
54662;"4/9/2026, 3:13:36 p. m.";Cajero;cash-session:closed;CashSession;"{""finalCash"":0,""expectedCash"":100000,""difference"":-100000}"
54661;"4/9/2026, 3:13:36 p. m.";Cajero;cash-session:opened;CashSession;"{""initialCash"":100000}"
54660;"4/9/2026, 3:13:36 p. m.";Cajero;quote:created;Sale;"{""saleNumber"":""COT-2026-0178"",""total"":620033799.5999999,""items"":1}"
54659;"4/9/2026, 3:13:36 p. m.";Cajero;cash-session:closed;CashSession;"{""finalCash"":0,""expectedCash"":100000,""difference"":-100000}"
54658;"4/9/2026, 3:13:36 p. m.";Cajero;cash-session:opened;CashSession;"{""initialCash"":100000}"
54657;"4/9/2026, 3:13:36 p. m.";Cajero;quote:created;Sale;"{""saleNumber"":""COT-2026-0177"",""total"":620033799.5999999,""items"":1}"
54656;"4/9/2026, 3:13:36 p. m.";Cajero;cash-session:closed;CashSession;"{""finalCash"":0,""expectedCash"":100000,""difference"":-100000}"
54655;"4/9/2026, 3:13:36 p. m.";Cajero;cash-session:opened;CashSession;"{""initialCash"":100000}"
54654;"4/9/2026, 3:13:36 p. m.";Cajero;quote:created;Sale;"{""saleNumber"":""COT-2026-0176"",""total"":620033799.5999999,""items"":1}"
54653;"4/9/2026, 3:13:36 p. m.";Cajero;cash-session:closed;CashSession;"{""finalCash"":0,""expectedCash"":100000,""difference"":-100000}"
54652;"4/9/2026, 3:13:36 p. m.";Cajero;cash-session:opened;CashSession;"{""initialCash"":100000}"
54651;"4/9/2026, 3:13:36 p. m.";Cajero;quote:created;Sale;"{""saleNumber"":""COT-2026-0175"",""total"":620033799.5999999,""items"":1}"
54650;"4/9/2026, 3:13:35 p. m.";Cajero;cash-session:closed;CashSession;"{""finalCash"":0,""expectedCash"":100000,""difference"":-100000}"
54649;"4/9/2026, 3:13:35 p. m.";Cajero;cash-session:opened;CashSession;"{""initialCash"":100000}"
54648;"4/9/2026, 3:13:35 p. m.";Cajero;quote:created;Sale;"{""saleNumber"":""COT-2026-0174"",""total"":620033799.5999999,""items"":1}"
54647;"4/9/2026, 3:13:35 p. m.";Cajero;cash-session:closed;CashSession;"{""finalCash"":0,""expectedCash"":100000,""difference"":-100000}"
54646;"4/9/2026, 3:13:35 p. m.";Cajero;cash-session:opened;CashSession;"{""initialCash"":100000}"
54645;"4/9/2026, 3:13:35 p. m.";Cajero;quote:created;Sale;"{""saleNumber"":""COT-2026-0173"",""total"":620033799.5999999,""items"":1}"
54644;"4/9/2026, 3:13:35 p. m.";Cajero;cash-session:closed;CashSession;"{""finalCash"":0,""expectedCash"":100000,""difference"":-100000}"
54643;"4/9/2026, 3:13:35 p. m.";Cajero;cash-session:opened;CashSession;"{""initialCash"":100000}"
54642;"4/9/2026, 3:13:35 p. m.";Cajero;quote:created;Sale;"{""saleNumber"":""COT-2026-0172"",""total"":620033799.5999999,""items"":1}"
54641;"4/9/2026, 3:13:35 p. m.";Cajero;cash-session:closed;CashSession;"{""finalCash"":0,""expectedCash"":100000,""difference"":-100000}"
54640;"4/9/2026, 3:13:35 p. m.";Cajero;cash-session:opened;CashSession;"{""initialCash"":100000}"
54639;"4/9/2026, 3:13:35 p. m.";Cajero;quote:created;Sale;"{""saleNumber"":""COT-2026-0171"",""total"":620033799.5999999,""items"":1}"
54638;"4/9/2026, 3:13:35 p. m.";Cajero;cash-session:closed;CashSession;"{""finalCash"":0,""expectedCash"":100000,""difference"":-100000}"
54637;"4/9/2026, 3:13:35 p. m.";Cajero;cash-session:opened;CashSession;"{""initialCash"":100000}"
54636;"4/9/2026, 3:13:35 p. m.";Cajero;quote:created;Sale;"{""saleNumber"":""COT-2026-0170"",""total"":620033799.5999999,""items"":1}"
54635;"4/9/2026, 3:13:35 p. m.";Cajero;cash-session:closed;CashSession;"{""finalCash"":0,""expectedCash"":100000,""difference"":-100000}"
54634;"4/9/2026, 3:13:35 p. m.";Cajero;cash-session:opened;CashSession;"{""initialCash"":100000}"
54633;"4/9/2026, 3:13:35 p. m.";Cajero;quote:created;Sale;"{""saleNumber"":""COT-2026-0169"",""total"":620033799.5999999,""items"":1}"
54632;"4/9/2026, 3:13:35 p. m.";Cajero;cash-session:closed;CashSession;"{""finalCash"":0,""expectedCash"":100000,""difference"":-100000}"
54631;"4/9/2026, 3:13:35 p. m.";Cajero;cash-session:opened;CashSession;"{""initialCash"":100000}"
54630;"4/9/2026, 3:13:35 p. m.";Cajero;quote:created;Sale;"{""saleNumber"":""COT-2026-0168"",""total"":620033799.5999999,""items"":1}"
54629;"4/9/2026, 3:13:35 p. m.";Cajero;cash-session:closed;CashSession;"{""finalCash"":0,""expectedCash"":100000,""difference"":-100000}"
54628;"4/9/2026, 3:13:35 p. m.";Cajero;cash-session:opened;CashSession;"{""initialCash"":100000}"
54627;"4/9/2026, 3:13:35 p. m.";Cajero;quote:created;Sale;"{""saleNumber"":""COT-2026-0167"",""total"":620033799.5999999,""items"":1}"
54626;"4/9/2026, 3:13:35 p. m.";Cajero;cash-session:closed;CashSession;"{""finalCash"":0,""expectedCash"":100000,""difference"":-100000}"
54625;"4/9/2026, 3:13:35 p. m.";Cajero;cash-session:opened;CashSession;"{""initialCash"":100000}"
54624;"4/9/2026, 3:13:35 p. m.";Cajero;quote:created;Sale;"{""saleNumber"":""COT-2026-0166"",""total"":620033799.5999999,""items"":1}"
54623;"4/9/2026, 3:13:35 p. m.";Cajero;cash-session:closed;CashSession;"{""finalCash"":0,""expectedCash"":100000,""difference"":-100000}"
54622;"4/9/2026, 3:13:35 p. m.";Cajero;cash-session:opened;CashSession;"{""initialCash"":100000}"
54621;"4/9/2026, 3:13:35 p. m.";Cajero;quote:created;Sale;"{""saleNumber"":""COT-2026-0165"",""total"":620033799.5999999,""items"":1}"
54620;"4/9/2026, 3:13:35 p. m.";Cajero;cash-session:closed;CashSession;"{""finalCash"":0,""expectedCash"":100000,""difference"":-100000}"
54619;"4/9/2026, 3:13:35 p. m.";Cajero;cash-session:opened;CashSession;"{""initialCash"":100000}"
54618;"4/9/2026, 3:13:35 p. m.";Cajero;quote:created;Sale;"{""saleNumber"":""COT-2026-0164"",""total"":620033799.5999999,""items"":1}"
54617;"4/9/2026, 3:13:35 p. m.";Cajero;cash-session:closed;CashSession;"{""finalCash"":0,""expectedCash"":100000,""difference"":-100000}"
54616;"4/9/2026, 3:13:35 p. m.";Cajero;cash-session:opened;CashSession;"{""initialCash"":100000}"
54615;"4/9/2026, 3:13:35 p. m.";Cajero;quote:created;Sale;"{""saleNumber"":""COT-2026-0163"",""total"":620033799.5999999,""items"":1}"
54614;"4/9/2026, 3:13:35 p. m.";Cajero;cash-session:closed;CashSession;"{""finalCash"":0,""expectedCash"":100000,""difference"":-100000}"
54613;"4/9/2026, 3:13:35 p. m.";Cajero;cash-session:opened;CashSession;"{""initialCash"":100000}"
54612;"4/9/2026, 3:13:35 p. m.";Cajero;quote:created;Sale;"{""saleNumber"":""COT-2026-0162"",""total"":620033799.5999999,""items"":1}"
54611;"4/9/2026, 3:13:35 p. m.";Cajero;cash-session:closed;CashSession;"{""finalCash"":0,""expectedCash"":100000,""difference"":-100000}"
54610;"4/9/2026, 3:13:35 p. m.";Cajero;cash-session:opened;CashSession;"{""initialCash"":100000}"
54609;"4/9/2026, 3:13:35 p. m.";Cajero;quote:created;Sale;"{""saleNumber"":""COT-2026-0161"",""total"":620033799.5999999,""items"":1}"
54608;"4/9/2026, 3:13:35 p. m.";Cajero;cash-session:closed;CashSession;"{""finalCash"":0,""expectedCash"":100000,""difference"":-100000}"
54607;"4/9/2026, 3:13:35 p. m.";Cajero;cash-session:opened;CashSession;"{""initialCash"":100000}"
54606;"4/9/2026, 3:13:35 p. m.";Cajero;quote:created;Sale;"{""saleNumber"":""COT-2026-0160"",""total"":620033799.5999999,""items"":1}"
54605;"4/9/2026, 3:13:35 p. m.";Cajero;cash-session:closed;CashSession;"{""finalCash"":0,""expectedCash"":100000,""difference"":-100000}"
54604;"4/9/2026, 3:13:35 p. m.";Cajero;cash-session:opened;CashSession;"{""initialCash"":100000}"
54603;"4/9/2026, 3:13:35 p. m.";Cajero;quote:created;Sale;"{""saleNumber"":""COT-2026-0159"",""total"":620033799.5999999,""items"":1}"
54602;"4/9/2026, 3:13:35 p. m.";Cajero;cash-session:closed;CashSession;"{""finalCash"":0,""expectedCash"":100000,""difference"":-100000}"
54601;"4/9/2026, 3:13:35 p. m.";Cajero;cash-session:opened;CashSession;"{""initialCash"":100000}"
54600;"4/9/2026, 3:13:35 p. m.";Cajero;quote:created;Sale;"{""saleNumber"":""COT-2026-0158"",""total"":620033799.5999999,""items"":1}"
54599;"4/9/2026, 3:13:35 p. m.";Cajero;cash-session:closed;CashSession;"{""finalCash"":0,""expectedCash"":100000,""difference"":-100000}"
54598;"4/9/2026, 3:13:35 p. m.";Cajero;cash-session:opened;CashSession;"{""initialCash"":100000}"
54597;"4/9/2026, 3:13:35 p. m.";Cajero;quote:created;Sale;"{""saleNumber"":""COT-2026-0157"",""total"":620033799.5999999,""items"":1}"
54596;"4/9/2026, 3:13:35 p. m.";Cajero;cash-session:closed;CashSession;"{""finalCash"":0,""expectedCash"":100000,""difference"":-100000}"
54595;"4/9/2026, 3:13:35 p. m.";Cajero;cash-session:opened;CashSession;"{""initialCash"":100000}"
54594;"4/9/2026, 3:13:35 p. m.";Cajero;quote:created;Sale;"{""saleNumber"":""COT-2026-0156"",""total"":620033799.5999999,""items"":1}"
54593;"4/9/2026, 3:13:35 p. m.";Cajero;cash-session:closed;CashSession;"{""finalCash"":0,""expectedCash"":100000,""difference"":-100000}"
54592;"4/9/2026, 3:13:35 p. m.";Cajero;cash-session:opened;CashSession;"{""initialCash"":100000}"
54591;"4/9/2026, 3:13:35 p. m.";Cajero;quote:created;Sale;"{""saleNumber"":""COT-2026-0155"",""total"":620033799.5999999,""items"":1}"
54590;"4/9/2026, 3:13:35 p. m.";Cajero;cash-session:closed;CashSession;"{""finalCash"":0,""expectedCash"":100000,""difference"":-100000}"
54589;"4/9/2026, 3:13:35 p. m.";Cajero;cash-session:opened;CashSession;"{""initialCash"":100000}"
54588;"4/9/2026, 3:13:35 p. m.";Cajero;quote:created;Sale;"{""saleNumber"":""COT-2026-0154"",""total"":620033799.5999999,""items"":1}"
54587;"4/9/2026, 3:13:35 p. m.";Cajero;cash-session:closed;CashSession;"{""finalCash"":0,""expectedCash"":100000,""difference"":-100000}"
54586;"4/9/2026, 3:13:35 p. m.";Cajero;cash-session:opened;CashSession;"{""initialCash"":100000}"
54585;"4/9/2026, 3:13:35 p. m.";Cajero;quote:created;Sale;"{""saleNumber"":""COT-2026-0153"",""total"":620033799.5999999,""items"":1}"
54584;"4/9/2026, 3:13:35 p. m.";Cajero;cash-session:closed;CashSession;"{""finalCash"":0,""expectedCash"":100000,""difference"":-100000}"
54583;"4/9/2026, 3:13:35 p. m.";Cajero;cash-session:opened;CashSession;"{""initialCash"":100000}"
54582;"4/9/2026, 3:13:35 p. m.";Cajero;quote:created;Sale;"{""saleNumber"":""COT-2026-0152"",""total"":620033799.5999999,""items"":1}"
54581;"4/9/2026, 3:13:34 p. m.";Cajero;cash-session:closed;CashSession;"{""finalCash"":0,""expectedCash"":100000,""difference"":-100000}"
54580;"4/9/2026, 3:13:34 p. m.";Cajero;cash-session:opened;CashSession;"{""initialCash"":100000}"
54579;"4/9/2026, 3:13:34 p. m.";Cajero;quote:created;Sale;"{""saleNumber"":""COT-2026-0151"",""total"":620033799.5999999,""items"":1}"
54578;"4/9/2026, 3:13:34 p. m.";Cajero;cash-session:closed;CashSession;"{""finalCash"":0,""expectedCash"":100000,""difference"":-100000}"
54577;"4/9/2026, 3:13:34 p. m.";Cajero;cash-session:opened;CashSession;"{""initialCash"":100000}"
54576;"4/9/2026, 3:13:34 p. m.";Cajero;quote:created;Sale;"{""saleNumber"":""COT-2026-0150"",""total"":620033799.5999999,""items"":1}"
54575;"4/9/2026, 3:13:34 p. m.";Cajero;cash-session:closed;CashSession;"{""finalCash"":0,""expectedCash"":100000,""difference"":-100000}"
54574;"4/9/2026, 3:13:34 p. m.";Cajero;cash-session:opened;CashSession;"{""initialCash"":100000}"
54573;"4/9/2026, 3:13:34 p. m.";Cajero;quote:created;Sale;"{""saleNumber"":""COT-2026-0149"",""total"":620033799.5999999,""items"":1}"
54572;"4/9/2026, 3:13:34 p. m.";Cajero;cash-session:closed;CashSession;"{""finalCash"":0,""expectedCash"":100000,""difference"":-100000}"
54571;"4/9/2026, 3:13:34 p. m.";Cajero;cash-session:opened;CashSession;"{""initialCash"":100000}"
54570;"4/9/2026, 3:13:34 p. m.";Cajero;quote:created;Sale;"{""saleNumber"":""COT-2026-0148"",""total"":620033799.5999999,""items"":1}"
54569;"4/9/2026, 3:13:34 p. m.";Cajero;cash-session:closed;CashSession;"{""finalCash"":0,""expectedCash"":100000,""difference"":-100000}"
54568;"4/9/2026, 3:13:34 p. m.";Cajero;cash-session:opened;CashSession;"{""initialCash"":100000}"
54567;"4/9/2026, 3:13:34 p. m.";Cajero;quote:created;Sale;"{""saleNumber"":""COT-2026-0147"",""total"":620033799.5999999,""items"":1}"
54566;"4/9/2026, 3:13:34 p. m.";Cajero;cash-session:closed;CashSession;"{""finalCash"":0,""expectedCash"":100000,""difference"":-100000}"
54565;"4/9/2026, 3:13:34 p. m.";Cajero;cash-session:opened;CashSession;"{""initialCash"":100000}"
54564;"4/9/2026, 3:13:34 p. m.";Cajero;quote:created;Sale;"{""saleNumber"":""COT-2026-0146"",""total"":620033799.5999999,""items"":1}"
54563;"4/9/2026, 3:13:34 p. m.";Cajero;cash-session:closed;CashSession;"{""finalCash"":0,""expectedCash"":100000,""difference"":-100000}"
54562;"4/9/2026, 3:13:34 p. m.";Cajero;cash-session:opened;CashSession;"{""initialCash"":100000}"
54561;"4/9/2026, 3:13:34 p. m.";Cajero;quote:created;Sale;"{""saleNumber"":""COT-2026-0145"",""total"":620033799.5999999,""items"":1}"
54560;"4/9/2026, 3:13:34 p. m.";Cajero;cash-session:closed;CashSession;"{""finalCash"":0,""expectedCash"":100000,""difference"":-100000}"
54559;"4/9/2026, 3:13:34 p. m.";Cajero;cash-session:opened;CashSession;"{""initialCash"":100000}"
54558;"4/9/2026, 3:13:34 p. m.";Cajero;quote:created;Sale;"{""saleNumber"":""COT-2026-0144"",""total"":620033799.5999999,""items"":1}"
54557;"4/9/2026, 3:13:34 p. m.";Cajero;cash-session:closed;CashSession;"{""finalCash"":0,""expectedCash"":100000,""difference"":-100000}"
54556;"4/9/2026, 3:13:34 p. m.";Cajero;cash-session:opened;CashSession;"{""initialCash"":100000}"
54555;"4/9/2026, 3:13:34 p. m.";Cajero;quote:created;Sale;"{""saleNumber"":""COT-2026-0143"",""total"":620033799.5999999,""items"":1}"
54554;"4/9/2026, 3:13:34 p. m.";Cajero;cash-session:closed;CashSession;"{""finalCash"":0,""expectedCash"":100000,""difference"":-100000}"
54553;"4/9/2026, 3:13:34 p. m.";Cajero;cash-session:opened;CashSession;"{""initialCash"":100000}"
54552;"4/9/2026, 3:13:34 p. m.";Cajero;quote:created;Sale;"{""saleNumber"":""COT-2026-0142"",""total"":620033799.5999999,""items"":1}"
54551;"4/9/2026, 3:13:34 p. m.";Cajero;cash-session:closed;CashSession;"{""finalCash"":0,""expectedCash"":100000,""difference"":-100000}"
54550;"4/9/2026, 3:13:34 p. m.";Cajero;cash-session:opened;CashSession;"{""initialCash"":100000}"
54549;"4/9/2026, 3:13:34 p. m.";Cajero;quote:created;Sale;"{""saleNumber"":""COT-2026-0141"",""total"":620033799.5999999,""items"":1}"
54548;"4/9/2026, 3:13:34 p. m.";Cajero;cash-session:closed;CashSession;"{""finalCash"":0,""expectedCash"":100000,""difference"":-100000}"
54547;"4/9/2026, 3:13:34 p. m.";Cajero;cash-session:opened;CashSession;"{""initialCash"":100000}"
54546;"4/9/2026, 3:13:34 p. m.";Cajero;quote:created;Sale;"{""saleNumber"":""COT-2026-0140"",""total"":620033799.5999999,""items"":1}"
54545;"4/9/2026, 3:13:34 p. m.";Cajero;cash-session:closed;CashSession;"{""finalCash"":0,""expectedCash"":100000,""difference"":-100000}"
54544;"4/9/2026, 3:13:34 p. m.";Cajero;cash-session:opened;CashSession;"{""initialCash"":100000}"
54543;"4/9/2026, 3:13:34 p. m.";Cajero;quote:created;Sale;"{""saleNumber"":""COT-2026-0139"",""total"":620033799.5999999,""items"":1}"
54542;"4/9/2026, 3:13:34 p. m.";Cajero;cash-session:closed;CashSession;"{""finalCash"":0,""expectedCash"":100000,""difference"":-100000}"
54541;"4/9/2026, 3:13:34 p. m.";Cajero;cash-session:opened;CashSession;"{""initialCash"":100000}"
54540;"4/9/2026, 3:13:34 p. m.";Cajero;quote:created;Sale;"{""saleNumber"":""COT-2026-0138"",""total"":620033799.5999999,""items"":1}"
54539;"4/9/2026, 3:13:34 p. m.";Cajero;cash-session:closed;CashSession;"{""finalCash"":0,""expectedCash"":100000,""difference"":-100000}"
54538;"4/9/2026, 3:13:34 p. m.";Cajero;cash-session:opened;CashSession;"{""initialCash"":100000}"
54537;"4/9/2026, 3:13:34 p. m.";Cajero;quote:created;Sale;"{""saleNumber"":""COT-2026-0137"",""total"":620033799.5999999,""items"":1}"
54536;"4/9/2026, 3:13:34 p. m.";Cajero;cash-session:closed;CashSession;"{""finalCash"":0,""expectedCash"":100000,""difference"":-100000}"
54535;"4/9/2026, 3:13:34 p. m.";Cajero;cash-session:opened;CashSession;"{""initialCash"":100000}"
54534;"4/9/2026, 3:13:34 p. m.";Cajero;quote:created;Sale;"{""saleNumber"":""COT-2026-0136"",""total"":620033799.5999999,""items"":1}"
54533;"4/9/2026, 3:13:34 p. m.";Cajero;cash-session:closed;CashSession;"{""finalCash"":0,""expectedCash"":100000,""difference"":-100000}"
54532;"4/9/2026, 3:13:34 p. m.";Cajero;cash-session:opened;CashSession;"{""initialCash"":100000}"
54531;"4/9/2026, 3:13:34 p. m.";Cajero;quote:created;Sale;"{""saleNumber"":""COT-2026-0135"",""total"":620033799.5999999,""items"":1}"
54530;"4/9/2026, 3:13:34 p. m.";Cajero;cash-session:closed;CashSession;"{""finalCash"":0,""expectedCash"":100000,""difference"":-100000}"
54529;"4/9/2026, 3:13:34 p. m.";Cajero;cash-session:opened;CashSession;"{""initialCash"":100000}"
54528;"4/9/2026, 3:13:34 p. m.";Cajero;quote:created;Sale;"{""saleNumber"":""COT-2026-0134"",""total"":620033799.5999999,""items"":1}"
54527;"4/9/2026, 3:13:34 p. m.";Cajero;cash-session:closed;CashSession;"{""finalCash"":0,""expectedCash"":100000,""difference"":-100000}"
54526;"4/9/2026, 3:13:34 p. m.";Cajero;cash-session:opened;CashSession;"{""initialCash"":100000}"
54525;"4/9/2026, 3:13:34 p. m.";Cajero;quote:created;Sale;"{""saleNumber"":""COT-2026-0133"",""total"":620033799.5999999,""items"":1}"
54524;"4/9/2026, 3:13:33 p. m.";Cajero;cash-session:closed;CashSession;"{""finalCash"":0,""expectedCash"":100000,""difference"":-100000}"
54523;"4/9/2026, 3:13:33 p. m.";Cajero;cash-session:opened;CashSession;"{""initialCash"":100000}"
54522;"4/9/2026, 3:13:33 p. m.";Cajero;quote:created;Sale;"{""saleNumber"":""COT-2026-0132"",""total"":620033799.5999999,""items"":1}"
54521;"4/9/2026, 3:13:33 p. m.";Cajero;cash-session:closed;CashSession;"{""finalCash"":0,""expectedCash"":100000,""difference"":-100000}"
54520;"4/9/2026, 3:13:33 p. m.";Cajero;cash-session:opened;CashSession;"{""initialCash"":100000}"
54519;"4/9/2026, 3:13:33 p. m.";Cajero;quote:created;Sale;"{""saleNumber"":""COT-2026-0131"",""total"":620033799.5999999,""items"":1}"
54518;"4/9/2026, 3:13:33 p. m.";Cajero;cash-session:closed;CashSession;"{""finalCash"":0,""expectedCash"":100000,""difference"":-100000}"
54517;"4/9/2026, 3:13:33 p. m.";Cajero;cash-session:opened;CashSession;"{""initialCash"":100000}"
54516;"4/9/2026, 3:13:33 p. m.";Cajero;quote:created;Sale;"{""saleNumber"":""COT-2026-0130"",""total"":620033799.5999999,""items"":1}"
54515;"4/9/2026, 3:13:33 p. m.";Cajero;cash-session:closed;CashSession;"{""finalCash"":0,""expectedCash"":100000,""difference"":-100000}"
54514;"4/9/2026, 3:13:33 p. m.";Cajero;cash-session:opened;CashSession;"{""initialCash"":100000}"
54513;"4/9/2026, 3:13:33 p. m.";Cajero;quote:created;Sale;"{""saleNumber"":""COT-2026-0129"",""total"":620033799.5999999,""items"":1}"
54512;"4/9/2026, 3:13:33 p. m.";Cajero;cash-session:closed;CashSession;"{""finalCash"":0,""expectedCash"":100000,""difference"":-100000}"
54511;"4/9/2026, 3:13:33 p. m.";Cajero;cash-session:opened;CashSession;"{""initialCash"":100000}"
54510;"4/9/2026, 3:13:33 p. m.";Cajero;quote:created;Sale;"{""saleNumber"":""COT-2026-0128"",""total"":620033799.5999999,""items"":1}"
54509;"4/9/2026, 3:13:33 p. m.";Cajero;cash-session:closed;CashSession;"{""finalCash"":0,""expectedCash"":100000,""difference"":-100000}"
54508;"4/9/2026, 3:13:33 p. m.";Cajero;cash-session:opened;CashSession;"{""initialCash"":100000}"
54507;"4/9/2026, 3:13:33 p. m.";Cajero;quote:created;Sale;"{""saleNumber"":""COT-2026-0127"",""total"":620033799.5999999,""items"":1}"
54506;"4/9/2026, 3:13:33 p. m.";Cajero;cash-session:closed;CashSession;"{""finalCash"":0,""expectedCash"":100000,""difference"":-100000}"
54505;"4/9/2026, 3:13:33 p. m.";Cajero;cash-session:opened;CashSession;"{""initialCash"":100000}"
54504;"4/9/2026, 3:13:33 p. m.";Cajero;quote:created;Sale;"{""saleNumber"":""COT-2026-0126"",""total"":620033799.5999999,""items"":1}"
54503;"4/9/2026, 3:13:33 p. m.";Cajero;cash-session:closed;CashSession;"{""finalCash"":0,""expectedCash"":100000,""difference"":-100000}"
54502;"4/9/2026, 3:13:33 p. m.";Cajero;cash-session:opened;CashSession;"{""initialCash"":100000}"
54501;"4/9/2026, 3:13:33 p. m.";Cajero;quote:created;Sale;"{""saleNumber"":""COT-2026-0125"",""total"":620033799.5999999,""items"":1}"
54500;"4/9/2026, 3:13:33 p. m.";Cajero;cash-session:closed;CashSession;"{""finalCash"":0,""expectedCash"":100000,""difference"":-100000}"
54499;"4/9/2026, 3:13:33 p. m.";Cajero;cash-session:opened;CashSession;"{""initialCash"":100000}"
54498;"4/9/2026, 3:13:33 p. m.";Cajero;quote:created;Sale;"{""saleNumber"":""COT-2026-0124"",""total"":620033799.5999999,""items"":1}"
54497;"4/9/2026, 3:13:33 p. m.";Cajero;cash-session:closed;CashSession;"{""finalCash"":0,""expectedCash"":100000,""difference"":-100000}"
54496;"4/9/2026, 3:13:33 p. m.";Cajero;cash-session:opened;CashSession;"{""initialCash"":100000}"
54495;"4/9/2026, 3:13:33 p. m.";Cajero;quote:created;Sale;"{""saleNumber"":""COT-2026-0123"",""total"":620033799.5999999,""items"":1}"
54494;"4/9/2026, 3:13:33 p. m.";Cajero;cash-session:closed;CashSession;"{""finalCash"":0,""expectedCash"":100000,""difference"":-100000}"
54493;"4/9/2026, 3:13:33 p. m.";Cajero;cash-session:opened;CashSession;"{""initialCash"":100000}"
54492;"4/9/2026, 3:13:33 p. m.";Cajero;quote:created;Sale;"{""saleNumber"":""COT-2026-0122"",""total"":620033799.5999999,""items"":1}"
54491;"4/9/2026, 3:13:33 p. m.";Cajero;cash-session:closed;CashSession;"{""finalCash"":0,""expectedCash"":100000,""difference"":-100000}"
54490;"4/9/2026, 3:13:33 p. m.";Cajero;cash-session:opened;CashSession;"{""initialCash"":100000}"
54489;"4/9/2026, 3:13:33 p. m.";Cajero;quote:created;Sale;"{""saleNumber"":""COT-2026-0121"",""total"":620033799.5999999,""items"":1}"
54488;"4/9/2026, 3:13:33 p. m.";Cajero;cash-session:closed;CashSession;"{""finalCash"":0,""expectedCash"":100000,""difference"":-100000}"
54487;"4/9/2026, 3:13:33 p. m.";Cajero;cash-session:opened;CashSession;"{""initialCash"":100000}"
54486;"4/9/2026, 3:13:33 p. m.";Cajero;quote:created;Sale;"{""saleNumber"":""COT-2026-0120"",""total"":620033799.5999999,""items"":1}"
54485;"4/9/2026, 3:13:33 p. m.";Cajero;cash-session:closed;CashSession;"{""finalCash"":0,""expectedCash"":100000,""difference"":-100000}"
54484;"4/9/2026, 3:13:33 p. m.";Cajero;cash-session:opened;CashSession;"{""initialCash"":100000}"
54483;"4/9/2026, 3:13:33 p. m.";Cajero;quote:created;Sale;"{""saleNumber"":""COT-2026-0119"",""total"":620033799.5999999,""items"":1}"
54482;"4/9/2026, 3:13:33 p. m.";Cajero;cash-session:closed;CashSession;"{""finalCash"":0,""expectedCash"":100000,""difference"":-100000}"
54481;"4/9/2026, 3:13:33 p. m.";Cajero;cash-session:opened;CashSession;"{""initialCash"":100000}"
54480;"4/9/2026, 3:13:33 p. m.";Cajero;quote:created;Sale;"{""saleNumber"":""COT-2026-0118"",""total"":620033799.5999999,""items"":1}"
54479;"4/9/2026, 3:13:33 p. m.";Cajero;cash-session:closed;CashSession;"{""finalCash"":0,""expectedCash"":100000,""difference"":-100000}"
54478;"4/9/2026, 3:13:33 p. m.";Cajero;cash-session:opened;CashSession;"{""initialCash"":100000}"
54477;"4/9/2026, 3:13:33 p. m.";Cajero;quote:created;Sale;"{""saleNumber"":""COT-2026-0117"",""total"":620033799.5999999,""items"":1}"
54476;"4/9/2026, 3:13:33 p. m.";Cajero;cash-session:closed;CashSession;"{""finalCash"":0,""expectedCash"":100000,""difference"":-100000}"
54475;"4/9/2026, 3:13:33 p. m.";Cajero;cash-session:opened;CashSession;"{""initialCash"":100000}"
54474;"4/9/2026, 3:13:33 p. m.";Cajero;quote:created;Sale;"{""saleNumber"":""COT-2026-0116"",""total"":620033799.5999999,""items"":1}"
54473;"4/9/2026, 3:13:33 p. m.";Cajero;cash-session:closed;CashSession;"{""finalCash"":0,""expectedCash"":100000,""difference"":-100000}"
54472;"4/9/2026, 3:13:33 p. m.";Cajero;cash-session:opened;CashSession;"{""initialCash"":100000}"
54471;"4/9/2026, 3:13:33 p. m.";Cajero;quote:created;Sale;"{""saleNumber"":""COT-2026-0115"",""total"":620033799.5999999,""items"":1}"
54470;"4/9/2026, 3:13:33 p. m.";Cajero;cash-session:closed;CashSession;"{""finalCash"":0,""expectedCash"":100000,""difference"":-100000}"
54469;"4/9/2026, 3:13:33 p. m.";Cajero;cash-session:opened;CashSession;"{""initialCash"":100000}"
54468;"4/9/2026, 3:13:33 p. m.";Cajero;quote:created;Sale;"{""saleNumber"":""COT-2026-0114"",""total"":620033799.5999999,""items"":1}"
54467;"4/9/2026, 3:13:33 p. m.";Cajero;cash-session:closed;CashSession;"{""finalCash"":0,""expectedCash"":100000,""difference"":-100000}"
54466;"4/9/2026, 3:13:33 p. m.";Cajero;cash-session:opened;CashSession;"{""initialCash"":100000}"
54465;"4/9/2026, 3:13:33 p. m.";Cajero;quote:created;Sale;"{""saleNumber"":""COT-2026-0113"",""total"":620033799.5999999,""items"":1}"
54464;"4/9/2026, 3:13:33 p. m.";Cajero;cash-session:closed;CashSession;"{""finalCash"":0,""expectedCash"":100000,""difference"":-100000}"
54463;"4/9/2026, 3:13:33 p. m.";Cajero;cash-session:opened;CashSession;"{""initialCash"":100000}"
54462;"4/9/2026, 3:13:33 p. m.";Cajero;quote:created;Sale;"{""saleNumber"":""COT-2026-0112"",""total"":620033799.5999999,""items"":1}"
54461;"4/9/2026, 3:13:33 p. m.";Cajero;cash-session:closed;CashSession;"{""finalCash"":0,""expectedCash"":100000,""difference"":-100000}"
54460;"4/9/2026, 3:13:33 p. m.";Cajero;cash-session:opened;CashSession;"{""initialCash"":100000}"
54459;"4/9/2026, 3:13:33 p. m.";Cajero;quote:created;Sale;"{""saleNumber"":""COT-2026-0111"",""total"":620033799.5999999,""items"":1}"
54458;"4/9/2026, 3:13:33 p. m.";Cajero;cash-session:closed;CashSession;"{""finalCash"":0,""expectedCash"":100000,""difference"":-100000}"
54457;"4/9/2026, 3:13:33 p. m.";Cajero;cash-session:opened;CashSession;"{""initialCash"":100000}"
54456;"4/9/2026, 3:13:33 p. m.";Cajero;quote:created;Sale;"{""saleNumber"":""COT-2026-0110"",""total"":620033799.5999999,""items"":1}"
54455;"4/9/2026, 3:13:32 p. m.";Cajero;cash-session:closed;CashSession;"{""finalCash"":0,""expectedCash"":100000,""difference"":-100000}"
54454;"4/9/2026, 3:13:32 p. m.";Cajero;cash-session:opened;CashSession;"{""initialCash"":100000}"
54453;"4/9/2026, 3:13:32 p. m.";Cajero;quote:created;Sale;"{""saleNumber"":""COT-2026-0109"",""total"":620033799.5999999,""items"":1}"
54452;"4/9/2026, 3:13:32 p. m.";Cajero;cash-session:closed;CashSession;"{""finalCash"":0,""expectedCash"":100000,""difference"":-100000}"
54451;"4/9/2026, 3:13:32 p. m.";Cajero;cash-session:opened;CashSession;"{""initialCash"":100000}"
54450;"4/9/2026, 3:13:32 p. m.";Cajero;quote:created;Sale;"{""saleNumber"":""COT-2026-0108"",""total"":620033799.5999999,""items"":1}"
54449;"4/9/2026, 3:13:32 p. m.";Cajero;cash-session:closed;CashSession;"{""finalCash"":0,""expectedCash"":100000,""difference"":-100000}"
54448;"4/9/2026, 3:13:32 p. m.";Cajero;cash-session:opened;CashSession;"{""initialCash"":100000}"
54447;"4/9/2026, 3:13:32 p. m.";Cajero;quote:created;Sale;"{""saleNumber"":""COT-2026-0107"",""total"":620033799.5999999,""items"":1}"
54446;"4/9/2026, 3:13:32 p. m.";Cajero;cash-session:closed;CashSession;"{""finalCash"":0,""expectedCash"":100000,""difference"":-100000}"
54445;"4/9/2026, 3:13:32 p. m.";Cajero;cash-session:opened;CashSession;"{""initialCash"":100000}"
54444;"4/9/2026, 3:13:32 p. m.";Cajero;quote:created;Sale;"{""saleNumber"":""COT-2026-0106"",""total"":620033799.5999999,""items"":1}"
54443;"4/9/2026, 3:13:32 p. m.";Cajero;cash-session:closed;CashSession;"{""finalCash"":0,""expectedCash"":100000,""difference"":-100000}"
54442;"4/9/2026, 3:13:32 p. m.";Cajero;cash-session:opened;CashSession;"{""initialCash"":100000}"
54441;"4/9/2026, 3:13:32 p. m.";Cajero;quote:created;Sale;"{""saleNumber"":""COT-2026-0105"",""total"":620033799.5999999,""items"":1}"
54440;"4/9/2026, 3:13:32 p. m.";Cajero;cash-session:closed;CashSession;"{""finalCash"":0,""expectedCash"":100000,""difference"":-100000}"
54439;"4/9/2026, 3:13:32 p. m.";Cajero;cash-session:opened;CashSession;"{""initialCash"":100000}"
54438;"4/9/2026, 3:13:32 p. m.";Cajero;quote:created;Sale;"{""saleNumber"":""COT-2026-0104"",""total"":620033799.5999999,""items"":1}"
54437;"4/9/2026, 3:13:32 p. m.";Cajero;cash-session:closed;CashSession;"{""finalCash"":0,""expectedCash"":100000,""difference"":-100000}"
54436;"4/9/2026, 3:13:32 p. m.";Cajero;cash-session:opened;CashSession;"{""initialCash"":100000}"
54435;"4/9/2026, 3:13:32 p. m.";Cajero;quote:created;Sale;"{""saleNumber"":""COT-2026-0103"",""total"":620033799.5999999,""items"":1}"
54434;"4/9/2026, 3:13:32 p. m.";Cajero;cash-session:closed;CashSession;"{""finalCash"":0,""expectedCash"":100000,""difference"":-100000}"
54433;"4/9/2026, 3:13:32 p. m.";Cajero;cash-session:opened;CashSession;"{""initialCash"":100000}"
54432;"4/9/2026, 3:13:32 p. m.";Cajero;quote:created;Sale;"{""saleNumber"":""COT-2026-0102"",""total"":620033799.5999999,""items"":1}"
54431;"4/9/2026, 3:13:32 p. m.";Cajero;cash-session:closed;CashSession;"{""finalCash"":0,""expectedCash"":100000,""difference"":-100000}"
54430;"4/9/2026, 3:13:32 p. m.";Cajero;cash-session:opened;CashSession;"{""initialCash"":100000}"
54429;"4/9/2026, 3:13:32 p. m.";Cajero;quote:created;Sale;"{""saleNumber"":""COT-2026-0101"",""total"":620033799.5999999,""items"":1}"
54428;"4/9/2026, 3:13:32 p. m.";Cajero;cash-session:closed;CashSession;"{""finalCash"":0,""expectedCash"":100000,""difference"":-100000}"
54427;"4/9/2026, 3:13:32 p. m.";Cajero;cash-session:opened;CashSession;"{""initialCash"":100000}"
54426;"4/9/2026, 3:13:32 p. m.";Cajero;quote:created;Sale;"{""saleNumber"":""COT-2026-0100"",""total"":620033799.5999999,""items"":1}"
54425;"4/9/2026, 3:13:32 p. m.";Cajero;cash-session:closed;CashSession;"{""finalCash"":0,""expectedCash"":100000,""difference"":-100000}"
54424;"4/9/2026, 3:13:32 p. m.";Cajero;cash-session:opened;CashSession;"{""initialCash"":100000}"
54423;"4/9/2026, 3:13:32 p. m.";Cajero;quote:created;Sale;"{""saleNumber"":""COT-2026-0099"",""total"":620033799.5999999,""items"":1}"
54422;"4/9/2026, 3:13:32 p. m.";Cajero;cash-session:closed;CashSession;"{""finalCash"":0,""expectedCash"":100000,""difference"":-100000}"
54421;"4/9/2026, 3:13:32 p. m.";Cajero;cash-session:opened;CashSession;"{""initialCash"":100000}"
54420;"4/9/2026, 3:13:32 p. m.";Cajero;quote:created;Sale;"{""saleNumber"":""COT-2026-0098"",""total"":620033799.5999999,""items"":1}"
54419;"4/9/2026, 3:13:32 p. m.";Cajero;cash-session:closed;CashSession;"{""finalCash"":0,""expectedCash"":100000,""difference"":-100000}"
54418;"4/9/2026, 3:13:32 p. m.";Cajero;cash-session:opened;CashSession;"{""initialCash"":100000}"
54417;"4/9/2026, 3:13:32 p. m.";Cajero;quote:created;Sale;"{""saleNumber"":""COT-2026-0097"",""total"":620033799.5999999,""items"":1}"
54416;"4/9/2026, 3:13:32 p. m.";Cajero;cash-session:closed;CashSession;"{""finalCash"":0,""expectedCash"":100000,""difference"":-100000}"
54415;"4/9/2026, 3:13:32 p. m.";Cajero;cash-session:opened;CashSession;"{""initialCash"":100000}"
54414;"4/9/2026, 3:13:32 p. m.";Cajero;quote:created;Sale;"{""saleNumber"":""COT-2026-0096"",""total"":620033799.5999999,""items"":1}"
54413;"4/9/2026, 3:13:32 p. m.";Cajero;cash-session:closed;CashSession;"{""finalCash"":0,""expectedCash"":100000,""difference"":-100000}"
54412;"4/9/2026, 3:13:32 p. m.";Cajero;cash-session:opened;CashSession;"{""initialCash"":100000}"
54411;"4/9/2026, 3:13:32 p. m.";Cajero;quote:created;Sale;"{""saleNumber"":""COT-2026-0095"",""total"":620033799.5999999,""items"":1}"
54410;"4/9/2026, 3:13:32 p. m.";Cajero;cash-session:closed;CashSession;"{""finalCash"":0,""expectedCash"":100000,""difference"":-100000}"
54409;"4/9/2026, 3:13:32 p. m.";Cajero;cash-session:opened;CashSession;"{""initialCash"":100000}"
54408;"4/9/2026, 3:13:32 p. m.";Cajero;quote:created;Sale;"{""saleNumber"":""COT-2026-0094"",""total"":620033799.5999999,""items"":1}"
54407;"4/9/2026, 3:13:32 p. m.";Cajero;cash-session:closed;CashSession;"{""finalCash"":0,""expectedCash"":100000,""difference"":-100000}"
54406;"4/9/2026, 3:13:32 p. m.";Cajero;cash-session:opened;CashSession;"{""initialCash"":100000}"
54405;"4/9/2026, 3:13:32 p. m.";Cajero;quote:created;Sale;"{""saleNumber"":""COT-2026-0093"",""total"":620033799.5999999,""items"":1}"
54404;"4/9/2026, 3:13:32 p. m.";Cajero;cash-session:closed;CashSession;"{""finalCash"":0,""expectedCash"":100000,""difference"":-100000}"
54403;"4/9/2026, 3:13:32 p. m.";Cajero;cash-session:opened;CashSession;"{""initialCash"":100000}"
54402;"4/9/2026, 3:13:32 p. m.";Cajero;quote:created;Sale;"{""saleNumber"":""COT-2026-0092"",""total"":620033799.5999999,""items"":1}"
54401;"4/9/2026, 3:13:32 p. m.";Cajero;cash-session:closed;CashSession;"{""finalCash"":0,""expectedCash"":100000,""difference"":-100000}"
54400;"4/9/2026, 3:13:32 p. m.";Cajero;cash-session:opened;CashSession;"{""initialCash"":100000}"
54399;"4/9/2026, 3:13:32 p. m.";Cajero;quote:created;Sale;"{""saleNumber"":""COT-2026-0091"",""total"":620033799.5999999,""items"":1}"
54398;"4/9/2026, 3:13:32 p. m.";Cajero;cash-session:closed;CashSession;"{""finalCash"":0,""expectedCash"":100000,""difference"":-100000}"
54397;"4/9/2026, 3:13:32 p. m.";Cajero;cash-session:opened;CashSession;"{""initialCash"":100000}"
54396;"4/9/2026, 3:13:32 p. m.";Cajero;quote:created;Sale;"{""saleNumber"":""COT-2026-0090"",""total"":620033799.5999999,""items"":1}"
54395;"4/9/2026, 3:13:32 p. m.";Cajero;cash-session:closed;CashSession;"{""finalCash"":0,""expectedCash"":100000,""difference"":-100000}"
54394;"4/9/2026, 3:13:32 p. m.";Cajero;cash-session:opened;CashSession;"{""initialCash"":100000}"
54393;"4/9/2026, 3:13:32 p. m.";Cajero;quote:created;Sale;"{""saleNumber"":""COT-2026-0089"",""total"":620033799.5999999,""items"":1}"
54392;"4/9/2026, 3:13:32 p. m.";Cajero;cash-session:closed;CashSession;"{""finalCash"":0,""expectedCash"":100000,""difference"":-100000}"
54391;"4/9/2026, 3:13:32 p. m.";Cajero;cash-session:opened;CashSession;"{""initialCash"":100000}"
54390;"4/9/2026, 3:13:32 p. m.";Cajero;quote:created;Sale;"{""saleNumber"":""COT-2026-0088"",""total"":620033799.5999999,""items"":1}"
54389;"4/9/2026, 3:13:32 p. m.";Cajero;cash-session:closed;CashSession;"{""finalCash"":0,""expectedCash"":100000,""difference"":-100000}"
54388;"4/9/2026, 3:13:32 p. m.";Cajero;cash-session:opened;CashSession;"{""initialCash"":100000}"
54387;"4/9/2026, 3:13:32 p. m.";Cajero;quote:created;Sale;"{""saleNumber"":""COT-2026-0087"",""total"":620033799.5999999,""items"":1}"
54386;"4/9/2026, 3:13:31 p. m.";Cajero;cash-session:closed;CashSession;"{""finalCash"":0,""expectedCash"":100000,""difference"":-100000}"
54385;"4/9/2026, 3:13:31 p. m.";Cajero;cash-session:opened;CashSession;"{""initialCash"":100000}"
54384;"4/9/2026, 3:13:31 p. m.";Cajero;quote:created;Sale;"{""saleNumber"":""COT-2026-0086"",""total"":620033799.5999999,""items"":1}"
54383;"4/9/2026, 3:13:31 p. m.";Cajero;cash-session:closed;CashSession;"{""finalCash"":0,""expectedCash"":100000,""difference"":-100000}"
54382;"4/9/2026, 3:13:31 p. m.";Cajero;cash-session:opened;CashSession;"{""initialCash"":100000}"
54381;"4/9/2026, 3:13:31 p. m.";Cajero;quote:created;Sale;"{""saleNumber"":""COT-2026-0085"",""total"":620033799.5999999,""items"":1}"
54380;"4/9/2026, 3:13:31 p. m.";Cajero;cash-session:closed;CashSession;"{""finalCash"":0,""expectedCash"":100000,""difference"":-100000}"
54379;"4/9/2026, 3:13:31 p. m.";Cajero;cash-session:opened;CashSession;"{""initialCash"":100000}"
54378;"4/9/2026, 3:13:31 p. m.";Cajero;quote:created;Sale;"{""saleNumber"":""COT-2026-0084"",""total"":620033799.5999999,""items"":1}"
54377;"4/9/2026, 3:13:31 p. m.";Cajero;cash-session:closed;CashSession;"{""finalCash"":0,""expectedCash"":100000,""difference"":-100000}"
54376;"4/9/2026, 3:13:31 p. m.";Cajero;cash-session:opened;CashSession;"{""initialCash"":100000}"
54375;"4/9/2026, 3:13:31 p. m.";Cajero;quote:created;Sale;"{""saleNumber"":""COT-2026-0083"",""total"":620033799.5999999,""items"":1}"
54374;"4/9/2026, 3:13:31 p. m.";Cajero;cash-session:closed;CashSession;"{""finalCash"":0,""expectedCash"":100000,""difference"":-100000}"
54373;"4/9/2026, 3:13:31 p. m.";Cajero;cash-session:opened;CashSession;"{""initialCash"":100000}"
54372;"4/9/2026, 3:13:31 p. m.";Cajero;quote:created;Sale;"{""saleNumber"":""COT-2026-0082"",""total"":620033799.5999999,""items"":1}"
54371;"4/9/2026, 3:13:31 p. m.";Cajero;cash-session:closed;CashSession;"{""finalCash"":0,""expectedCash"":100000,""difference"":-100000}"
54370;"4/9/2026, 3:13:31 p. m.";Cajero;cash-session:opened;CashSession;"{""initialCash"":100000}"
54369;"4/9/2026, 3:13:31 p. m.";Cajero;quote:created;Sale;"{""saleNumber"":""COT-2026-0081"",""total"":620033799.5999999,""items"":1}"
54368;"4/9/2026, 3:13:31 p. m.";Cajero;cash-session:closed;CashSession;"{""finalCash"":0,""expectedCash"":100000,""difference"":-100000}"
54367;"4/9/2026, 3:13:31 p. m.";Cajero;cash-session:opened;CashSession;"{""initialCash"":100000}"
54366;"4/9/2026, 3:13:31 p. m.";Cajero;quote:created;Sale;"{""saleNumber"":""COT-2026-0080"",""total"":620033799.5999999,""items"":1}"
54365;"4/9/2026, 3:13:31 p. m.";Cajero;cash-session:closed;CashSession;"{""finalCash"":0,""expectedCash"":100000,""difference"":-100000}"
54364;"4/9/2026, 3:13:31 p. m.";Cajero;cash-session:opened;CashSession;"{""initialCash"":100000}"
54363;"4/9/2026, 3:13:31 p. m.";Cajero;quote:created;Sale;"{""saleNumber"":""COT-2026-0079"",""total"":620033799.5999999,""items"":1}"
54362;"4/9/2026, 3:13:31 p. m.";Cajero;cash-session:closed;CashSession;"{""finalCash"":0,""expectedCash"":100000,""difference"":-100000}"
54361;"4/9/2026, 3:13:31 p. m.";Cajero;cash-session:opened;CashSession;"{""initialCash"":100000}"
54360;"4/9/2026, 3:13:31 p. m.";Cajero;quote:created;Sale;"{""saleNumber"":""COT-2026-0078"",""total"":620033799.5999999,""items"":1}"
54359;"4/9/2026, 3:13:31 p. m.";Cajero;cash-session:closed;CashSession;"{""finalCash"":0,""expectedCash"":100000,""difference"":-100000}"
54358;"4/9/2026, 3:13:31 p. m.";Cajero;cash-session:opened;CashSession;"{""initialCash"":100000}"
54357;"4/9/2026, 3:13:31 p. m.";Cajero;quote:created;Sale;"{""saleNumber"":""COT-2026-0077"",""total"":620033799.5999999,""items"":1}"
54356;"4/9/2026, 3:13:31 p. m.";Cajero;cash-session:closed;CashSession;"{""finalCash"":0,""expectedCash"":100000,""difference"":-100000}"
54355;"4/9/2026, 3:13:31 p. m.";Cajero;cash-session:opened;CashSession;"{""initialCash"":100000}"
54354;"4/9/2026, 3:13:31 p. m.";Cajero;quote:created;Sale;"{""saleNumber"":""COT-2026-0076"",""total"":620033799.5999999,""items"":1}"
54353;"4/9/2026, 3:13:31 p. m.";Cajero;cash-session:closed;CashSession;"{""finalCash"":0,""expectedCash"":100000,""difference"":-100000}"
54352;"4/9/2026, 3:13:31 p. m.";Cajero;cash-session:opened;CashSession;"{""initialCash"":100000}"
54351;"4/9/2026, 3:13:31 p. m.";Cajero;quote:created;Sale;"{""saleNumber"":""COT-2026-0075"",""total"":620033799.5999999,""items"":1}"
54350;"4/9/2026, 3:13:31 p. m.";Cajero;cash-session:closed;CashSession;"{""finalCash"":0,""expectedCash"":100000,""difference"":-100000}"
54349;"4/9/2026, 3:13:31 p. m.";Cajero;cash-session:opened;CashSession;"{""initialCash"":100000}"
54348;"4/9/2026, 3:13:31 p. m.";Cajero;quote:created;Sale;"{""saleNumber"":""COT-2026-0074"",""total"":620033799.5999999,""items"":1}"
54347;"4/9/2026, 3:13:31 p. m.";Cajero;cash-session:closed;CashSession;"{""finalCash"":0,""expectedCash"":100000,""difference"":-100000}"
54346;"4/9/2026, 3:13:31 p. m.";Cajero;cash-session:opened;CashSession;"{""initialCash"":100000}"
54345;"4/9/2026, 3:13:31 p. m.";Cajero;quote:created;Sale;"{""saleNumber"":""COT-2026-0073"",""total"":620033799.5999999,""items"":1}"
54344;"4/9/2026, 3:13:31 p. m.";Cajero;cash-session:closed;CashSession;"{""finalCash"":0,""expectedCash"":100000,""difference"":-100000}"
54343;"4/9/2026, 3:13:31 p. m.";Cajero;cash-session:opened;CashSession;"{""initialCash"":100000}"
54342;"4/9/2026, 3:13:31 p. m.";Cajero;quote:created;Sale;"{""saleNumber"":""COT-2026-0072"",""total"":620033799.5999999,""items"":1}"
54341;"4/9/2026, 3:13:31 p. m.";Cajero;cash-session:closed;CashSession;"{""finalCash"":0,""expectedCash"":100000,""difference"":-100000}"
54340;"4/9/2026, 3:13:31 p. m.";Cajero;cash-session:opened;CashSession;"{""initialCash"":100000}"
54339;"4/9/2026, 3:13:31 p. m.";Cajero;quote:created;Sale;"{""saleNumber"":""COT-2026-0071"",""total"":620033799.5999999,""items"":1}"
54338;"4/9/2026, 3:13:31 p. m.";Cajero;cash-session:closed;CashSession;"{""finalCash"":0,""expectedCash"":100000,""difference"":-100000}"
54337;"4/9/2026, 3:13:31 p. m.";Cajero;cash-session:opened;CashSession;"{""initialCash"":100000}"
54336;"4/9/2026, 3:13:31 p. m.";Cajero;quote:created;Sale;"{""saleNumber"":""COT-2026-0070"",""total"":620033799.5999999,""items"":1}"
54335;"4/9/2026, 3:13:31 p. m.";Cajero;cash-session:closed;CashSession;"{""finalCash"":0,""expectedCash"":100000,""difference"":-100000}"
54334;"4/9/2026, 3:13:31 p. m.";Cajero;cash-session:opened;CashSession;"{""initialCash"":100000}"
54333;"4/9/2026, 3:13:31 p. m.";Cajero;quote:created;Sale;"{""saleNumber"":""COT-2026-0069"",""total"":620033799.5999999,""items"":1}"
54332;"4/9/2026, 3:13:31 p. m.";Cajero;cash-session:closed;CashSession;"{""finalCash"":0,""expectedCash"":100000,""difference"":-100000}"
54331;"4/9/2026, 3:13:31 p. m.";Cajero;cash-session:opened;CashSession;"{""initialCash"":100000}"
54330;"4/9/2026, 3:13:31 p. m.";Cajero;quote:created;Sale;"{""saleNumber"":""COT-2026-0068"",""total"":620033799.5999999,""items"":1}"
54329;"4/9/2026, 3:13:31 p. m.";Cajero;cash-session:closed;CashSession;"{""finalCash"":0,""expectedCash"":100000,""difference"":-100000}"
54328;"4/9/2026, 3:13:31 p. m.";Cajero;cash-session:opened;CashSession;"{""initialCash"":100000}"
54327;"4/9/2026, 3:13:31 p. m.";Cajero;quote:created;Sale;"{""saleNumber"":""COT-2026-0067"",""total"":620033799.5999999,""items"":1}"
54326;"4/9/2026, 3:13:31 p. m.";Cajero;cash-session:closed;CashSession;"{""finalCash"":0,""expectedCash"":100000,""difference"":-100000}"
54325;"4/9/2026, 3:13:30 p. m.";Cajero;cash-session:opened;CashSession;"{""initialCash"":100000}"
54324;"4/9/2026, 3:13:30 p. m.";Cajero;quote:created;Sale;"{""saleNumber"":""COT-2026-0066"",""total"":620033799.5999999,""items"":1}"
54323;"4/9/2026, 3:13:30 p. m.";Cajero;cash-session:closed;CashSession;"{""finalCash"":0,""expectedCash"":100000,""difference"":-100000}"
54322;"4/9/2026, 3:13:30 p. m.";Cajero;cash-session:opened;CashSession;"{""initialCash"":100000}"
54321;"4/9/2026, 3:13:30 p. m.";Cajero;quote:created;Sale;"{""saleNumber"":""COT-2026-0065"",""total"":620033799.5999999,""items"":1}"
54320;"4/9/2026, 3:13:30 p. m.";Cajero;cash-session:closed;CashSession;"{""finalCash"":0,""expectedCash"":100000,""difference"":-100000}"
54319;"4/9/2026, 3:13:30 p. m.";Cajero;cash-session:opened;CashSession;"{""initialCash"":100000}"
54318;"4/9/2026, 3:13:30 p. m.";Cajero;quote:created;Sale;"{""saleNumber"":""COT-2026-0064"",""total"":620033799.5999999,""items"":1}"
54317;"4/9/2026, 3:13:30 p. m.";Cajero;cash-session:closed;CashSession;"{""finalCash"":0,""expectedCash"":100000,""difference"":-100000}"
54316;"4/9/2026, 3:13:30 p. m.";Cajero;cash-session:opened;CashSession;"{""initialCash"":100000}"
54315;"4/9/2026, 3:13:30 p. m.";Cajero;quote:created;Sale;"{""saleNumber"":""COT-2026-0063"",""total"":620033799.5999999,""items"":1}"
54314;"4/9/2026, 3:13:30 p. m.";Cajero;cash-session:closed;CashSession;"{""finalCash"":0,""expectedCash"":100000,""difference"":-100000}"
54313;"4/9/2026, 3:13:30 p. m.";Cajero;cash-session:opened;CashSession;"{""initialCash"":100000}"
54312;"4/9/2026, 3:13:30 p. m.";Cajero;quote:created;Sale;"{""saleNumber"":""COT-2026-0062"",""total"":620033799.5999999,""items"":1}"
54311;"4/9/2026, 3:13:30 p. m.";Cajero;cash-session:closed;CashSession;"{""finalCash"":0,""expectedCash"":100000,""difference"":-100000}"
54310;"4/9/2026, 3:13:30 p. m.";Cajero;cash-session:opened;CashSession;"{""initialCash"":100000}"
54309;"4/9/2026, 3:13:30 p. m.";Cajero;quote:created;Sale;"{""saleNumber"":""COT-2026-0061"",""total"":620033799.5999999,""items"":1}"
54308;"4/9/2026, 3:13:30 p. m.";Cajero;cash-session:closed;CashSession;"{""finalCash"":0,""expectedCash"":100000,""difference"":-100000}"
54307;"4/9/2026, 3:13:30 p. m.";Cajero;cash-session:opened;CashSession;"{""initialCash"":100000}"
54306;"4/9/2026, 3:13:30 p. m.";Cajero;quote:created;Sale;"{""saleNumber"":""COT-2026-0060"",""total"":620033799.5999999,""items"":1}"
54305;"4/9/2026, 3:13:30 p. m.";Cajero;cash-session:closed;CashSession;"{""finalCash"":0,""expectedCash"":100000,""difference"":-100000}"
54304;"4/9/2026, 3:13:30 p. m.";Cajero;cash-session:opened;CashSession;"{""initialCash"":100000}"
54303;"4/9/2026, 3:13:30 p. m.";Cajero;quote:created;Sale;"{""saleNumber"":""COT-2026-0059"",""total"":620033799.5999999,""items"":1}"
54302;"4/9/2026, 3:13:30 p. m.";Cajero;cash-session:closed;CashSession;"{""finalCash"":0,""expectedCash"":100000,""difference"":-100000}"
54301;"4/9/2026, 3:13:30 p. m.";Cajero;cash-session:opened;CashSession;"{""initialCash"":100000}"
54300;"4/9/2026, 3:13:30 p. m.";Cajero;quote:created;Sale;"{""saleNumber"":""COT-2026-0058"",""total"":620033799.5999999,""items"":1}"
54299;"4/9/2026, 3:13:30 p. m.";Cajero;cash-session:closed;CashSession;"{""finalCash"":0,""expectedCash"":100000,""difference"":-100000}"
54298;"4/9/2026, 3:13:30 p. m.";Cajero;cash-session:opened;CashSession;"{""initialCash"":100000}"
54297;"4/9/2026, 3:13:30 p. m.";Cajero;quote:created;Sale;"{""saleNumber"":""COT-2026-0057"",""total"":620033799.5999999,""items"":1}"
54296;"4/9/2026, 3:13:30 p. m.";Cajero;cash-session:closed;CashSession;"{""finalCash"":0,""expectedCash"":100000,""difference"":-100000}"
54295;"4/9/2026, 3:13:30 p. m.";Cajero;cash-session:opened;CashSession;"{""initialCash"":100000}"
54294;"4/9/2026, 3:13:30 p. m.";Cajero;quote:created;Sale;"{""saleNumber"":""COT-2026-0056"",""total"":620033799.5999999,""items"":1}"
54293;"4/9/2026, 3:13:30 p. m.";Cajero;cash-session:closed;CashSession;"{""finalCash"":0,""expectedCash"":100000,""difference"":-100000}"
54292;"4/9/2026, 3:13:30 p. m.";Cajero;cash-session:opened;CashSession;"{""initialCash"":100000}"
54291;"4/9/2026, 3:13:30 p. m.";Cajero;quote:created;Sale;"{""saleNumber"":""COT-2026-0055"",""total"":620033799.5999999,""items"":1}"
54290;"4/9/2026, 3:13:30 p. m.";Cajero;cash-session:closed;CashSession;"{""finalCash"":0,""expectedCash"":100000,""difference"":-100000}"
54289;"4/9/2026, 3:13:30 p. m.";Cajero;cash-session:opened;CashSession;"{""initialCash"":100000}"
54288;"4/9/2026, 3:13:30 p. m.";Cajero;quote:created;Sale;"{""saleNumber"":""COT-2026-0054"",""total"":620033799.5999999,""items"":1}"
54287;"4/9/2026, 3:13:30 p. m.";Cajero;cash-session:closed;CashSession;"{""finalCash"":0,""expectedCash"":100000,""difference"":-100000}"
54286;"4/9/2026, 3:13:30 p. m.";Cajero;cash-session:opened;CashSession;"{""initialCash"":100000}"
54285;"4/9/2026, 3:13:30 p. m.";Cajero;quote:created;Sale;"{""saleNumber"":""COT-2026-0053"",""total"":620033799.5999999,""items"":1}"
54284;"4/9/2026, 3:13:30 p. m.";Cajero;cash-session:closed;CashSession;"{""finalCash"":0,""expectedCash"":100000,""difference"":-100000}"
54283;"4/9/2026, 3:13:30 p. m.";Cajero;cash-session:opened;CashSession;"{""initialCash"":100000}"
54282;"4/9/2026, 3:13:30 p. m.";Cajero;quote:created;Sale;"{""saleNumber"":""COT-2026-0052"",""total"":620033799.5999999,""items"":1}"
54281;"4/9/2026, 3:13:30 p. m.";Cajero;cash-session:closed;CashSession;"{""finalCash"":0,""expectedCash"":100000,""difference"":-100000}"
54280;"4/9/2026, 3:13:30 p. m.";Cajero;cash-session:opened;CashSession;"{""initialCash"":100000}"
54279;"4/9/2026, 3:13:30 p. m.";Cajero;quote:created;Sale;"{""saleNumber"":""COT-2026-0051"",""total"":620033799.5999999,""items"":1}"
54278;"4/9/2026, 3:13:30 p. m.";Cajero;cash-session:closed;CashSession;"{""finalCash"":0,""expectedCash"":100000,""difference"":-100000}"
54277;"4/9/2026, 3:13:30 p. m.";Cajero;cash-session:opened;CashSession;"{""initialCash"":100000}"
54276;"4/9/2026, 3:13:30 p. m.";Cajero;quote:created;Sale;"{""saleNumber"":""COT-2026-0050"",""total"":620033799.5999999,""items"":1}"
54275;"4/9/2026, 3:13:30 p. m.";Cajero;cash-session:closed;CashSession;"{""finalCash"":0,""expectedCash"":100000,""difference"":-100000}"
54274;"4/9/2026, 3:13:30 p. m.";Cajero;cash-session:opened;CashSession;"{""initialCash"":100000}"
54273;"4/9/2026, 3:13:30 p. m.";Cajero;quote:created;Sale;"{""saleNumber"":""COT-2026-0049"",""total"":620033799.5999999,""items"":1}"
54272;"4/9/2026, 3:13:30 p. m.";Cajero;cash-session:closed;CashSession;"{""finalCash"":0,""expectedCash"":100000,""difference"":-100000}"
54271;"4/9/2026, 3:13:30 p. m.";Cajero;cash-session:opened;CashSession;"{""initialCash"":100000}"
54270;"4/9/2026, 3:13:30 p. m.";Cajero;quote:created;Sale;"{""saleNumber"":""COT-2026-0048"",""total"":620033799.5999999,""items"":1}"
54269;"4/9/2026, 3:13:30 p. m.";Cajero;cash-session:closed;CashSession;"{""finalCash"":0,""expectedCash"":100000,""difference"":-100000}"
54268;"4/9/2026, 3:13:30 p. m.";Cajero;cash-session:opened;CashSession;"{""initialCash"":100000}"
54267;"4/9/2026, 3:13:30 p. m.";Cajero;quote:created;Sale;"{""saleNumber"":""COT-2026-0047"",""total"":620033799.5999999,""items"":1}"
54266;"4/9/2026, 3:13:30 p. m.";Cajero;cash-session:closed;CashSession;"{""finalCash"":0,""expectedCash"":100000,""difference"":-100000}"
54265;"4/9/2026, 3:13:30 p. m.";Cajero;cash-session:opened;CashSession;"{""initialCash"":100000}"
54264;"4/9/2026, 3:13:30 p. m.";Cajero;quote:created;Sale;"{""saleNumber"":""COT-2026-0046"",""total"":620033799.5999999,""items"":1}"
54263;"4/9/2026, 3:13:30 p. m.";Cajero;cash-session:closed;CashSession;"{""finalCash"":0,""expectedCash"":100000,""difference"":-100000}"
54262;"4/9/2026, 3:13:30 p. m.";Cajero;cash-session:opened;CashSession;"{""initialCash"":100000}"
54261;"4/9/2026, 3:13:30 p. m.";Cajero;quote:created;Sale;"{""saleNumber"":""COT-2026-0045"",""total"":620033799.5999999,""items"":1}"
54260;"4/9/2026, 3:13:29 p. m.";Cajero;cash-session:closed;CashSession;"{""finalCash"":0,""expectedCash"":100000,""difference"":-100000}"
54259;"4/9/2026, 3:13:29 p. m.";Cajero;cash-session:opened;CashSession;"{""initialCash"":100000}"
54258;"4/9/2026, 3:13:29 p. m.";Cajero;quote:created;Sale;"{""saleNumber"":""COT-2026-0044"",""total"":620033799.5999999,""items"":1}"
54257;"4/9/2026, 3:13:29 p. m.";Cajero;cash-session:closed;CashSession;"{""finalCash"":0,""expectedCash"":100000,""difference"":-100000}"
54256;"4/9/2026, 3:13:29 p. m.";Cajero;cash-session:opened;CashSession;"{""initialCash"":100000}"
54255;"4/9/2026, 3:13:29 p. m.";Cajero;quote:created;Sale;"{""saleNumber"":""COT-2026-0043"",""total"":620033799.5999999,""items"":1}"
54254;"4/9/2026, 3:13:29 p. m.";Cajero;cash-session:closed;CashSession;"{""finalCash"":0,""expectedCash"":100000,""difference"":-100000}"
54253;"4/9/2026, 3:13:29 p. m.";Cajero;cash-session:opened;CashSession;"{""initialCash"":100000}"
54252;"4/9/2026, 3:13:29 p. m.";Cajero;quote:created;Sale;"{""saleNumber"":""COT-2026-0042"",""total"":620033799.5999999,""items"":1}"
54251;"4/9/2026, 3:13:29 p. m.";Cajero;cash-session:closed;CashSession;"{""finalCash"":0,""expectedCash"":100000,""difference"":-100000}"
54250;"4/9/2026, 3:13:29 p. m.";Cajero;cash-session:opened;CashSession;"{""initialCash"":100000}"
54249;"4/9/2026, 3:13:29 p. m.";Cajero;quote:created;Sale;"{""saleNumber"":""COT-2026-0041"",""total"":620033799.5999999,""items"":1}"
54248;"4/9/2026, 3:13:29 p. m.";Cajero;cash-session:closed;CashSession;"{""finalCash"":0,""expectedCash"":100000,""difference"":-100000}"
54247;"4/9/2026, 3:13:29 p. m.";Cajero;cash-session:opened;CashSession;"{""initialCash"":100000}"
54246;"4/9/2026, 3:13:29 p. m.";Cajero;quote:created;Sale;"{""saleNumber"":""COT-2026-0040"",""total"":620033799.5999999,""items"":1}"
54245;"4/9/2026, 3:13:29 p. m.";Cajero;cash-session:closed;CashSession;"{""finalCash"":0,""expectedCash"":100000,""difference"":-100000}"
54244;"4/9/2026, 3:13:29 p. m.";Cajero;cash-session:opened;CashSession;"{""initialCash"":100000}"
54243;"4/9/2026, 3:13:29 p. m.";Cajero;quote:created;Sale;"{""saleNumber"":""COT-2026-0039"",""total"":620033799.5999999,""items"":1}"
54242;"4/9/2026, 3:13:29 p. m.";Cajero;cash-session:closed;CashSession;"{""finalCash"":0,""expectedCash"":100000,""difference"":-100000}"
54241;"4/9/2026, 3:13:29 p. m.";Cajero;cash-session:opened;CashSession;"{""initialCash"":100000}"
54240;"4/9/2026, 3:13:29 p. m.";Cajero;quote:created;Sale;"{""saleNumber"":""COT-2026-0038"",""total"":620033799.5999999,""items"":1}"
54239;"4/9/2026, 3:13:29 p. m.";Cajero;cash-session:closed;CashSession;"{""finalCash"":0,""expectedCash"":100000,""difference"":-100000}"
54238;"4/9/2026, 3:13:29 p. m.";Cajero;cash-session:opened;CashSession;"{""initialCash"":100000}"
54237;"4/9/2026, 3:13:29 p. m.";Cajero;quote:created;Sale;"{""saleNumber"":""COT-2026-0037"",""total"":620033799.5999999,""items"":1}"
54236;"4/9/2026, 3:13:29 p. m.";Cajero;cash-session:closed;CashSession;"{""finalCash"":0,""expectedCash"":100000,""difference"":-100000}"
54235;"4/9/2026, 3:13:29 p. m.";Cajero;cash-session:opened;CashSession;"{""initialCash"":100000}"
54234;"4/9/2026, 3:13:29 p. m.";Cajero;quote:created;Sale;"{""saleNumber"":""COT-2026-0036"",""total"":620033799.5999999,""items"":1}"
54233;"4/9/2026, 3:13:29 p. m.";Cajero;cash-session:closed;CashSession;"{""finalCash"":0,""expectedCash"":100000,""difference"":-100000}"
54232;"4/9/2026, 3:13:29 p. m.";Cajero;cash-session:opened;CashSession;"{""initialCash"":100000}"
54231;"4/9/2026, 3:13:29 p. m.";Cajero;quote:created;Sale;"{""saleNumber"":""COT-2026-0035"",""total"":620033799.5999999,""items"":1}"
54230;"4/9/2026, 3:13:29 p. m.";Cajero;cash-session:closed;CashSession;"{""finalCash"":0,""expectedCash"":100000,""difference"":-100000}"
54229;"4/9/2026, 3:13:29 p. m.";Cajero;cash-session:opened;CashSession;"{""initialCash"":100000}"
54228;"4/9/2026, 3:13:29 p. m.";Cajero;quote:created;Sale;"{""saleNumber"":""COT-2026-0034"",""total"":620033799.5999999,""items"":1}"
54227;"4/9/2026, 3:13:29 p. m.";Cajero;cash-session:closed;CashSession;"{""finalCash"":0,""expectedCash"":100000,""difference"":-100000}"
54226;"4/9/2026, 3:13:29 p. m.";Cajero;cash-session:opened;CashSession;"{""initialCash"":100000}"
54225;"4/9/2026, 3:13:29 p. m.";Cajero;quote:created;Sale;"{""saleNumber"":""COT-2026-0033"",""total"":620033799.5999999,""items"":1}"
54224;"4/9/2026, 3:13:29 p. m.";Cajero;cash-session:closed;CashSession;"{""finalCash"":0,""expectedCash"":100000,""difference"":-100000}"
54223;"4/9/2026, 3:13:29 p. m.";Cajero;cash-session:opened;CashSession;"{""initialCash"":100000}"
54222;"4/9/2026, 3:13:29 p. m.";Cajero;quote:created;Sale;"{""saleNumber"":""COT-2026-0032"",""total"":620033799.5999999,""items"":1}"
54221;"4/9/2026, 3:13:29 p. m.";Cajero;cash-session:closed;CashSession;"{""finalCash"":0,""expectedCash"":100000,""difference"":-100000}"
54220;"4/9/2026, 3:13:29 p. m.";Cajero;cash-session:opened;CashSession;"{""initialCash"":100000}"
54219;"4/9/2026, 3:13:29 p. m.";Cajero;quote:created;Sale;"{""saleNumber"":""COT-2026-0031"",""total"":620033799.5999999,""items"":1}"
54218;"4/9/2026, 3:13:29 p. m.";Cajero;cash-session:closed;CashSession;"{""finalCash"":0,""expectedCash"":100000,""difference"":-100000}"
54217;"4/9/2026, 3:13:29 p. m.";Cajero;cash-session:opened;CashSession;"{""initialCash"":100000}"
54216;"4/9/2026, 3:13:29 p. m.";Cajero;quote:created;Sale;"{""saleNumber"":""COT-2026-0030"",""total"":620033799.5999999,""items"":1}"
54215;"4/9/2026, 3:13:29 p. m.";Cajero;cash-session:closed;CashSession;"{""finalCash"":0,""expectedCash"":100000,""difference"":-100000}"
54214;"4/9/2026, 3:13:29 p. m.";Cajero;cash-session:opened;CashSession;"{""initialCash"":100000}"
54213;"4/9/2026, 3:13:29 p. m.";Cajero;quote:created;Sale;"{""saleNumber"":""COT-2026-0029"",""total"":620033799.5999999,""items"":1}"
54212;"4/9/2026, 3:13:29 p. m.";Cajero;cash-session:closed;CashSession;"{""finalCash"":0,""expectedCash"":100000,""difference"":-100000}"
54211;"4/9/2026, 3:13:29 p. m.";Cajero;cash-session:opened;CashSession;"{""initialCash"":100000}"
54210;"4/9/2026, 3:13:29 p. m.";Cajero;quote:created;Sale;"{""saleNumber"":""COT-2026-0028"",""total"":620033799.5999999,""items"":1}"
54209;"4/9/2026, 3:13:29 p. m.";Cajero;cash-session:closed;CashSession;"{""finalCash"":0,""expectedCash"":100000,""difference"":-100000}"
54208;"4/9/2026, 3:13:29 p. m.";Cajero;cash-session:opened;CashSession;"{""initialCash"":100000}"
54207;"4/9/2026, 3:13:29 p. m.";Cajero;quote:created;Sale;"{""saleNumber"":""COT-2026-0027"",""total"":620033799.5999999,""items"":1}"
54206;"4/9/2026, 3:13:29 p. m.";Cajero;cash-session:closed;CashSession;"{""finalCash"":0,""expectedCash"":100000,""difference"":-100000}"
54205;"4/9/2026, 3:13:29 p. m.";Cajero;cash-session:opened;CashSession;"{""initialCash"":100000}"
54204;"4/9/2026, 3:13:29 p. m.";Cajero;quote:created;Sale;"{""saleNumber"":""COT-2026-0026"",""total"":620033799.5999999,""items"":1}"
54203;"4/9/2026, 3:13:29 p. m.";Cajero;cash-session:closed;CashSession;"{""finalCash"":0,""expectedCash"":100000,""difference"":-100000}"
54202;"4/9/2026, 3:13:29 p. m.";Cajero;cash-session:opened;CashSession;"{""initialCash"":100000}"
54201;"4/9/2026, 3:13:29 p. m.";Cajero;quote:created;Sale;"{""saleNumber"":""COT-2026-0025"",""total"":620033799.5999999,""items"":1}"
54200;"4/9/2026, 3:13:29 p. m.";Cajero;cash-session:closed;CashSession;"{""finalCash"":0,""expectedCash"":100000,""difference"":-100000}"
54199;"4/9/2026, 3:13:29 p. m.";Cajero;cash-session:opened;CashSession;"{""initialCash"":100000}"
54198;"4/9/2026, 3:13:29 p. m.";Cajero;quote:created;Sale;"{""saleNumber"":""COT-2026-0024"",""total"":620033799.5999999,""items"":1}"
54197;"4/9/2026, 3:13:29 p. m.";Cajero;cash-session:closed;CashSession;"{""finalCash"":0,""expectedCash"":100000,""difference"":-100000}"
54196;"4/9/2026, 3:13:29 p. m.";Cajero;cash-session:opened;CashSession;"{""initialCash"":100000}"
54195;"4/9/2026, 3:13:29 p. m.";Cajero;quote:created;Sale;"{""saleNumber"":""COT-2026-0023"",""total"":620033799.5999999,""items"":1}"
54194;"4/9/2026, 3:13:29 p. m.";Cajero;cash-session:closed;CashSession;"{""finalCash"":0,""expectedCash"":100000,""difference"":-100000}"
54193;"4/9/2026, 3:13:28 p. m.";Cajero;cash-session:opened;CashSession;"{""initialCash"":100000}"
54192;"4/9/2026, 3:13:28 p. m.";Cajero;quote:created;Sale;"{""saleNumber"":""COT-2026-0022"",""total"":620033799.5999999,""items"":1}"
54191;"4/9/2026, 3:13:28 p. m.";Cajero;cash-session:closed;CashSession;"{""finalCash"":0,""expectedCash"":100000,""difference"":-100000}"
54190;"4/9/2026, 3:13:28 p. m.";Cajero;cash-session:opened;CashSession;"{""initialCash"":100000}"
54189;"4/9/2026, 3:13:28 p. m.";Cajero;quote:created;Sale;"{""saleNumber"":""COT-2026-0021"",""total"":620033799.5999999,""items"":1}"
54188;"4/9/2026, 3:13:28 p. m.";Cajero;cash-session:closed;CashSession;"{""finalCash"":0,""expectedCash"":100000,""difference"":-100000}"
54187;"4/9/2026, 3:13:28 p. m.";Cajero;cash-session:opened;CashSession;"{""initialCash"":100000}"
54186;"4/9/2026, 3:13:28 p. m.";Cajero;quote:created;Sale;"{""saleNumber"":""COT-2026-0020"",""total"":620033799.5999999,""items"":1}"
54185;"4/9/2026, 3:13:28 p. m.";Cajero;cash-session:closed;CashSession;"{""finalCash"":0,""expectedCash"":100000,""difference"":-100000}"
54184;"4/9/2026, 3:13:28 p. m.";Cajero;cash-session:opened;CashSession;"{""initialCash"":100000}"
54183;"4/9/2026, 3:13:28 p. m.";Cajero;quote:created;Sale;"{""saleNumber"":""COT-2026-0019"",""total"":620033799.5999999,""items"":1}"
54182;"4/9/2026, 3:13:28 p. m.";Cajero;cash-session:closed;CashSession;"{""finalCash"":0,""expectedCash"":100000,""difference"":-100000}"
54181;"4/9/2026, 3:13:28 p. m.";Cajero;cash-session:opened;CashSession;"{""initialCash"":100000}"
54180;"4/9/2026, 3:13:28 p. m.";Cajero;quote:created;Sale;"{""saleNumber"":""COT-2026-0018"",""total"":620033799.5999999,""items"":1}"
54179;"4/9/2026, 3:13:28 p. m.";Cajero;cash-session:closed;CashSession;"{""finalCash"":0,""expectedCash"":100000,""difference"":-100000}"
54178;"4/9/2026, 3:13:28 p. m.";Cajero;cash-session:opened;CashSession;"{""initialCash"":100000}"
54177;"4/9/2026, 3:13:28 p. m.";Cajero;quote:created;Sale;"{""saleNumber"":""COT-2026-0017"",""total"":620033799.5999999,""items"":1}"
54176;"4/9/2026, 3:13:28 p. m.";Cajero;cash-session:closed;CashSession;"{""finalCash"":0,""expectedCash"":100000,""difference"":-100000}"
54175;"4/9/2026, 3:13:28 p. m.";Cajero;cash-session:opened;CashSession;"{""initialCash"":100000}"
54174;"4/9/2026, 3:13:28 p. m.";Cajero;quote:created;Sale;"{""saleNumber"":""COT-2026-0016"",""total"":620033799.5999999,""items"":1}"
54173;"4/9/2026, 3:13:28 p. m.";Cajero;cash-session:closed;CashSession;"{""finalCash"":0,""expectedCash"":100000,""difference"":-100000}"
54172;"4/9/2026, 3:13:28 p. m.";Cajero;cash-session:opened;CashSession;"{""initialCash"":100000}"
54171;"4/9/2026, 3:13:28 p. m.";Cajero;quote:created;Sale;"{""saleNumber"":""COT-2026-0015"",""total"":620033799.5999999,""items"":1}"
54170;"4/9/2026, 3:13:28 p. m.";Cajero;cash-session:closed;CashSession;"{""finalCash"":0,""expectedCash"":100000,""difference"":-100000}"
54169;"4/9/2026, 3:13:28 p. m.";Cajero;cash-session:opened;CashSession;"{""initialCash"":100000}"
54168;"4/9/2026, 3:13:28 p. m.";Cajero;quote:created;Sale;"{""saleNumber"":""COT-2026-0014"",""total"":620033799.5999999,""items"":1}"
54167;"4/9/2026, 3:13:28 p. m.";Cajero;cash-session:closed;CashSession;"{""finalCash"":0,""expectedCash"":100000,""difference"":-100000}"
54166;"4/9/2026, 3:13:28 p. m.";Cajero;cash-session:opened;CashSession;"{""initialCash"":100000}"
54165;"4/9/2026, 3:13:28 p. m.";Cajero;quote:created;Sale;"{""saleNumber"":""COT-2026-0013"",""total"":620033799.5999999,""items"":1}"
54164;"4/9/2026, 3:13:28 p. m.";Cajero;cash-session:closed;CashSession;"{""finalCash"":0,""expectedCash"":100000,""difference"":-100000}"
54163;"4/9/2026, 3:13:28 p. m.";Cajero;cash-session:opened;CashSession;"{""initialCash"":100000}"
54162;"4/9/2026, 3:13:28 p. m.";Cajero;quote:created;Sale;"{""saleNumber"":""COT-2026-0012"",""total"":620033799.5999999,""items"":1}"
54161;"4/9/2026, 3:13:28 p. m.";Cajero;cash-session:closed;CashSession;"{""finalCash"":0,""expectedCash"":100000,""difference"":-100000}"
54160;"4/9/2026, 3:13:28 p. m.";Cajero;cash-session:opened;CashSession;"{""initialCash"":100000}"
54159;"4/9/2026, 3:13:28 p. m.";Cajero;quote:created;Sale;"{""saleNumber"":""COT-2026-0011"",""total"":620033799.5999999,""items"":1}"
54158;"4/9/2026, 3:13:28 p. m.";Cajero;cash-session:closed;CashSession;"{""finalCash"":0,""expectedCash"":100000,""difference"":-100000}"
54157;"4/9/2026, 3:13:28 p. m.";Cajero;cash-session:opened;CashSession;"{""initialCash"":100000}"
54156;"4/9/2026, 3:13:28 p. m.";Cajero;quote:created;Sale;"{""saleNumber"":""COT-2026-0010"",""total"":620033799.5999999,""items"":1}"
54155;"4/9/2026, 3:13:28 p. m.";Cajero;cash-session:closed;CashSession;"{""finalCash"":0,""expectedCash"":100000,""difference"":-100000}"
54154;"4/9/2026, 3:13:28 p. m.";Cajero;cash-session:opened;CashSession;"{""initialCash"":100000}"
54153;"4/9/2026, 3:13:28 p. m.";Cajero;quote:created;Sale;"{""saleNumber"":""COT-2026-0009"",""total"":620033799.5999999,""items"":1}"
54152;"4/9/2026, 3:13:28 p. m.";Cajero;cash-session:closed;CashSession;"{""finalCash"":0,""expectedCash"":100000,""difference"":-100000}"
54151;"4/9/2026, 3:13:28 p. m.";Cajero;cash-session:opened;CashSession;"{""initialCash"":100000}"
54150;"4/9/2026, 3:13:28 p. m.";Cajero;quote:created;Sale;"{""saleNumber"":""COT-2026-0008"",""total"":620033799.5999999,""items"":1}"
54149;"4/9/2026, 3:13:28 p. m.";Cajero;cash-session:closed;CashSession;"{""finalCash"":0,""expectedCash"":100000,""difference"":-100000}"
54148;"4/9/2026, 3:13:28 p. m.";Cajero;cash-session:opened;CashSession;"{""initialCash"":100000}"
54147;"4/9/2026, 3:13:28 p. m.";Cajero;quote:created;Sale;"{""saleNumber"":""COT-2026-0007"",""total"":620033799.5999999,""items"":1}"
54146;"4/9/2026, 3:13:28 p. m.";Cajero;cash-session:closed;CashSession;"{""finalCash"":0,""expectedCash"":100000,""difference"":-100000}"
54145;"4/9/2026, 3:13:28 p. m.";Cajero;cash-session:opened;CashSession;"{""initialCash"":100000}"
54144;"4/9/2026, 3:13:28 p. m.";Cajero;quote:created;Sale;"{""saleNumber"":""COT-2026-0006"",""total"":620033799.5999999,""items"":1}"
54143;"4/9/2026, 3:13:28 p. m.";Cajero;cash-session:closed;CashSession;"{""finalCash"":0,""expectedCash"":100000,""difference"":-100000}"
54142;"4/9/2026, 3:13:28 p. m.";Cajero;cash-session:opened;CashSession;"{""initialCash"":100000}"
54141;"4/9/2026, 3:13:28 p. m.";Cajero;quote:created;Sale;"{""saleNumber"":""COT-2026-0005"",""total"":620033799.5999999,""items"":1}"
54140;"4/9/2026, 3:13:28 p. m.";Cajero;cash-session:closed;CashSession;"{""finalCash"":0,""expectedCash"":100000,""difference"":-100000}"
54139;"4/9/2026, 3:13:28 p. m.";Cajero;cash-session:opened;CashSession;"{""initialCash"":100000}"
54138;"4/9/2026, 3:13:28 p. m.";Cajero;quote:created;Sale;"{""saleNumber"":""COT-2026-0004"",""total"":620033799.5999999,""items"":1}"
54137;"4/9/2026, 3:13:28 p. m.";Cajero;cash-session:closed;CashSession;"{""finalCash"":0,""expectedCash"":100000,""difference"":-100000}"
54136;"4/9/2026, 3:13:28 p. m.";Cajero;cash-session:opened;CashSession;"{""initialCash"":100000}"
54135;"4/9/2026, 3:13:28 p. m.";Cajero;quote:created;Sale;"{""saleNumber"":""COT-2026-0003"",""total"":620033799.5999999,""items"":1}"
54134;"4/9/2026, 3:13:28 p. m.";Cajero;cash-session:closed;CashSession;"{""finalCash"":0,""expectedCash"":100000,""difference"":-100000}"
54133;"4/9/2026, 3:13:28 p. m.";Cajero;cash-session:opened;CashSession;"{""initialCash"":100000}"
54132;"4/9/2026, 3:13:28 p. m.";Cajero;quote:created;Sale;"{""saleNumber"":""COT-2026-0002"",""total"":620033799.5999999,""items"":1}"
54131;"4/9/2026, 3:13:28 p. m.";Cajero;cash-session:closed;CashSession;"{""finalCash"":0,""expectedCash"":100000,""difference"":-100000}"
54130;"4/9/2026, 3:13:28 p. m.";Cajero;cash-session:opened;CashSession;"{""initialCash"":100000}"
54129;"4/9/2026, 3:13:28 p. m.";Cajero;quote:created;Sale;"{""saleNumber"":""COT-2026-0001"",""total"":620033799.5999999,""items"":1}"
54128;"4/9/2026, 3:13:27 p. m.";Cajero;cash-session:closed;CashSession;"{""finalCash"":0,""expectedCash"":101616.82,""difference"":-101616.82}"
54127;"4/9/2026, 3:13:27 p. m.";Cajero;quote:converted;Sale;"{""saleNumber"":""V-2026-7700"",""wasQuote"":""COT-2026-0001""}"
54126;"4/9/2026, 3:13:27 p. m.";Cajero;cash-session:opened;CashSession;"{""initialCash"":100000}"
54125;"4/9/2026, 3:13:27 p. m.";Cajero;quote:created;Sale;"{""saleNumber"":""COT-2026-0001"",""total"":1616.82,""items"":1}"
54124;"4/9/2026, 3:13:27 p. m.";Cajero;cash-session:closed;CashSession;"{""finalCash"":0,""expectedCash"":164529.87,""difference"":-164529.87}"
54123;"4/9/2026, 3:13:27 p. m.";Cajero;quote:converted;Sale;"{""saleNumber"":""V-2026-7699"",""wasQuote"":""COT-2026-0001""}"
54122;"4/9/2026, 3:13:27 p. m.";Cajero;cash-session:opened;CashSession;"{""initialCash"":100000}"
54121;"4/9/2026, 3:13:27 p. m.";Cajero;quote:created;Sale;"{""saleNumber"":""COT-2026-0001"",""total"":64529.87,""items"":1}"
54120;"4/9/2026, 3:13:27 p. m.";Cajero;cash-session:closed;CashSession;"{""finalCash"":0,""expectedCash"":112034.76,""difference"":-112034.76}"
54119;"4/9/2026, 3:13:27 p. m.";Cajero;quote:converted;Sale;"{""saleNumber"":""V-2026-7698"",""wasQuote"":""COT-2026-0001""}"
54118;"4/9/2026, 3:13:27 p. m.";Cajero;cash-session:opened;CashSession;"{""initialCash"":100000}"
54117;"4/9/2026, 3:13:27 p. m.";Cajero;quote:created;Sale;"{""saleNumber"":""COT-2026-0001"",""total"":12034.76,""items"":1}"
54116;"4/9/2026, 3:13:27 p. m.";Cajero;cash-session:closed;CashSession;"{""finalCash"":0,""expectedCash"":103543.22,""difference"":-103543.22}"
54115;"4/9/2026, 3:13:27 p. m.";Cajero;quote:converted;Sale;"{""saleNumber"":""V-2026-7697"",""wasQuote"":""COT-2026-0001""}"
54114;"4/9/2026, 3:13:27 p. m.";Cajero;cash-session:opened;CashSession;"{""initialCash"":100000}"
54113;"4/9/2026, 3:13:27 p. m.";Cajero;quote:created;Sale;"{""saleNumber"":""COT-2026-0001"",""total"":3543.22,""items"":1}"
54112;"4/9/2026, 3:13:27 p. m.";Cajero;cash-session:closed;CashSession;"{""finalCash"":0,""expectedCash"":101318.46,""difference"":-101318.46}"
54111;"4/9/2026, 3:13:27 p. m.";Cajero;quote:converted;Sale;"{""saleNumber"":""V-2026-7696"",""wasQuote"":""COT-2026-0001""}"
54110;"4/9/2026, 3:13:27 p. m.";Cajero;cash-session:opened;CashSession;"{""initialCash"":100000}"
54109;"4/9/2026, 3:13:27 p. m.";Cajero;quote:created;Sale;"{""saleNumber"":""COT-2026-0001"",""total"":1318.46,""items"":1}"
54108;"4/9/2026, 3:13:27 p. m.";Cajero;cash-session:closed;CashSession;"{""finalCash"":0,""expectedCash"":121434.16,""difference"":-121434.16}"
54107;"4/9/2026, 3:13:27 p. m.";Cajero;quote:converted;Sale;"{""saleNumber"":""V-2026-7695"",""wasQuote"":""COT-2026-0001""}"
54106;"4/9/2026, 3:13:27 p. m.";Cajero;cash-session:opened;CashSession;"{""initialCash"":100000}"
54105;"4/9/2026, 3:13:27 p. m.";Cajero;quote:created;Sale;"{""saleNumber"":""COT-2026-0001"",""total"":21434.16,""items"":1}"
54104;"4/9/2026, 3:13:27 p. m.";Cajero;cash-session:closed;CashSession;"{""finalCash"":0,""expectedCash"":132769.88,""difference"":-132769.88}"
54103;"4/9/2026, 3:13:27 p. m.";Cajero;quote:converted;Sale;"{""saleNumber"":""V-2026-7694"",""wasQuote"":""COT-2026-0001""}"
54102;"4/9/2026, 3:13:27 p. m.";Cajero;cash-session:opened;CashSession;"{""initialCash"":100000}"
54101;"4/9/2026, 3:13:27 p. m.";Cajero;quote:created;Sale;"{""saleNumber"":""COT-2026-0001"",""total"":32769.88,""items"":1}"
54100;"4/9/2026, 3:13:27 p. m.";Cajero;cash-session:closed;CashSession;"{""finalCash"":0,""expectedCash"":132622.34,""difference"":-132622.34}"
54099;"4/9/2026, 3:13:27 p. m.";Cajero;quote:converted;Sale;"{""saleNumber"":""V-2026-7693"",""wasQuote"":""COT-2026-0001""}"
54098;"4/9/2026, 3:13:27 p. m.";Cajero;cash-session:opened;CashSession;"{""initialCash"":100000}"
54097;"4/9/2026, 3:13:27 p. m.";Cajero;quote:created;Sale;"{""saleNumber"":""COT-2026-0001"",""total"":32622.34,""items"":1}"
54096;"4/9/2026, 3:13:27 p. m.";Cajero;cash-session:closed;CashSession;"{""finalCash"":0,""expectedCash"":120183.42,""difference"":-120183.42}"
54095;"4/9/2026, 3:13:27 p. m.";Cajero;quote:converted;Sale;"{""saleNumber"":""V-2026-7692"",""wasQuote"":""COT-2026-0001""}"
54094;"4/9/2026, 3:13:27 p. m.";Cajero;cash-session:opened;CashSession;"{""initialCash"":100000}"
54093;"4/9/2026, 3:13:27 p. m.";Cajero;quote:created;Sale;"{""saleNumber"":""COT-2026-0001"",""total"":20183.42,""items"":1}"
54092;"4/9/2026, 3:13:27 p. m.";Cajero;cash-session:closed;CashSession;"{""finalCash"":0,""expectedCash"":192363.9,""difference"":-192363.9}"
54091;"4/9/2026, 3:13:27 p. m.";Cajero;quote:converted;Sale;"{""saleNumber"":""V-2026-7691"",""wasQuote"":""COT-2026-0001""}"
54090;"4/9/2026, 3:13:27 p. m.";Cajero;cash-session:opened;CashSession;"{""initialCash"":100000}"
54089;"4/9/2026, 3:13:27 p. m.";Cajero;quote:created;Sale;"{""saleNumber"":""COT-2026-0001"",""total"":92363.9,""items"":1}"
54088;"4/9/2026, 3:13:27 p. m.";Cajero;cash-session:closed;CashSession;"{""finalCash"":0,""expectedCash"":127251.72,""difference"":-127251.72}"
54087;"4/9/2026, 3:13:27 p. m.";Cajero;quote:converted;Sale;"{""saleNumber"":""V-2026-7690"",""wasQuote"":""COT-2026-0001""}"
54086;"4/9/2026, 3:13:27 p. m.";Cajero;cash-session:opened;CashSession;"{""initialCash"":100000}"
54085;"4/9/2026, 3:13:27 p. m.";Cajero;quote:created;Sale;"{""saleNumber"":""COT-2026-0001"",""total"":27251.72,""items"":1}"
54084;"4/9/2026, 3:13:27 p. m.";Cajero;cash-session:closed;CashSession;"{""finalCash"":0,""expectedCash"":186990.52000000002,""difference"":-186990.52000000002}"
54083;"4/9/2026, 3:13:27 p. m.";Cajero;quote:converted;Sale;"{""saleNumber"":""V-2026-7689"",""wasQuote"":""COT-2026-0001""}"
54082;"4/9/2026, 3:13:27 p. m.";Cajero;cash-session:opened;CashSession;"{""initialCash"":100000}"
54081;"4/9/2026, 3:13:27 p. m.";Cajero;quote:created;Sale;"{""saleNumber"":""COT-2026-0001"",""total"":86990.52,""items"":1}"
54080;"4/9/2026, 3:13:27 p. m.";Cajero;cash-session:closed;CashSession;"{""finalCash"":0,""expectedCash"":117901.77,""difference"":-117901.77}"
54079;"4/9/2026, 3:13:27 p. m.";Cajero;quote:converted;Sale;"{""saleNumber"":""V-2026-7688"",""wasQuote"":""COT-2026-0001""}"
54078;"4/9/2026, 3:13:27 p. m.";Cajero;cash-session:opened;CashSession;"{""initialCash"":100000}"
54077;"4/9/2026, 3:13:27 p. m.";Cajero;quote:created;Sale;"{""saleNumber"":""COT-2026-0001"",""total"":17901.77,""items"":1}"
54076;"4/9/2026, 3:13:27 p. m.";Cajero;cash-session:closed;CashSession;"{""finalCash"":0,""expectedCash"":137273.01,""difference"":-137273.01}"
54075;"4/9/2026, 3:13:27 p. m.";Cajero;quote:converted;Sale;"{""saleNumber"":""V-2026-7687"",""wasQuote"":""COT-2026-0001""}"
54074;"4/9/2026, 3:13:27 p. m.";Cajero;cash-session:opened;CashSession;"{""initialCash"":100000}"
54073;"4/9/2026, 3:13:27 p. m.";Cajero;quote:created;Sale;"{""saleNumber"":""COT-2026-0001"",""total"":37273.01,""items"":1}"
54072;"4/9/2026, 3:13:27 p. m.";Cajero;cash-session:closed;CashSession;"{""finalCash"":0,""expectedCash"":121861.83,""difference"":-121861.83}"
54071;"4/9/2026, 3:13:27 p. m.";Cajero;quote:converted;Sale;"{""saleNumber"":""V-2026-7686"",""wasQuote"":""COT-2026-0001""}"
54070;"4/9/2026, 3:13:27 p. m.";Cajero;cash-session:opened;CashSession;"{""initialCash"":100000}"
54069;"4/9/2026, 3:13:27 p. m.";Cajero;quote:created;Sale;"{""saleNumber"":""COT-2026-0001"",""total"":21861.83,""items"":1}"
54068;"4/9/2026, 3:13:27 p. m.";Cajero;cash-session:closed;CashSession;"{""finalCash"":0,""expectedCash"":100304.63,""difference"":-100304.63}"
54067;"4/9/2026, 3:13:27 p. m.";Cajero;quote:converted;Sale;"{""saleNumber"":""V-2026-7685"",""wasQuote"":""COT-2026-0001""}"
54066;"4/9/2026, 3:13:27 p. m.";Cajero;cash-session:opened;CashSession;"{""initialCash"":100000}"
54065;"4/9/2026, 3:13:27 p. m.";Cajero;quote:created;Sale;"{""saleNumber"":""COT-2026-0001"",""total"":304.63,""items"":1}"
54064;"4/9/2026, 3:13:27 p. m.";Cajero;cash-session:closed;CashSession;"{""finalCash"":0,""expectedCash"":148952.68,""difference"":-148952.68}"
54063;"4/9/2026, 3:13:27 p. m.";Cajero;quote:converted;Sale;"{""saleNumber"":""V-2026-7684"",""wasQuote"":""COT-2026-0001""}"
54062;"4/9/2026, 3:13:27 p. m.";Cajero;cash-session:opened;CashSession;"{""initialCash"":100000}"
54061;"4/9/2026, 3:13:27 p. m.";Cajero;quote:created;Sale;"{""saleNumber"":""COT-2026-0001"",""total"":48952.68,""items"":1}"
54060;"4/9/2026, 3:13:27 p. m.";Cajero;cash-session:closed;CashSession;"{""finalCash"":0,""expectedCash"":142652.95,""difference"":-142652.95}"
54059;"4/9/2026, 3:13:27 p. m.";Cajero;quote:converted;Sale;"{""saleNumber"":""V-2026-7683"",""wasQuote"":""COT-2026-0001""}"
54058;"4/9/2026, 3:13:27 p. m.";Cajero;cash-session:opened;CashSession;"{""initialCash"":100000}"
54057;"4/9/2026, 3:13:27 p. m.";Cajero;quote:created;Sale;"{""saleNumber"":""COT-2026-0001"",""total"":42652.95,""items"":1}"
54056;"4/9/2026, 3:13:27 p. m.";Cajero;cash-session:closed;CashSession;"{""finalCash"":0,""expectedCash"":138546.91999999998,""difference"":-138546.91999999998}"
54055;"4/9/2026, 3:13:27 p. m.";Cajero;quote:converted;Sale;"{""saleNumber"":""V-2026-7682"",""wasQuote"":""COT-2026-0001""}"
54054;"4/9/2026, 3:13:27 p. m.";Cajero;cash-session:opened;CashSession;"{""initialCash"":100000}"
54053;"4/9/2026, 3:13:27 p. m.";Cajero;quote:created;Sale;"{""saleNumber"":""COT-2026-0001"",""total"":38546.92,""items"":1}"
54052;"4/9/2026, 3:13:27 p. m.";Cajero;cash-session:closed;CashSession;"{""finalCash"":0,""expectedCash"":134858.01,""difference"":-134858.01}"
54051;"4/9/2026, 3:13:27 p. m.";Cajero;quote:converted;Sale;"{""saleNumber"":""V-2026-7681"",""wasQuote"":""COT-2026-0001""}"
54050;"4/9/2026, 3:13:27 p. m.";Cajero;cash-session:opened;CashSession;"{""initialCash"":100000}"
54049;"4/9/2026, 3:13:27 p. m.";Cajero;quote:created;Sale;"{""saleNumber"":""COT-2026-0001"",""total"":34858.01,""items"":1}"
54048;"4/9/2026, 3:13:27 p. m.";Cajero;cash-session:closed;CashSession;"{""finalCash"":0,""expectedCash"":138885.03,""difference"":-138885.03}"
54047;"4/9/2026, 3:13:27 p. m.";Cajero;quote:converted;Sale;"{""saleNumber"":""V-2026-7680"",""wasQuote"":""COT-2026-0001""}"
54046;"4/9/2026, 3:13:27 p. m.";Cajero;cash-session:opened;CashSession;"{""initialCash"":100000}"
54045;"4/9/2026, 3:13:27 p. m.";Cajero;quote:created;Sale;"{""saleNumber"":""COT-2026-0001"",""total"":38885.03,""items"":1}"
54044;"4/9/2026, 3:13:27 p. m.";Cajero;cash-session:closed;CashSession;"{""finalCash"":0,""expectedCash"":121137.53,""difference"":-121137.53}"
54043;"4/9/2026, 3:13:27 p. m.";Cajero;quote:converted;Sale;"{""saleNumber"":""V-2026-7679"",""wasQuote"":""COT-2026-0001""}"
54042;"4/9/2026, 3:13:27 p. m.";Cajero;cash-session:opened;CashSession;"{""initialCash"":100000}"
54041;"4/9/2026, 3:13:27 p. m.";Cajero;quote:created;Sale;"{""saleNumber"":""COT-2026-0001"",""total"":21137.53,""items"":1}"
54040;"4/9/2026, 3:13:27 p. m.";Cajero;cash-session:closed;CashSession;"{""finalCash"":0,""expectedCash"":140361.68,""difference"":-140361.68}"
54039;"4/9/2026, 3:13:27 p. m.";Cajero;quote:converted;Sale;"{""saleNumber"":""V-2026-7678"",""wasQuote"":""COT-2026-0001""}"
54038;"4/9/2026, 3:13:27 p. m.";Cajero;cash-session:opened;CashSession;"{""initialCash"":100000}"
54037;"4/9/2026, 3:13:27 p. m.";Cajero;quote:created;Sale;"{""saleNumber"":""COT-2026-0001"",""total"":40361.68,""items"":1}"
54036;"4/9/2026, 3:13:27 p. m.";Cajero;cash-session:closed;CashSession;"{""finalCash"":0,""expectedCash"":168922.02000000002,""difference"":-168922.02000000002}"
54035;"4/9/2026, 3:13:27 p. m.";Cajero;quote:converted;Sale;"{""saleNumber"":""V-2026-7677"",""wasQuote"":""COT-2026-0001""}"
54034;"4/9/2026, 3:13:27 p. m.";Cajero;cash-session:opened;CashSession;"{""initialCash"":100000}"
54033;"4/9/2026, 3:13:27 p. m.";Cajero;quote:created;Sale;"{""saleNumber"":""COT-2026-0001"",""total"":68922.02,""items"":1}"
54032;"4/9/2026, 3:13:27 p. m.";Cajero;cash-session:closed;CashSession;"{""finalCash"":0,""expectedCash"":131172.11,""difference"":-131172.11}"
54031;"4/9/2026, 3:13:27 p. m.";Cajero;quote:converted;Sale;"{""saleNumber"":""V-2026-7676"",""wasQuote"":""COT-2026-0001""}"
54030;"4/9/2026, 3:13:27 p. m.";Cajero;cash-session:opened;CashSession;"{""initialCash"":100000}"
54029;"4/9/2026, 3:13:27 p. m.";Cajero;quote:created;Sale;"{""saleNumber"":""COT-2026-0001"",""total"":31172.11,""items"":1}"
54028;"4/9/2026, 3:13:27 p. m.";Cajero;cash-session:closed;CashSession;"{""finalCash"":0,""expectedCash"":130806.45,""difference"":-130806.45}"
54027;"4/9/2026, 3:13:27 p. m.";Cajero;quote:converted;Sale;"{""saleNumber"":""V-2026-7675"",""wasQuote"":""COT-2026-0001""}"
54026;"4/9/2026, 3:13:27 p. m.";Cajero;cash-session:opened;CashSession;"{""initialCash"":100000}"
54025;"4/9/2026, 3:13:27 p. m.";Cajero;quote:created;Sale;"{""saleNumber"":""COT-2026-0001"",""total"":30806.45,""items"":1}"
54024;"4/9/2026, 3:13:27 p. m.";Cajero;cash-session:closed;CashSession;"{""finalCash"":0,""expectedCash"":138097.99,""difference"":-138097.99}"
54023;"4/9/2026, 3:13:27 p. m.";Cajero;quote:converted;Sale;"{""saleNumber"":""V-2026-7674"",""wasQuote"":""COT-2026-0001""}"
54022;"4/9/2026, 3:13:27 p. m.";Cajero;cash-session:opened;CashSession;"{""initialCash"":100000}"
54021;"4/9/2026, 3:13:27 p. m.";Cajero;quote:created;Sale;"{""saleNumber"":""COT-2026-0001"",""total"":38097.99,""items"":1}"
54020;"4/9/2026, 3:13:27 p. m.";Cajero;cash-session:closed;CashSession;"{""finalCash"":0,""expectedCash"":153465.97,""difference"":-153465.97}"
54019;"4/9/2026, 3:13:27 p. m.";Cajero;quote:converted;Sale;"{""saleNumber"":""V-2026-7673"",""wasQuote"":""COT-2026-0001""}"
54018;"4/9/2026, 3:13:27 p. m.";Cajero;cash-session:opened;CashSession;"{""initialCash"":100000}"
54017;"4/9/2026, 3:13:27 p. m.";Cajero;quote:created;Sale;"{""saleNumber"":""COT-2026-0001"",""total"":53465.97,""items"":1}"
54016;"4/9/2026, 3:13:27 p. m.";Cajero;cash-session:closed;CashSession;"{""finalCash"":0,""expectedCash"":135161.48,""difference"":-135161.48}"
54015;"4/9/2026, 3:13:27 p. m.";Cajero;quote:converted;Sale;"{""saleNumber"":""V-2026-7672"",""wasQuote"":""COT-2026-0001""}"
54014;"4/9/2026, 3:13:27 p. m.";Cajero;cash-session:opened;CashSession;"{""initialCash"":100000}"
54013;"4/9/2026, 3:13:27 p. m.";Cajero;quote:created;Sale;"{""saleNumber"":""COT-2026-0001"",""total"":35161.48,""items"":1}"
54012;"4/9/2026, 3:13:27 p. m.";Cajero;cash-session:closed;CashSession;"{""finalCash"":0,""expectedCash"":106893.04,""difference"":-106893.04}"
54011;"4/9/2026, 3:13:27 p. m.";Cajero;quote:converted;Sale;"{""saleNumber"":""V-2026-7671"",""wasQuote"":""COT-2026-0001""}"
54010;"4/9/2026, 3:13:27 p. m.";Cajero;cash-session:opened;CashSession;"{""initialCash"":100000}"
54009;"4/9/2026, 3:13:27 p. m.";Cajero;quote:created;Sale;"{""saleNumber"":""COT-2026-0001"",""total"":6893.04,""items"":1}"
54008;"4/9/2026, 3:13:27 p. m.";Cajero;cash-session:closed;CashSession;"{""finalCash"":0,""expectedCash"":160407.35,""difference"":-160407.35}"
54007;"4/9/2026, 3:13:27 p. m.";Cajero;quote:converted;Sale;"{""saleNumber"":""V-2026-7670"",""wasQuote"":""COT-2026-0001""}"
54006;"4/9/2026, 3:13:27 p. m.";Cajero;cash-session:opened;CashSession;"{""initialCash"":100000}"
54005;"4/9/2026, 3:13:27 p. m.";Cajero;quote:created;Sale;"{""saleNumber"":""COT-2026-0001"",""total"":60407.35,""items"":1}"
54004;"4/9/2026, 3:13:27 p. m.";Cajero;cash-session:closed;CashSession;"{""finalCash"":0,""expectedCash"":188695.12,""difference"":-188695.12}"
54003;"4/9/2026, 3:13:27 p. m.";Cajero;quote:converted;Sale;"{""saleNumber"":""V-2026-7669"",""wasQuote"":""COT-2026-0001""}"
54002;"4/9/2026, 3:13:27 p. m.";Cajero;cash-session:opened;CashSession;"{""initialCash"":100000}"
54001;"4/9/2026, 3:13:27 p. m.";Cajero;quote:created;Sale;"{""saleNumber"":""COT-2026-0001"",""total"":88695.12,""items"":1}"
54000;"4/9/2026, 3:13:27 p. m.";Cajero;cash-session:closed;CashSession;"{""finalCash"":0,""expectedCash"":152961.89,""difference"":-152961.89}"
53999;"4/9/2026, 3:13:27 p. m.";Cajero;quote:converted;Sale;"{""saleNumber"":""V-2026-7668"",""wasQuote"":""COT-2026-0001""}"
53998;"4/9/2026, 3:13:27 p. m.";Cajero;cash-session:opened;CashSession;"{""initialCash"":100000}"
53997;"4/9/2026, 3:13:27 p. m.";Cajero;quote:created;Sale;"{""saleNumber"":""COT-2026-0001"",""total"":52961.89,""items"":1}"
53996;"4/9/2026, 3:13:27 p. m.";Cajero;cash-session:closed;CashSession;"{""finalCash"":0,""expectedCash"":154820.84,""difference"":-154820.84}"
53995;"4/9/2026, 3:13:27 p. m.";Cajero;quote:converted;Sale;"{""saleNumber"":""V-2026-7667"",""wasQuote"":""COT-2026-0001""}"
53994;"4/9/2026, 3:13:27 p. m.";Cajero;cash-session:opened;CashSession;"{""initialCash"":100000}"
53993;"4/9/2026, 3:13:27 p. m.";Cajero;quote:created;Sale;"{""saleNumber"":""COT-2026-0001"",""total"":54820.84,""items"":1}"
53992;"4/9/2026, 3:13:27 p. m.";Cajero;cash-session:closed;CashSession;"{""finalCash"":0,""expectedCash"":120203.5,""difference"":-120203.5}"
53991;"4/9/2026, 3:13:27 p. m.";Cajero;quote:converted;Sale;"{""saleNumber"":""V-2026-7666"",""wasQuote"":""COT-2026-0001""}"
53990;"4/9/2026, 3:13:27 p. m.";Cajero;cash-session:opened;CashSession;"{""initialCash"":100000}"
53989;"4/9/2026, 3:13:27 p. m.";Cajero;quote:created;Sale;"{""saleNumber"":""COT-2026-0001"",""total"":20203.5,""items"":1}"
53988;"4/9/2026, 3:13:27 p. m.";Cajero;cash-session:closed;CashSession;"{""finalCash"":0,""expectedCash"":116935.20999999999,""difference"":-116935.20999999999}"
53987;"4/9/2026, 3:13:27 p. m.";Cajero;quote:converted;Sale;"{""saleNumber"":""V-2026-7665"",""wasQuote"":""COT-2026-0001""}"
53986;"4/9/2026, 3:13:27 p. m.";Cajero;cash-session:opened;CashSession;"{""initialCash"":100000}"
53985;"4/9/2026, 3:13:27 p. m.";Cajero;quote:created;Sale;"{""saleNumber"":""COT-2026-0001"",""total"":16935.21,""items"":1}"
53984;"4/9/2026, 3:13:27 p. m.";Cajero;cash-session:closed;CashSession;"{""finalCash"":0,""expectedCash"":144680.77,""difference"":-144680.77}"
53983;"4/9/2026, 3:13:27 p. m.";Cajero;quote:converted;Sale;"{""saleNumber"":""V-2026-7664"",""wasQuote"":""COT-2026-0001""}"
53982;"4/9/2026, 3:13:27 p. m.";Cajero;cash-session:opened;CashSession;"{""initialCash"":100000}"
53981;"4/9/2026, 3:13:27 p. m.";Cajero;quote:created;Sale;"{""saleNumber"":""COT-2026-0001"",""total"":44680.77,""items"":1}"
53980;"4/9/2026, 3:13:27 p. m.";Cajero;cash-session:closed;CashSession;"{""finalCash"":0,""expectedCash"":135112.55,""difference"":-135112.55}"
53979;"4/9/2026, 3:13:27 p. m.";Cajero;quote:converted;Sale;"{""saleNumber"":""V-2026-7663"",""wasQuote"":""COT-2026-0001""}"
53978;"4/9/2026, 3:13:27 p. m.";Cajero;cash-session:opened;CashSession;"{""initialCash"":100000}"
53977;"4/9/2026, 3:13:27 p. m.";Cajero;quote:created;Sale;"{""saleNumber"":""COT-2026-0001"",""total"":35112.55,""items"":1}"
53976;"4/9/2026, 3:13:27 p. m.";Cajero;cash-session:closed;CashSession;"{""finalCash"":0,""expectedCash"":130832.22,""difference"":-130832.22}"
53975;"4/9/2026, 3:13:27 p. m.";Cajero;quote:converted;Sale;"{""saleNumber"":""V-2026-7662"",""wasQuote"":""COT-2026-0001""}"
53974;"4/9/2026, 3:13:27 p. m.";Cajero;cash-session:opened;CashSession;"{""initialCash"":100000}"
53973;"4/9/2026, 3:13:27 p. m.";Cajero;quote:created;Sale;"{""saleNumber"":""COT-2026-0001"",""total"":30832.22,""items"":1}"
53972;"4/9/2026, 3:13:27 p. m.";Cajero;cash-session:closed;CashSession;"{""finalCash"":0,""expectedCash"":145306.86,""difference"":-145306.86}"
53971;"4/9/2026, 3:13:27 p. m.";Cajero;quote:converted;Sale;"{""saleNumber"":""V-2026-7661"",""wasQuote"":""COT-2026-0001""}"
53970;"4/9/2026, 3:13:27 p. m.";Cajero;cash-session:opened;CashSession;"{""initialCash"":100000}"
53969;"4/9/2026, 3:13:27 p. m.";Cajero;quote:created;Sale;"{""saleNumber"":""COT-2026-0001"",""total"":45306.86,""items"":1}"
53968;"4/9/2026, 3:13:27 p. m.";Cajero;cash-session:closed;CashSession;"{""finalCash"":0,""expectedCash"":135767.34,""difference"":-135767.34}"
53967;"4/9/2026, 3:13:27 p. m.";Cajero;quote:converted;Sale;"{""saleNumber"":""V-2026-7660"",""wasQuote"":""COT-2026-0001""}"
53966;"4/9/2026, 3:13:27 p. m.";Cajero;cash-session:opened;CashSession;"{""initialCash"":100000}"
53965;"4/9/2026, 3:13:27 p. m.";Cajero;quote:created;Sale;"{""saleNumber"":""COT-2026-0001"",""total"":35767.34,""items"":1}"
53964;"4/9/2026, 3:13:27 p. m.";Cajero;cash-session:closed;CashSession;"{""finalCash"":0,""expectedCash"":146262.27,""difference"":-146262.27}"
53963;"4/9/2026, 3:13:27 p. m.";Cajero;quote:converted;Sale;"{""saleNumber"":""V-2026-7659"",""wasQuote"":""COT-2026-0001""}"
53962;"4/9/2026, 3:13:27 p. m.";Cajero;cash-session:opened;CashSession;"{""initialCash"":100000}"
53961;"4/9/2026, 3:13:27 p. m.";Cajero;quote:created;Sale;"{""saleNumber"":""COT-2026-0001"",""total"":46262.27,""items"":1}"
53960;"4/9/2026, 3:13:27 p. m.";Cajero;cash-session:closed;CashSession;"{""finalCash"":0,""expectedCash"":117848.76,""difference"":-117848.76}"
53959;"4/9/2026, 3:13:27 p. m.";Cajero;quote:converted;Sale;"{""saleNumber"":""V-2026-7658"",""wasQuote"":""COT-2026-0001""}"
53958;"4/9/2026, 3:13:27 p. m.";Cajero;cash-session:opened;CashSession;"{""initialCash"":100000}"
53957;"4/9/2026, 3:13:27 p. m.";Cajero;quote:created;Sale;"{""saleNumber"":""COT-2026-0001"",""total"":17848.76,""items"":1}"
53956;"4/9/2026, 3:13:27 p. m.";Cajero;cash-session:closed;CashSession;"{""finalCash"":0,""expectedCash"":164132.37,""difference"":-164132.37}"
53955;"4/9/2026, 3:13:27 p. m.";Cajero;quote:converted;Sale;"{""saleNumber"":""V-2026-7657"",""wasQuote"":""COT-2026-0001""}"
53954;"4/9/2026, 3:13:27 p. m.";Cajero;cash-session:opened;CashSession;"{""initialCash"":100000}"
53953;"4/9/2026, 3:13:27 p. m.";Cajero;quote:created;Sale;"{""saleNumber"":""COT-2026-0001"",""total"":64132.37,""items"":1}"
53952;"4/9/2026, 3:13:27 p. m.";Cajero;cash-session:closed;CashSession;"{""finalCash"":0,""expectedCash"":122398.22,""difference"":-122398.22}"
53951;"4/9/2026, 3:13:27 p. m.";Cajero;quote:converted;Sale;"{""saleNumber"":""V-2026-7656"",""wasQuote"":""COT-2026-0001""}"
53950;"4/9/2026, 3:13:27 p. m.";Cajero;cash-session:opened;CashSession;"{""initialCash"":100000}"
53949;"4/9/2026, 3:13:27 p. m.";Cajero;quote:created;Sale;"{""saleNumber"":""COT-2026-0001"",""total"":22398.22,""items"":1}"
53948;"4/9/2026, 3:13:27 p. m.";Cajero;cash-session:closed;CashSession;"{""finalCash"":0,""expectedCash"":121174.8,""difference"":-121174.8}"
53947;"4/9/2026, 3:13:27 p. m.";Cajero;quote:converted;Sale;"{""saleNumber"":""V-2026-7655"",""wasQuote"":""COT-2026-0001""}"
53946;"4/9/2026, 3:13:27 p. m.";Cajero;cash-session:opened;CashSession;"{""initialCash"":100000}"
53945;"4/9/2026, 3:13:27 p. m.";Cajero;quote:created;Sale;"{""saleNumber"":""COT-2026-0001"",""total"":21174.8,""items"":1}"
53944;"4/9/2026, 3:13:27 p. m.";Cajero;cash-session:closed;CashSession;"{""finalCash"":0,""expectedCash"":144370.99,""difference"":-144370.99}"
53943;"4/9/2026, 3:13:27 p. m.";Cajero;quote:converted;Sale;"{""saleNumber"":""V-2026-7654"",""wasQuote"":""COT-2026-0001""}"
53942;"4/9/2026, 3:13:27 p. m.";Cajero;cash-session:opened;CashSession;"{""initialCash"":100000}"
53941;"4/9/2026, 3:13:27 p. m.";Cajero;quote:created;Sale;"{""saleNumber"":""COT-2026-0001"",""total"":44370.99,""items"":1}"
53940;"4/9/2026, 3:13:27 p. m.";Cajero;cash-session:closed;CashSession;"{""finalCash"":0,""expectedCash"":199151.85,""difference"":-199151.85}"
53939;"4/9/2026, 3:13:27 p. m.";Cajero;quote:converted;Sale;"{""saleNumber"":""V-2026-7653"",""wasQuote"":""COT-2026-0001""}"
53938;"4/9/2026, 3:13:27 p. m.";Cajero;cash-session:opened;CashSession;"{""initialCash"":100000}"
53937;"4/9/2026, 3:13:27 p. m.";Cajero;quote:created;Sale;"{""saleNumber"":""COT-2026-0001"",""total"":99151.85,""items"":1}"
53936;"4/9/2026, 3:13:27 p. m.";Cajero;cash-session:closed;CashSession;"{""finalCash"":0,""expectedCash"":119134.7,""difference"":-119134.7}"
53935;"4/9/2026, 3:13:27 p. m.";Cajero;quote:converted;Sale;"{""saleNumber"":""V-2026-7652"",""wasQuote"":""COT-2026-0001""}"
53934;"4/9/2026, 3:13:27 p. m.";Cajero;cash-session:opened;CashSession;"{""initialCash"":100000}"
53933;"4/9/2026, 3:13:27 p. m.";Cajero;quote:created;Sale;"{""saleNumber"":""COT-2026-0001"",""total"":19134.7,""items"":1}"
53932;"4/9/2026, 3:13:27 p. m.";Cajero;cash-session:closed;CashSession;"{""finalCash"":0,""expectedCash"":133579.45,""difference"":-133579.45}"
53931;"4/9/2026, 3:13:27 p. m.";Cajero;quote:converted;Sale;"{""saleNumber"":""V-2026-7651"",""wasQuote"":""COT-2026-0001""}"
53930;"4/9/2026, 3:13:27 p. m.";Cajero;cash-session:opened;CashSession;"{""initialCash"":100000}"
53929;"4/9/2026, 3:13:27 p. m.";Cajero;quote:created;Sale;"{""saleNumber"":""COT-2026-0001"",""total"":33579.45,""items"":1}"
53928;"4/9/2026, 3:13:27 p. m.";Cajero;cash-session:closed;CashSession;"{""finalCash"":0,""expectedCash"":110072,""difference"":-110072}"
53927;"4/9/2026, 3:13:27 p. m.";Cajero;quote:converted;Sale;"{""saleNumber"":""V-2026-7650"",""wasQuote"":""COT-2026-0001""}"
53926;"4/9/2026, 3:13:27 p. m.";Cajero;cash-session:opened;CashSession;"{""initialCash"":100000}"
53925;"4/9/2026, 3:13:27 p. m.";Cajero;quote:created;Sale;"{""saleNumber"":""COT-2026-0001"",""total"":10072,""items"":1}"
53924;"4/9/2026, 3:13:27 p. m.";Cajero;cash-session:closed;CashSession;"{""finalCash"":0,""expectedCash"":148377.68,""difference"":-148377.68}"
53923;"4/9/2026, 3:13:27 p. m.";Cajero;quote:converted;Sale;"{""saleNumber"":""V-2026-7649"",""wasQuote"":""COT-2026-0001""}"
53922;"4/9/2026, 3:13:27 p. m.";Cajero;cash-session:opened;CashSession;"{""initialCash"":100000}"
53921;"4/9/2026, 3:13:27 p. m.";Cajero;quote:created;Sale;"{""saleNumber"":""COT-2026-0001"",""total"":48377.68,""items"":1}"
53920;"4/9/2026, 3:13:27 p. m.";Cajero;cash-session:closed;CashSession;"{""finalCash"":0,""expectedCash"":109378.27,""difference"":-109378.27}"
53919;"4/9/2026, 3:13:27 p. m.";Cajero;quote:converted;Sale;"{""saleNumber"":""V-2026-7648"",""wasQuote"":""COT-2026-0001""}"
53918;"4/9/2026, 3:13:27 p. m.";Cajero;cash-session:opened;CashSession;"{""initialCash"":100000}"
53917;"4/9/2026, 3:13:27 p. m.";Cajero;quote:created;Sale;"{""saleNumber"":""COT-2026-0001"",""total"":9378.27,""items"":1}"
53916;"4/9/2026, 3:13:27 p. m.";Cajero;cash-session:closed;CashSession;"{""finalCash"":0,""expectedCash"":132188.22,""difference"":-132188.22}"
53915;"4/9/2026, 3:13:27 p. m.";Cajero;quote:converted;Sale;"{""saleNumber"":""V-2026-7647"",""wasQuote"":""COT-2026-0001""}"
53914;"4/9/2026, 3:13:27 p. m.";Cajero;cash-session:opened;CashSession;"{""initialCash"":100000}"
53913;"4/9/2026, 3:13:27 p. m.";Cajero;quote:created;Sale;"{""saleNumber"":""COT-2026-0001"",""total"":32188.22,""items"":1}"
53912;"4/9/2026, 3:13:27 p. m.";Cajero;cash-session:closed;CashSession;"{""finalCash"":0,""expectedCash"":111873.14,""difference"":-111873.14}"
53911;"4/9/2026, 3:13:27 p. m.";Cajero;quote:converted;Sale;"{""saleNumber"":""V-2026-7646"",""wasQuote"":""COT-2026-0001""}"
53910;"4/9/2026, 3:13:27 p. m.";Cajero;cash-session:opened;CashSession;"{""initialCash"":100000}"
53909;"4/9/2026, 3:13:27 p. m.";Cajero;quote:created;Sale;"{""saleNumber"":""COT-2026-0001"",""total"":11873.14,""items"":1}"
53908;"4/9/2026, 3:13:27 p. m.";Cajero;cash-session:closed;CashSession;"{""finalCash"":0,""expectedCash"":114140.55,""difference"":-114140.55}"
53907;"4/9/2026, 3:13:27 p. m.";Cajero;quote:converted;Sale;"{""saleNumber"":""V-2026-7645"",""wasQuote"":""COT-2026-0001""}"
53906;"4/9/2026, 3:13:27 p. m.";Cajero;cash-session:opened;CashSession;"{""initialCash"":100000}"
53905;"4/9/2026, 3:13:27 p. m.";Cajero;quote:created;Sale;"{""saleNumber"":""COT-2026-0001"",""total"":14140.55,""items"":1}"
53904;"4/9/2026, 3:13:27 p. m.";Cajero;cash-session:closed;CashSession;"{""finalCash"":0,""expectedCash"":137453.91999999998,""difference"":-137453.91999999998}"
53903;"4/9/2026, 3:13:27 p. m.";Cajero;quote:converted;Sale;"{""saleNumber"":""V-2026-7644"",""wasQuote"":""COT-2026-0001""}"
53902;"4/9/2026, 3:13:27 p. m.";Cajero;cash-session:opened;CashSession;"{""initialCash"":100000}"
53901;"4/9/2026, 3:13:27 p. m.";Cajero;quote:created;Sale;"{""saleNumber"":""COT-2026-0001"",""total"":37453.92,""items"":1}"
53900;"4/9/2026, 3:13:27 p. m.";Cajero;cash-session:closed;CashSession;"{""finalCash"":0,""expectedCash"":146067.97,""difference"":-146067.97}"
53899;"4/9/2026, 3:13:27 p. m.";Cajero;quote:converted;Sale;"{""saleNumber"":""V-2026-7643"",""wasQuote"":""COT-2026-0001""}"
53898;"4/9/2026, 3:13:27 p. m.";Cajero;cash-session:opened;CashSession;"{""initialCash"":100000}"
53897;"4/9/2026, 3:13:27 p. m.";Cajero;quote:created;Sale;"{""saleNumber"":""COT-2026-0001"",""total"":46067.97,""items"":1}"
53896;"4/9/2026, 3:13:27 p. m.";Cajero;cash-session:closed;CashSession;"{""finalCash"":0,""expectedCash"":165238.27,""difference"":-165238.27}"
53895;"4/9/2026, 3:13:27 p. m.";Cajero;quote:converted;Sale;"{""saleNumber"":""V-2026-7642"",""wasQuote"":""COT-2026-0001""}"
53894;"4/9/2026, 3:13:27 p. m.";Cajero;cash-session:opened;CashSession;"{""initialCash"":100000}"
53893;"4/9/2026, 3:13:27 p. m.";Cajero;quote:created;Sale;"{""saleNumber"":""COT-2026-0001"",""total"":65238.27,""items"":1}"
53892;"4/9/2026, 3:13:27 p. m.";Cajero;cash-session:closed;CashSession;"{""finalCash"":0,""expectedCash"":123853.99,""difference"":-123853.99}"
53891;"4/9/2026, 3:13:27 p. m.";Cajero;quote:converted;Sale;"{""saleNumber"":""V-2026-7641"",""wasQuote"":""COT-2026-0001""}"
53890;"4/9/2026, 3:13:27 p. m.";Cajero;cash-session:opened;CashSession;"{""initialCash"":100000}"
53889;"4/9/2026, 3:13:27 p. m.";Cajero;quote:created;Sale;"{""saleNumber"":""COT-2026-0001"",""total"":23853.99,""items"":1}"
53888;"4/9/2026, 3:13:26 p. m.";Cajero;cash-session:closed;CashSession;"{""finalCash"":0,""expectedCash"":107172.06,""difference"":-107172.06}"
53887;"4/9/2026, 3:13:26 p. m.";Cajero;quote:converted;Sale;"{""saleNumber"":""V-2026-7640"",""wasQuote"":""COT-2026-0001""}"
53886;"4/9/2026, 3:13:26 p. m.";Cajero;cash-session:opened;CashSession;"{""initialCash"":100000}"
53885;"4/9/2026, 3:13:26 p. m.";Cajero;quote:created;Sale;"{""saleNumber"":""COT-2026-0001"",""total"":7172.06,""items"":1}"
53884;"4/9/2026, 3:13:26 p. m.";Cajero;cash-session:closed;CashSession;"{""finalCash"":0,""expectedCash"":107849.53,""difference"":-107849.53}"
53883;"4/9/2026, 3:13:26 p. m.";Cajero;quote:converted;Sale;"{""saleNumber"":""V-2026-7639"",""wasQuote"":""COT-2026-0001""}"
53882;"4/9/2026, 3:13:26 p. m.";Cajero;cash-session:opened;CashSession;"{""initialCash"":100000}"
53881;"4/9/2026, 3:13:26 p. m.";Cajero;quote:created;Sale;"{""saleNumber"":""COT-2026-0001"",""total"":7849.53,""items"":1}"
53880;"4/9/2026, 3:13:26 p. m.";Cajero;cash-session:closed;CashSession;"{""finalCash"":0,""expectedCash"":131656.98,""difference"":-131656.98}"
53879;"4/9/2026, 3:13:26 p. m.";Cajero;quote:converted;Sale;"{""saleNumber"":""V-2026-7638"",""wasQuote"":""COT-2026-0001""}"
53878;"4/9/2026, 3:13:26 p. m.";Cajero;cash-session:opened;CashSession;"{""initialCash"":100000}"
53877;"4/9/2026, 3:13:26 p. m.";Cajero;quote:created;Sale;"{""saleNumber"":""COT-2026-0001"",""total"":31656.98,""items"":1}"
53876;"4/9/2026, 3:13:26 p. m.";Cajero;cash-session:closed;CashSession;"{""finalCash"":0,""expectedCash"":138885.03,""difference"":-138885.03}"
53875;"4/9/2026, 3:13:26 p. m.";Cajero;quote:converted;Sale;"{""saleNumber"":""V-2026-7637"",""wasQuote"":""COT-2026-0001""}"
53874;"4/9/2026, 3:13:26 p. m.";Cajero;cash-session:opened;CashSession;"{""initialCash"":100000}"
53873;"4/9/2026, 3:13:26 p. m.";Cajero;quote:created;Sale;"{""saleNumber"":""COT-2026-0001"",""total"":38885.03,""items"":1}"
53872;"4/9/2026, 3:13:26 p. m.";Cajero;cash-session:closed;CashSession;"{""finalCash"":0,""expectedCash"":149183.74,""difference"":-149183.74}"
53871;"4/9/2026, 3:13:26 p. m.";Cajero;quote:converted;Sale;"{""saleNumber"":""V-2026-7636"",""wasQuote"":""COT-2026-0001""}"
53870;"4/9/2026, 3:13:26 p. m.";Cajero;cash-session:opened;CashSession;"{""initialCash"":100000}"
53869;"4/9/2026, 3:13:26 p. m.";Cajero;quote:created;Sale;"{""saleNumber"":""COT-2026-0001"",""total"":49183.74,""items"":1}"
53868;"4/9/2026, 3:13:26 p. m.";Cajero;cash-session:closed;CashSession;"{""finalCash"":0,""expectedCash"":130146.3,""difference"":-130146.3}"
53867;"4/9/2026, 3:13:26 p. m.";Cajero;quote:converted;Sale;"{""saleNumber"":""V-2026-7635"",""wasQuote"":""COT-2026-0001""}"
53866;"4/9/2026, 3:13:26 p. m.";Cajero;cash-session:opened;CashSession;"{""initialCash"":100000}"
53865;"4/9/2026, 3:13:26 p. m.";Cajero;quote:created;Sale;"{""saleNumber"":""COT-2026-0001"",""total"":30146.3,""items"":1}"
53864;"4/9/2026, 3:13:26 p. m.";Cajero;cash-session:closed;CashSession;"{""finalCash"":0,""expectedCash"":183680.25,""difference"":-183680.25}"
53863;"4/9/2026, 3:13:26 p. m.";Cajero;quote:converted;Sale;"{""saleNumber"":""V-2026-7634"",""wasQuote"":""COT-2026-0001""}"
53862;"4/9/2026, 3:13:26 p. m.";Cajero;cash-session:opened;CashSession;"{""initialCash"":100000}"
53861;"4/9/2026, 3:13:26 p. m.";Cajero;quote:created;Sale;"{""saleNumber"":""COT-2026-0001"",""total"":83680.25,""items"":1}"
53860;"4/9/2026, 3:13:26 p. m.";Cajero;cash-session:closed;CashSession;"{""finalCash"":0,""expectedCash"":144373.41,""difference"":-144373.41}"
53859;"4/9/2026, 3:13:26 p. m.";Cajero;quote:converted;Sale;"{""saleNumber"":""V-2026-7633"",""wasQuote"":""COT-2026-0001""}"
53858;"4/9/2026, 3:13:26 p. m.";Cajero;cash-session:opened;CashSession;"{""initialCash"":100000}"
53857;"4/9/2026, 3:13:26 p. m.";Cajero;quote:created;Sale;"{""saleNumber"":""COT-2026-0001"",""total"":44373.41,""items"":1}"
53856;"4/9/2026, 3:13:26 p. m.";Cajero;cash-session:closed;CashSession;"{""finalCash"":0,""expectedCash"":119899.24,""difference"":-119899.24}"
53855;"4/9/2026, 3:13:26 p. m.";Cajero;quote:converted;Sale;"{""saleNumber"":""V-2026-7632"",""wasQuote"":""COT-2026-0001""}"
53854;"4/9/2026, 3:13:26 p. m.";Cajero;cash-session:opened;CashSession;"{""initialCash"":100000}"
53853;"4/9/2026, 3:13:26 p. m.";Cajero;quote:created;Sale;"{""saleNumber"":""COT-2026-0001"",""total"":19899.24,""items"":1}"
53852;"4/9/2026, 3:13:26 p. m.";Cajero;cash-session:closed;CashSession;"{""finalCash"":0,""expectedCash"":143144.77,""difference"":-143144.77}"
53851;"4/9/2026, 3:13:26 p. m.";Cajero;quote:converted;Sale;"{""saleNumber"":""V-2026-7631"",""wasQuote"":""COT-2026-0001""}"
53850;"4/9/2026, 3:13:26 p. m.";Cajero;cash-session:opened;CashSession;"{""initialCash"":100000}"
53849;"4/9/2026, 3:13:26 p. m.";Cajero;quote:created;Sale;"{""saleNumber"":""COT-2026-0001"",""total"":43144.77,""items"":1}"
53848;"4/9/2026, 3:13:26 p. m.";Cajero;cash-session:closed;CashSession;"{""finalCash"":0,""expectedCash"":136765.28,""difference"":-136765.28}"
53847;"4/9/2026, 3:13:26 p. m.";Cajero;quote:converted;Sale;"{""saleNumber"":""V-2026-7630"",""wasQuote"":""COT-2026-0001""}"
53846;"4/9/2026, 3:13:26 p. m.";Cajero;cash-session:opened;CashSession;"{""initialCash"":100000}"
53845;"4/9/2026, 3:13:26 p. m.";Cajero;quote:created;Sale;"{""saleNumber"":""COT-2026-0001"",""total"":36765.28,""items"":1}"
53844;"4/9/2026, 3:13:26 p. m.";Cajero;cash-session:closed;CashSession;"{""finalCash"":0,""expectedCash"":118888.26,""difference"":-118888.26}"
53843;"4/9/2026, 3:13:26 p. m.";Cajero;quote:converted;Sale;"{""saleNumber"":""V-2026-7629"",""wasQuote"":""COT-2026-0001""}"
53842;"4/9/2026, 3:13:26 p. m.";Cajero;cash-session:opened;CashSession;"{""initialCash"":100000}"
53841;"4/9/2026, 3:13:26 p. m.";Cajero;quote:created;Sale;"{""saleNumber"":""COT-2026-0001"",""total"":18888.26,""items"":1}"
53840;"4/9/2026, 3:13:26 p. m.";Cajero;cash-session:closed;CashSession;"{""finalCash"":0,""expectedCash"":132191.41999999998,""difference"":-132191.41999999998}"
53839;"4/9/2026, 3:13:26 p. m.";Cajero;quote:converted;Sale;"{""saleNumber"":""V-2026-7628"",""wasQuote"":""COT-2026-0001""}"
53838;"4/9/2026, 3:13:26 p. m.";Cajero;cash-session:opened;CashSession;"{""initialCash"":100000}"
53837;"4/9/2026, 3:13:26 p. m.";Cajero;quote:created;Sale;"{""saleNumber"":""COT-2026-0001"",""total"":32191.42,""items"":1}"
53836;"4/9/2026, 3:13:26 p. m.";Cajero;cash-session:closed;CashSession;"{""finalCash"":0,""expectedCash"":184876.03,""difference"":-184876.03}"
53835;"4/9/2026, 3:13:26 p. m.";Cajero;quote:converted;Sale;"{""saleNumber"":""V-2026-7627"",""wasQuote"":""COT-2026-0001""}"
53834;"4/9/2026, 3:13:26 p. m.";Cajero;cash-session:opened;CashSession;"{""initialCash"":100000}"
53833;"4/9/2026, 3:13:26 p. m.";Cajero;quote:created;Sale;"{""saleNumber"":""COT-2026-0001"",""total"":84876.03,""items"":1}"
53832;"4/9/2026, 3:13:26 p. m.";Cajero;cash-session:closed;CashSession;"{""finalCash"":0,""expectedCash"":117154.5,""difference"":-117154.5}"
53831;"4/9/2026, 3:13:26 p. m.";Cajero;quote:converted;Sale;"{""saleNumber"":""V-2026-7626"",""wasQuote"":""COT-2026-0001""}"
53830;"4/9/2026, 3:13:26 p. m.";Cajero;cash-session:opened;CashSession;"{""initialCash"":100000}"
53829;"4/9/2026, 3:13:26 p. m.";Cajero;quote:created;Sale;"{""saleNumber"":""COT-2026-0001"",""total"":17154.5,""items"":1}"
53828;"4/9/2026, 3:13:26 p. m.";Cajero;cash-session:closed;CashSession;"{""finalCash"":0,""expectedCash"":102274.29,""difference"":-102274.29}"
53827;"4/9/2026, 3:13:26 p. m.";Cajero;quote:converted;Sale;"{""saleNumber"":""V-2026-7625"",""wasQuote"":""COT-2026-0001""}"
53826;"4/9/2026, 3:13:26 p. m.";Cajero;cash-session:opened;CashSession;"{""initialCash"":100000}"
53825;"4/9/2026, 3:13:26 p. m.";Cajero;quote:created;Sale;"{""saleNumber"":""COT-2026-0001"",""total"":2274.29,""items"":1}"
53824;"4/9/2026, 3:13:26 p. m.";Cajero;cash-session:closed;CashSession;"{""finalCash"":0,""expectedCash"":129031.18,""difference"":-129031.18}"
53823;"4/9/2026, 3:13:26 p. m.";Cajero;quote:converted;Sale;"{""saleNumber"":""V-2026-7624"",""wasQuote"":""COT-2026-0001""}"
53822;"4/9/2026, 3:13:26 p. m.";Cajero;cash-session:opened;CashSession;"{""initialCash"":100000}"
53821;"4/9/2026, 3:13:26 p. m.";Cajero;quote:created;Sale;"{""saleNumber"":""COT-2026-0001"",""total"":29031.18,""items"":1}"
53820;"4/9/2026, 3:13:26 p. m.";Cajero;cash-session:closed;CashSession;"{""finalCash"":0,""expectedCash"":124789.6,""difference"":-124789.6}"
53819;"4/9/2026, 3:13:26 p. m.";Cajero;quote:converted;Sale;"{""saleNumber"":""V-2026-7623"",""wasQuote"":""COT-2026-0001""}"
53818;"4/9/2026, 3:13:26 p. m.";Cajero;cash-session:opened;CashSession;"{""initialCash"":100000}"
53817;"4/9/2026, 3:13:26 p. m.";Cajero;quote:created;Sale;"{""saleNumber"":""COT-2026-0001"",""total"":24789.6,""items"":1}"
53816;"4/9/2026, 3:13:26 p. m.";Cajero;cash-session:closed;CashSession;"{""finalCash"":0,""expectedCash"":126581.95,""difference"":-126581.95}"
53815;"4/9/2026, 3:13:26 p. m.";Cajero;quote:converted;Sale;"{""saleNumber"":""V-2026-7622"",""wasQuote"":""COT-2026-0001""}"
53814;"4/9/2026, 3:13:26 p. m.";Cajero;cash-session:opened;CashSession;"{""initialCash"":100000}"
53813;"4/9/2026, 3:13:26 p. m.";Cajero;quote:created;Sale;"{""saleNumber"":""COT-2026-0001"",""total"":26581.95,""items"":1}"
53812;"4/9/2026, 3:13:26 p. m.";Cajero;cash-session:closed;CashSession;"{""finalCash"":0,""expectedCash"":148728.29,""difference"":-148728.29}"
53811;"4/9/2026, 3:13:26 p. m.";Cajero;quote:converted;Sale;"{""saleNumber"":""V-2026-7621"",""wasQuote"":""COT-2026-0001""}"
53810;"4/9/2026, 3:13:26 p. m.";Cajero;cash-session:opened;CashSession;"{""initialCash"":100000}"
53809;"4/9/2026, 3:13:26 p. m.";Cajero;quote:created;Sale;"{""saleNumber"":""COT-2026-0001"",""total"":48728.29,""items"":1}"
53808;"4/9/2026, 3:13:26 p. m.";Cajero;cash-session:closed;CashSession;"{""finalCash"":0,""expectedCash"":151168.37,""difference"":-151168.37}"
53807;"4/9/2026, 3:13:26 p. m.";Cajero;quote:converted;Sale;"{""saleNumber"":""V-2026-7620"",""wasQuote"":""COT-2026-0001""}"
53806;"4/9/2026, 3:13:26 p. m.";Cajero;cash-session:opened;CashSession;"{""initialCash"":100000}"
53805;"4/9/2026, 3:13:26 p. m.";Cajero;quote:created;Sale;"{""saleNumber"":""COT-2026-0001"",""total"":51168.37,""items"":1}"
53804;"4/9/2026, 3:13:26 p. m.";Cajero;cash-session:closed;CashSession;"{""finalCash"":0,""expectedCash"":165277.29,""difference"":-165277.29}"
53803;"4/9/2026, 3:13:26 p. m.";Cajero;quote:converted;Sale;"{""saleNumber"":""V-2026-7619"",""wasQuote"":""COT-2026-0001""}"
53802;"4/9/2026, 3:13:26 p. m.";Cajero;cash-session:opened;CashSession;"{""initialCash"":100000}"
53801;"4/9/2026, 3:13:26 p. m.";Cajero;quote:created;Sale;"{""saleNumber"":""COT-2026-0001"",""total"":65277.29,""items"":1}"
53800;"4/9/2026, 3:13:26 p. m.";Cajero;cash-session:closed;CashSession;"{""finalCash"":0,""expectedCash"":108015.54,""difference"":-108015.54}"
53799;"4/9/2026, 3:13:26 p. m.";Cajero;quote:converted;Sale;"{""saleNumber"":""V-2026-7618"",""wasQuote"":""COT-2026-0001""}"
53798;"4/9/2026, 3:13:26 p. m.";Cajero;cash-session:opened;CashSession;"{""initialCash"":100000}"
53797;"4/9/2026, 3:13:26 p. m.";Cajero;quote:created;Sale;"{""saleNumber"":""COT-2026-0001"",""total"":8015.54,""items"":1}"
53796;"4/9/2026, 3:13:26 p. m.";Cajero;cash-session:closed;CashSession;"{""finalCash"":0,""expectedCash"":124129.73,""difference"":-124129.73}"
53795;"4/9/2026, 3:13:26 p. m.";Cajero;quote:converted;Sale;"{""saleNumber"":""V-2026-7617"",""wasQuote"":""COT-2026-0001""}"
53794;"4/9/2026, 3:13:26 p. m.";Cajero;cash-session:opened;CashSession;"{""initialCash"":100000}"
53793;"4/9/2026, 3:13:26 p. m.";Cajero;quote:created;Sale;"{""saleNumber"":""COT-2026-0001"",""total"":24129.73,""items"":1}"
53792;"4/9/2026, 3:13:26 p. m.";Cajero;cash-session:closed;CashSession;"{""finalCash"":0,""expectedCash"":121269.84,""difference"":-121269.84}"
53791;"4/9/2026, 3:13:26 p. m.";Cajero;quote:converted;Sale;"{""saleNumber"":""V-2026-7616"",""wasQuote"":""COT-2026-0001""}"
53790;"4/9/2026, 3:13:26 p. m.";Cajero;cash-session:opened;CashSession;"{""initialCash"":100000}"
53789;"4/9/2026, 3:13:26 p. m.";Cajero;quote:created;Sale;"{""saleNumber"":""COT-2026-0001"",""total"":21269.84,""items"":1}"
53788;"4/9/2026, 3:13:26 p. m.";Cajero;cash-session:closed;CashSession;"{""finalCash"":0,""expectedCash"":101597.33,""difference"":-101597.33}"
53787;"4/9/2026, 3:13:26 p. m.";Cajero;quote:converted;Sale;"{""saleNumber"":""V-2026-7615"",""wasQuote"":""COT-2026-0001""}"
53786;"4/9/2026, 3:13:26 p. m.";Cajero;cash-session:opened;CashSession;"{""initialCash"":100000}"
53785;"4/9/2026, 3:13:26 p. m.";Cajero;quote:created;Sale;"{""saleNumber"":""COT-2026-0001"",""total"":1597.33,""items"":1}"
53784;"4/9/2026, 3:13:26 p. m.";Cajero;cash-session:closed;CashSession;"{""finalCash"":0,""expectedCash"":146818.72,""difference"":-146818.72}"
53783;"4/9/2026, 3:13:26 p. m.";Cajero;quote:converted;Sale;"{""saleNumber"":""V-2026-7614"",""wasQuote"":""COT-2026-0001""}"
53782;"4/9/2026, 3:13:26 p. m.";Cajero;cash-session:opened;CashSession;"{""initialCash"":100000}"
53781;"4/9/2026, 3:13:26 p. m.";Cajero;quote:created;Sale;"{""saleNumber"":""COT-2026-0001"",""total"":46818.72,""items"":1}"
53780;"4/9/2026, 3:13:26 p. m.";Cajero;cash-session:closed;CashSession;"{""finalCash"":0,""expectedCash"":148436.09,""difference"":-148436.09}"
53779;"4/9/2026, 3:13:26 p. m.";Cajero;quote:converted;Sale;"{""saleNumber"":""V-2026-7613"",""wasQuote"":""COT-2026-0001""}"
53778;"4/9/2026, 3:13:26 p. m.";Cajero;cash-session:opened;CashSession;"{""initialCash"":100000}"
53777;"4/9/2026, 3:13:26 p. m.";Cajero;quote:created;Sale;"{""saleNumber"":""COT-2026-0001"",""total"":48436.09,""items"":1}"
53776;"4/9/2026, 3:13:26 p. m.";Cajero;cash-session:closed;CashSession;"{""finalCash"":0,""expectedCash"":182896.49,""difference"":-182896.49}"
53775;"4/9/2026, 3:13:26 p. m.";Cajero;quote:converted;Sale;"{""saleNumber"":""V-2026-7612"",""wasQuote"":""COT-2026-0001""}"
53774;"4/9/2026, 3:13:26 p. m.";Cajero;cash-session:opened;CashSession;"{""initialCash"":100000}"
53773;"4/9/2026, 3:13:26 p. m.";Cajero;quote:created;Sale;"{""saleNumber"":""COT-2026-0001"",""total"":82896.49,""items"":1}"
53772;"4/9/2026, 3:13:26 p. m.";Cajero;cash-session:closed;CashSession;"{""finalCash"":0,""expectedCash"":121807.1,""difference"":-121807.1}"
53771;"4/9/2026, 3:13:26 p. m.";Cajero;quote:converted;Sale;"{""saleNumber"":""V-2026-7611"",""wasQuote"":""COT-2026-0001""}"
53770;"4/9/2026, 3:13:26 p. m.";Cajero;cash-session:opened;CashSession;"{""initialCash"":100000}"
53769;"4/9/2026, 3:13:26 p. m.";Cajero;quote:created;Sale;"{""saleNumber"":""COT-2026-0001"",""total"":21807.1,""items"":1}"
53768;"4/9/2026, 3:13:26 p. m.";Cajero;cash-session:closed;CashSession;"{""finalCash"":0,""expectedCash"":134449.57,""difference"":-134449.57}"
53767;"4/9/2026, 3:13:26 p. m.";Cajero;quote:converted;Sale;"{""saleNumber"":""V-2026-7610"",""wasQuote"":""COT-2026-0001""}"
53766;"4/9/2026, 3:13:26 p. m.";Cajero;cash-session:opened;CashSession;"{""initialCash"":100000}"
53765;"4/9/2026, 3:13:26 p. m.";Cajero;quote:created;Sale;"{""saleNumber"":""COT-2026-0001"",""total"":34449.57,""items"":1}"
53764;"4/9/2026, 3:13:26 p. m.";Cajero;cash-session:closed;CashSession;"{""finalCash"":0,""expectedCash"":170164.43,""difference"":-170164.43}"
53763;"4/9/2026, 3:13:26 p. m.";Cajero;quote:converted;Sale;"{""saleNumber"":""V-2026-7609"",""wasQuote"":""COT-2026-0001""}"
53762;"4/9/2026, 3:13:26 p. m.";Cajero;cash-session:opened;CashSession;"{""initialCash"":100000}"
53761;"4/9/2026, 3:13:26 p. m.";Cajero;quote:created;Sale;"{""saleNumber"":""COT-2026-0001"",""total"":70164.43,""items"":1}"
53760;"4/9/2026, 3:13:26 p. m.";Cajero;cash-session:closed;CashSession;"{""finalCash"":0,""expectedCash"":168827.37,""difference"":-168827.37}"
53759;"4/9/2026, 3:13:26 p. m.";Cajero;quote:converted;Sale;"{""saleNumber"":""V-2026-7608"",""wasQuote"":""COT-2026-0001""}"
53758;"4/9/2026, 3:13:26 p. m.";Cajero;cash-session:opened;CashSession;"{""initialCash"":100000}"
53757;"4/9/2026, 3:13:26 p. m.";Cajero;quote:created;Sale;"{""saleNumber"":""COT-2026-0001"",""total"":68827.37,""items"":1}"
53756;"4/9/2026, 3:13:26 p. m.";Cajero;cash-session:closed;CashSession;"{""finalCash"":0,""expectedCash"":105176.87,""difference"":-105176.87}"
53755;"4/9/2026, 3:13:26 p. m.";Cajero;quote:converted;Sale;"{""saleNumber"":""V-2026-7607"",""wasQuote"":""COT-2026-0001""}"
53754;"4/9/2026, 3:13:26 p. m.";Cajero;cash-session:opened;CashSession;"{""initialCash"":100000}"
53753;"4/9/2026, 3:13:26 p. m.";Cajero;quote:created;Sale;"{""saleNumber"":""COT-2026-0001"",""total"":5176.87,""items"":1}"
53752;"4/9/2026, 3:13:26 p. m.";Cajero;cash-session:closed;CashSession;"{""finalCash"":0,""expectedCash"":145058.18,""difference"":-145058.18}"
53751;"4/9/2026, 3:13:26 p. m.";Cajero;quote:converted;Sale;"{""saleNumber"":""V-2026-7606"",""wasQuote"":""COT-2026-0001""}"
53750;"4/9/2026, 3:13:26 p. m.";Cajero;cash-session:opened;CashSession;"{""initialCash"":100000}"
53749;"4/9/2026, 3:13:26 p. m.";Cajero;quote:created;Sale;"{""saleNumber"":""COT-2026-0001"",""total"":45058.18,""items"":1}"
53748;"4/9/2026, 3:13:26 p. m.";Cajero;cash-session:closed;CashSession;"{""finalCash"":0,""expectedCash"":138506.29,""difference"":-138506.29}"
53747;"4/9/2026, 3:13:26 p. m.";Cajero;quote:converted;Sale;"{""saleNumber"":""V-2026-7605"",""wasQuote"":""COT-2026-0001""}"
53746;"4/9/2026, 3:13:26 p. m.";Cajero;cash-session:opened;CashSession;"{""initialCash"":100000}"
53745;"4/9/2026, 3:13:26 p. m.";Cajero;quote:created;Sale;"{""saleNumber"":""COT-2026-0001"",""total"":38506.29,""items"":1}"
53744;"4/9/2026, 3:13:26 p. m.";Cajero;cash-session:closed;CashSession;"{""finalCash"":0,""expectedCash"":171750.62,""difference"":-171750.62}"
53743;"4/9/2026, 3:13:26 p. m.";Cajero;quote:converted;Sale;"{""saleNumber"":""V-2026-7604"",""wasQuote"":""COT-2026-0001""}"
53742;"4/9/2026, 3:13:26 p. m.";Cajero;cash-session:opened;CashSession;"{""initialCash"":100000}"
53741;"4/9/2026, 3:13:26 p. m.";Cajero;quote:created;Sale;"{""saleNumber"":""COT-2026-0001"",""total"":71750.62,""items"":1}"
53740;"4/9/2026, 3:13:26 p. m.";Cajero;cash-session:closed;CashSession;"{""finalCash"":0,""expectedCash"":128681.24,""difference"":-128681.24}"
53739;"4/9/2026, 3:13:26 p. m.";Cajero;quote:converted;Sale;"{""saleNumber"":""V-2026-7603"",""wasQuote"":""COT-2026-0001""}"
53738;"4/9/2026, 3:13:26 p. m.";Cajero;cash-session:opened;CashSession;"{""initialCash"":100000}"
53737;"4/9/2026, 3:13:26 p. m.";Cajero;quote:created;Sale;"{""saleNumber"":""COT-2026-0001"",""total"":28681.24,""items"":1}"
53736;"4/9/2026, 3:13:26 p. m.";Cajero;cash-session:closed;CashSession;"{""finalCash"":0,""expectedCash"":118335.12,""difference"":-118335.12}"
53735;"4/9/2026, 3:13:26 p. m.";Cajero;quote:converted;Sale;"{""saleNumber"":""V-2026-7602"",""wasQuote"":""COT-2026-0001""}"
53734;"4/9/2026, 3:13:26 p. m.";Cajero;cash-session:opened;CashSession;"{""initialCash"":100000}"
53733;"4/9/2026, 3:13:26 p. m.";Cajero;quote:created;Sale;"{""saleNumber"":""COT-2026-0001"",""total"":18335.12,""items"":1}"
53732;"4/9/2026, 3:13:26 p. m.";Cajero;cash-session:closed;CashSession;"{""finalCash"":0,""expectedCash"":136940.24,""difference"":-136940.24}"
53731;"4/9/2026, 3:13:26 p. m.";Cajero;quote:converted;Sale;"{""saleNumber"":""V-2026-7601"",""wasQuote"":""COT-2026-0001""}"
53730;"4/9/2026, 3:13:26 p. m.";Cajero;cash-session:opened;CashSession;"{""initialCash"":100000}"
53729;"4/9/2026, 3:13:26 p. m.";Cajero;quote:created;Sale;"{""saleNumber"":""COT-2026-0001"",""total"":36940.24,""items"":1}"
53728;"4/9/2026, 3:13:26 p. m.";Cajero;cash-session:closed;CashSession;"{""finalCash"":0,""expectedCash"":105281.02,""difference"":-105281.02}"
53727;"4/9/2026, 3:13:26 p. m.";Cajero;quote:converted;Sale;"{""saleNumber"":""V-2026-7600"",""wasQuote"":""COT-2026-0001""}"
53726;"4/9/2026, 3:13:26 p. m.";Cajero;cash-session:opened;CashSession;"{""initialCash"":100000}"
53725;"4/9/2026, 3:13:26 p. m.";Cajero;quote:created;Sale;"{""saleNumber"":""COT-2026-0001"",""total"":5281.02,""items"":1}"
53724;"4/9/2026, 3:13:26 p. m.";Cajero;cash-session:closed;CashSession;"{""finalCash"":0,""expectedCash"":139496.5,""difference"":-139496.5}"
53723;"4/9/2026, 3:13:26 p. m.";Cajero;quote:converted;Sale;"{""saleNumber"":""V-2026-7599"",""wasQuote"":""COT-2026-0001""}"
53722;"4/9/2026, 3:13:26 p. m.";Cajero;cash-session:opened;CashSession;"{""initialCash"":100000}"
53721;"4/9/2026, 3:13:26 p. m.";Cajero;quote:created;Sale;"{""saleNumber"":""COT-2026-0001"",""total"":39496.5,""items"":1}"
53720;"4/9/2026, 3:13:26 p. m.";Cajero;cash-session:closed;CashSession;"{""finalCash"":0,""expectedCash"":124684,""difference"":-124684}"
53719;"4/9/2026, 3:13:26 p. m.";Cajero;quote:converted;Sale;"{""saleNumber"":""V-2026-7598"",""wasQuote"":""COT-2026-0001""}"
53718;"4/9/2026, 3:13:26 p. m.";Cajero;cash-session:opened;CashSession;"{""initialCash"":100000}"
53717;"4/9/2026, 3:13:26 p. m.";Cajero;quote:created;Sale;"{""saleNumber"":""COT-2026-0001"",""total"":24684,""items"":1}"
53716;"4/9/2026, 3:13:26 p. m.";Cajero;cash-session:closed;CashSession;"{""finalCash"":0,""expectedCash"":117599.61,""difference"":-117599.61}"
53715;"4/9/2026, 3:13:26 p. m.";Cajero;quote:converted;Sale;"{""saleNumber"":""V-2026-7597"",""wasQuote"":""COT-2026-0001""}"
53714;"4/9/2026, 3:13:26 p. m.";Cajero;cash-session:opened;CashSession;"{""initialCash"":100000}"
53713;"4/9/2026, 3:13:26 p. m.";Cajero;quote:created;Sale;"{""saleNumber"":""COT-2026-0001"",""total"":17599.61,""items"":1}"
53712;"4/9/2026, 3:13:26 p. m.";Cajero;cash-session:closed;CashSession;"{""finalCash"":0,""expectedCash"":119742.88,""difference"":-119742.88}"
53711;"4/9/2026, 3:13:26 p. m.";Cajero;quote:converted;Sale;"{""saleNumber"":""V-2026-7596"",""wasQuote"":""COT-2026-0001""}"
53710;"4/9/2026, 3:13:26 p. m.";Cajero;cash-session:opened;CashSession;"{""initialCash"":100000}"
53709;"4/9/2026, 3:13:26 p. m.";Cajero;quote:created;Sale;"{""saleNumber"":""COT-2026-0001"",""total"":19742.88,""items"":1}"
53708;"4/9/2026, 3:13:26 p. m.";Cajero;cash-session:closed;CashSession;"{""finalCash"":0,""expectedCash"":158023.58000000002,""difference"":-158023.58000000002}"
53707;"4/9/2026, 3:13:26 p. m.";Cajero;quote:converted;Sale;"{""saleNumber"":""V-2026-7595"",""wasQuote"":""COT-2026-0001""}"
53706;"4/9/2026, 3:13:26 p. m.";Cajero;cash-session:opened;CashSession;"{""initialCash"":100000}"
53705;"4/9/2026, 3:13:26 p. m.";Cajero;quote:created;Sale;"{""saleNumber"":""COT-2026-0001"",""total"":58023.58,""items"":1}"
53704;"4/9/2026, 3:13:26 p. m.";Cajero;cash-session:closed;CashSession;"{""finalCash"":0,""expectedCash"":119020,""difference"":-119020}"
53703;"4/9/2026, 3:13:26 p. m.";Cajero;quote:converted;Sale;"{""saleNumber"":""V-2026-7594"",""wasQuote"":""COT-2026-0001""}"
53702;"4/9/2026, 3:13:26 p. m.";Cajero;cash-session:opened;CashSession;"{""initialCash"":100000}"
53701;"4/9/2026, 3:13:26 p. m.";Cajero;quote:created;Sale;"{""saleNumber"":""COT-2026-0001"",""total"":19020,""items"":1}"
53700;"4/9/2026, 3:13:26 p. m.";Cajero;cash-session:closed;CashSession;"{""finalCash"":0,""expectedCash"":140288.97,""difference"":-140288.97}"
53699;"4/9/2026, 3:13:26 p. m.";Cajero;quote:converted;Sale;"{""saleNumber"":""V-2026-7593"",""wasQuote"":""COT-2026-0001""}"
53698;"4/9/2026, 3:13:26 p. m.";Cajero;cash-session:opened;CashSession;"{""initialCash"":100000}"
53697;"4/9/2026, 3:13:26 p. m.";Cajero;quote:created;Sale;"{""saleNumber"":""COT-2026-0001"",""total"":40288.97,""items"":1}"
53696;"4/9/2026, 3:13:26 p. m.";Cajero;cash-session:closed;CashSession;"{""finalCash"":0,""expectedCash"":128507.19,""difference"":-128507.19}"
53695;"4/9/2026, 3:13:26 p. m.";Cajero;quote:converted;Sale;"{""saleNumber"":""V-2026-7592"",""wasQuote"":""COT-2026-0001""}"
53694;"4/9/2026, 3:13:26 p. m.";Cajero;cash-session:opened;CashSession;"{""initialCash"":100000}"
53693;"4/9/2026, 3:13:26 p. m.";Cajero;quote:created;Sale;"{""saleNumber"":""COT-2026-0001"",""total"":28507.19,""items"":1}"
53692;"4/9/2026, 3:13:26 p. m.";Cajero;cash-session:closed;CashSession;"{""finalCash"":0,""expectedCash"":125204.22,""difference"":-125204.22}"
53691;"4/9/2026, 3:13:26 p. m.";Cajero;quote:converted;Sale;"{""saleNumber"":""V-2026-7591"",""wasQuote"":""COT-2026-0001""}"
53690;"4/9/2026, 3:13:26 p. m.";Cajero;cash-session:opened;CashSession;"{""initialCash"":100000}"
53689;"4/9/2026, 3:13:26 p. m.";Cajero;quote:created;Sale;"{""saleNumber"":""COT-2026-0001"",""total"":25204.22,""items"":1}"
53688;"4/9/2026, 3:13:26 p. m.";Cajero;cash-session:closed;CashSession;"{""finalCash"":0,""expectedCash"":137137.8,""difference"":-137137.8}"
53687;"4/9/2026, 3:13:26 p. m.";Cajero;quote:converted;Sale;"{""saleNumber"":""V-2026-7590"",""wasQuote"":""COT-2026-0001""}"
53686;"4/9/2026, 3:13:26 p. m.";Cajero;cash-session:opened;CashSession;"{""initialCash"":100000}"
53685;"4/9/2026, 3:13:26 p. m.";Cajero;quote:created;Sale;"{""saleNumber"":""COT-2026-0001"",""total"":37137.8,""items"":1}"
53684;"4/9/2026, 3:13:26 p. m.";Cajero;cash-session:closed;CashSession;"{""finalCash"":0,""expectedCash"":132422.23,""difference"":-132422.23}"
53683;"4/9/2026, 3:13:26 p. m.";Cajero;quote:converted;Sale;"{""saleNumber"":""V-2026-7589"",""wasQuote"":""COT-2026-0001""}"
53682;"4/9/2026, 3:13:26 p. m.";Cajero;cash-session:opened;CashSession;"{""initialCash"":100000}"
53681;"4/9/2026, 3:13:26 p. m.";Cajero;quote:created;Sale;"{""saleNumber"":""COT-2026-0001"",""total"":32422.23,""items"":1}"
53680;"4/9/2026, 3:13:26 p. m.";Cajero;cash-session:closed;CashSession;"{""finalCash"":0,""expectedCash"":120288.78,""difference"":-120288.78}"
53679;"4/9/2026, 3:13:26 p. m.";Cajero;quote:converted;Sale;"{""saleNumber"":""V-2026-7588"",""wasQuote"":""COT-2026-0001""}"
53678;"4/9/2026, 3:13:26 p. m.";Cajero;cash-session:opened;CashSession;"{""initialCash"":100000}"
53677;"4/9/2026, 3:13:26 p. m.";Cajero;quote:created;Sale;"{""saleNumber"":""COT-2026-0001"",""total"":20288.78,""items"":1}"
53676;"4/9/2026, 3:13:26 p. m.";Cajero;cash-session:closed;CashSession;"{""finalCash"":0,""expectedCash"":125170.74,""difference"":-125170.74}"
53675;"4/9/2026, 3:13:26 p. m.";Cajero;quote:converted;Sale;"{""saleNumber"":""V-2026-7587"",""wasQuote"":""COT-2026-0001""}"
53674;"4/9/2026, 3:13:26 p. m.";Cajero;cash-session:opened;CashSession;"{""initialCash"":100000}"
53673;"4/9/2026, 3:13:26 p. m.";Cajero;quote:created;Sale;"{""saleNumber"":""COT-2026-0001"",""total"":25170.74,""items"":1}"
53672;"4/9/2026, 3:13:26 p. m.";Cajero;cash-session:closed;CashSession;"{""finalCash"":0,""expectedCash"":109969.38,""difference"":-109969.38}"
53671;"4/9/2026, 3:13:26 p. m.";Cajero;quote:converted;Sale;"{""saleNumber"":""V-2026-7586"",""wasQuote"":""COT-2026-0001""}"
53670;"4/9/2026, 3:13:26 p. m.";Cajero;cash-session:opened;CashSession;"{""initialCash"":100000}"
53669;"4/9/2026, 3:13:26 p. m.";Cajero;quote:created;Sale;"{""saleNumber"":""COT-2026-0001"",""total"":9969.38,""items"":1}"
53668;"4/9/2026, 3:13:26 p. m.";Cajero;cash-session:closed;CashSession;"{""finalCash"":0,""expectedCash"":109850.95999999999,""difference"":-109850.95999999999}"
53667;"4/9/2026, 3:13:26 p. m.";Cajero;quote:converted;Sale;"{""saleNumber"":""V-2026-7585"",""wasQuote"":""COT-2026-0001""}"
53666;"4/9/2026, 3:13:26 p. m.";Cajero;cash-session:opened;CashSession;"{""initialCash"":100000}"
53665;"4/9/2026, 3:13:26 p. m.";Cajero;quote:created;Sale;"{""saleNumber"":""COT-2026-0001"",""total"":9850.96,""items"":1}"
53664;"4/9/2026, 3:13:26 p. m.";Cajero;cash-session:closed;CashSession;"{""finalCash"":0,""expectedCash"":120153.58,""difference"":-120153.58}"
53663;"4/9/2026, 3:13:26 p. m.";Cajero;quote:converted;Sale;"{""saleNumber"":""V-2026-7584"",""wasQuote"":""COT-2026-0001""}"
53662;"4/9/2026, 3:13:26 p. m.";Cajero;cash-session:opened;CashSession;"{""initialCash"":100000}"
53661;"4/9/2026, 3:13:26 p. m.";Cajero;quote:created;Sale;"{""saleNumber"":""COT-2026-0001"",""total"":20153.58,""items"":1}"
53660;"4/9/2026, 3:13:26 p. m.";Cajero;cash-session:closed;CashSession;"{""finalCash"":0,""expectedCash"":116791.69,""difference"":-116791.69}"
53659;"4/9/2026, 3:13:26 p. m.";Cajero;quote:converted;Sale;"{""saleNumber"":""V-2026-7583"",""wasQuote"":""COT-2026-0001""}"
53658;"4/9/2026, 3:13:26 p. m.";Cajero;cash-session:opened;CashSession;"{""initialCash"":100000}"
53657;"4/9/2026, 3:13:26 p. m.";Cajero;quote:created;Sale;"{""saleNumber"":""COT-2026-0001"",""total"":16791.69,""items"":1}"
53656;"4/9/2026, 3:13:26 p. m.";Cajero;cash-session:closed;CashSession;"{""finalCash"":0,""expectedCash"":141011.94,""difference"":-141011.94}"
53655;"4/9/2026, 3:13:26 p. m.";Cajero;quote:converted;Sale;"{""saleNumber"":""V-2026-7582"",""wasQuote"":""COT-2026-0001""}"
53654;"4/9/2026, 3:13:26 p. m.";Cajero;cash-session:opened;CashSession;"{""initialCash"":100000}"
53653;"4/9/2026, 3:13:26 p. m.";Cajero;quote:created;Sale;"{""saleNumber"":""COT-2026-0001"",""total"":41011.94,""items"":1}"
53652;"4/9/2026, 3:13:26 p. m.";Cajero;cash-session:closed;CashSession;"{""finalCash"":0,""expectedCash"":123359.16,""difference"":-123359.16}"
53651;"4/9/2026, 3:13:26 p. m.";Cajero;quote:converted;Sale;"{""saleNumber"":""V-2026-7581"",""wasQuote"":""COT-2026-0001""}"
53650;"4/9/2026, 3:13:26 p. m.";Cajero;cash-session:opened;CashSession;"{""initialCash"":100000}"
53649;"4/9/2026, 3:13:26 p. m.";Cajero;quote:created;Sale;"{""saleNumber"":""COT-2026-0001"",""total"":23359.16,""items"":1}"
53648;"4/9/2026, 3:13:26 p. m.";Cajero;cash-session:closed;CashSession;"{""finalCash"":0,""expectedCash"":113026.38,""difference"":-113026.38}"
53647;"4/9/2026, 3:13:26 p. m.";Cajero;quote:converted;Sale;"{""saleNumber"":""V-2026-7580"",""wasQuote"":""COT-2026-0001""}"
53646;"4/9/2026, 3:13:26 p. m.";Cajero;cash-session:opened;CashSession;"{""initialCash"":100000}"
53645;"4/9/2026, 3:13:26 p. m.";Cajero;quote:created;Sale;"{""saleNumber"":""COT-2026-0001"",""total"":13026.38,""items"":1}"
53644;"4/9/2026, 3:13:26 p. m.";Cajero;cash-session:closed;CashSession;"{""finalCash"":0,""expectedCash"":127065.33,""difference"":-127065.33}"
53643;"4/9/2026, 3:13:26 p. m.";Cajero;quote:converted;Sale;"{""saleNumber"":""V-2026-7579"",""wasQuote"":""COT-2026-0001""}"
53642;"4/9/2026, 3:13:26 p. m.";Cajero;cash-session:opened;CashSession;"{""initialCash"":100000}"
53641;"4/9/2026, 3:13:26 p. m.";Cajero;quote:created;Sale;"{""saleNumber"":""COT-2026-0001"",""total"":27065.33,""items"":1}"
53640;"4/9/2026, 3:13:26 p. m.";Cajero;cash-session:closed;CashSession;"{""finalCash"":0,""expectedCash"":139106.15,""difference"":-139106.15}"
53639;"4/9/2026, 3:13:26 p. m.";Cajero;quote:converted;Sale;"{""saleNumber"":""V-2026-7578"",""wasQuote"":""COT-2026-0001""}"
53638;"4/9/2026, 3:13:26 p. m.";Cajero;cash-session:opened;CashSession;"{""initialCash"":100000}"
53637;"4/9/2026, 3:13:26 p. m.";Cajero;quote:created;Sale;"{""saleNumber"":""COT-2026-0001"",""total"":39106.15,""items"":1}"
53636;"4/9/2026, 3:13:26 p. m.";Cajero;cash-session:closed;CashSession;"{""finalCash"":0,""expectedCash"":146365.2,""difference"":-146365.2}"
53635;"4/9/2026, 3:13:26 p. m.";Cajero;quote:converted;Sale;"{""saleNumber"":""V-2026-7577"",""wasQuote"":""COT-2026-0001""}"
53634;"4/9/2026, 3:13:26 p. m.";Cajero;cash-session:opened;CashSession;"{""initialCash"":100000}"
53633;"4/9/2026, 3:13:26 p. m.";Cajero;quote:created;Sale;"{""saleNumber"":""COT-2026-0001"",""total"":46365.2,""items"":1}"
53632;"4/9/2026, 3:13:26 p. m.";Cajero;cash-session:closed;CashSession;"{""finalCash"":0,""expectedCash"":190137.46000000002,""difference"":-190137.46000000002}"
53631;"4/9/2026, 3:13:26 p. m.";Cajero;quote:converted;Sale;"{""saleNumber"":""V-2026-7576"",""wasQuote"":""COT-2026-0001""}"
53630;"4/9/2026, 3:13:26 p. m.";Cajero;cash-session:opened;CashSession;"{""initialCash"":100000}"
53629;"4/9/2026, 3:13:26 p. m.";Cajero;quote:created;Sale;"{""saleNumber"":""COT-2026-0001"",""total"":90137.46,""items"":1}"
53628;"4/9/2026, 3:13:26 p. m.";Cajero;cash-session:closed;CashSession;"{""finalCash"":0,""expectedCash"":120203.5,""difference"":-120203.5}"
53627;"4/9/2026, 3:13:26 p. m.";Cajero;quote:converted;Sale;"{""saleNumber"":""V-2026-7575"",""wasQuote"":""COT-2026-0001""}"
53626;"4/9/2026, 3:13:26 p. m.";Cajero;cash-session:opened;CashSession;"{""initialCash"":100000}"
53625;"4/9/2026, 3:13:26 p. m.";Cajero;quote:created;Sale;"{""saleNumber"":""COT-2026-0001"",""total"":20203.5,""items"":1}"
53624;"4/9/2026, 3:13:26 p. m.";Cajero;cash-session:closed;CashSession;"{""finalCash"":0,""expectedCash"":141210.94,""difference"":-141210.94}"
53623;"4/9/2026, 3:13:26 p. m.";Cajero;quote:converted;Sale;"{""saleNumber"":""V-2026-7574"",""wasQuote"":""COT-2026-0001""}"
53622;"4/9/2026, 3:13:26 p. m.";Cajero;cash-session:opened;CashSession;"{""initialCash"":100000}"
53621;"4/9/2026, 3:13:26 p. m.";Cajero;quote:created;Sale;"{""saleNumber"":""COT-2026-0001"",""total"":41210.94,""items"":1}"
53620;"4/9/2026, 3:13:26 p. m.";Cajero;cash-session:closed;CashSession;"{""finalCash"":0,""expectedCash"":113858.69,""difference"":-113858.69}"
53619;"4/9/2026, 3:13:26 p. m.";Cajero;quote:converted;Sale;"{""saleNumber"":""V-2026-7573"",""wasQuote"":""COT-2026-0001""}"
53618;"4/9/2026, 3:13:26 p. m.";Cajero;cash-session:opened;CashSession;"{""initialCash"":100000}"
53617;"4/9/2026, 3:13:26 p. m.";Cajero;quote:created;Sale;"{""saleNumber"":""COT-2026-0001"",""total"":13858.69,""items"":1}"
53616;"4/9/2026, 3:13:26 p. m.";Cajero;cash-session:closed;CashSession;"{""finalCash"":0,""expectedCash"":125486.44,""difference"":-125486.44}"
53615;"4/9/2026, 3:13:26 p. m.";Cajero;quote:converted;Sale;"{""saleNumber"":""V-2026-7572"",""wasQuote"":""COT-2026-0001""}"
53614;"4/9/2026, 3:13:26 p. m.";Cajero;cash-session:opened;CashSession;"{""initialCash"":100000}"
53613;"4/9/2026, 3:13:26 p. m.";Cajero;quote:created;Sale;"{""saleNumber"":""COT-2026-0001"",""total"":25486.44,""items"":1}"
53612;"4/9/2026, 3:13:26 p. m.";Cajero;cash-session:closed;CashSession;"{""finalCash"":0,""expectedCash"":118474.77,""difference"":-118474.77}"
53611;"4/9/2026, 3:13:26 p. m.";Cajero;quote:converted;Sale;"{""saleNumber"":""V-2026-7571"",""wasQuote"":""COT-2026-0001""}"
53610;"4/9/2026, 3:13:26 p. m.";Cajero;cash-session:opened;CashSession;"{""initialCash"":100000}"
53609;"4/9/2026, 3:13:26 p. m.";Cajero;quote:created;Sale;"{""saleNumber"":""COT-2026-0001"",""total"":18474.77,""items"":1}"
53608;"4/9/2026, 3:13:26 p. m.";Cajero;cash-session:closed;CashSession;"{""finalCash"":0,""expectedCash"":149564.55,""difference"":-149564.55}"
53607;"4/9/2026, 3:13:26 p. m.";Cajero;quote:converted;Sale;"{""saleNumber"":""V-2026-7570"",""wasQuote"":""COT-2026-0001""}"
53606;"4/9/2026, 3:13:26 p. m.";Cajero;cash-session:opened;CashSession;"{""initialCash"":100000}"
53605;"4/9/2026, 3:13:26 p. m.";Cajero;quote:created;Sale;"{""saleNumber"":""COT-2026-0001"",""total"":49564.55,""items"":1}"
53604;"4/9/2026, 3:13:26 p. m.";Cajero;cash-session:closed;CashSession;"{""finalCash"":0,""expectedCash"":153465.97,""difference"":-153465.97}"
53603;"4/9/2026, 3:13:26 p. m.";Cajero;quote:converted;Sale;"{""saleNumber"":""V-2026-7569"",""wasQuote"":""COT-2026-0001""}"
53602;"4/9/2026, 3:13:26 p. m.";Cajero;cash-session:opened;CashSession;"{""initialCash"":100000}"
53601;"4/9/2026, 3:13:26 p. m.";Cajero;quote:created;Sale;"{""saleNumber"":""COT-2026-0001"",""total"":53465.97,""items"":1}"
53600;"4/9/2026, 3:13:26 p. m.";Cajero;cash-session:closed;CashSession;"{""finalCash"":0,""expectedCash"":133579.45,""difference"":-133579.45}"
53599;"4/9/2026, 3:13:26 p. m.";Cajero;quote:converted;Sale;"{""saleNumber"":""V-2026-7568"",""wasQuote"":""COT-2026-0001""}"
53598;"4/9/2026, 3:13:26 p. m.";Cajero;cash-session:opened;CashSession;"{""initialCash"":100000}"
53597;"4/9/2026, 3:13:26 p. m.";Cajero;quote:created;Sale;"{""saleNumber"":""COT-2026-0001"",""total"":33579.45,""items"":1}"
53596;"4/9/2026, 3:13:26 p. m.";Cajero;cash-session:closed;CashSession;"{""finalCash"":0,""expectedCash"":110378.67,""difference"":-110378.67}"
53595;"4/9/2026, 3:13:26 p. m.";Cajero;quote:converted;Sale;"{""saleNumber"":""V-2026-7567"",""wasQuote"":""COT-2026-0001""}"
53594;"4/9/2026, 3:13:26 p. m.";Cajero;cash-session:opened;CashSession;"{""initialCash"":100000}"
53593;"4/9/2026, 3:13:26 p. m.";Cajero;quote:created;Sale;"{""saleNumber"":""COT-2026-0001"",""total"":10378.67,""items"":1}"
53592;"4/9/2026, 3:13:26 p. m.";Cajero;cash-session:closed;CashSession;"{""finalCash"":0,""expectedCash"":149309.87,""difference"":-149309.87}"
53591;"4/9/2026, 3:13:26 p. m.";Cajero;quote:converted;Sale;"{""saleNumber"":""V-2026-7566"",""wasQuote"":""COT-2026-0001""}"
53590;"4/9/2026, 3:13:26 p. m.";Cajero;cash-session:opened;CashSession;"{""initialCash"":100000}"
53589;"4/9/2026, 3:13:26 p. m.";Cajero;quote:created;Sale;"{""saleNumber"":""COT-2026-0001"",""total"":49309.87,""items"":1}"
53588;"4/9/2026, 3:13:26 p. m.";Cajero;cash-session:closed;CashSession;"{""finalCash"":0,""expectedCash"":145058.18,""difference"":-145058.18}"
53587;"4/9/2026, 3:13:26 p. m.";Cajero;quote:converted;Sale;"{""saleNumber"":""V-2026-7565"",""wasQuote"":""COT-2026-0001""}"
53586;"4/9/2026, 3:13:26 p. m.";Cajero;cash-session:opened;CashSession;"{""initialCash"":100000}"
53585;"4/9/2026, 3:13:26 p. m.";Cajero;quote:created;Sale;"{""saleNumber"":""COT-2026-0001"",""total"":45058.18,""items"":1}"
53584;"4/9/2026, 3:13:26 p. m.";Cajero;cash-session:closed;CashSession;"{""finalCash"":0,""expectedCash"":191894.58000000002,""difference"":-191894.58000000002}"
53583;"4/9/2026, 3:13:26 p. m.";Cajero;quote:converted;Sale;"{""saleNumber"":""V-2026-7564"",""wasQuote"":""COT-2026-0001""}"
53582;"4/9/2026, 3:13:26 p. m.";Cajero;cash-session:opened;CashSession;"{""initialCash"":100000}"
53581;"4/9/2026, 3:13:26 p. m.";Cajero;quote:created;Sale;"{""saleNumber"":""COT-2026-0001"",""total"":91894.58,""items"":1}"
53580;"4/9/2026, 3:13:26 p. m.";Cajero;cash-session:closed;CashSession;"{""finalCash"":0,""expectedCash"":108481.25,""difference"":-108481.25}"
53579;"4/9/2026, 3:13:26 p. m.";Cajero;quote:converted;Sale;"{""saleNumber"":""V-2026-7563"",""wasQuote"":""COT-2026-0001""}"
53578;"4/9/2026, 3:13:26 p. m.";Cajero;cash-session:opened;CashSession;"{""initialCash"":100000}"
53577;"4/9/2026, 3:13:26 p. m.";Cajero;quote:created;Sale;"{""saleNumber"":""COT-2026-0001"",""total"":8481.25,""items"":1}"
53576;"4/9/2026, 3:13:26 p. m.";Cajero;cash-session:closed;CashSession;"{""finalCash"":0,""expectedCash"":102668.24,""difference"":-102668.24}"
53575;"4/9/2026, 3:13:26 p. m.";Cajero;quote:converted;Sale;"{""saleNumber"":""V-2026-7562"",""wasQuote"":""COT-2026-0001""}"
53574;"4/9/2026, 3:13:26 p. m.";Cajero;cash-session:opened;CashSession;"{""initialCash"":100000}"
53573;"4/9/2026, 3:13:26 p. m.";Cajero;quote:created;Sale;"{""saleNumber"":""COT-2026-0001"",""total"":2668.24,""items"":1}"
53572;"4/9/2026, 3:13:26 p. m.";Cajero;cash-session:closed;CashSession;"{""finalCash"":0,""expectedCash"":190249.4,""difference"":-190249.4}"
53571;"4/9/2026, 3:13:26 p. m.";Cajero;quote:converted;Sale;"{""saleNumber"":""V-2026-7561"",""wasQuote"":""COT-2026-0001""}"
53570;"4/9/2026, 3:13:26 p. m.";Cajero;cash-session:opened;CashSession;"{""initialCash"":100000}"
53569;"4/9/2026, 3:13:26 p. m.";Cajero;quote:created;Sale;"{""saleNumber"":""COT-2026-0001"",""total"":90249.4,""items"":1}"
53568;"4/9/2026, 3:13:26 p. m.";Cajero;cash-session:closed;CashSession;"{""finalCash"":0,""expectedCash"":186575.08000000002,""difference"":-186575.08000000002}"
53567;"4/9/2026, 3:13:26 p. m.";Cajero;quote:converted;Sale;"{""saleNumber"":""V-2026-7560"",""wasQuote"":""COT-2026-0001""}"
53566;"4/9/2026, 3:13:26 p. m.";Cajero;cash-session:opened;CashSession;"{""initialCash"":100000}"
53565;"4/9/2026, 3:13:26 p. m.";Cajero;quote:created;Sale;"{""saleNumber"":""COT-2026-0001"",""total"":86575.08,""items"":1}"
53564;"4/9/2026, 3:13:26 p. m.";Cajero;cash-session:closed;CashSession;"{""finalCash"":0,""expectedCash"":120074.48,""difference"":-120074.48}"
53563;"4/9/2026, 3:13:26 p. m.";Cajero;quote:converted;Sale;"{""saleNumber"":""V-2026-7559"",""wasQuote"":""COT-2026-0001""}"
53562;"4/9/2026, 3:13:26 p. m.";Cajero;cash-session:opened;CashSession;"{""initialCash"":100000}"
53561;"4/9/2026, 3:13:25 p. m.";Cajero;quote:created;Sale;"{""saleNumber"":""COT-2026-0001"",""total"":20074.48,""items"":1}"
53560;"4/9/2026, 3:13:25 p. m.";Cajero;cash-session:closed;CashSession;"{""finalCash"":0,""expectedCash"":174149.15,""difference"":-174149.15}"
53559;"4/9/2026, 3:13:25 p. m.";Cajero;quote:converted;Sale;"{""saleNumber"":""V-2026-7558"",""wasQuote"":""COT-2026-0001""}"
53558;"4/9/2026, 3:13:25 p. m.";Cajero;cash-session:opened;CashSession;"{""initialCash"":100000}"
53557;"4/9/2026, 3:13:25 p. m.";Cajero;quote:created;Sale;"{""saleNumber"":""COT-2026-0001"",""total"":74149.15,""items"":1}"
53556;"4/9/2026, 3:13:25 p. m.";Cajero;cash-session:closed;CashSession;"{""finalCash"":0,""expectedCash"":165238.27,""difference"":-165238.27}"
53555;"4/9/2026, 3:13:25 p. m.";Cajero;quote:converted;Sale;"{""saleNumber"":""V-2026-7557"",""wasQuote"":""COT-2026-0001""}"
53554;"4/9/2026, 3:13:25 p. m.";Cajero;cash-session:opened;CashSession;"{""initialCash"":100000}"
53553;"4/9/2026, 3:13:25 p. m.";Cajero;quote:created;Sale;"{""saleNumber"":""COT-2026-0001"",""total"":65238.27,""items"":1}"
53552;"4/9/2026, 3:13:25 p. m.";Cajero;cash-session:closed;CashSession;"{""finalCash"":0,""expectedCash"":136014.77,""difference"":-136014.77}"
53551;"4/9/2026, 3:13:25 p. m.";Cajero;quote:converted;Sale;"{""saleNumber"":""V-2026-7556"",""wasQuote"":""COT-2026-0001""}"
53550;"4/9/2026, 3:13:25 p. m.";Cajero;cash-session:opened;CashSession;"{""initialCash"":100000}"
53549;"4/9/2026, 3:13:25 p. m.";Cajero;quote:created;Sale;"{""saleNumber"":""COT-2026-0001"",""total"":36014.77,""items"":1}"
53548;"4/9/2026, 3:13:25 p. m.";Cajero;cash-session:closed;CashSession;"{""finalCash"":0,""expectedCash"":153243.03,""difference"":-153243.03}"
53547;"4/9/2026, 3:13:25 p. m.";Cajero;quote:converted;Sale;"{""saleNumber"":""V-2026-7555"",""wasQuote"":""COT-2026-0001""}"
53546;"4/9/2026, 3:13:25 p. m.";Cajero;cash-session:opened;CashSession;"{""initialCash"":100000}"
53545;"4/9/2026, 3:13:25 p. m.";Cajero;quote:created;Sale;"{""saleNumber"":""COT-2026-0001"",""total"":53243.03,""items"":1}"
53544;"4/9/2026, 3:13:25 p. m.";Cajero;cash-session:closed;CashSession;"{""finalCash"":0,""expectedCash"":165131.1,""difference"":-165131.1}"
53543;"4/9/2026, 3:13:25 p. m.";Cajero;quote:converted;Sale;"{""saleNumber"":""V-2026-7554"",""wasQuote"":""COT-2026-0001""}"
53542;"4/9/2026, 3:13:25 p. m.";Cajero;cash-session:opened;CashSession;"{""initialCash"":100000}"
53541;"4/9/2026, 3:13:25 p. m.";Cajero;quote:created;Sale;"{""saleNumber"":""COT-2026-0001"",""total"":65131.1,""items"":1}"
53540;"4/9/2026, 3:13:25 p. m.";Cajero;cash-session:closed;CashSession;"{""finalCash"":0,""expectedCash"":184479.86,""difference"":-184479.86}"
53539;"4/9/2026, 3:13:25 p. m.";Cajero;quote:converted;Sale;"{""saleNumber"":""V-2026-7553"",""wasQuote"":""COT-2026-0001""}"
53538;"4/9/2026, 3:13:25 p. m.";Cajero;cash-session:opened;CashSession;"{""initialCash"":100000}"
53537;"4/9/2026, 3:13:25 p. m.";Cajero;quote:created;Sale;"{""saleNumber"":""COT-2026-0001"",""total"":84479.86,""items"":1}"
53536;"4/9/2026, 3:13:25 p. m.";Admin;product:stock-adjusted;Product;"{""quantity"":1,""reason"":""Top-up stress"",""previousStock"":1,""newStock"":2}"
53535;"4/9/2026, 3:13:25 p. m.";Cajero;cash-session:closed;CashSession;"{""finalCash"":0,""expectedCash"":120364.57,""difference"":-120364.57}"
53534;"4/9/2026, 3:13:25 p. m.";Cajero;quote:converted;Sale;"{""saleNumber"":""V-2026-7552"",""wasQuote"":""COT-2026-0001""}"
53533;"4/9/2026, 3:13:25 p. m.";Cajero;cash-session:opened;CashSession;"{""initialCash"":100000}"
53532;"4/9/2026, 3:13:25 p. m.";Cajero;quote:created;Sale;"{""saleNumber"":""COT-2026-0001"",""total"":20364.57,""items"":1}"
53531;"4/9/2026, 3:13:25 p. m.";Cajero;cash-session:closed;CashSession;"{""finalCash"":0,""expectedCash"":104367.49,""difference"":-104367.49}"
53530;"4/9/2026, 3:13:25 p. m.";Cajero;quote:converted;Sale;"{""saleNumber"":""V-2026-7551"",""wasQuote"":""COT-2026-0001""}"
53529;"4/9/2026, 3:13:25 p. m.";Cajero;cash-session:opened;CashSession;"{""initialCash"":100000}"
53528;"4/9/2026, 3:13:25 p. m.";Cajero;quote:created;Sale;"{""saleNumber"":""COT-2026-0001"",""total"":4367.49,""items"":1}"
53527;"4/9/2026, 3:13:25 p. m.";Cajero;cash-session:closed;CashSession;"{""finalCash"":0,""expectedCash"":121077.1,""difference"":-121077.1}"
53526;"4/9/2026, 3:13:25 p. m.";Cajero;quote:converted;Sale;"{""saleNumber"":""V-2026-7550"",""wasQuote"":""COT-2026-0001""}"
53525;"4/9/2026, 3:13:25 p. m.";Cajero;cash-session:opened;CashSession;"{""initialCash"":100000}"
53524;"4/9/2026, 3:13:25 p. m.";Cajero;quote:created;Sale;"{""saleNumber"":""COT-2026-0001"",""total"":21077.1,""items"":1}"
53523;"4/9/2026, 3:13:25 p. m.";Cajero;cash-session:closed;CashSession;"{""finalCash"":0,""expectedCash"":135767.34,""difference"":-135767.34}"
53522;"4/9/2026, 3:13:25 p. m.";Cajero;quote:converted;Sale;"{""saleNumber"":""V-2026-7549"",""wasQuote"":""COT-2026-0001""}"
53521;"4/9/2026, 3:13:25 p. m.";Cajero;cash-session:opened;CashSession;"{""initialCash"":100000}"
53520;"4/9/2026, 3:13:25 p. m.";Cajero;quote:created;Sale;"{""saleNumber"":""COT-2026-0001"",""total"":35767.34,""items"":1}"
53519;"4/9/2026, 3:13:25 p. m.";Cajero;cash-session:closed;CashSession;"{""finalCash"":0,""expectedCash"":151651.44,""difference"":-151651.44}"
53518;"4/9/2026, 3:13:25 p. m.";Cajero;quote:converted;Sale;"{""saleNumber"":""V-2026-7548"",""wasQuote"":""COT-2026-0001""}"
53517;"4/9/2026, 3:13:25 p. m.";Cajero;cash-session:opened;CashSession;"{""initialCash"":100000}"
53516;"4/9/2026, 3:13:25 p. m.";Cajero;quote:created;Sale;"{""saleNumber"":""COT-2026-0001"",""total"":51651.44,""items"":1}"
53515;"4/9/2026, 3:13:25 p. m.";Cajero;cash-session:closed;CashSession;"{""finalCash"":0,""expectedCash"":116136.63,""difference"":-116136.63}"
53514;"4/9/2026, 3:13:25 p. m.";Cajero;quote:converted;Sale;"{""saleNumber"":""V-2026-7547"",""wasQuote"":""COT-2026-0001""}"
53513;"4/9/2026, 3:13:25 p. m.";Cajero;cash-session:opened;CashSession;"{""initialCash"":100000}"
53512;"4/9/2026, 3:13:25 p. m.";Cajero;quote:created;Sale;"{""saleNumber"":""COT-2026-0001"",""total"":16136.63,""items"":1}"
53511;"4/9/2026, 3:13:25 p. m.";Cajero;cash-session:closed;CashSession;"{""finalCash"":0,""expectedCash"":122124.23,""difference"":-122124.23}"
53510;"4/9/2026, 3:13:25 p. m.";Cajero;quote:converted;Sale;"{""saleNumber"":""V-2026-7546"",""wasQuote"":""COT-2026-0001""}"
53509;"4/9/2026, 3:13:25 p. m.";Cajero;cash-session:opened;CashSession;"{""initialCash"":100000}"
53508;"4/9/2026, 3:13:25 p. m.";Cajero;quote:created;Sale;"{""saleNumber"":""COT-2026-0001"",""total"":22124.23,""items"":1}"
53507;"4/9/2026, 3:13:25 p. m.";Cajero;cash-session:closed;CashSession;"{""finalCash"":0,""expectedCash"":106607.5,""difference"":-106607.5}"
53506;"4/9/2026, 3:13:25 p. m.";Cajero;quote:converted;Sale;"{""saleNumber"":""V-2026-7545"",""wasQuote"":""COT-2026-0001""}"
53505;"4/9/2026, 3:13:25 p. m.";Cajero;cash-session:opened;CashSession;"{""initialCash"":100000}"
53504;"4/9/2026, 3:13:25 p. m.";Cajero;quote:created;Sale;"{""saleNumber"":""COT-2026-0001"",""total"":6607.5,""items"":1}"
53503;"4/9/2026, 3:13:25 p. m.";Cajero;cash-session:closed;CashSession;"{""finalCash"":0,""expectedCash"":128792.68,""difference"":-128792.68}"
53502;"4/9/2026, 3:13:25 p. m.";Cajero;quote:converted;Sale;"{""saleNumber"":""V-2026-7544"",""wasQuote"":""COT-2026-0001""}"
53501;"4/9/2026, 3:13:25 p. m.";Cajero;cash-session:opened;CashSession;"{""initialCash"":100000}"
53500;"4/9/2026, 3:13:25 p. m.";Cajero;quote:created;Sale;"{""saleNumber"":""COT-2026-0001"",""total"":28792.68,""items"":1}"
53499;"4/9/2026, 3:13:25 p. m.";Cajero;cash-session:closed;CashSession;"{""finalCash"":0,""expectedCash"":133168.66,""difference"":-133168.66}"
53498;"4/9/2026, 3:13:25 p. m.";Cajero;quote:converted;Sale;"{""saleNumber"":""V-2026-7543"",""wasQuote"":""COT-2026-0001""}"
53497;"4/9/2026, 3:13:25 p. m.";Cajero;cash-session:opened;CashSession;"{""initialCash"":100000}"
53496;"4/9/2026, 3:13:25 p. m.";Cajero;quote:created;Sale;"{""saleNumber"":""COT-2026-0001"",""total"":33168.66,""items"":1}"
53495;"4/9/2026, 3:13:25 p. m.";Cajero;cash-session:closed;CashSession;"{""finalCash"":0,""expectedCash"":191385.41999999998,""difference"":-191385.41999999998}"
53494;"4/9/2026, 3:13:25 p. m.";Cajero;quote:converted;Sale;"{""saleNumber"":""V-2026-7542"",""wasQuote"":""COT-2026-0001""}"
53493;"4/9/2026, 3:13:25 p. m.";Cajero;cash-session:opened;CashSession;"{""initialCash"":100000}"
53492;"4/9/2026, 3:13:25 p. m.";Cajero;quote:created;Sale;"{""saleNumber"":""COT-2026-0001"",""total"":91385.42,""items"":1}"
53491;"4/9/2026, 3:13:25 p. m.";Cajero;cash-session:closed;CashSession;"{""finalCash"":0,""expectedCash"":105071.04,""difference"":-105071.04}"
53490;"4/9/2026, 3:13:25 p. m.";Cajero;quote:converted;Sale;"{""saleNumber"":""V-2026-7541"",""wasQuote"":""COT-2026-0001""}"
53489;"4/9/2026, 3:13:25 p. m.";Cajero;cash-session:opened;CashSession;"{""initialCash"":100000}"
53488;"4/9/2026, 3:13:25 p. m.";Cajero;quote:created;Sale;"{""saleNumber"":""COT-2026-0001"",""total"":5071.04,""items"":1}"
53487;"4/9/2026, 3:13:25 p. m.";Cajero;cash-session:closed;CashSession;"{""finalCash"":0,""expectedCash"":135395.06,""difference"":-135395.06}"
53486;"4/9/2026, 3:13:25 p. m.";Cajero;quote:converted;Sale;"{""saleNumber"":""V-2026-7540"",""wasQuote"":""COT-2026-0001""}"
53485;"4/9/2026, 3:13:25 p. m.";Cajero;cash-session:opened;CashSession;"{""initialCash"":100000}"
53484;"4/9/2026, 3:13:25 p. m.";Cajero;quote:created;Sale;"{""saleNumber"":""COT-2026-0001"",""total"":35395.06,""items"":1}"
53483;"4/9/2026, 3:13:25 p. m.";Cajero;cash-session:closed;CashSession;"{""finalCash"":0,""expectedCash"":135235.8,""difference"":-135235.8}"
53482;"4/9/2026, 3:13:25 p. m.";Cajero;quote:converted;Sale;"{""saleNumber"":""V-2026-7539"",""wasQuote"":""COT-2026-0001""}"
53481;"4/9/2026, 3:13:25 p. m.";Cajero;cash-session:opened;CashSession;"{""initialCash"":100000}"
53480;"4/9/2026, 3:13:25 p. m.";Cajero;quote:created;Sale;"{""saleNumber"":""COT-2026-0001"",""total"":35235.8,""items"":1}"
53479;"4/9/2026, 3:13:25 p. m.";Cajero;cash-session:closed;CashSession;"{""finalCash"":0,""expectedCash"":133481.86,""difference"":-133481.86}"
53478;"4/9/2026, 3:13:25 p. m.";Cajero;quote:converted;Sale;"{""saleNumber"":""V-2026-7538"",""wasQuote"":""COT-2026-0001""}"
53477;"4/9/2026, 3:13:25 p. m.";Cajero;cash-session:opened;CashSession;"{""initialCash"":100000}"
53476;"4/9/2026, 3:13:25 p. m.";Cajero;quote:created;Sale;"{""saleNumber"":""COT-2026-0001"",""total"":33481.86,""items"":1}"
53475;"4/9/2026, 3:13:25 p. m.";Cajero;cash-session:closed;CashSession;"{""finalCash"":0,""expectedCash"":141970.32,""difference"":-141970.32}"
53474;"4/9/2026, 3:13:25 p. m.";Cajero;quote:converted;Sale;"{""saleNumber"":""V-2026-7537"",""wasQuote"":""COT-2026-0001""}"
53473;"4/9/2026, 3:13:25 p. m.";Cajero;cash-session:opened;CashSession;"{""initialCash"":100000}"
53472;"4/9/2026, 3:13:25 p. m.";Cajero;quote:created;Sale;"{""saleNumber"":""COT-2026-0001"",""total"":41970.32,""items"":1}"
53471;"4/9/2026, 3:13:25 p. m.";Cajero;cash-session:closed;CashSession;"{""finalCash"":0,""expectedCash"":146118.37,""difference"":-146118.37}"
53470;"4/9/2026, 3:13:25 p. m.";Cajero;quote:converted;Sale;"{""saleNumber"":""V-2026-7536"",""wasQuote"":""COT-2026-0001""}"
53469;"4/9/2026, 3:13:25 p. m.";Cajero;cash-session:opened;CashSession;"{""initialCash"":100000}"
53468;"4/9/2026, 3:13:25 p. m.";Cajero;quote:created;Sale;"{""saleNumber"":""COT-2026-0001"",""total"":46118.37,""items"":1}"
53467;"4/9/2026, 3:13:25 p. m.";Cajero;cash-session:closed;CashSession;"{""finalCash"":0,""expectedCash"":101005.23,""difference"":-101005.23}"
53466;"4/9/2026, 3:13:25 p. m.";Cajero;quote:converted;Sale;"{""saleNumber"":""V-2026-7535"",""wasQuote"":""COT-2026-0001""}"
53465;"4/9/2026, 3:13:25 p. m.";Cajero;cash-session:opened;CashSession;"{""initialCash"":100000}"
53464;"4/9/2026, 3:13:25 p. m.";Cajero;quote:created;Sale;"{""saleNumber"":""COT-2026-0001"",""total"":1005.23,""items"":1}"
53463;"4/9/2026, 3:13:25 p. m.";Cajero;cash-session:closed;CashSession;"{""finalCash"":0,""expectedCash"":107342.61,""difference"":-107342.61}"
53462;"4/9/2026, 3:13:25 p. m.";Cajero;quote:converted;Sale;"{""saleNumber"":""V-2026-7534"",""wasQuote"":""COT-2026-0001""}"
53461;"4/9/2026, 3:13:25 p. m.";Cajero;cash-session:opened;CashSession;"{""initialCash"":100000}"
53460;"4/9/2026, 3:13:25 p. m.";Cajero;quote:created;Sale;"{""saleNumber"":""COT-2026-0001"",""total"":7342.61,""items"":1}"
53459;"4/9/2026, 3:13:25 p. m.";Cajero;cash-session:closed;CashSession;"{""finalCash"":0,""expectedCash"":198795.34,""difference"":-198795.34}"
53458;"4/9/2026, 3:13:25 p. m.";Cajero;quote:converted;Sale;"{""saleNumber"":""V-2026-7533"",""wasQuote"":""COT-2026-0001""}"
53457;"4/9/2026, 3:13:25 p. m.";Cajero;cash-session:opened;CashSession;"{""initialCash"":100000}"
53456;"4/9/2026, 3:13:25 p. m.";Cajero;quote:created;Sale;"{""saleNumber"":""COT-2026-0001"",""total"":98795.34,""items"":1}"
53455;"4/9/2026, 3:13:25 p. m.";Cajero;cash-session:closed;CashSession;"{""finalCash"":0,""expectedCash"":127665.42,""difference"":-127665.42}"
53454;"4/9/2026, 3:13:25 p. m.";Cajero;quote:converted;Sale;"{""saleNumber"":""V-2026-7532"",""wasQuote"":""COT-2026-0001""}"
53453;"4/9/2026, 3:13:25 p. m.";Cajero;cash-session:opened;CashSession;"{""initialCash"":100000}"
53452;"4/9/2026, 3:13:25 p. m.";Cajero;quote:created;Sale;"{""saleNumber"":""COT-2026-0001"",""total"":27665.42,""items"":1}"
53451;"4/9/2026, 3:13:25 p. m.";Cajero;cash-session:closed;CashSession;"{""finalCash"":0,""expectedCash"":130169.77,""difference"":-130169.77}"
53450;"4/9/2026, 3:13:25 p. m.";Cajero;quote:converted;Sale;"{""saleNumber"":""V-2026-7531"",""wasQuote"":""COT-2026-0001""}"
53449;"4/9/2026, 3:13:25 p. m.";Cajero;cash-session:opened;CashSession;"{""initialCash"":100000}"
53448;"4/9/2026, 3:13:25 p. m.";Cajero;quote:created;Sale;"{""saleNumber"":""COT-2026-0001"",""total"":30169.77,""items"":1}"
53447;"4/9/2026, 3:13:25 p. m.";Cajero;cash-session:closed;CashSession;"{""finalCash"":0,""expectedCash"":141527.76,""difference"":-141527.76}"
53446;"4/9/2026, 3:13:25 p. m.";Cajero;quote:converted;Sale;"{""saleNumber"":""V-2026-7530"",""wasQuote"":""COT-2026-0001""}"
53445;"4/9/2026, 3:13:25 p. m.";Cajero;cash-session:opened;CashSession;"{""initialCash"":100000}"
53444;"4/9/2026, 3:13:25 p. m.";Cajero;quote:created;Sale;"{""saleNumber"":""COT-2026-0001"",""total"":41527.76,""items"":1}"
53443;"4/9/2026, 3:13:25 p. m.";Cajero;cash-session:closed;CashSession;"{""finalCash"":0,""expectedCash"":131660.15,""difference"":-131660.15}"
53442;"4/9/2026, 3:13:25 p. m.";Cajero;quote:converted;Sale;"{""saleNumber"":""V-2026-7529"",""wasQuote"":""COT-2026-0001""}"
53441;"4/9/2026, 3:13:25 p. m.";Cajero;cash-session:opened;CashSession;"{""initialCash"":100000}"
53440;"4/9/2026, 3:13:25 p. m.";Cajero;quote:created;Sale;"{""saleNumber"":""COT-2026-0001"",""total"":31660.15,""items"":1}"
53439;"4/9/2026, 3:13:25 p. m.";Cajero;cash-session:closed;CashSession;"{""finalCash"":0,""expectedCash"":116503.3,""difference"":-116503.3}"
53438;"4/9/2026, 3:13:25 p. m.";Cajero;quote:converted;Sale;"{""saleNumber"":""V-2026-7528"",""wasQuote"":""COT-2026-0001""}"
53437;"4/9/2026, 3:13:25 p. m.";Cajero;cash-session:opened;CashSession;"{""initialCash"":100000}"
53436;"4/9/2026, 3:13:25 p. m.";Cajero;quote:created;Sale;"{""saleNumber"":""COT-2026-0001"",""total"":16503.3,""items"":1}"
53435;"4/9/2026, 3:13:25 p. m.";Cajero;cash-session:closed;CashSession;"{""finalCash"":0,""expectedCash"":159973.88,""difference"":-159973.88}"
53434;"4/9/2026, 3:13:25 p. m.";Cajero;quote:converted;Sale;"{""saleNumber"":""V-2026-7527"",""wasQuote"":""COT-2026-0001""}"
53433;"4/9/2026, 3:13:25 p. m.";Cajero;cash-session:opened;CashSession;"{""initialCash"":100000}"
53432;"4/9/2026, 3:13:25 p. m.";Cajero;quote:created;Sale;"{""saleNumber"":""COT-2026-0001"",""total"":59973.88,""items"":1}"
53431;"4/9/2026, 3:13:25 p. m.";Cajero;cash-session:closed;CashSession;"{""finalCash"":0,""expectedCash"":100454.1,""difference"":-100454.1}"
53430;"4/9/2026, 3:13:25 p. m.";Cajero;quote:converted;Sale;"{""saleNumber"":""V-2026-7526"",""wasQuote"":""COT-2026-0001""}"
53429;"4/9/2026, 3:13:25 p. m.";Cajero;cash-session:opened;CashSession;"{""initialCash"":100000}"
53428;"4/9/2026, 3:13:25 p. m.";Cajero;quote:created;Sale;"{""saleNumber"":""COT-2026-0001"",""total"":454.1,""items"":1}"
53427;"4/9/2026, 3:13:25 p. m.";Cajero;cash-session:closed;CashSession;"{""finalCash"":0,""expectedCash"":133579.45,""difference"":-133579.45}"
53426;"4/9/2026, 3:13:25 p. m.";Cajero;quote:converted;Sale;"{""saleNumber"":""V-2026-7525"",""wasQuote"":""COT-2026-0001""}"
53425;"4/9/2026, 3:13:25 p. m.";Cajero;cash-session:opened;CashSession;"{""initialCash"":100000}"
53424;"4/9/2026, 3:13:25 p. m.";Cajero;quote:created;Sale;"{""saleNumber"":""COT-2026-0001"",""total"":33579.45,""items"":1}"
53423;"4/9/2026, 3:13:25 p. m.";Cajero;cash-session:closed;CashSession;"{""finalCash"":0,""expectedCash"":160563.69,""difference"":-160563.69}"
53422;"4/9/2026, 3:13:25 p. m.";Cajero;quote:converted;Sale;"{""saleNumber"":""V-2026-7524"",""wasQuote"":""COT-2026-0001""}"
53421;"4/9/2026, 3:13:25 p. m.";Cajero;cash-session:opened;CashSession;"{""initialCash"":100000}"
53420;"4/9/2026, 3:13:25 p. m.";Cajero;quote:created;Sale;"{""saleNumber"":""COT-2026-0001"",""total"":60563.69,""items"":1}"
53419;"4/9/2026, 3:13:25 p. m.";Cajero;cash-session:closed;CashSession;"{""finalCash"":0,""expectedCash"":123255.48,""difference"":-123255.48}"
53418;"4/9/2026, 3:13:25 p. m.";Cajero;quote:converted;Sale;"{""saleNumber"":""V-2026-7523"",""wasQuote"":""COT-2026-0001""}"
53417;"4/9/2026, 3:13:25 p. m.";Cajero;cash-session:opened;CashSession;"{""initialCash"":100000}"
53416;"4/9/2026, 3:13:25 p. m.";Cajero;quote:created;Sale;"{""saleNumber"":""COT-2026-0001"",""total"":23255.48,""items"":1}"
53415;"4/9/2026, 3:13:25 p. m.";Cajero;cash-session:closed;CashSession;"{""finalCash"":0,""expectedCash"":161051.4,""difference"":-161051.4}"
53414;"4/9/2026, 3:13:25 p. m.";Cajero;quote:converted;Sale;"{""saleNumber"":""V-2026-7522"",""wasQuote"":""COT-2026-0001""}"
53413;"4/9/2026, 3:13:25 p. m.";Cajero;cash-session:opened;CashSession;"{""initialCash"":100000}"
53412;"4/9/2026, 3:13:25 p. m.";Cajero;quote:created;Sale;"{""saleNumber"":""COT-2026-0001"",""total"":61051.4,""items"":1}"
53411;"4/9/2026, 3:13:25 p. m.";Cajero;cash-session:closed;CashSession;"{""finalCash"":0,""expectedCash"":104853.18,""difference"":-104853.18}"
53410;"4/9/2026, 3:13:25 p. m.";Cajero;quote:converted;Sale;"{""saleNumber"":""V-2026-7521"",""wasQuote"":""COT-2026-0001""}"
53409;"4/9/2026, 3:13:25 p. m.";Cajero;cash-session:opened;CashSession;"{""initialCash"":100000}"
53408;"4/9/2026, 3:13:25 p. m.";Cajero;quote:created;Sale;"{""saleNumber"":""COT-2026-0001"",""total"":4853.18,""items"":1}"
53407;"4/9/2026, 3:13:25 p. m.";Cajero;cash-session:closed;CashSession;"{""finalCash"":0,""expectedCash"":113658.95,""difference"":-113658.95}"
53406;"4/9/2026, 3:13:25 p. m.";Cajero;quote:converted;Sale;"{""saleNumber"":""V-2026-7520"",""wasQuote"":""COT-2026-0001""}"
53405;"4/9/2026, 3:13:25 p. m.";Cajero;cash-session:opened;CashSession;"{""initialCash"":100000}"
53404;"4/9/2026, 3:13:25 p. m.";Cajero;quote:created;Sale;"{""saleNumber"":""COT-2026-0001"",""total"":13658.95,""items"":1}"
53403;"4/9/2026, 3:13:25 p. m.";Cajero;cash-session:closed;CashSession;"{""finalCash"":0,""expectedCash"":189003.16999999998,""difference"":-189003.16999999998}"
53402;"4/9/2026, 3:13:25 p. m.";Cajero;quote:converted;Sale;"{""saleNumber"":""V-2026-7519"",""wasQuote"":""COT-2026-0001""}"
53401;"4/9/2026, 3:13:25 p. m.";Cajero;cash-session:opened;CashSession;"{""initialCash"":100000}"
53400;"4/9/2026, 3:13:25 p. m.";Cajero;quote:created;Sale;"{""saleNumber"":""COT-2026-0001"",""total"":89003.17,""items"":1}"
53399;"4/9/2026, 3:13:25 p. m.";Cajero;cash-session:closed;CashSession;"{""finalCash"":0,""expectedCash"":191489.95,""difference"":-191489.95}"
53398;"4/9/2026, 3:13:25 p. m.";Cajero;quote:converted;Sale;"{""saleNumber"":""V-2026-7518"",""wasQuote"":""COT-2026-0001""}"
53397;"4/9/2026, 3:13:25 p. m.";Cajero;cash-session:opened;CashSession;"{""initialCash"":100000}"
53396;"4/9/2026, 3:13:25 p. m.";Cajero;quote:created;Sale;"{""saleNumber"":""COT-2026-0001"",""total"":91489.95,""items"":1}"
53395;"4/9/2026, 3:13:25 p. m.";Cajero;cash-session:closed;CashSession;"{""finalCash"":0,""expectedCash"":143958.16999999998,""difference"":-143958.16999999998}"
53394;"4/9/2026, 3:13:25 p. m.";Cajero;quote:converted;Sale;"{""saleNumber"":""V-2026-7517"",""wasQuote"":""COT-2026-0001""}"
53393;"4/9/2026, 3:13:25 p. m.";Cajero;cash-session:opened;CashSession;"{""initialCash"":100000}"
53392;"4/9/2026, 3:13:25 p. m.";Cajero;quote:created;Sale;"{""saleNumber"":""COT-2026-0001"",""total"":43958.17,""items"":1}"
53391;"4/9/2026, 3:13:25 p. m.";Cajero;cash-session:closed;CashSession;"{""finalCash"":0,""expectedCash"":134497.52,""difference"":-134497.52}"
53390;"4/9/2026, 3:13:25 p. m.";Cajero;quote:converted;Sale;"{""saleNumber"":""V-2026-7516"",""wasQuote"":""COT-2026-0001""}"
53389;"4/9/2026, 3:13:25 p. m.";Cajero;cash-session:opened;CashSession;"{""initialCash"":100000}"
53388;"4/9/2026, 3:13:25 p. m.";Cajero;quote:created;Sale;"{""saleNumber"":""COT-2026-0001"",""total"":34497.52,""items"":1}"
53387;"4/9/2026, 3:13:25 p. m.";Cajero;cash-session:closed;CashSession;"{""finalCash"":0,""expectedCash"":105257.35,""difference"":-105257.35}"
53386;"4/9/2026, 3:13:25 p. m.";Cajero;quote:converted;Sale;"{""saleNumber"":""V-2026-7515"",""wasQuote"":""COT-2026-0001""}"
53385;"4/9/2026, 3:13:25 p. m.";Cajero;cash-session:opened;CashSession;"{""initialCash"":100000}"
53384;"4/9/2026, 3:13:25 p. m.";Cajero;quote:created;Sale;"{""saleNumber"":""COT-2026-0001"",""total"":5257.35,""items"":1}"
53383;"4/9/2026, 3:13:25 p. m.";Cajero;cash-session:closed;CashSession;"{""finalCash"":0,""expectedCash"":168564.41,""difference"":-168564.41}"
53382;"4/9/2026, 3:13:25 p. m.";Cajero;quote:converted;Sale;"{""saleNumber"":""V-2026-7514"",""wasQuote"":""COT-2026-0001""}"
53381;"4/9/2026, 3:13:25 p. m.";Cajero;cash-session:opened;CashSession;"{""initialCash"":100000}"
53380;"4/9/2026, 3:13:25 p. m.";Cajero;quote:created;Sale;"{""saleNumber"":""COT-2026-0001"",""total"":68564.41,""items"":1}"
53379;"4/9/2026, 3:13:25 p. m.";Cajero;cash-session:closed;CashSession;"{""finalCash"":0,""expectedCash"":149313.56,""difference"":-149313.56}"
53378;"4/9/2026, 3:13:25 p. m.";Cajero;quote:converted;Sale;"{""saleNumber"":""V-2026-7513"",""wasQuote"":""COT-2026-0001""}"
53377;"4/9/2026, 3:13:25 p. m.";Cajero;cash-session:opened;CashSession;"{""initialCash"":100000}"
53376;"4/9/2026, 3:13:25 p. m.";Cajero;quote:created;Sale;"{""saleNumber"":""COT-2026-0001"",""total"":49313.56,""items"":1}"
53375;"4/9/2026, 3:13:25 p. m.";Cajero;cash-session:closed;CashSession;"{""finalCash"":0,""expectedCash"":148144.83000000002,""difference"":-148144.83000000002}"
53374;"4/9/2026, 3:13:25 p. m.";Cajero;quote:converted;Sale;"{""saleNumber"":""V-2026-7512"",""wasQuote"":""COT-2026-0001""}"
53373;"4/9/2026, 3:13:25 p. m.";Cajero;cash-session:opened;CashSession;"{""initialCash"":100000}"
53372;"4/9/2026, 3:13:25 p. m.";Cajero;quote:created;Sale;"{""saleNumber"":""COT-2026-0001"",""total"":48144.83,""items"":1}"
53371;"4/9/2026, 3:13:25 p. m.";Cajero;cash-session:closed;CashSession;"{""finalCash"":0,""expectedCash"":115491.56,""difference"":-115491.56}"
53370;"4/9/2026, 3:13:25 p. m.";Cajero;quote:converted;Sale;"{""saleNumber"":""V-2026-7511"",""wasQuote"":""COT-2026-0001""}"
53369;"4/9/2026, 3:13:25 p. m.";Cajero;cash-session:opened;CashSession;"{""initialCash"":100000}"
53368;"4/9/2026, 3:13:25 p. m.";Cajero;quote:created;Sale;"{""saleNumber"":""COT-2026-0001"",""total"":15491.56,""items"":1}"
53367;"4/9/2026, 3:13:25 p. m.";Cajero;cash-session:closed;CashSession;"{""finalCash"":0,""expectedCash"":103380.96,""difference"":-103380.96}"
53366;"4/9/2026, 3:13:25 p. m.";Cajero;quote:converted;Sale;"{""saleNumber"":""V-2026-7510"",""wasQuote"":""COT-2026-0001""}"
53365;"4/9/2026, 3:13:25 p. m.";Cajero;cash-session:opened;CashSession;"{""initialCash"":100000}"
53364;"4/9/2026, 3:13:25 p. m.";Cajero;quote:created;Sale;"{""saleNumber"":""COT-2026-0001"",""total"":3380.96,""items"":1}"
53363;"4/9/2026, 3:13:25 p. m.";Cajero;cash-session:closed;CashSession;"{""finalCash"":0,""expectedCash"":108163.83,""difference"":-108163.83}"
53362;"4/9/2026, 3:13:25 p. m.";Cajero;quote:converted;Sale;"{""saleNumber"":""V-2026-7509"",""wasQuote"":""COT-2026-0001""}"
53361;"4/9/2026, 3:13:25 p. m.";Cajero;cash-session:opened;CashSession;"{""initialCash"":100000}"
53360;"4/9/2026, 3:13:25 p. m.";Cajero;quote:created;Sale;"{""saleNumber"":""COT-2026-0001"",""total"":8163.83,""items"":1}"
53359;"4/9/2026, 3:13:25 p. m.";Cajero;cash-session:closed;CashSession;"{""finalCash"":0,""expectedCash"":146163.26,""difference"":-146163.26}"
53358;"4/9/2026, 3:13:25 p. m.";Cajero;quote:converted;Sale;"{""saleNumber"":""V-2026-7508"",""wasQuote"":""COT-2026-0001""}"
53357;"4/9/2026, 3:13:25 p. m.";Cajero;cash-session:opened;CashSession;"{""initialCash"":100000}"
53356;"4/9/2026, 3:13:25 p. m.";Cajero;quote:created;Sale;"{""saleNumber"":""COT-2026-0001"",""total"":46163.26,""items"":1}"
53355;"4/9/2026, 3:13:25 p. m.";Cajero;cash-session:closed;CashSession;"{""finalCash"":0,""expectedCash"":134727.66,""difference"":-134727.66}"
53354;"4/9/2026, 3:13:25 p. m.";Cajero;quote:converted;Sale;"{""saleNumber"":""V-2026-7507"",""wasQuote"":""COT-2026-0001""}"
53353;"4/9/2026, 3:13:25 p. m.";Cajero;cash-session:opened;CashSession;"{""initialCash"":100000}"
53352;"4/9/2026, 3:13:25 p. m.";Cajero;quote:created;Sale;"{""saleNumber"":""COT-2026-0001"",""total"":34727.66,""items"":1}"
53351;"4/9/2026, 3:13:25 p. m.";Cajero;cash-session:closed;CashSession;"{""finalCash"":0,""expectedCash"":135112.55,""difference"":-135112.55}"
53350;"4/9/2026, 3:13:25 p. m.";Cajero;quote:converted;Sale;"{""saleNumber"":""V-2026-7506"",""wasQuote"":""COT-2026-0001""}"
53349;"4/9/2026, 3:13:25 p. m.";Cajero;cash-session:opened;CashSession;"{""initialCash"":100000}"
53348;"4/9/2026, 3:13:25 p. m.";Cajero;quote:created;Sale;"{""saleNumber"":""COT-2026-0001"",""total"":35112.55,""items"":1}"
53347;"4/9/2026, 3:13:25 p. m.";Cajero;cash-session:closed;CashSession;"{""finalCash"":0,""expectedCash"":114787.55,""difference"":-114787.55}"
53346;"4/9/2026, 3:13:25 p. m.";Cajero;quote:converted;Sale;"{""saleNumber"":""V-2026-7505"",""wasQuote"":""COT-2026-0001""}"
53345;"4/9/2026, 3:13:25 p. m.";Cajero;cash-session:opened;CashSession;"{""initialCash"":100000}"
53344;"4/9/2026, 3:13:25 p. m.";Cajero;quote:created;Sale;"{""saleNumber"":""COT-2026-0001"",""total"":14787.55,""items"":1}"
53343;"4/9/2026, 3:13:25 p. m.";Cajero;cash-session:closed;CashSession;"{""finalCash"":0,""expectedCash"":147841.19,""difference"":-147841.19}"
53342;"4/9/2026, 3:13:25 p. m.";Cajero;quote:converted;Sale;"{""saleNumber"":""V-2026-7504"",""wasQuote"":""COT-2026-0001""}"
53341;"4/9/2026, 3:13:25 p. m.";Cajero;cash-session:opened;CashSession;"{""initialCash"":100000}"
53340;"4/9/2026, 3:13:25 p. m.";Cajero;quote:created;Sale;"{""saleNumber"":""COT-2026-0001"",""total"":47841.19,""items"":1}"
53339;"4/9/2026, 3:13:25 p. m.";Cajero;cash-session:closed;CashSession;"{""finalCash"":0,""expectedCash"":129008.8,""difference"":-129008.8}"
53338;"4/9/2026, 3:13:25 p. m.";Cajero;quote:converted;Sale;"{""saleNumber"":""V-2026-7503"",""wasQuote"":""COT-2026-0001""}"
53337;"4/9/2026, 3:13:25 p. m.";Cajero;cash-session:opened;CashSession;"{""initialCash"":100000}"
53336;"4/9/2026, 3:13:25 p. m.";Cajero;quote:created;Sale;"{""saleNumber"":""COT-2026-0001"",""total"":29008.8,""items"":1}"
53335;"4/9/2026, 3:13:25 p. m.";Cajero;cash-session:closed;CashSession;"{""finalCash"":0,""expectedCash"":100664.2,""difference"":-100664.2}"
53334;"4/9/2026, 3:13:25 p. m.";Cajero;quote:converted;Sale;"{""saleNumber"":""V-2026-7502"",""wasQuote"":""COT-2026-0001""}"
53333;"4/9/2026, 3:13:25 p. m.";Cajero;cash-session:opened;CashSession;"{""initialCash"":100000}"
53332;"4/9/2026, 3:13:25 p. m.";Cajero;quote:created;Sale;"{""saleNumber"":""COT-2026-0001"",""total"":664.2,""items"":1}"
53331;"4/9/2026, 3:13:25 p. m.";Cajero;cash-session:closed;CashSession;"{""finalCash"":0,""expectedCash"":144611.79,""difference"":-144611.79}"
53330;"4/9/2026, 3:13:25 p. m.";Cajero;quote:converted;Sale;"{""saleNumber"":""V-2026-7501"",""wasQuote"":""COT-2026-0001""}"
53329;"4/9/2026, 3:13:25 p. m.";Cajero;cash-session:opened;CashSession;"{""initialCash"":100000}"
53328;"4/9/2026, 3:13:25 p. m.";Cajero;quote:created;Sale;"{""saleNumber"":""COT-2026-0001"",""total"":44611.79,""items"":1}"
53327;"4/9/2026, 3:13:25 p. m.";Cajero;cash-session:closed;CashSession;"{""finalCash"":0,""expectedCash"":121077.1,""difference"":-121077.1}"
53326;"4/9/2026, 3:13:25 p. m.";Cajero;quote:converted;Sale;"{""saleNumber"":""V-2026-7500"",""wasQuote"":""COT-2026-0001""}"
53325;"4/9/2026, 3:13:25 p. m.";Cajero;cash-session:opened;CashSession;"{""initialCash"":100000}"
53324;"4/9/2026, 3:13:25 p. m.";Cajero;quote:created;Sale;"{""saleNumber"":""COT-2026-0001"",""total"":21077.1,""items"":1}"
53323;"4/9/2026, 3:13:25 p. m.";Cajero;cash-session:closed;CashSession;"{""finalCash"":0,""expectedCash"":146548.02,""difference"":-146548.02}"
53322;"4/9/2026, 3:13:25 p. m.";Cajero;quote:converted;Sale;"{""saleNumber"":""V-2026-7499"",""wasQuote"":""COT-2026-0001""}"
53321;"4/9/2026, 3:13:25 p. m.";Cajero;cash-session:opened;CashSession;"{""initialCash"":100000}"
53320;"4/9/2026, 3:13:25 p. m.";Cajero;quote:created;Sale;"{""saleNumber"":""COT-2026-0001"",""total"":46548.02,""items"":1}"
53319;"4/9/2026, 3:13:25 p. m.";Cajero;cash-session:closed;CashSession;"{""finalCash"":0,""expectedCash"":136098.31,""difference"":-136098.31}"
53318;"4/9/2026, 3:13:25 p. m.";Cajero;quote:converted;Sale;"{""saleNumber"":""V-2026-7498"",""wasQuote"":""COT-2026-0001""}"
53317;"4/9/2026, 3:13:25 p. m.";Cajero;cash-session:opened;CashSession;"{""initialCash"":100000}"
53316;"4/9/2026, 3:13:25 p. m.";Cajero;quote:created;Sale;"{""saleNumber"":""COT-2026-0001"",""total"":36098.31,""items"":1}"
53315;"4/9/2026, 3:13:25 p. m.";Cajero;cash-session:closed;CashSession;"{""finalCash"":0,""expectedCash"":127987.66,""difference"":-127987.66}"
53314;"4/9/2026, 3:13:25 p. m.";Cajero;quote:converted;Sale;"{""saleNumber"":""V-2026-7497"",""wasQuote"":""COT-2026-0001""}"
53313;"4/9/2026, 3:13:25 p. m.";Cajero;cash-session:opened;CashSession;"{""initialCash"":100000}"
53312;"4/9/2026, 3:13:25 p. m.";Cajero;quote:created;Sale;"{""saleNumber"":""COT-2026-0001"",""total"":27987.66,""items"":1}"
53311;"4/9/2026, 3:13:25 p. m.";Cajero;cash-session:closed;CashSession;"{""finalCash"":0,""expectedCash"":149579.69,""difference"":-149579.69}"
53310;"4/9/2026, 3:13:25 p. m.";Cajero;quote:converted;Sale;"{""saleNumber"":""V-2026-7496"",""wasQuote"":""COT-2026-0001""}"
53309;"4/9/2026, 3:13:25 p. m.";Cajero;cash-session:opened;CashSession;"{""initialCash"":100000}"
53308;"4/9/2026, 3:13:25 p. m.";Cajero;quote:created;Sale;"{""saleNumber"":""COT-2026-0001"",""total"":49579.69,""items"":1}"
53307;"4/9/2026, 3:13:25 p. m.";Cajero;cash-session:closed;CashSession;"{""finalCash"":0,""expectedCash"":164765.64,""difference"":-164765.64}"
53306;"4/9/2026, 3:13:25 p. m.";Cajero;quote:converted;Sale;"{""saleNumber"":""V-2026-7495"",""wasQuote"":""COT-2026-0001""}"
53305;"4/9/2026, 3:13:25 p. m.";Cajero;cash-session:opened;CashSession;"{""initialCash"":100000}"
53304;"4/9/2026, 3:13:25 p. m.";Cajero;quote:created;Sale;"{""saleNumber"":""COT-2026-0001"",""total"":64765.64,""items"":1}"
53303;"4/9/2026, 3:13:25 p. m.";Cajero;cash-session:closed;CashSession;"{""finalCash"":0,""expectedCash"":134216.23,""difference"":-134216.23}"
53302;"4/9/2026, 3:13:25 p. m.";Cajero;quote:converted;Sale;"{""saleNumber"":""V-2026-7494"",""wasQuote"":""COT-2026-0001""}"
53301;"4/9/2026, 3:13:25 p. m.";Cajero;cash-session:opened;CashSession;"{""initialCash"":100000}"
53300;"4/9/2026, 3:13:25 p. m.";Cajero;quote:created;Sale;"{""saleNumber"":""COT-2026-0001"",""total"":34216.23,""items"":1}"
53299;"4/9/2026, 3:13:25 p. m.";Cajero;cash-session:closed;CashSession;"{""finalCash"":0,""expectedCash"":144373.41,""difference"":-144373.41}"
53298;"4/9/2026, 3:13:25 p. m.";Cajero;quote:converted;Sale;"{""saleNumber"":""V-2026-7493"",""wasQuote"":""COT-2026-0001""}"
53297;"4/9/2026, 3:13:25 p. m.";Cajero;cash-session:opened;CashSession;"{""initialCash"":100000}"
53296;"4/9/2026, 3:13:25 p. m.";Cajero;quote:created;Sale;"{""saleNumber"":""COT-2026-0001"",""total"":44373.41,""items"":1}"
53295;"4/9/2026, 3:13:25 p. m.";Cajero;cash-session:closed;CashSession;"{""finalCash"":0,""expectedCash"":156362.59,""difference"":-156362.59}"
53294;"4/9/2026, 3:13:25 p. m.";Cajero;quote:converted;Sale;"{""saleNumber"":""V-2026-7492"",""wasQuote"":""COT-2026-0001""}"
53293;"4/9/2026, 3:13:25 p. m.";Cajero;cash-session:opened;CashSession;"{""initialCash"":100000}"
53292;"4/9/2026, 3:13:25 p. m.";Cajero;quote:created;Sale;"{""saleNumber"":""COT-2026-0001"",""total"":56362.59,""items"":1}"
53291;"4/9/2026, 3:13:25 p. m.";Cajero;cash-session:closed;CashSession;"{""finalCash"":0,""expectedCash"":110781.27,""difference"":-110781.27}"
53290;"4/9/2026, 3:13:25 p. m.";Cajero;quote:converted;Sale;"{""saleNumber"":""V-2026-7491"",""wasQuote"":""COT-2026-0001""}"
53289;"4/9/2026, 3:13:25 p. m.";Cajero;cash-session:opened;CashSession;"{""initialCash"":100000}"
53288;"4/9/2026, 3:13:25 p. m.";Cajero;quote:created;Sale;"{""saleNumber"":""COT-2026-0001"",""total"":10781.27,""items"":1}"
53287;"4/9/2026, 3:13:25 p. m.";Cajero;cash-session:closed;CashSession;"{""finalCash"":0,""expectedCash"":125730.48,""difference"":-125730.48}"
53286;"4/9/2026, 3:13:25 p. m.";Cajero;quote:converted;Sale;"{""saleNumber"":""V-2026-7490"",""wasQuote"":""COT-2026-0001""}"
53285;"4/9/2026, 3:13:25 p. m.";Cajero;cash-session:opened;CashSession;"{""initialCash"":100000}"
53284;"4/9/2026, 3:13:25 p. m.";Cajero;quote:created;Sale;"{""saleNumber"":""COT-2026-0001"",""total"":25730.48,""items"":1}"
53283;"4/9/2026, 3:13:25 p. m.";Cajero;cash-session:closed;CashSession;"{""finalCash"":0,""expectedCash"":168230.4,""difference"":-168230.4}"
53282;"4/9/2026, 3:13:25 p. m.";Cajero;quote:converted;Sale;"{""saleNumber"":""V-2026-7489"",""wasQuote"":""COT-2026-0001""}"
53281;"4/9/2026, 3:13:25 p. m.";Cajero;cash-session:opened;CashSession;"{""initialCash"":100000}"
53280;"4/9/2026, 3:13:25 p. m.";Cajero;quote:created;Sale;"{""saleNumber"":""COT-2026-0001"",""total"":68230.4,""items"":1}"
53279;"4/9/2026, 3:13:25 p. m.";Cajero;cash-session:closed;CashSession;"{""finalCash"":0,""expectedCash"":102627.94,""difference"":-102627.94}"
53278;"4/9/2026, 3:13:25 p. m.";Cajero;quote:converted;Sale;"{""saleNumber"":""V-2026-7488"",""wasQuote"":""COT-2026-0001""}"
53277;"4/9/2026, 3:13:25 p. m.";Cajero;cash-session:opened;CashSession;"{""initialCash"":100000}"
53276;"4/9/2026, 3:13:25 p. m.";Cajero;quote:created;Sale;"{""saleNumber"":""COT-2026-0001"",""total"":2627.94,""items"":1}"
53275;"4/9/2026, 3:13:25 p. m.";Cajero;cash-session:closed;CashSession;"{""finalCash"":0,""expectedCash"":124462.68,""difference"":-124462.68}"
53274;"4/9/2026, 3:13:25 p. m.";Cajero;quote:converted;Sale;"{""saleNumber"":""V-2026-7487"",""wasQuote"":""COT-2026-0001""}"
53273;"4/9/2026, 3:13:25 p. m.";Cajero;cash-session:opened;CashSession;"{""initialCash"":100000}"
53272;"4/9/2026, 3:13:25 p. m.";Cajero;quote:created;Sale;"{""saleNumber"":""COT-2026-0001"",""total"":24462.68,""items"":1}"
53271;"4/9/2026, 3:13:25 p. m.";Cajero;cash-session:closed;CashSession;"{""finalCash"":0,""expectedCash"":130413.6,""difference"":-130413.6}"
53270;"4/9/2026, 3:13:25 p. m.";Cajero;quote:converted;Sale;"{""saleNumber"":""V-2026-7486"",""wasQuote"":""COT-2026-0001""}"
53269;"4/9/2026, 3:13:25 p. m.";Cajero;cash-session:opened;CashSession;"{""initialCash"":100000}"
53268;"4/9/2026, 3:13:25 p. m.";Cajero;quote:created;Sale;"{""saleNumber"":""COT-2026-0001"",""total"":30413.6,""items"":1}"
53267;"4/9/2026, 3:13:25 p. m.";Cajero;cash-session:closed;CashSession;"{""finalCash"":0,""expectedCash"":139722.05,""difference"":-139722.05}"
53266;"4/9/2026, 3:13:25 p. m.";Cajero;quote:converted;Sale;"{""saleNumber"":""V-2026-7485"",""wasQuote"":""COT-2026-0001""}"
53265;"4/9/2026, 3:13:25 p. m.";Cajero;cash-session:opened;CashSession;"{""initialCash"":100000}"
53264;"4/9/2026, 3:13:25 p. m.";Cajero;quote:created;Sale;"{""saleNumber"":""COT-2026-0001"",""total"":39722.05,""items"":1}"
53263;"4/9/2026, 3:13:25 p. m.";Cajero;cash-session:closed;CashSession;"{""finalCash"":0,""expectedCash"":148761.05,""difference"":-148761.05}"
53262;"4/9/2026, 3:13:25 p. m.";Cajero;quote:converted;Sale;"{""saleNumber"":""V-2026-7484"",""wasQuote"":""COT-2026-0001""}"
53261;"4/9/2026, 3:13:25 p. m.";Cajero;cash-session:opened;CashSession;"{""initialCash"":100000}"
53260;"4/9/2026, 3:13:25 p. m.";Cajero;quote:created;Sale;"{""saleNumber"":""COT-2026-0001"",""total"":48761.05,""items"":1}"
53259;"4/9/2026, 3:13:25 p. m.";Cajero;cash-session:closed;CashSession;"{""finalCash"":0,""expectedCash"":130424.57,""difference"":-130424.57}"
53258;"4/9/2026, 3:13:25 p. m.";Cajero;quote:converted;Sale;"{""saleNumber"":""V-2026-7483"",""wasQuote"":""COT-2026-0001""}"
53257;"4/9/2026, 3:13:25 p. m.";Cajero;cash-session:opened;CashSession;"{""initialCash"":100000}"
53256;"4/9/2026, 3:13:25 p. m.";Cajero;quote:created;Sale;"{""saleNumber"":""COT-2026-0001"",""total"":30424.57,""items"":1}"
53255;"4/9/2026, 3:13:25 p. m.";Cajero;cash-session:closed;CashSession;"{""finalCash"":0,""expectedCash"":136039.97,""difference"":-136039.97}"
53254;"4/9/2026, 3:13:25 p. m.";Cajero;quote:converted;Sale;"{""saleNumber"":""V-2026-7482"",""wasQuote"":""COT-2026-0001""}"
53253;"4/9/2026, 3:13:25 p. m.";Cajero;cash-session:opened;CashSession;"{""initialCash"":100000}"
53252;"4/9/2026, 3:13:25 p. m.";Cajero;quote:created;Sale;"{""saleNumber"":""COT-2026-0001"",""total"":36039.97,""items"":1}"
53251;"4/9/2026, 3:13:25 p. m.";Cajero;cash-session:closed;CashSession;"{""finalCash"":0,""expectedCash"":114745.29000000001,""difference"":-114745.29000000001}"
53250;"4/9/2026, 3:13:25 p. m.";Cajero;quote:converted;Sale;"{""saleNumber"":""V-2026-7481"",""wasQuote"":""COT-2026-0001""}"
53249;"4/9/2026, 3:13:24 p. m.";Cajero;cash-session:opened;CashSession;"{""initialCash"":100000}"
53248;"4/9/2026, 3:13:24 p. m.";Cajero;quote:created;Sale;"{""saleNumber"":""COT-2026-0001"",""total"":14745.29,""items"":1}"
53247;"4/9/2026, 3:13:24 p. m.";Cajero;cash-session:closed;CashSession;"{""finalCash"":0,""expectedCash"":107669.7,""difference"":-107669.7}"
53246;"4/9/2026, 3:13:24 p. m.";Cajero;quote:converted;Sale;"{""saleNumber"":""V-2026-7480"",""wasQuote"":""COT-2026-0001""}"
53245;"4/9/2026, 3:13:24 p. m.";Cajero;cash-session:opened;CashSession;"{""initialCash"":100000}"
53244;"4/9/2026, 3:13:24 p. m.";Cajero;quote:created;Sale;"{""saleNumber"":""COT-2026-0001"",""total"":7669.7,""items"":1}"
53243;"4/9/2026, 3:13:24 p. m.";Cajero;cash-session:closed;CashSession;"{""finalCash"":0,""expectedCash"":178027.49,""difference"":-178027.49}"
53242;"4/9/2026, 3:13:24 p. m.";Cajero;quote:converted;Sale;"{""saleNumber"":""V-2026-7479"",""wasQuote"":""COT-2026-0001""}"
53241;"4/9/2026, 3:13:24 p. m.";Cajero;cash-session:opened;CashSession;"{""initialCash"":100000}"
53240;"4/9/2026, 3:13:24 p. m.";Cajero;quote:created;Sale;"{""saleNumber"":""COT-2026-0001"",""total"":78027.49,""items"":1}"
53239;"4/9/2026, 3:13:24 p. m.";Cajero;cash-session:closed;CashSession;"{""finalCash"":0,""expectedCash"":107154.86,""difference"":-107154.86}"
53238;"4/9/2026, 3:13:24 p. m.";Cajero;quote:converted;Sale;"{""saleNumber"":""V-2026-7478"",""wasQuote"":""COT-2026-0001""}"
53237;"4/9/2026, 3:13:24 p. m.";Cajero;cash-session:opened;CashSession;"{""initialCash"":100000}"
53236;"4/9/2026, 3:13:24 p. m.";Cajero;quote:created;Sale;"{""saleNumber"":""COT-2026-0001"",""total"":7154.86,""items"":1}"
53235;"4/9/2026, 3:13:24 p. m.";Cajero;cash-session:closed;CashSession;"{""finalCash"":0,""expectedCash"":106802.97,""difference"":-106802.97}"
53234;"4/9/2026, 3:13:24 p. m.";Cajero;quote:converted;Sale;"{""saleNumber"":""V-2026-7477"",""wasQuote"":""COT-2026-0001""}"
53233;"4/9/2026, 3:13:24 p. m.";Cajero;cash-session:opened;CashSession;"{""initialCash"":100000}"
53232;"4/9/2026, 3:13:24 p. m.";Cajero;quote:created;Sale;"{""saleNumber"":""COT-2026-0001"",""total"":6802.97,""items"":1}"
53231;"4/9/2026, 3:13:24 p. m.";Cajero;cash-session:closed;CashSession;"{""finalCash"":0,""expectedCash"":144359.69,""difference"":-144359.69}"
53230;"4/9/2026, 3:13:24 p. m.";Cajero;quote:converted;Sale;"{""saleNumber"":""V-2026-7476"",""wasQuote"":""COT-2026-0001""}"
53229;"4/9/2026, 3:13:24 p. m.";Cajero;cash-session:opened;CashSession;"{""initialCash"":100000}"
53228;"4/9/2026, 3:13:24 p. m.";Cajero;quote:created;Sale;"{""saleNumber"":""COT-2026-0001"",""total"":44359.69,""items"":1}"
53227;"4/9/2026, 3:13:24 p. m.";Cajero;cash-session:closed;CashSession;"{""finalCash"":0,""expectedCash"":183368.03,""difference"":-183368.03}"
53226;"4/9/2026, 3:13:24 p. m.";Cajero;quote:converted;Sale;"{""saleNumber"":""V-2026-7475"",""wasQuote"":""COT-2026-0001""}"
53225;"4/9/2026, 3:13:24 p. m.";Cajero;cash-session:opened;CashSession;"{""initialCash"":100000}"
53224;"4/9/2026, 3:13:24 p. m.";Cajero;quote:created;Sale;"{""saleNumber"":""COT-2026-0001"",""total"":83368.03,""items"":1}"
53223;"4/9/2026, 3:13:24 p. m.";Cajero;cash-session:closed;CashSession;"{""finalCash"":0,""expectedCash"":149381.01,""difference"":-149381.01}"
53222;"4/9/2026, 3:13:24 p. m.";Cajero;quote:converted;Sale;"{""saleNumber"":""V-2026-7474"",""wasQuote"":""COT-2026-0001""}"
53221;"4/9/2026, 3:13:24 p. m.";Cajero;cash-session:opened;CashSession;"{""initialCash"":100000}"
53220;"4/9/2026, 3:13:24 p. m.";Cajero;quote:created;Sale;"{""saleNumber"":""COT-2026-0001"",""total"":49381.01,""items"":1}"
53219;"4/9/2026, 3:13:24 p. m.";Cajero;cash-session:closed;CashSession;"{""finalCash"":0,""expectedCash"":139946.39,""difference"":-139946.39}"
53218;"4/9/2026, 3:13:24 p. m.";Cajero;quote:converted;Sale;"{""saleNumber"":""V-2026-7473"",""wasQuote"":""COT-2026-0001""}"
53217;"4/9/2026, 3:13:24 p. m.";Cajero;cash-session:opened;CashSession;"{""initialCash"":100000}"
53216;"4/9/2026, 3:13:24 p. m.";Cajero;quote:created;Sale;"{""saleNumber"":""COT-2026-0001"",""total"":39946.39,""items"":1}"
53215;"4/9/2026, 3:13:24 p. m.";Cajero;cash-session:closed;CashSession;"{""finalCash"":0,""expectedCash"":135342.66,""difference"":-135342.66}"
53214;"4/9/2026, 3:13:24 p. m.";Cajero;quote:converted;Sale;"{""saleNumber"":""V-2026-7472"",""wasQuote"":""COT-2026-0001""}"
53213;"4/9/2026, 3:13:24 p. m.";Cajero;cash-session:opened;CashSession;"{""initialCash"":100000}"
53212;"4/9/2026, 3:13:24 p. m.";Cajero;quote:created;Sale;"{""saleNumber"":""COT-2026-0001"",""total"":35342.66,""items"":1}"
53211;"4/9/2026, 3:13:24 p. m.";Cajero;cash-session:closed;CashSession;"{""finalCash"":0,""expectedCash"":153234.72,""difference"":-153234.72}"
53210;"4/9/2026, 3:13:24 p. m.";Cajero;quote:converted;Sale;"{""saleNumber"":""V-2026-7471"",""wasQuote"":""COT-2026-0001""}"
53209;"4/9/2026, 3:13:24 p. m.";Cajero;cash-session:opened;CashSession;"{""initialCash"":100000}"
53208;"4/9/2026, 3:13:24 p. m.";Cajero;quote:created;Sale;"{""saleNumber"":""COT-2026-0001"",""total"":53234.72,""items"":1}"
53207;"4/9/2026, 3:13:24 p. m.";Cajero;cash-session:closed;CashSession;"{""finalCash"":0,""expectedCash"":111388.14,""difference"":-111388.14}"
53206;"4/9/2026, 3:13:24 p. m.";Cajero;quote:converted;Sale;"{""saleNumber"":""V-2026-7470"",""wasQuote"":""COT-2026-0001""}"
53205;"4/9/2026, 3:13:24 p. m.";Cajero;cash-session:opened;CashSession;"{""initialCash"":100000}"
53204;"4/9/2026, 3:13:24 p. m.";Cajero;quote:created;Sale;"{""saleNumber"":""COT-2026-0001"",""total"":11388.14,""items"":1}"
53203;"4/9/2026, 3:13:24 p. m.";Cajero;cash-session:closed;CashSession;"{""finalCash"":0,""expectedCash"":164529.87,""difference"":-164529.87}"
53202;"4/9/2026, 3:13:24 p. m.";Cajero;quote:converted;Sale;"{""saleNumber"":""V-2026-7469"",""wasQuote"":""COT-2026-0001""}"
53201;"4/9/2026, 3:13:24 p. m.";Cajero;cash-session:opened;CashSession;"{""initialCash"":100000}"
53200;"4/9/2026, 3:13:24 p. m.";Cajero;quote:created;Sale;"{""saleNumber"":""COT-2026-0001"",""total"":64529.87,""items"":1}"
53199;"4/9/2026, 3:13:24 p. m.";Cajero;cash-session:closed;CashSession;"{""finalCash"":0,""expectedCash"":108878.24,""difference"":-108878.24}"
53198;"4/9/2026, 3:13:24 p. m.";Cajero;quote:converted;Sale;"{""saleNumber"":""V-2026-7468"",""wasQuote"":""COT-2026-0001""}"
53197;"4/9/2026, 3:13:24 p. m.";Cajero;cash-session:opened;CashSession;"{""initialCash"":100000}"
53196;"4/9/2026, 3:13:24 p. m.";Cajero;quote:created;Sale;"{""saleNumber"":""COT-2026-0001"",""total"":8878.24,""items"":1}"
53195;"4/9/2026, 3:13:24 p. m.";Cajero;cash-session:closed;CashSession;"{""finalCash"":0,""expectedCash"":140290.46,""difference"":-140290.46}"
53194;"4/9/2026, 3:13:24 p. m.";Cajero;quote:converted;Sale;"{""saleNumber"":""V-2026-7467"",""wasQuote"":""COT-2026-0001""}"
53193;"4/9/2026, 3:13:24 p. m.";Cajero;cash-session:opened;CashSession;"{""initialCash"":100000}"
53192;"4/9/2026, 3:13:24 p. m.";Cajero;quote:created;Sale;"{""saleNumber"":""COT-2026-0001"",""total"":40290.46,""items"":1}"
53191;"4/9/2026, 3:13:24 p. m.";Cajero;cash-session:closed;CashSession;"{""finalCash"":0,""expectedCash"":149204.38,""difference"":-149204.38}"
53190;"4/9/2026, 3:13:24 p. m.";Cajero;quote:converted;Sale;"{""saleNumber"":""V-2026-7466"",""wasQuote"":""COT-2026-0001""}"
53189;"4/9/2026, 3:13:24 p. m.";Cajero;cash-session:opened;CashSession;"{""initialCash"":100000}"
53188;"4/9/2026, 3:13:24 p. m.";Cajero;quote:created;Sale;"{""saleNumber"":""COT-2026-0001"",""total"":49204.38,""items"":1}"
53187;"4/9/2026, 3:13:24 p. m.";Cajero;cash-session:closed;CashSession;"{""finalCash"":0,""expectedCash"":160872.81,""difference"":-160872.81}"
53186;"4/9/2026, 3:13:24 p. m.";Cajero;quote:converted;Sale;"{""saleNumber"":""V-2026-7465"",""wasQuote"":""COT-2026-0001""}"
53185;"4/9/2026, 3:13:24 p. m.";Cajero;cash-session:opened;CashSession;"{""initialCash"":100000}"
53184;"4/9/2026, 3:13:24 p. m.";Cajero;quote:created;Sale;"{""saleNumber"":""COT-2026-0001"",""total"":60872.81,""items"":1}"
53183;"4/9/2026, 3:13:24 p. m.";Cajero;cash-session:closed;CashSession;"{""finalCash"":0,""expectedCash"":134178.27,""difference"":-134178.27}"
53182;"4/9/2026, 3:13:24 p. m.";Cajero;quote:converted;Sale;"{""saleNumber"":""V-2026-7464"",""wasQuote"":""COT-2026-0001""}"
53181;"4/9/2026, 3:13:24 p. m.";Cajero;cash-session:opened;CashSession;"{""initialCash"":100000}"
53180;"4/9/2026, 3:13:24 p. m.";Cajero;quote:created;Sale;"{""saleNumber"":""COT-2026-0001"",""total"":34178.27,""items"":1}"
53179;"4/9/2026, 3:13:24 p. m.";Cajero;cash-session:closed;CashSession;"{""finalCash"":0,""expectedCash"":190232.78,""difference"":-190232.78}"
53178;"4/9/2026, 3:13:24 p. m.";Cajero;quote:converted;Sale;"{""saleNumber"":""V-2026-7463"",""wasQuote"":""COT-2026-0001""}"
53177;"4/9/2026, 3:13:24 p. m.";Cajero;cash-session:opened;CashSession;"{""initialCash"":100000}"
53176;"4/9/2026, 3:13:24 p. m.";Cajero;quote:created;Sale;"{""saleNumber"":""COT-2026-0001"",""total"":90232.78,""items"":1}"
53175;"4/9/2026, 3:13:24 p. m.";Cajero;cash-session:closed;CashSession;"{""finalCash"":0,""expectedCash"":113663.39,""difference"":-113663.39}"
53174;"4/9/2026, 3:13:24 p. m.";Cajero;quote:converted;Sale;"{""saleNumber"":""V-2026-7462"",""wasQuote"":""COT-2026-0001""}"
53173;"4/9/2026, 3:13:24 p. m.";Cajero;cash-session:opened;CashSession;"{""initialCash"":100000}"
53172;"4/9/2026, 3:13:24 p. m.";Cajero;quote:created;Sale;"{""saleNumber"":""COT-2026-0001"",""total"":13663.39,""items"":1}"
53171;"4/9/2026, 3:13:24 p. m.";Cajero;cash-session:closed;CashSession;"{""finalCash"":0,""expectedCash"":127193.15,""difference"":-127193.15}"
53170;"4/9/2026, 3:13:24 p. m.";Cajero;quote:converted;Sale;"{""saleNumber"":""V-2026-7461"",""wasQuote"":""COT-2026-0001""}"
53169;"4/9/2026, 3:13:24 p. m.";Cajero;cash-session:opened;CashSession;"{""initialCash"":100000}"
53168;"4/9/2026, 3:13:24 p. m.";Cajero;quote:created;Sale;"{""saleNumber"":""COT-2026-0001"",""total"":27193.15,""items"":1}"
53167;"4/9/2026, 3:13:24 p. m.";Cajero;cash-session:closed;CashSession;"{""finalCash"":0,""expectedCash"":143105.62,""difference"":-143105.62}"
53166;"4/9/2026, 3:13:24 p. m.";Cajero;quote:converted;Sale;"{""saleNumber"":""V-2026-7460"",""wasQuote"":""COT-2026-0001""}"
53165;"4/9/2026, 3:13:24 p. m.";Cajero;cash-session:opened;CashSession;"{""initialCash"":100000}"
53164;"4/9/2026, 3:13:24 p. m.";Cajero;quote:created;Sale;"{""saleNumber"":""COT-2026-0001"",""total"":43105.62,""items"":1}"
53163;"4/9/2026, 3:13:24 p. m.";Cajero;cash-session:closed;CashSession;"{""finalCash"":0,""expectedCash"":147718.58000000002,""difference"":-147718.58000000002}"
53162;"4/9/2026, 3:13:24 p. m.";Cajero;quote:converted;Sale;"{""saleNumber"":""V-2026-7459"",""wasQuote"":""COT-2026-0001""}"
53161;"4/9/2026, 3:13:24 p. m.";Cajero;cash-session:opened;CashSession;"{""initialCash"":100000}"
53160;"4/9/2026, 3:13:24 p. m.";Cajero;quote:created;Sale;"{""saleNumber"":""COT-2026-0001"",""total"":47718.58,""items"":1}"
53159;"4/9/2026, 3:13:24 p. m.";Cajero;cash-session:closed;CashSession;"{""finalCash"":0,""expectedCash"":142311.16,""difference"":-142311.16}"
53158;"4/9/2026, 3:13:24 p. m.";Cajero;quote:converted;Sale;"{""saleNumber"":""V-2026-7458"",""wasQuote"":""COT-2026-0001""}"
53157;"4/9/2026, 3:13:24 p. m.";Cajero;cash-session:opened;CashSession;"{""initialCash"":100000}"
53156;"4/9/2026, 3:13:24 p. m.";Cajero;quote:created;Sale;"{""saleNumber"":""COT-2026-0001"",""total"":42311.16,""items"":1}"
53155;"4/9/2026, 3:13:24 p. m.";Cajero;cash-session:closed;CashSession;"{""finalCash"":0,""expectedCash"":111032.62,""difference"":-111032.62}"
53154;"4/9/2026, 3:13:24 p. m.";Cajero;quote:converted;Sale;"{""saleNumber"":""V-2026-7457"",""wasQuote"":""COT-2026-0001""}"
53153;"4/9/2026, 3:13:24 p. m.";Cajero;cash-session:opened;CashSession;"{""initialCash"":100000}"
53152;"4/9/2026, 3:13:24 p. m.";Cajero;quote:created;Sale;"{""saleNumber"":""COT-2026-0001"",""total"":11032.62,""items"":1}"
53151;"4/9/2026, 3:13:24 p. m.";Cajero;cash-session:closed;CashSession;"{""finalCash"":0,""expectedCash"":127511.55,""difference"":-127511.55}"
53150;"4/9/2026, 3:13:24 p. m.";Cajero;quote:converted;Sale;"{""saleNumber"":""V-2026-7456"",""wasQuote"":""COT-2026-0001""}"
53149;"4/9/2026, 3:13:24 p. m.";Cajero;cash-session:opened;CashSession;"{""initialCash"":100000}"
53148;"4/9/2026, 3:13:24 p. m.";Cajero;quote:created;Sale;"{""saleNumber"":""COT-2026-0001"",""total"":27511.55,""items"":1}"
53147;"4/9/2026, 3:13:24 p. m.";Cajero;cash-session:closed;CashSession;"{""finalCash"":0,""expectedCash"":133729.87,""difference"":-133729.87}"
53146;"4/9/2026, 3:13:24 p. m.";Cajero;quote:converted;Sale;"{""saleNumber"":""V-2026-7455"",""wasQuote"":""COT-2026-0001""}"
53145;"4/9/2026, 3:13:24 p. m.";Cajero;cash-session:opened;CashSession;"{""initialCash"":100000}"
53144;"4/9/2026, 3:13:24 p. m.";Cajero;quote:created;Sale;"{""saleNumber"":""COT-2026-0001"",""total"":33729.87,""items"":1}"
53143;"4/9/2026, 3:13:24 p. m.";Cajero;cash-session:closed;CashSession;"{""finalCash"":0,""expectedCash"":129860.75,""difference"":-129860.75}"
53142;"4/9/2026, 3:13:24 p. m.";Cajero;quote:converted;Sale;"{""saleNumber"":""V-2026-7454"",""wasQuote"":""COT-2026-0001""}"
53141;"4/9/2026, 3:13:24 p. m.";Cajero;cash-session:opened;CashSession;"{""initialCash"":100000}"
53140;"4/9/2026, 3:13:24 p. m.";Cajero;quote:created;Sale;"{""saleNumber"":""COT-2026-0001"",""total"":29860.75,""items"":1}"
53139;"4/9/2026, 3:13:24 p. m.";Cajero;cash-session:closed;CashSession;"{""finalCash"":0,""expectedCash"":154126.76,""difference"":-154126.76}"
53138;"4/9/2026, 3:13:24 p. m.";Cajero;quote:converted;Sale;"{""saleNumber"":""V-2026-7453"",""wasQuote"":""COT-2026-0001""}"
53137;"4/9/2026, 3:13:24 p. m.";Cajero;cash-session:opened;CashSession;"{""initialCash"":100000}"
53136;"4/9/2026, 3:13:24 p. m.";Cajero;quote:created;Sale;"{""saleNumber"":""COT-2026-0001"",""total"":54126.76,""items"":1}"
53135;"4/9/2026, 3:13:24 p. m.";Cajero;cash-session:closed;CashSession;"{""finalCash"":0,""expectedCash"":193312,""difference"":-193312}"
53134;"4/9/2026, 3:13:24 p. m.";Cajero;quote:converted;Sale;"{""saleNumber"":""V-2026-7452"",""wasQuote"":""COT-2026-0001""}"
53133;"4/9/2026, 3:13:24 p. m.";Cajero;cash-session:opened;CashSession;"{""initialCash"":100000}"
53132;"4/9/2026, 3:13:24 p. m.";Cajero;quote:created;Sale;"{""saleNumber"":""COT-2026-0001"",""total"":93312,""items"":1}"
53131;"4/9/2026, 3:13:24 p. m.";Cajero;cash-session:closed;CashSession;"{""finalCash"":0,""expectedCash"":129094.16,""difference"":-129094.16}"
53130;"4/9/2026, 3:13:24 p. m.";Cajero;quote:converted;Sale;"{""saleNumber"":""V-2026-7451"",""wasQuote"":""COT-2026-0001""}"
53129;"4/9/2026, 3:13:24 p. m.";Cajero;cash-session:opened;CashSession;"{""initialCash"":100000}"
53128;"4/9/2026, 3:13:24 p. m.";Cajero;quote:created;Sale;"{""saleNumber"":""COT-2026-0001"",""total"":29094.16,""items"":1}"
53127;"4/9/2026, 3:13:24 p. m.";Cajero;cash-session:closed;CashSession;"{""finalCash"":0,""expectedCash"":127148.57,""difference"":-127148.57}"
53126;"4/9/2026, 3:13:24 p. m.";Cajero;quote:converted;Sale;"{""saleNumber"":""V-2026-7450"",""wasQuote"":""COT-2026-0001""}"
53125;"4/9/2026, 3:13:24 p. m.";Cajero;cash-session:opened;CashSession;"{""initialCash"":100000}"
53124;"4/9/2026, 3:13:24 p. m.";Cajero;quote:created;Sale;"{""saleNumber"":""COT-2026-0001"",""total"":27148.57,""items"":1}"
53123;"4/9/2026, 3:13:24 p. m.";Cajero;cash-session:closed;CashSession;"{""finalCash"":0,""expectedCash"":141211.08000000002,""difference"":-141211.08000000002}"
53122;"4/9/2026, 3:13:24 p. m.";Cajero;quote:converted;Sale;"{""saleNumber"":""V-2026-7449"",""wasQuote"":""COT-2026-0001""}"
53121;"4/9/2026, 3:13:24 p. m.";Cajero;cash-session:opened;CashSession;"{""initialCash"":100000}"
53120;"4/9/2026, 3:13:24 p. m.";Cajero;quote:created;Sale;"{""saleNumber"":""COT-2026-0001"",""total"":41211.08,""items"":1}"
53119;"4/9/2026, 3:13:24 p. m.";Cajero;cash-session:closed;CashSession;"{""finalCash"":0,""expectedCash"":147069.46,""difference"":-147069.46}"
53118;"4/9/2026, 3:13:24 p. m.";Cajero;quote:converted;Sale;"{""saleNumber"":""V-2026-7448"",""wasQuote"":""COT-2026-0001""}"
53117;"4/9/2026, 3:13:24 p. m.";Cajero;cash-session:opened;CashSession;"{""initialCash"":100000}"
53116;"4/9/2026, 3:13:24 p. m.";Cajero;quote:created;Sale;"{""saleNumber"":""COT-2026-0001"",""total"":47069.46,""items"":1}"
53115;"4/9/2026, 3:13:24 p. m.";Cajero;cash-session:closed;CashSession;"{""finalCash"":0,""expectedCash"":161511.8,""difference"":-161511.8}"
53114;"4/9/2026, 3:13:24 p. m.";Cajero;quote:converted;Sale;"{""saleNumber"":""V-2026-7447"",""wasQuote"":""COT-2026-0001""}"
53113;"4/9/2026, 3:13:24 p. m.";Cajero;cash-session:opened;CashSession;"{""initialCash"":100000}"
53112;"4/9/2026, 3:13:24 p. m.";Cajero;quote:created;Sale;"{""saleNumber"":""COT-2026-0001"",""total"":61511.8,""items"":1}"
53111;"4/9/2026, 3:13:24 p. m.";Cajero;cash-session:closed;CashSession;"{""finalCash"":0,""expectedCash"":108734.70999999999,""difference"":-108734.70999999999}"
53110;"4/9/2026, 3:13:24 p. m.";Cajero;quote:converted;Sale;"{""saleNumber"":""V-2026-7446"",""wasQuote"":""COT-2026-0001""}"
53109;"4/9/2026, 3:13:24 p. m.";Cajero;cash-session:opened;CashSession;"{""initialCash"":100000}"
53108;"4/9/2026, 3:13:24 p. m.";Cajero;quote:created;Sale;"{""saleNumber"":""COT-2026-0001"",""total"":8734.71,""items"":1}"
53107;"4/9/2026, 3:13:24 p. m.";Cajero;cash-session:closed;CashSession;"{""finalCash"":0,""expectedCash"":124807.98,""difference"":-124807.98}"
53106;"4/9/2026, 3:13:24 p. m.";Cajero;quote:converted;Sale;"{""saleNumber"":""V-2026-7445"",""wasQuote"":""COT-2026-0001""}"
53105;"4/9/2026, 3:13:24 p. m.";Cajero;cash-session:opened;CashSession;"{""initialCash"":100000}"
53104;"4/9/2026, 3:13:24 p. m.";Cajero;quote:created;Sale;"{""saleNumber"":""COT-2026-0001"",""total"":24807.98,""items"":1}"
53103;"4/9/2026, 3:13:24 p. m.";Cajero;cash-session:closed;CashSession;"{""finalCash"":0,""expectedCash"":105291.63,""difference"":-105291.63}"
53102;"4/9/2026, 3:13:24 p. m.";Cajero;quote:converted;Sale;"{""saleNumber"":""V-2026-7444"",""wasQuote"":""COT-2026-0001""}"
53101;"4/9/2026, 3:13:24 p. m.";Cajero;cash-session:opened;CashSession;"{""initialCash"":100000}"
53100;"4/9/2026, 3:13:24 p. m.";Cajero;quote:created;Sale;"{""saleNumber"":""COT-2026-0001"",""total"":5291.63,""items"":1}"
53099;"4/9/2026, 3:13:24 p. m.";Cajero;cash-session:closed;CashSession;"{""finalCash"":0,""expectedCash"":184673.35,""difference"":-184673.35}"
53098;"4/9/2026, 3:13:24 p. m.";Cajero;quote:converted;Sale;"{""saleNumber"":""V-2026-7443"",""wasQuote"":""COT-2026-0001""}"
53097;"4/9/2026, 3:13:24 p. m.";Cajero;cash-session:opened;CashSession;"{""initialCash"":100000}"
53096;"4/9/2026, 3:13:24 p. m.";Cajero;quote:created;Sale;"{""saleNumber"":""COT-2026-0001"",""total"":84673.35,""items"":1}"
53095;"4/9/2026, 3:13:24 p. m.";Cajero;cash-session:closed;CashSession;"{""finalCash"":0,""expectedCash"":131918.09,""difference"":-131918.09}"
53094;"4/9/2026, 3:13:24 p. m.";Cajero;quote:converted;Sale;"{""saleNumber"":""V-2026-7442"",""wasQuote"":""COT-2026-0001""}"
53093;"4/9/2026, 3:13:24 p. m.";Cajero;cash-session:opened;CashSession;"{""initialCash"":100000}"
53092;"4/9/2026, 3:13:24 p. m.";Cajero;quote:created;Sale;"{""saleNumber"":""COT-2026-0001"",""total"":31918.09,""items"":1}"
53091;"4/9/2026, 3:13:24 p. m.";Cajero;cash-session:closed;CashSession;"{""finalCash"":0,""expectedCash"":134543.52,""difference"":-134543.52}"
53090;"4/9/2026, 3:13:24 p. m.";Cajero;quote:converted;Sale;"{""saleNumber"":""V-2026-7441"",""wasQuote"":""COT-2026-0001""}"
53089;"4/9/2026, 3:13:24 p. m.";Cajero;cash-session:opened;CashSession;"{""initialCash"":100000}"
53088;"4/9/2026, 3:13:24 p. m.";Cajero;quote:created;Sale;"{""saleNumber"":""COT-2026-0001"",""total"":34543.52,""items"":1}"
53087;"4/9/2026, 3:13:24 p. m.";Cajero;cash-session:closed;CashSession;"{""finalCash"":0,""expectedCash"":110142.25,""difference"":-110142.25}"
53086;"4/9/2026, 3:13:24 p. m.";Cajero;quote:converted;Sale;"{""saleNumber"":""V-2026-7440"",""wasQuote"":""COT-2026-0001""}"
53085;"4/9/2026, 3:13:24 p. m.";Cajero;cash-session:opened;CashSession;"{""initialCash"":100000}"
53084;"4/9/2026, 3:13:24 p. m.";Cajero;quote:created;Sale;"{""saleNumber"":""COT-2026-0001"",""total"":10142.25,""items"":1}"
53083;"4/9/2026, 3:13:24 p. m.";Cajero;cash-session:closed;CashSession;"{""finalCash"":0,""expectedCash"":184198.22,""difference"":-184198.22}"
53082;"4/9/2026, 3:13:24 p. m.";Cajero;quote:converted;Sale;"{""saleNumber"":""V-2026-7439"",""wasQuote"":""COT-2026-0001""}"
53081;"4/9/2026, 3:13:24 p. m.";Cajero;cash-session:opened;CashSession;"{""initialCash"":100000}"
53080;"4/9/2026, 3:13:24 p. m.";Cajero;quote:created;Sale;"{""saleNumber"":""COT-2026-0001"",""total"":84198.22,""items"":1}"
53079;"4/9/2026, 3:13:24 p. m.";Cajero;cash-session:closed;CashSession;"{""finalCash"":0,""expectedCash"":137823.99,""difference"":-137823.99}"
53078;"4/9/2026, 3:13:24 p. m.";Cajero;quote:converted;Sale;"{""saleNumber"":""V-2026-7438"",""wasQuote"":""COT-2026-0001""}"
53077;"4/9/2026, 3:13:24 p. m.";Cajero;cash-session:opened;CashSession;"{""initialCash"":100000}"
53076;"4/9/2026, 3:13:24 p. m.";Cajero;quote:created;Sale;"{""saleNumber"":""COT-2026-0001"",""total"":37823.99,""items"":1}"
53075;"4/9/2026, 3:13:24 p. m.";Cajero;cash-session:closed;CashSession;"{""finalCash"":0,""expectedCash"":110072,""difference"":-110072}"
53074;"4/9/2026, 3:13:24 p. m.";Cajero;quote:converted;Sale;"{""saleNumber"":""V-2026-7437"",""wasQuote"":""COT-2026-0001""}"
53073;"4/9/2026, 3:13:24 p. m.";Cajero;cash-session:opened;CashSession;"{""initialCash"":100000}"
53072;"4/9/2026, 3:13:24 p. m.";Cajero;quote:created;Sale;"{""saleNumber"":""COT-2026-0001"",""total"":10072,""items"":1}"
53071;"4/9/2026, 3:13:24 p. m.";Cajero;cash-session:closed;CashSession;"{""finalCash"":0,""expectedCash"":155590.08000000002,""difference"":-155590.08000000002}"
53070;"4/9/2026, 3:13:24 p. m.";Cajero;quote:converted;Sale;"{""saleNumber"":""V-2026-7436"",""wasQuote"":""COT-2026-0001""}"
53069;"4/9/2026, 3:13:24 p. m.";Cajero;cash-session:opened;CashSession;"{""initialCash"":100000}"
53068;"4/9/2026, 3:13:24 p. m.";Cajero;quote:created;Sale;"{""saleNumber"":""COT-2026-0001"",""total"":55590.08,""items"":1}"
53067;"4/9/2026, 3:13:24 p. m.";Cajero;cash-session:closed;CashSession;"{""finalCash"":0,""expectedCash"":141619.71,""difference"":-141619.71}"
53066;"4/9/2026, 3:13:24 p. m.";Cajero;quote:converted;Sale;"{""saleNumber"":""V-2026-7435"",""wasQuote"":""COT-2026-0001""}"
53065;"4/9/2026, 3:13:24 p. m.";Cajero;cash-session:opened;CashSession;"{""initialCash"":100000}"
53064;"4/9/2026, 3:13:24 p. m.";Cajero;quote:created;Sale;"{""saleNumber"":""COT-2026-0001"",""total"":41619.71,""items"":1}"
53063;"4/9/2026, 3:13:24 p. m.";Cajero;cash-session:closed;CashSession;"{""finalCash"":0,""expectedCash"":153482.78,""difference"":-153482.78}"
53062;"4/9/2026, 3:13:24 p. m.";Cajero;quote:converted;Sale;"{""saleNumber"":""V-2026-7434"",""wasQuote"":""COT-2026-0001""}"
53061;"4/9/2026, 3:13:24 p. m.";Cajero;cash-session:opened;CashSession;"{""initialCash"":100000}"
53060;"4/9/2026, 3:13:24 p. m.";Cajero;quote:created;Sale;"{""saleNumber"":""COT-2026-0001"",""total"":53482.78,""items"":1}"
53059;"4/9/2026, 3:13:24 p. m.";Cajero;cash-session:closed;CashSession;"{""finalCash"":0,""expectedCash"":109462.58,""difference"":-109462.58}"
53058;"4/9/2026, 3:13:24 p. m.";Cajero;quote:converted;Sale;"{""saleNumber"":""V-2026-7433"",""wasQuote"":""COT-2026-0001""}"
53057;"4/9/2026, 3:13:24 p. m.";Cajero;cash-session:opened;CashSession;"{""initialCash"":100000}"
53056;"4/9/2026, 3:13:24 p. m.";Cajero;quote:created;Sale;"{""saleNumber"":""COT-2026-0001"",""total"":9462.58,""items"":1}"
53055;"4/9/2026, 3:13:24 p. m.";Cajero;cash-session:closed;CashSession;"{""finalCash"":0,""expectedCash"":104414.47,""difference"":-104414.47}"
53054;"4/9/2026, 3:13:24 p. m.";Cajero;quote:converted;Sale;"{""saleNumber"":""V-2026-7432"",""wasQuote"":""COT-2026-0001""}"
53053;"4/9/2026, 3:13:24 p. m.";Cajero;cash-session:opened;CashSession;"{""initialCash"":100000}"
53052;"4/9/2026, 3:13:24 p. m.";Cajero;quote:created;Sale;"{""saleNumber"":""COT-2026-0001"",""total"":4414.47,""items"":1}"
53051;"4/9/2026, 3:13:24 p. m.";Cajero;cash-session:closed;CashSession;"{""finalCash"":0,""expectedCash"":195911.77000000002,""difference"":-195911.77000000002}"
53050;"4/9/2026, 3:13:24 p. m.";Cajero;quote:converted;Sale;"{""saleNumber"":""V-2026-7431"",""wasQuote"":""COT-2026-0001""}"
53049;"4/9/2026, 3:13:24 p. m.";Cajero;cash-session:opened;CashSession;"{""initialCash"":100000}"
53048;"4/9/2026, 3:13:24 p. m.";Cajero;quote:created;Sale;"{""saleNumber"":""COT-2026-0001"",""total"":95911.77,""items"":1}"
53047;"4/9/2026, 3:13:24 p. m.";Cajero;cash-session:closed;CashSession;"{""finalCash"":0,""expectedCash"":145205.39,""difference"":-145205.39}"
53046;"4/9/2026, 3:13:24 p. m.";Cajero;quote:converted;Sale;"{""saleNumber"":""V-2026-7430"",""wasQuote"":""COT-2026-0001""}"
53045;"4/9/2026, 3:13:24 p. m.";Cajero;cash-session:opened;CashSession;"{""initialCash"":100000}"
53044;"4/9/2026, 3:13:24 p. m.";Cajero;quote:created;Sale;"{""saleNumber"":""COT-2026-0001"",""total"":45205.39,""items"":1}"
53043;"4/9/2026, 3:13:24 p. m.";Cajero;cash-session:closed;CashSession;"{""finalCash"":0,""expectedCash"":146349.28,""difference"":-146349.28}"
53042;"4/9/2026, 3:13:24 p. m.";Cajero;quote:converted;Sale;"{""saleNumber"":""V-2026-7429"",""wasQuote"":""COT-2026-0001""}"
53041;"4/9/2026, 3:13:24 p. m.";Cajero;cash-session:opened;CashSession;"{""initialCash"":100000}"
53040;"4/9/2026, 3:13:24 p. m.";Cajero;quote:created;Sale;"{""saleNumber"":""COT-2026-0001"",""total"":46349.28,""items"":1}"
53039;"4/9/2026, 3:13:24 p. m.";Cajero;cash-session:closed;CashSession;"{""finalCash"":0,""expectedCash"":158212.91999999998,""difference"":-158212.91999999998}"
53038;"4/9/2026, 3:13:24 p. m.";Cajero;quote:converted;Sale;"{""saleNumber"":""V-2026-7428"",""wasQuote"":""COT-2026-0001""}"
53037;"4/9/2026, 3:13:24 p. m.";Cajero;cash-session:opened;CashSession;"{""initialCash"":100000}"
53036;"4/9/2026, 3:13:24 p. m.";Cajero;quote:created;Sale;"{""saleNumber"":""COT-2026-0001"",""total"":58212.92,""items"":1}"
53035;"4/9/2026, 3:13:24 p. m.";Cajero;cash-session:closed;CashSession;"{""finalCash"":0,""expectedCash"":134543.52,""difference"":-134543.52}"
53034;"4/9/2026, 3:13:24 p. m.";Cajero;quote:converted;Sale;"{""saleNumber"":""V-2026-7427"",""wasQuote"":""COT-2026-0001""}"
53033;"4/9/2026, 3:13:24 p. m.";Cajero;cash-session:opened;CashSession;"{""initialCash"":100000}"
53032;"4/9/2026, 3:13:24 p. m.";Cajero;quote:created;Sale;"{""saleNumber"":""COT-2026-0001"",""total"":34543.52,""items"":1}"
53031;"4/9/2026, 3:13:24 p. m.";Cajero;cash-session:closed;CashSession;"{""finalCash"":0,""expectedCash"":127829.4,""difference"":-127829.4}"
53030;"4/9/2026, 3:13:24 p. m.";Cajero;quote:converted;Sale;"{""saleNumber"":""V-2026-7426"",""wasQuote"":""COT-2026-0001""}"
53029;"4/9/2026, 3:13:24 p. m.";Cajero;cash-session:opened;CashSession;"{""initialCash"":100000}"
53028;"4/9/2026, 3:13:24 p. m.";Cajero;quote:created;Sale;"{""saleNumber"":""COT-2026-0001"",""total"":27829.4,""items"":1}"
53027;"4/9/2026, 3:13:24 p. m.";Cajero;cash-session:closed;CashSession;"{""finalCash"":0,""expectedCash"":149855.91,""difference"":-149855.91}"
53026;"4/9/2026, 3:13:24 p. m.";Cajero;quote:converted;Sale;"{""saleNumber"":""V-2026-7425"",""wasQuote"":""COT-2026-0001""}"
53025;"4/9/2026, 3:13:24 p. m.";Cajero;cash-session:opened;CashSession;"{""initialCash"":100000}"
53024;"4/9/2026, 3:13:24 p. m.";Cajero;quote:created;Sale;"{""saleNumber"":""COT-2026-0001"",""total"":49855.91,""items"":1}"
53023;"4/9/2026, 3:13:24 p. m.";Cajero;cash-session:closed;CashSession;"{""finalCash"":0,""expectedCash"":141977.49,""difference"":-141977.49}"
53022;"4/9/2026, 3:13:24 p. m.";Cajero;quote:converted;Sale;"{""saleNumber"":""V-2026-7424"",""wasQuote"":""COT-2026-0001""}"
53021;"4/9/2026, 3:13:24 p. m.";Cajero;cash-session:opened;CashSession;"{""initialCash"":100000}"
53020;"4/9/2026, 3:13:24 p. m.";Cajero;quote:created;Sale;"{""saleNumber"":""COT-2026-0001"",""total"":41977.49,""items"":1}"
53019;"4/9/2026, 3:13:24 p. m.";Cajero;cash-session:closed;CashSession;"{""finalCash"":0,""expectedCash"":148561.83000000002,""difference"":-148561.83000000002}"
53018;"4/9/2026, 3:13:24 p. m.";Cajero;quote:converted;Sale;"{""saleNumber"":""V-2026-7423"",""wasQuote"":""COT-2026-0001""}"
53017;"4/9/2026, 3:13:24 p. m.";Cajero;cash-session:opened;CashSession;"{""initialCash"":100000}"
53016;"4/9/2026, 3:13:24 p. m.";Cajero;quote:created;Sale;"{""saleNumber"":""COT-2026-0001"",""total"":48561.83,""items"":1}"
53015;"4/9/2026, 3:13:24 p. m.";Cajero;cash-session:closed;CashSession;"{""finalCash"":0,""expectedCash"":147396.48,""difference"":-147396.48}"
53014;"4/9/2026, 3:13:24 p. m.";Cajero;quote:converted;Sale;"{""saleNumber"":""V-2026-7422"",""wasQuote"":""COT-2026-0001""}"
53013;"4/9/2026, 3:13:24 p. m.";Cajero;cash-session:opened;CashSession;"{""initialCash"":100000}"
53012;"4/9/2026, 3:13:24 p. m.";Cajero;quote:created;Sale;"{""saleNumber"":""COT-2026-0001"",""total"":47396.48,""items"":1}"
53011;"4/9/2026, 3:13:24 p. m.";Cajero;cash-session:closed;CashSession;"{""finalCash"":0,""expectedCash"":148091.46,""difference"":-148091.46}"
53010;"4/9/2026, 3:13:24 p. m.";Cajero;quote:converted;Sale;"{""saleNumber"":""V-2026-7421"",""wasQuote"":""COT-2026-0001""}"
53009;"4/9/2026, 3:13:24 p. m.";Cajero;cash-session:opened;CashSession;"{""initialCash"":100000}"
53008;"4/9/2026, 3:13:24 p. m.";Cajero;quote:created;Sale;"{""saleNumber"":""COT-2026-0001"",""total"":48091.46,""items"":1}"
53007;"4/9/2026, 3:13:24 p. m.";Cajero;cash-session:closed;CashSession;"{""finalCash"":0,""expectedCash"":150810.97,""difference"":-150810.97}"
53006;"4/9/2026, 3:13:24 p. m.";Cajero;quote:converted;Sale;"{""saleNumber"":""V-2026-7420"",""wasQuote"":""COT-2026-0001""}"
53005;"4/9/2026, 3:13:24 p. m.";Cajero;cash-session:opened;CashSession;"{""initialCash"":100000}"
53004;"4/9/2026, 3:13:24 p. m.";Cajero;quote:created;Sale;"{""saleNumber"":""COT-2026-0001"",""total"":50810.97,""items"":1}"
53003;"4/9/2026, 3:13:24 p. m.";Cajero;cash-session:closed;CashSession;"{""finalCash"":0,""expectedCash"":101597.33,""difference"":-101597.33}"
53002;"4/9/2026, 3:13:24 p. m.";Cajero;quote:converted;Sale;"{""saleNumber"":""V-2026-7419"",""wasQuote"":""COT-2026-0001""}"
53001;"4/9/2026, 3:13:24 p. m.";Cajero;cash-session:opened;CashSession;"{""initialCash"":100000}"
53000;"4/9/2026, 3:13:24 p. m.";Cajero;quote:created;Sale;"{""saleNumber"":""COT-2026-0001"",""total"":1597.33,""items"":1}"
52999;"4/9/2026, 3:13:24 p. m.";Cajero;cash-session:closed;CashSession;"{""finalCash"":0,""expectedCash"":147624.85,""difference"":-147624.85}"
52998;"4/9/2026, 3:13:24 p. m.";Cajero;quote:converted;Sale;"{""saleNumber"":""V-2026-7418"",""wasQuote"":""COT-2026-0001""}"
52997;"4/9/2026, 3:13:24 p. m.";Cajero;cash-session:opened;CashSession;"{""initialCash"":100000}"
52996;"4/9/2026, 3:13:24 p. m.";Cajero;quote:created;Sale;"{""saleNumber"":""COT-2026-0001"",""total"":47624.85,""items"":1}"
52995;"4/9/2026, 3:13:24 p. m.";Cajero;cash-session:closed;CashSession;"{""finalCash"":0,""expectedCash"":131495.11,""difference"":-131495.11}"
52994;"4/9/2026, 3:13:24 p. m.";Cajero;quote:converted;Sale;"{""saleNumber"":""V-2026-7417"",""wasQuote"":""COT-2026-0001""}"
52993;"4/9/2026, 3:13:24 p. m.";Cajero;cash-session:opened;CashSession;"{""initialCash"":100000}"
52992;"4/9/2026, 3:13:24 p. m.";Cajero;quote:created;Sale;"{""saleNumber"":""COT-2026-0001"",""total"":31495.11,""items"":1}"
52991;"4/9/2026, 3:13:24 p. m.";Cajero;cash-session:closed;CashSession;"{""finalCash"":0,""expectedCash"":138001.96,""difference"":-138001.96}"
52990;"4/9/2026, 3:13:24 p. m.";Cajero;quote:converted;Sale;"{""saleNumber"":""V-2026-7416"",""wasQuote"":""COT-2026-0001""}"
52989;"4/9/2026, 3:13:24 p. m.";Cajero;cash-session:opened;CashSession;"{""initialCash"":100000}"
52988;"4/9/2026, 3:13:24 p. m.";Cajero;quote:created;Sale;"{""saleNumber"":""COT-2026-0001"",""total"":38001.96,""items"":1}"
52987;"4/9/2026, 3:13:24 p. m.";Cajero;cash-session:closed;CashSession;"{""finalCash"":0,""expectedCash"":111751.86,""difference"":-111751.86}"
52986;"4/9/2026, 3:13:24 p. m.";Cajero;quote:converted;Sale;"{""saleNumber"":""V-2026-7415"",""wasQuote"":""COT-2026-0001""}"
52985;"4/9/2026, 3:13:24 p. m.";Cajero;cash-session:opened;CashSession;"{""initialCash"":100000}"
52984;"4/9/2026, 3:13:24 p. m.";Cajero;quote:created;Sale;"{""saleNumber"":""COT-2026-0001"",""total"":11751.86,""items"":1}"
52983;"4/9/2026, 3:13:24 p. m.";Cajero;cash-session:closed;CashSession;"{""finalCash"":0,""expectedCash"":131635.06,""difference"":-131635.06}"
52982;"4/9/2026, 3:13:24 p. m.";Cajero;quote:converted;Sale;"{""saleNumber"":""V-2026-7414"",""wasQuote"":""COT-2026-0001""}"
52981;"4/9/2026, 3:13:24 p. m.";Cajero;cash-session:opened;CashSession;"{""initialCash"":100000}"
52980;"4/9/2026, 3:13:24 p. m.";Cajero;quote:created;Sale;"{""saleNumber"":""COT-2026-0001"",""total"":31635.06,""items"":1}"
52979;"4/9/2026, 3:13:24 p. m.";Cajero;cash-session:closed;CashSession;"{""finalCash"":0,""expectedCash"":121402.13,""difference"":-121402.13}"
52978;"4/9/2026, 3:13:24 p. m.";Cajero;quote:converted;Sale;"{""saleNumber"":""V-2026-7413"",""wasQuote"":""COT-2026-0001""}"
52977;"4/9/2026, 3:13:24 p. m.";Cajero;cash-session:opened;CashSession;"{""initialCash"":100000}"
52976;"4/9/2026, 3:13:24 p. m.";Cajero;quote:created;Sale;"{""saleNumber"":""COT-2026-0001"",""total"":21402.13,""items"":1}"
52975;"4/9/2026, 3:13:24 p. m.";Cajero;cash-session:closed;CashSession;"{""finalCash"":0,""expectedCash"":112307.70999999999,""difference"":-112307.70999999999}"
52974;"4/9/2026, 3:13:24 p. m.";Cajero;quote:converted;Sale;"{""saleNumber"":""V-2026-7412"",""wasQuote"":""COT-2026-0001""}"
52973;"4/9/2026, 3:13:24 p. m.";Cajero;cash-session:opened;CashSession;"{""initialCash"":100000}"
52972;"4/9/2026, 3:13:24 p. m.";Cajero;quote:created;Sale;"{""saleNumber"":""COT-2026-0001"",""total"":12307.71,""items"":1}"
52971;"4/9/2026, 3:13:24 p. m.";Cajero;cash-session:closed;CashSession;"{""finalCash"":0,""expectedCash"":153584.58000000002,""difference"":-153584.58000000002}"
52970;"4/9/2026, 3:13:24 p. m.";Cajero;quote:converted;Sale;"{""saleNumber"":""V-2026-7411"",""wasQuote"":""COT-2026-0001""}"
52969;"4/9/2026, 3:13:24 p. m.";Cajero;cash-session:opened;CashSession;"{""initialCash"":100000}"
52968;"4/9/2026, 3:13:24 p. m.";Cajero;quote:created;Sale;"{""saleNumber"":""COT-2026-0001"",""total"":53584.58,""items"":1}"
52967;"4/9/2026, 3:13:24 p. m.";Cajero;cash-session:closed;CashSession;"{""finalCash"":0,""expectedCash"":121355.56,""difference"":-121355.56}"
52966;"4/9/2026, 3:13:24 p. m.";Cajero;quote:converted;Sale;"{""saleNumber"":""V-2026-7410"",""wasQuote"":""COT-2026-0001""}"
52965;"4/9/2026, 3:13:24 p. m.";Cajero;cash-session:opened;CashSession;"{""initialCash"":100000}"
52964;"4/9/2026, 3:13:24 p. m.";Cajero;quote:created;Sale;"{""saleNumber"":""COT-2026-0001"",""total"":21355.56,""items"":1}"
52963;"4/9/2026, 3:13:24 p. m.";Cajero;cash-session:closed;CashSession;"{""finalCash"":0,""expectedCash"":132247.94,""difference"":-132247.94}"
52962;"4/9/2026, 3:13:24 p. m.";Cajero;quote:converted;Sale;"{""saleNumber"":""V-2026-7409"",""wasQuote"":""COT-2026-0001""}"
52961;"4/9/2026, 3:13:24 p. m.";Cajero;cash-session:opened;CashSession;"{""initialCash"":100000}"
52960;"4/9/2026, 3:13:24 p. m.";Cajero;quote:created;Sale;"{""saleNumber"":""COT-2026-0001"",""total"":32247.94,""items"":1}"
52959;"4/9/2026, 3:13:24 p. m.";Cajero;cash-session:closed;CashSession;"{""finalCash"":0,""expectedCash"":100835.74,""difference"":-100835.74}"
52958;"4/9/2026, 3:13:24 p. m.";Cajero;quote:converted;Sale;"{""saleNumber"":""V-2026-7408"",""wasQuote"":""COT-2026-0001""}"
52957;"4/9/2026, 3:13:24 p. m.";Cajero;cash-session:opened;CashSession;"{""initialCash"":100000}"
52956;"4/9/2026, 3:13:24 p. m.";Cajero;quote:created;Sale;"{""saleNumber"":""COT-2026-0001"",""total"":835.74,""items"":1}"
52955;"4/9/2026, 3:13:24 p. m.";Cajero;cash-session:closed;CashSession;"{""finalCash"":0,""expectedCash"":142002.64,""difference"":-142002.64}"
52954;"4/9/2026, 3:13:23 p. m.";Cajero;quote:converted;Sale;"{""saleNumber"":""V-2026-7407"",""wasQuote"":""COT-2026-0001""}"
52953;"4/9/2026, 3:13:23 p. m.";Cajero;cash-session:opened;CashSession;"{""initialCash"":100000}"
52952;"4/9/2026, 3:13:23 p. m.";Cajero;quote:created;Sale;"{""saleNumber"":""COT-2026-0001"",""total"":42002.64,""items"":1}"
52951;"4/9/2026, 3:13:23 p. m.";Cajero;cash-session:closed;CashSession;"{""finalCash"":0,""expectedCash"":196248.34,""difference"":-196248.34}"
52950;"4/9/2026, 3:13:23 p. m.";Cajero;quote:converted;Sale;"{""saleNumber"":""V-2026-7406"",""wasQuote"":""COT-2026-0001""}"
52949;"4/9/2026, 3:13:23 p. m.";Cajero;cash-session:opened;CashSession;"{""initialCash"":100000}"
52948;"4/9/2026, 3:13:23 p. m.";Cajero;quote:created;Sale;"{""saleNumber"":""COT-2026-0001"",""total"":96248.34,""items"":1}"
52947;"4/9/2026, 3:13:23 p. m.";Cajero;cash-session:closed;CashSession;"{""finalCash"":0,""expectedCash"":146850.11,""difference"":-146850.11}"
52946;"4/9/2026, 3:13:23 p. m.";Cajero;quote:converted;Sale;"{""saleNumber"":""V-2026-7405"",""wasQuote"":""COT-2026-0001""}"
52945;"4/9/2026, 3:13:23 p. m.";Cajero;cash-session:opened;CashSession;"{""initialCash"":100000}"
52944;"4/9/2026, 3:13:23 p. m.";Cajero;quote:created;Sale;"{""saleNumber"":""COT-2026-0001"",""total"":46850.11,""items"":1}"
52943;"4/9/2026, 3:13:23 p. m.";Cajero;cash-session:closed;CashSession;"{""finalCash"":0,""expectedCash"":110027.88,""difference"":-110027.88}"
52942;"4/9/2026, 3:13:23 p. m.";Cajero;quote:converted;Sale;"{""saleNumber"":""V-2026-7404"",""wasQuote"":""COT-2026-0001""}"
52941;"4/9/2026, 3:13:23 p. m.";Cajero;cash-session:opened;CashSession;"{""initialCash"":100000}"
52940;"4/9/2026, 3:13:23 p. m.";Cajero;quote:created;Sale;"{""saleNumber"":""COT-2026-0001"",""total"":10027.88,""items"":1}"
52939;"4/9/2026, 3:13:23 p. m.";Cajero;cash-session:closed;CashSession;"{""finalCash"":0,""expectedCash"":164098.41,""difference"":-164098.41}"
52938;"4/9/2026, 3:13:23 p. m.";Cajero;quote:converted;Sale;"{""saleNumber"":""V-2026-7403"",""wasQuote"":""COT-2026-0001""}"
52937;"4/9/2026, 3:13:23 p. m.";Cajero;cash-session:opened;CashSession;"{""initialCash"":100000}"
52936;"4/9/2026, 3:13:23 p. m.";Cajero;quote:created;Sale;"{""saleNumber"":""COT-2026-0001"",""total"":64098.41,""items"":1}"
52935;"4/9/2026, 3:13:23 p. m.";Cajero;cash-session:closed;CashSession;"{""finalCash"":0,""expectedCash"":139881.11,""difference"":-139881.11}"
52934;"4/9/2026, 3:13:23 p. m.";Cajero;quote:converted;Sale;"{""saleNumber"":""V-2026-7402"",""wasQuote"":""COT-2026-0001""}"
52933;"4/9/2026, 3:13:23 p. m.";Cajero;cash-session:opened;CashSession;"{""initialCash"":100000}"
52932;"4/9/2026, 3:13:23 p. m.";Cajero;quote:created;Sale;"{""saleNumber"":""COT-2026-0001"",""total"":39881.11,""items"":1}"
52931;"4/9/2026, 3:13:23 p. m.";Cajero;cash-session:closed;CashSession;"{""finalCash"":0,""expectedCash"":142426.68,""difference"":-142426.68}"
52930;"4/9/2026, 3:13:23 p. m.";Cajero;quote:converted;Sale;"{""saleNumber"":""V-2026-7401"",""wasQuote"":""COT-2026-0001""}"
52929;"4/9/2026, 3:13:23 p. m.";Cajero;cash-session:opened;CashSession;"{""initialCash"":100000}"
52928;"4/9/2026, 3:13:23 p. m.";Cajero;quote:created;Sale;"{""saleNumber"":""COT-2026-0001"",""total"":42426.68,""items"":1}"
52927;"4/9/2026, 3:13:23 p. m.";Cajero;cash-session:closed;CashSession;"{""finalCash"":0,""expectedCash"":127729.34,""difference"":-127729.34}"
52926;"4/9/2026, 3:13:23 p. m.";Cajero;quote:converted;Sale;"{""saleNumber"":""V-2026-7400"",""wasQuote"":""COT-2026-0001""}"
52925;"4/9/2026, 3:13:23 p. m.";Cajero;cash-session:opened;CashSession;"{""initialCash"":100000}"
52924;"4/9/2026, 3:13:23 p. m.";Cajero;quote:created;Sale;"{""saleNumber"":""COT-2026-0001"",""total"":27729.34,""items"":1}"
52923;"4/9/2026, 3:13:23 p. m.";Cajero;cash-session:closed;CashSession;"{""finalCash"":0,""expectedCash"":135883.44,""difference"":-135883.44}"
52922;"4/9/2026, 3:13:23 p. m.";Cajero;quote:converted;Sale;"{""saleNumber"":""V-2026-7399"",""wasQuote"":""COT-2026-0001""}"
52921;"4/9/2026, 3:13:23 p. m.";Cajero;cash-session:opened;CashSession;"{""initialCash"":100000}"
52920;"4/9/2026, 3:13:23 p. m.";Cajero;quote:created;Sale;"{""saleNumber"":""COT-2026-0001"",""total"":35883.44,""items"":1}"
52919;"4/9/2026, 3:13:23 p. m.";Cajero;cash-session:closed;CashSession;"{""finalCash"":0,""expectedCash"":119982.99,""difference"":-119982.99}"
52918;"4/9/2026, 3:13:23 p. m.";Cajero;quote:converted;Sale;"{""saleNumber"":""V-2026-7398"",""wasQuote"":""COT-2026-0001""}"
52917;"4/9/2026, 3:13:23 p. m.";Cajero;cash-session:opened;CashSession;"{""initialCash"":100000}"
52916;"4/9/2026, 3:13:23 p. m.";Cajero;quote:created;Sale;"{""saleNumber"":""COT-2026-0001"",""total"":19982.99,""items"":1}"
52915;"4/9/2026, 3:13:23 p. m.";Cajero;cash-session:closed;CashSession;"{""finalCash"":0,""expectedCash"":119140.47,""difference"":-119140.47}"
52914;"4/9/2026, 3:13:23 p. m.";Cajero;quote:converted;Sale;"{""saleNumber"":""V-2026-7397"",""wasQuote"":""COT-2026-0001""}"
52913;"4/9/2026, 3:13:23 p. m.";Cajero;cash-session:opened;CashSession;"{""initialCash"":100000}"
52912;"4/9/2026, 3:13:23 p. m.";Cajero;quote:created;Sale;"{""saleNumber"":""COT-2026-0001"",""total"":19140.47,""items"":1}"
52911;"4/9/2026, 3:13:23 p. m.";Cajero;cash-session:closed;CashSession;"{""finalCash"":0,""expectedCash"":101825.87,""difference"":-101825.87}"
52910;"4/9/2026, 3:13:23 p. m.";Cajero;quote:converted;Sale;"{""saleNumber"":""V-2026-7396"",""wasQuote"":""COT-2026-0001""}"
52909;"4/9/2026, 3:13:23 p. m.";Cajero;cash-session:opened;CashSession;"{""initialCash"":100000}"
52908;"4/9/2026, 3:13:23 p. m.";Cajero;quote:created;Sale;"{""saleNumber"":""COT-2026-0001"",""total"":1825.87,""items"":1}"
52907;"4/9/2026, 3:13:23 p. m.";Cajero;cash-session:closed;CashSession;"{""finalCash"":0,""expectedCash"":103298.2,""difference"":-103298.2}"
52906;"4/9/2026, 3:13:23 p. m.";Cajero;quote:converted;Sale;"{""saleNumber"":""V-2026-7395"",""wasQuote"":""COT-2026-0001""}"
52905;"4/9/2026, 3:13:23 p. m.";Cajero;cash-session:opened;CashSession;"{""initialCash"":100000}"
52904;"4/9/2026, 3:13:23 p. m.";Cajero;quote:created;Sale;"{""saleNumber"":""COT-2026-0001"",""total"":3298.2,""items"":1}"
52903;"4/9/2026, 3:13:23 p. m.";Cajero;cash-session:closed;CashSession;"{""finalCash"":0,""expectedCash"":116446.15,""difference"":-116446.15}"
52902;"4/9/2026, 3:13:23 p. m.";Cajero;quote:converted;Sale;"{""saleNumber"":""V-2026-7394"",""wasQuote"":""COT-2026-0001""}"
52901;"4/9/2026, 3:13:23 p. m.";Cajero;cash-session:opened;CashSession;"{""initialCash"":100000}"
52900;"4/9/2026, 3:13:23 p. m.";Cajero;quote:created;Sale;"{""saleNumber"":""COT-2026-0001"",""total"":16446.15,""items"":1}"
52899;"4/9/2026, 3:13:23 p. m.";Cajero;cash-session:closed;CashSession;"{""finalCash"":0,""expectedCash"":183118.72,""difference"":-183118.72}"
52898;"4/9/2026, 3:13:23 p. m.";Cajero;quote:converted;Sale;"{""saleNumber"":""V-2026-7393"",""wasQuote"":""COT-2026-0001""}"
52897;"4/9/2026, 3:13:23 p. m.";Cajero;cash-session:opened;CashSession;"{""initialCash"":100000}"
52896;"4/9/2026, 3:13:23 p. m.";Cajero;quote:created;Sale;"{""saleNumber"":""COT-2026-0001"",""total"":83118.72,""items"":1}"
52895;"4/9/2026, 3:13:23 p. m.";Cajero;cash-session:closed;CashSession;"{""finalCash"":0,""expectedCash"":156922.71,""difference"":-156922.71}"
52894;"4/9/2026, 3:13:23 p. m.";Cajero;quote:converted;Sale;"{""saleNumber"":""V-2026-7392"",""wasQuote"":""COT-2026-0001""}"
52893;"4/9/2026, 3:13:23 p. m.";Cajero;cash-session:opened;CashSession;"{""initialCash"":100000}"
52892;"4/9/2026, 3:13:23 p. m.";Cajero;quote:created;Sale;"{""saleNumber"":""COT-2026-0001"",""total"":56922.71,""items"":1}"
52891;"4/9/2026, 3:13:23 p. m.";Cajero;cash-session:closed;CashSession;"{""finalCash"":0,""expectedCash"":131674.41999999998,""difference"":-131674.41999999998}"
52890;"4/9/2026, 3:13:23 p. m.";Cajero;quote:converted;Sale;"{""saleNumber"":""V-2026-7391"",""wasQuote"":""COT-2026-0001""}"
52889;"4/9/2026, 3:13:23 p. m.";Cajero;cash-session:opened;CashSession;"{""initialCash"":100000}"
52888;"4/9/2026, 3:13:23 p. m.";Cajero;quote:created;Sale;"{""saleNumber"":""COT-2026-0001"",""total"":31674.42,""items"":1}"
52887;"4/9/2026, 3:13:23 p. m.";Cajero;cash-session:closed;CashSession;"{""finalCash"":0,""expectedCash"":108947.61,""difference"":-108947.61}"
52886;"4/9/2026, 3:13:23 p. m.";Cajero;quote:converted;Sale;"{""saleNumber"":""V-2026-7390"",""wasQuote"":""COT-2026-0001""}"
52885;"4/9/2026, 3:13:23 p. m.";Cajero;cash-session:opened;CashSession;"{""initialCash"":100000}"
52884;"4/9/2026, 3:13:23 p. m.";Cajero;quote:created;Sale;"{""saleNumber"":""COT-2026-0001"",""total"":8947.61,""items"":1}"
52883;"4/9/2026, 3:13:23 p. m.";Cajero;cash-session:closed;CashSession;"{""finalCash"":0,""expectedCash"":182218.74,""difference"":-182218.74}"
52882;"4/9/2026, 3:13:23 p. m.";Cajero;quote:converted;Sale;"{""saleNumber"":""V-2026-7389"",""wasQuote"":""COT-2026-0001""}"
52881;"4/9/2026, 3:13:23 p. m.";Cajero;cash-session:opened;CashSession;"{""initialCash"":100000}"
52880;"4/9/2026, 3:13:23 p. m.";Cajero;quote:created;Sale;"{""saleNumber"":""COT-2026-0001"",""total"":82218.74,""items"":1}"
52879;"4/9/2026, 3:13:23 p. m.";Cajero;cash-session:closed;CashSession;"{""finalCash"":0,""expectedCash"":139542.66999999998,""difference"":-139542.66999999998}"
52878;"4/9/2026, 3:13:23 p. m.";Cajero;quote:converted;Sale;"{""saleNumber"":""V-2026-7388"",""wasQuote"":""COT-2026-0001""}"
52877;"4/9/2026, 3:13:23 p. m.";Cajero;cash-session:opened;CashSession;"{""initialCash"":100000}"
52876;"4/9/2026, 3:13:23 p. m.";Cajero;quote:created;Sale;"{""saleNumber"":""COT-2026-0001"",""total"":39542.67,""items"":1}"
52875;"4/9/2026, 3:13:23 p. m.";Cajero;cash-session:closed;CashSession;"{""finalCash"":0,""expectedCash"":126174.85,""difference"":-126174.85}"
52874;"4/9/2026, 3:13:23 p. m.";Cajero;quote:converted;Sale;"{""saleNumber"":""V-2026-7387"",""wasQuote"":""COT-2026-0001""}"
52873;"4/9/2026, 3:13:23 p. m.";Cajero;cash-session:opened;CashSession;"{""initialCash"":100000}"
52872;"4/9/2026, 3:13:23 p. m.";Cajero;quote:created;Sale;"{""saleNumber"":""COT-2026-0001"",""total"":26174.85,""items"":1}"
52871;"4/9/2026, 3:13:23 p. m.";Cajero;cash-session:closed;CashSession;"{""finalCash"":0,""expectedCash"":112955.11,""difference"":-112955.11}"
52870;"4/9/2026, 3:13:23 p. m.";Cajero;quote:converted;Sale;"{""saleNumber"":""V-2026-7386"",""wasQuote"":""COT-2026-0001""}"
52869;"4/9/2026, 3:13:23 p. m.";Cajero;cash-session:opened;CashSession;"{""initialCash"":100000}"
52868;"4/9/2026, 3:13:23 p. m.";Cajero;quote:created;Sale;"{""saleNumber"":""COT-2026-0001"",""total"":12955.11,""items"":1}"
52867;"4/9/2026, 3:13:23 p. m.";Cajero;cash-session:closed;CashSession;"{""finalCash"":0,""expectedCash"":159728.27,""difference"":-159728.27}"
52866;"4/9/2026, 3:13:23 p. m.";Cajero;quote:converted;Sale;"{""saleNumber"":""V-2026-7385"",""wasQuote"":""COT-2026-0001""}"
52865;"4/9/2026, 3:13:23 p. m.";Cajero;cash-session:opened;CashSession;"{""initialCash"":100000}"
52864;"4/9/2026, 3:13:23 p. m.";Cajero;quote:created;Sale;"{""saleNumber"":""COT-2026-0001"",""total"":59728.27,""items"":1}"
52863;"4/9/2026, 3:13:23 p. m.";Cajero;cash-session:closed;CashSession;"{""finalCash"":0,""expectedCash"":141970.32,""difference"":-141970.32}"
52862;"4/9/2026, 3:13:23 p. m.";Cajero;quote:converted;Sale;"{""saleNumber"":""V-2026-7384"",""wasQuote"":""COT-2026-0001""}"
52861;"4/9/2026, 3:13:23 p. m.";Cajero;cash-session:opened;CashSession;"{""initialCash"":100000}"
52860;"4/9/2026, 3:13:23 p. m.";Cajero;quote:created;Sale;"{""saleNumber"":""COT-2026-0001"",""total"":41970.32,""items"":1}"
52859;"4/9/2026, 3:13:23 p. m.";Cajero;cash-session:closed;CashSession;"{""finalCash"":0,""expectedCash"":170390.14,""difference"":-170390.14}"
52858;"4/9/2026, 3:13:23 p. m.";Cajero;quote:converted;Sale;"{""saleNumber"":""V-2026-7383"",""wasQuote"":""COT-2026-0001""}"
52857;"4/9/2026, 3:13:23 p. m.";Cajero;cash-session:opened;CashSession;"{""initialCash"":100000}"
52856;"4/9/2026, 3:13:23 p. m.";Cajero;quote:created;Sale;"{""saleNumber"":""COT-2026-0001"",""total"":70390.14,""items"":1}"
52855;"4/9/2026, 3:13:23 p. m.";Cajero;cash-session:closed;CashSession;"{""finalCash"":0,""expectedCash"":148872.38,""difference"":-148872.38}"
52854;"4/9/2026, 3:13:23 p. m.";Cajero;quote:converted;Sale;"{""saleNumber"":""V-2026-7382"",""wasQuote"":""COT-2026-0001""}"
52853;"4/9/2026, 3:13:23 p. m.";Cajero;cash-session:opened;CashSession;"{""initialCash"":100000}"
52852;"4/9/2026, 3:13:23 p. m.";Cajero;quote:created;Sale;"{""saleNumber"":""COT-2026-0001"",""total"":48872.38,""items"":1}"
52851;"4/9/2026, 3:13:23 p. m.";Cajero;cash-session:closed;CashSession;"{""finalCash"":0,""expectedCash"":155935.7,""difference"":-155935.7}"
52850;"4/9/2026, 3:13:23 p. m.";Cajero;quote:converted;Sale;"{""saleNumber"":""V-2026-7381"",""wasQuote"":""COT-2026-0001""}"
52849;"4/9/2026, 3:13:23 p. m.";Cajero;cash-session:opened;CashSession;"{""initialCash"":100000}"
52848;"4/9/2026, 3:13:23 p. m.";Cajero;quote:created;Sale;"{""saleNumber"":""COT-2026-0001"",""total"":55935.7,""items"":1}"
52847;"4/9/2026, 3:13:23 p. m.";Cajero;cash-session:closed;CashSession;"{""finalCash"":0,""expectedCash"":142484.56,""difference"":-142484.56}"
52846;"4/9/2026, 3:13:23 p. m.";Cajero;quote:converted;Sale;"{""saleNumber"":""V-2026-7380"",""wasQuote"":""COT-2026-0001""}"
52845;"4/9/2026, 3:13:23 p. m.";Cajero;cash-session:opened;CashSession;"{""initialCash"":100000}"
52844;"4/9/2026, 3:13:23 p. m.";Cajero;quote:created;Sale;"{""saleNumber"":""COT-2026-0001"",""total"":42484.56,""items"":1}"
52843;"4/9/2026, 3:13:23 p. m.";Cajero;cash-session:closed;CashSession;"{""finalCash"":0,""expectedCash"":135767.34,""difference"":-135767.34}"
52842;"4/9/2026, 3:13:23 p. m.";Cajero;quote:converted;Sale;"{""saleNumber"":""V-2026-7379"",""wasQuote"":""COT-2026-0001""}"
52841;"4/9/2026, 3:13:23 p. m.";Cajero;cash-session:opened;CashSession;"{""initialCash"":100000}"
52840;"4/9/2026, 3:13:23 p. m.";Cajero;quote:created;Sale;"{""saleNumber"":""COT-2026-0001"",""total"":35767.34,""items"":1}"
52839;"4/9/2026, 3:13:23 p. m.";Cajero;cash-session:closed;CashSession;"{""finalCash"":0,""expectedCash"":131304.41,""difference"":-131304.41}"
52838;"4/9/2026, 3:13:23 p. m.";Cajero;quote:converted;Sale;"{""saleNumber"":""V-2026-7378"",""wasQuote"":""COT-2026-0001""}"
52837;"4/9/2026, 3:13:23 p. m.";Cajero;cash-session:opened;CashSession;"{""initialCash"":100000}"
52836;"4/9/2026, 3:13:23 p. m.";Cajero;quote:created;Sale;"{""saleNumber"":""COT-2026-0001"",""total"":31304.41,""items"":1}"
52835;"4/9/2026, 3:13:23 p. m.";Cajero;cash-session:closed;CashSession;"{""finalCash"":0,""expectedCash"":161051.4,""difference"":-161051.4}"
52834;"4/9/2026, 3:13:23 p. m.";Cajero;quote:converted;Sale;"{""saleNumber"":""V-2026-7377"",""wasQuote"":""COT-2026-0001""}"
52833;"4/9/2026, 3:13:23 p. m.";Cajero;cash-session:opened;CashSession;"{""initialCash"":100000}"
52832;"4/9/2026, 3:13:23 p. m.";Cajero;quote:created;Sale;"{""saleNumber"":""COT-2026-0001"",""total"":61051.4,""items"":1}"
52831;"4/9/2026, 3:13:23 p. m.";Cajero;cash-session:closed;CashSession;"{""finalCash"":0,""expectedCash"":115148.51,""difference"":-115148.51}"
52830;"4/9/2026, 3:13:23 p. m.";Cajero;quote:converted;Sale;"{""saleNumber"":""V-2026-7376"",""wasQuote"":""COT-2026-0001""}"
52829;"4/9/2026, 3:13:23 p. m.";Cajero;cash-session:opened;CashSession;"{""initialCash"":100000}"
52828;"4/9/2026, 3:13:23 p. m.";Cajero;quote:created;Sale;"{""saleNumber"":""COT-2026-0001"",""total"":15148.51,""items"":1}"
52827;"4/9/2026, 3:13:23 p. m.";Cajero;cash-session:closed;CashSession;"{""finalCash"":0,""expectedCash"":109113.49,""difference"":-109113.49}"
52826;"4/9/2026, 3:13:23 p. m.";Cajero;quote:converted;Sale;"{""saleNumber"":""V-2026-7375"",""wasQuote"":""COT-2026-0001""}"
52825;"4/9/2026, 3:13:23 p. m.";Cajero;cash-session:opened;CashSession;"{""initialCash"":100000}"
52824;"4/9/2026, 3:13:23 p. m.";Cajero;quote:created;Sale;"{""saleNumber"":""COT-2026-0001"",""total"":9113.49,""items"":1}"
52823;"4/9/2026, 3:13:23 p. m.";Cajero;cash-session:closed;CashSession;"{""finalCash"":0,""expectedCash"":112411.79000000001,""difference"":-112411.79000000001}"
52822;"4/9/2026, 3:13:23 p. m.";Cajero;quote:converted;Sale;"{""saleNumber"":""V-2026-7374"",""wasQuote"":""COT-2026-0001""}"
52821;"4/9/2026, 3:13:23 p. m.";Cajero;cash-session:opened;CashSession;"{""initialCash"":100000}"
52820;"4/9/2026, 3:13:23 p. m.";Cajero;quote:created;Sale;"{""saleNumber"":""COT-2026-0001"",""total"":12411.79,""items"":1}"
52819;"4/9/2026, 3:13:23 p. m.";Cajero;cash-session:closed;CashSession;"{""finalCash"":0,""expectedCash"":153251.6,""difference"":-153251.6}"
52818;"4/9/2026, 3:13:23 p. m.";Cajero;quote:converted;Sale;"{""saleNumber"":""V-2026-7373"",""wasQuote"":""COT-2026-0001""}"
52817;"4/9/2026, 3:13:23 p. m.";Cajero;cash-session:opened;CashSession;"{""initialCash"":100000}"
52816;"4/9/2026, 3:13:23 p. m.";Cajero;quote:created;Sale;"{""saleNumber"":""COT-2026-0001"",""total"":53251.6,""items"":1}"
52815;"4/9/2026, 3:13:23 p. m.";Cajero;cash-session:closed;CashSession;"{""finalCash"":0,""expectedCash"":135075.27,""difference"":-135075.27}"
52814;"4/9/2026, 3:13:23 p. m.";Cajero;quote:converted;Sale;"{""saleNumber"":""V-2026-7372"",""wasQuote"":""COT-2026-0001""}"
52813;"4/9/2026, 3:13:23 p. m.";Cajero;cash-session:opened;CashSession;"{""initialCash"":100000}"
52812;"4/9/2026, 3:13:23 p. m.";Cajero;quote:created;Sale;"{""saleNumber"":""COT-2026-0001"",""total"":35075.27,""items"":1}"
52811;"4/9/2026, 3:13:23 p. m.";Cajero;cash-session:closed;CashSession;"{""finalCash"":0,""expectedCash"":122398.22,""difference"":-122398.22}"
52810;"4/9/2026, 3:13:23 p. m.";Cajero;quote:converted;Sale;"{""saleNumber"":""V-2026-7371"",""wasQuote"":""COT-2026-0001""}"
52809;"4/9/2026, 3:13:23 p. m.";Cajero;cash-session:opened;CashSession;"{""initialCash"":100000}"
52808;"4/9/2026, 3:13:23 p. m.";Cajero;quote:created;Sale;"{""saleNumber"":""COT-2026-0001"",""total"":22398.22,""items"":1}"
52807;"4/9/2026, 3:13:23 p. m.";Cajero;cash-session:closed;CashSession;"{""finalCash"":0,""expectedCash"":106197.02,""difference"":-106197.02}"
52806;"4/9/2026, 3:13:23 p. m.";Cajero;quote:converted;Sale;"{""saleNumber"":""V-2026-7370"",""wasQuote"":""COT-2026-0001""}"
52805;"4/9/2026, 3:13:23 p. m.";Cajero;cash-session:opened;CashSession;"{""initialCash"":100000}"
52804;"4/9/2026, 3:13:23 p. m.";Cajero;quote:created;Sale;"{""saleNumber"":""COT-2026-0001"",""total"":6197.02,""items"":1}"
52803;"4/9/2026, 3:13:23 p. m.";Cajero;cash-session:closed;CashSession;"{""finalCash"":0,""expectedCash"":128842.42,""difference"":-128842.42}"
52802;"4/9/2026, 3:13:23 p. m.";Cajero;quote:converted;Sale;"{""saleNumber"":""V-2026-7369"",""wasQuote"":""COT-2026-0001""}"
52801;"4/9/2026, 3:13:23 p. m.";Cajero;cash-session:opened;CashSession;"{""initialCash"":100000}"
52800;"4/9/2026, 3:13:23 p. m.";Cajero;quote:created;Sale;"{""saleNumber"":""COT-2026-0001"",""total"":28842.42,""items"":1}"
52799;"4/9/2026, 3:13:23 p. m.";Cajero;cash-session:closed;CashSession;"{""finalCash"":0,""expectedCash"":189453.11,""difference"":-189453.11}"
52798;"4/9/2026, 3:13:23 p. m.";Cajero;quote:converted;Sale;"{""saleNumber"":""V-2026-7368"",""wasQuote"":""COT-2026-0001""}"
52797;"4/9/2026, 3:13:23 p. m.";Cajero;cash-session:opened;CashSession;"{""initialCash"":100000}"
52796;"4/9/2026, 3:13:23 p. m.";Cajero;quote:created;Sale;"{""saleNumber"":""COT-2026-0001"",""total"":89453.11,""items"":1}"
52795;"4/9/2026, 3:13:23 p. m.";Cajero;cash-session:closed;CashSession;"{""finalCash"":0,""expectedCash"":178052.78999999998,""difference"":-178052.78999999998}"
52794;"4/9/2026, 3:13:23 p. m.";Cajero;quote:converted;Sale;"{""saleNumber"":""V-2026-7367"",""wasQuote"":""COT-2026-0001""}"
52793;"4/9/2026, 3:13:23 p. m.";Cajero;cash-session:opened;CashSession;"{""initialCash"":100000}"
52792;"4/9/2026, 3:13:23 p. m.";Cajero;quote:created;Sale;"{""saleNumber"":""COT-2026-0001"",""total"":78052.79,""items"":1}"
52791;"4/9/2026, 3:13:23 p. m.";Cajero;cash-session:closed;CashSession;"{""finalCash"":0,""expectedCash"":156029.58000000002,""difference"":-156029.58000000002}"
52790;"4/9/2026, 3:13:23 p. m.";Cajero;quote:converted;Sale;"{""saleNumber"":""V-2026-7366"",""wasQuote"":""COT-2026-0001""}"
52789;"4/9/2026, 3:13:23 p. m.";Cajero;cash-session:opened;CashSession;"{""initialCash"":100000}"
52788;"4/9/2026, 3:13:23 p. m.";Cajero;quote:created;Sale;"{""saleNumber"":""COT-2026-0001"",""total"":56029.58,""items"":1}"
52787;"4/9/2026, 3:13:23 p. m.";Cajero;cash-session:closed;CashSession;"{""finalCash"":0,""expectedCash"":143419.54,""difference"":-143419.54}"
52786;"4/9/2026, 3:13:23 p. m.";Cajero;quote:converted;Sale;"{""saleNumber"":""V-2026-7365"",""wasQuote"":""COT-2026-0001""}"
52785;"4/9/2026, 3:13:23 p. m.";Cajero;cash-session:opened;CashSession;"{""initialCash"":100000}"
52784;"4/9/2026, 3:13:23 p. m.";Cajero;quote:created;Sale;"{""saleNumber"":""COT-2026-0001"",""total"":43419.54,""items"":1}"
52783;"4/9/2026, 3:13:23 p. m.";Cajero;cash-session:closed;CashSession;"{""finalCash"":0,""expectedCash"":138208.99,""difference"":-138208.99}"
52782;"4/9/2026, 3:13:23 p. m.";Cajero;quote:converted;Sale;"{""saleNumber"":""V-2026-7364"",""wasQuote"":""COT-2026-0001""}"
52781;"4/9/2026, 3:13:23 p. m.";Cajero;cash-session:opened;CashSession;"{""initialCash"":100000}"
52780;"4/9/2026, 3:13:23 p. m.";Cajero;quote:created;Sale;"{""saleNumber"":""COT-2026-0001"",""total"":38208.99,""items"":1}"
52779;"4/9/2026, 3:13:23 p. m.";Cajero;cash-session:closed;CashSession;"{""finalCash"":0,""expectedCash"":129494.69,""difference"":-129494.69}"
52778;"4/9/2026, 3:13:23 p. m.";Cajero;quote:converted;Sale;"{""saleNumber"":""V-2026-7363"",""wasQuote"":""COT-2026-0001""}"
52777;"4/9/2026, 3:13:23 p. m.";Cajero;cash-session:opened;CashSession;"{""initialCash"":100000}"
52776;"4/9/2026, 3:13:23 p. m.";Cajero;quote:created;Sale;"{""saleNumber"":""COT-2026-0001"",""total"":29494.69,""items"":1}"
52775;"4/9/2026, 3:13:23 p. m.";Cajero;cash-session:closed;CashSession;"{""finalCash"":0,""expectedCash"":132467.11,""difference"":-132467.11}"
52774;"4/9/2026, 3:13:23 p. m.";Cajero;quote:converted;Sale;"{""saleNumber"":""V-2026-7362"",""wasQuote"":""COT-2026-0001""}"
52773;"4/9/2026, 3:13:23 p. m.";Cajero;cash-session:opened;CashSession;"{""initialCash"":100000}"
52772;"4/9/2026, 3:13:23 p. m.";Cajero;quote:created;Sale;"{""saleNumber"":""COT-2026-0001"",""total"":32467.11,""items"":1}"
52771;"4/9/2026, 3:13:23 p. m.";Cajero;cash-session:closed;CashSession;"{""finalCash"":0,""expectedCash"":102760.74,""difference"":-102760.74}"
52770;"4/9/2026, 3:13:23 p. m.";Cajero;quote:converted;Sale;"{""saleNumber"":""V-2026-7361"",""wasQuote"":""COT-2026-0001""}"
52769;"4/9/2026, 3:13:23 p. m.";Cajero;cash-session:opened;CashSession;"{""initialCash"":100000}"
52768;"4/9/2026, 3:13:23 p. m.";Cajero;quote:created;Sale;"{""saleNumber"":""COT-2026-0001"",""total"":2760.74,""items"":1}"
52767;"4/9/2026, 3:13:23 p. m.";Cajero;cash-session:closed;CashSession;"{""finalCash"":0,""expectedCash"":147370.05,""difference"":-147370.05}"
52766;"4/9/2026, 3:13:23 p. m.";Cajero;quote:converted;Sale;"{""saleNumber"":""V-2026-7360"",""wasQuote"":""COT-2026-0001""}"
52765;"4/9/2026, 3:13:23 p. m.";Cajero;cash-session:opened;CashSession;"{""initialCash"":100000}"
52764;"4/9/2026, 3:13:23 p. m.";Cajero;quote:created;Sale;"{""saleNumber"":""COT-2026-0001"",""total"":47370.05,""items"":1}"
52763;"4/9/2026, 3:13:23 p. m.";Cajero;cash-session:closed;CashSession;"{""finalCash"":0,""expectedCash"":173193.18,""difference"":-173193.18}"
52762;"4/9/2026, 3:13:23 p. m.";Cajero;quote:converted;Sale;"{""saleNumber"":""V-2026-7359"",""wasQuote"":""COT-2026-0001""}"
52761;"4/9/2026, 3:13:23 p. m.";Cajero;cash-session:opened;CashSession;"{""initialCash"":100000}"
52760;"4/9/2026, 3:13:23 p. m.";Cajero;quote:created;Sale;"{""saleNumber"":""COT-2026-0001"",""total"":73193.18,""items"":1}"
52759;"4/9/2026, 3:13:23 p. m.";Cajero;cash-session:closed;CashSession;"{""finalCash"":0,""expectedCash"":138695.6,""difference"":-138695.6}"
52758;"4/9/2026, 3:13:23 p. m.";Cajero;quote:converted;Sale;"{""saleNumber"":""V-2026-7358"",""wasQuote"":""COT-2026-0001""}"
52757;"4/9/2026, 3:13:23 p. m.";Cajero;cash-session:opened;CashSession;"{""initialCash"":100000}"
52756;"4/9/2026, 3:13:23 p. m.";Cajero;quote:created;Sale;"{""saleNumber"":""COT-2026-0001"",""total"":38695.6,""items"":1}"
52755;"4/9/2026, 3:13:23 p. m.";Cajero;cash-session:closed;CashSession;"{""finalCash"":0,""expectedCash"":197076.15,""difference"":-197076.15}"
52754;"4/9/2026, 3:13:23 p. m.";Cajero;quote:converted;Sale;"{""saleNumber"":""V-2026-7357"",""wasQuote"":""COT-2026-0001""}"
52753;"4/9/2026, 3:13:23 p. m.";Cajero;cash-session:opened;CashSession;"{""initialCash"":100000}"
52752;"4/9/2026, 3:13:23 p. m.";Cajero;quote:created;Sale;"{""saleNumber"":""COT-2026-0001"",""total"":97076.15,""items"":1}"
52751;"4/9/2026, 3:13:23 p. m.";Cajero;cash-session:closed;CashSession;"{""finalCash"":0,""expectedCash"":105156.82,""difference"":-105156.82}"
52750;"4/9/2026, 3:13:23 p. m.";Cajero;quote:converted;Sale;"{""saleNumber"":""V-2026-7356"",""wasQuote"":""COT-2026-0001""}"
52749;"4/9/2026, 3:13:23 p. m.";Cajero;cash-session:opened;CashSession;"{""initialCash"":100000}"
52748;"4/9/2026, 3:13:23 p. m.";Cajero;quote:created;Sale;"{""saleNumber"":""COT-2026-0001"",""total"":5156.82,""items"":1}"
52747;"4/9/2026, 3:13:23 p. m.";Cajero;cash-session:closed;CashSession;"{""finalCash"":0,""expectedCash"":148388.38,""difference"":-148388.38}"
52746;"4/9/2026, 3:13:23 p. m.";Cajero;quote:converted;Sale;"{""saleNumber"":""V-2026-7355"",""wasQuote"":""COT-2026-0001""}"
52745;"4/9/2026, 3:13:23 p. m.";Cajero;cash-session:opened;CashSession;"{""initialCash"":100000}"
52744;"4/9/2026, 3:13:23 p. m.";Cajero;quote:created;Sale;"{""saleNumber"":""COT-2026-0001"",""total"":48388.38,""items"":1}"
52743;"4/9/2026, 3:13:23 p. m.";Cajero;cash-session:closed;CashSession;"{""finalCash"":0,""expectedCash"":104364.95,""difference"":-104364.95}"
52742;"4/9/2026, 3:13:23 p. m.";Cajero;quote:converted;Sale;"{""saleNumber"":""V-2026-7354"",""wasQuote"":""COT-2026-0001""}"
52741;"4/9/2026, 3:13:23 p. m.";Cajero;cash-session:opened;CashSession;"{""initialCash"":100000}"
52740;"4/9/2026, 3:13:23 p. m.";Cajero;quote:created;Sale;"{""saleNumber"":""COT-2026-0001"",""total"":4364.95,""items"":1}"
52739;"4/9/2026, 3:13:23 p. m.";Cajero;cash-session:closed;CashSession;"{""finalCash"":0,""expectedCash"":161509.64,""difference"":-161509.64}"
52738;"4/9/2026, 3:13:23 p. m.";Cajero;quote:converted;Sale;"{""saleNumber"":""V-2026-7353"",""wasQuote"":""COT-2026-0001""}"
52737;"4/9/2026, 3:13:23 p. m.";Cajero;cash-session:opened;CashSession;"{""initialCash"":100000}"
52736;"4/9/2026, 3:13:23 p. m.";Cajero;quote:created;Sale;"{""saleNumber"":""COT-2026-0001"",""total"":61509.64,""items"":1}"
52735;"4/9/2026, 3:13:23 p. m.";Cajero;cash-session:closed;CashSession;"{""finalCash"":0,""expectedCash"":198102.39,""difference"":-198102.39}"
52734;"4/9/2026, 3:13:23 p. m.";Cajero;quote:converted;Sale;"{""saleNumber"":""V-2026-7352"",""wasQuote"":""COT-2026-0001""}"
52733;"4/9/2026, 3:13:23 p. m.";Cajero;cash-session:opened;CashSession;"{""initialCash"":100000}"
52732;"4/9/2026, 3:13:23 p. m.";Cajero;quote:created;Sale;"{""saleNumber"":""COT-2026-0001"",""total"":98102.39,""items"":1}"
52731;"4/9/2026, 3:13:23 p. m.";Cajero;cash-session:closed;CashSession;"{""finalCash"":0,""expectedCash"":149641.48,""difference"":-149641.48}"
52730;"4/9/2026, 3:13:23 p. m.";Cajero;quote:converted;Sale;"{""saleNumber"":""V-2026-7351"",""wasQuote"":""COT-2026-0001""}"
52729;"4/9/2026, 3:13:23 p. m.";Cajero;cash-session:opened;CashSession;"{""initialCash"":100000}"
52728;"4/9/2026, 3:13:23 p. m.";Cajero;quote:created;Sale;"{""saleNumber"":""COT-2026-0001"",""total"":49641.48,""items"":1}"
52727;"4/9/2026, 3:13:23 p. m.";Cajero;cash-session:closed;CashSession;"{""finalCash"":0,""expectedCash"":139899.05,""difference"":-139899.05}"
52726;"4/9/2026, 3:13:23 p. m.";Cajero;quote:converted;Sale;"{""saleNumber"":""V-2026-7350"",""wasQuote"":""COT-2026-0001""}"
52725;"4/9/2026, 3:13:23 p. m.";Cajero;cash-session:opened;CashSession;"{""initialCash"":100000}"
52724;"4/9/2026, 3:13:23 p. m.";Cajero;quote:created;Sale;"{""saleNumber"":""COT-2026-0001"",""total"":39899.05,""items"":1}"
52723;"4/9/2026, 3:13:23 p. m.";Cajero;cash-session:closed;CashSession;"{""finalCash"":0,""expectedCash"":190635.91,""difference"":-190635.91}"
52722;"4/9/2026, 3:13:23 p. m.";Cajero;quote:converted;Sale;"{""saleNumber"":""V-2026-7349"",""wasQuote"":""COT-2026-0001""}"
52721;"4/9/2026, 3:13:23 p. m.";Cajero;cash-session:opened;CashSession;"{""initialCash"":100000}"
52720;"4/9/2026, 3:13:23 p. m.";Cajero;quote:created;Sale;"{""saleNumber"":""COT-2026-0001"",""total"":90635.91,""items"":1}"
52719;"4/9/2026, 3:13:23 p. m.";Cajero;cash-session:closed;CashSession;"{""finalCash"":0,""expectedCash"":112185.1,""difference"":-112185.1}"
52718;"4/9/2026, 3:13:23 p. m.";Cajero;quote:converted;Sale;"{""saleNumber"":""V-2026-7348"",""wasQuote"":""COT-2026-0001""}"
52717;"4/9/2026, 3:13:23 p. m.";Cajero;cash-session:opened;CashSession;"{""initialCash"":100000}"
52716;"4/9/2026, 3:13:23 p. m.";Cajero;quote:created;Sale;"{""saleNumber"":""COT-2026-0001"",""total"":12185.1,""items"":1}"
52715;"4/9/2026, 3:13:23 p. m.";Cajero;cash-session:closed;CashSession;"{""finalCash"":0,""expectedCash"":148693.66999999998,""difference"":-148693.66999999998}"
52714;"4/9/2026, 3:13:23 p. m.";Cajero;quote:converted;Sale;"{""saleNumber"":""V-2026-7347"",""wasQuote"":""COT-2026-0001""}"
52713;"4/9/2026, 3:13:23 p. m.";Cajero;cash-session:opened;CashSession;"{""initialCash"":100000}"
52712;"4/9/2026, 3:13:23 p. m.";Cajero;quote:created;Sale;"{""saleNumber"":""COT-2026-0001"",""total"":48693.67,""items"":1}"
52711;"4/9/2026, 3:13:23 p. m.";Cajero;cash-session:closed;CashSession;"{""finalCash"":0,""expectedCash"":146054.14,""difference"":-146054.14}"
52710;"4/9/2026, 3:13:23 p. m.";Cajero;quote:converted;Sale;"{""saleNumber"":""V-2026-7346"",""wasQuote"":""COT-2026-0001""}"
52709;"4/9/2026, 3:13:23 p. m.";Cajero;cash-session:opened;CashSession;"{""initialCash"":100000}"
52708;"4/9/2026, 3:13:23 p. m.";Cajero;quote:created;Sale;"{""saleNumber"":""COT-2026-0001"",""total"":46054.14,""items"":1}"
52707;"4/9/2026, 3:13:23 p. m.";Cajero;cash-session:closed;CashSession;"{""finalCash"":0,""expectedCash"":114255.20999999999,""difference"":-114255.20999999999}"
52706;"4/9/2026, 3:13:23 p. m.";Cajero;quote:converted;Sale;"{""saleNumber"":""V-2026-7345"",""wasQuote"":""COT-2026-0001""}"
52705;"4/9/2026, 3:13:23 p. m.";Cajero;cash-session:opened;CashSession;"{""initialCash"":100000}"
52704;"4/9/2026, 3:13:23 p. m.";Cajero;quote:created;Sale;"{""saleNumber"":""COT-2026-0001"",""total"":14255.21,""items"":1}"
52703;"4/9/2026, 3:13:23 p. m.";Cajero;cash-session:closed;CashSession;"{""finalCash"":0,""expectedCash"":145376.38,""difference"":-145376.38}"
52702;"4/9/2026, 3:13:23 p. m.";Cajero;quote:converted;Sale;"{""saleNumber"":""V-2026-7344"",""wasQuote"":""COT-2026-0001""}"
52701;"4/9/2026, 3:13:23 p. m.";Cajero;cash-session:opened;CashSession;"{""initialCash"":100000}"
52700;"4/9/2026, 3:13:23 p. m.";Cajero;quote:created;Sale;"{""saleNumber"":""COT-2026-0001"",""total"":45376.38,""items"":1}"
52699;"4/9/2026, 3:13:23 p. m.";Cajero;cash-session:closed;CashSession;"{""finalCash"":0,""expectedCash"":131041.42,""difference"":-131041.42}"
52698;"4/9/2026, 3:13:23 p. m.";Cajero;quote:converted;Sale;"{""saleNumber"":""V-2026-7343"",""wasQuote"":""COT-2026-0001""}"
52697;"4/9/2026, 3:13:23 p. m.";Cajero;cash-session:opened;CashSession;"{""initialCash"":100000}"
52696;"4/9/2026, 3:13:23 p. m.";Cajero;quote:created;Sale;"{""saleNumber"":""COT-2026-0001"",""total"":31041.42,""items"":1}"
52695;"4/9/2026, 3:13:23 p. m.";Cajero;cash-session:closed;CashSession;"{""finalCash"":0,""expectedCash"":105704.62,""difference"":-105704.62}"
52694;"4/9/2026, 3:13:23 p. m.";Cajero;quote:converted;Sale;"{""saleNumber"":""V-2026-7342"",""wasQuote"":""COT-2026-0001""}"
52693;"4/9/2026, 3:13:23 p. m.";Cajero;cash-session:opened;CashSession;"{""initialCash"":100000}"
52692;"4/9/2026, 3:13:23 p. m.";Cajero;quote:created;Sale;"{""saleNumber"":""COT-2026-0001"",""total"":5704.62,""items"":1}"
52691;"4/9/2026, 3:13:23 p. m.";Cajero;cash-session:closed;CashSession;"{""finalCash"":0,""expectedCash"":136655.11,""difference"":-136655.11}"
52690;"4/9/2026, 3:13:23 p. m.";Cajero;quote:converted;Sale;"{""saleNumber"":""V-2026-7341"",""wasQuote"":""COT-2026-0001""}"
52689;"4/9/2026, 3:13:23 p. m.";Cajero;cash-session:opened;CashSession;"{""initialCash"":100000}"
52688;"4/9/2026, 3:13:23 p. m.";Cajero;quote:created;Sale;"{""saleNumber"":""COT-2026-0001"",""total"":36655.11,""items"":1}"
52687;"4/9/2026, 3:13:23 p. m.";Cajero;cash-session:closed;CashSession;"{""finalCash"":0,""expectedCash"":144765.12,""difference"":-144765.12}"
52686;"4/9/2026, 3:13:23 p. m.";Cajero;quote:converted;Sale;"{""saleNumber"":""V-2026-7340"",""wasQuote"":""COT-2026-0001""}"
52685;"4/9/2026, 3:13:23 p. m.";Cajero;cash-session:opened;CashSession;"{""initialCash"":100000}"
52684;"4/9/2026, 3:13:23 p. m.";Cajero;quote:created;Sale;"{""saleNumber"":""COT-2026-0001"",""total"":44765.12,""items"":1}"
52683;"4/9/2026, 3:13:23 p. m.";Cajero;cash-session:closed;CashSession;"{""finalCash"":0,""expectedCash"":185802.28,""difference"":-185802.28}"
52682;"4/9/2026, 3:13:23 p. m.";Cajero;quote:converted;Sale;"{""saleNumber"":""V-2026-7339"",""wasQuote"":""COT-2026-0001""}"
52681;"4/9/2026, 3:13:23 p. m.";Cajero;cash-session:opened;CashSession;"{""initialCash"":100000}"
52680;"4/9/2026, 3:13:23 p. m.";Cajero;quote:created;Sale;"{""saleNumber"":""COT-2026-0001"",""total"":85802.28,""items"":1}"
52679;"4/9/2026, 3:13:23 p. m.";Cajero;cash-session:closed;CashSession;"{""finalCash"":0,""expectedCash"":136039.97,""difference"":-136039.97}"
52678;"4/9/2026, 3:13:23 p. m.";Cajero;quote:converted;Sale;"{""saleNumber"":""V-2026-7338"",""wasQuote"":""COT-2026-0001""}"
52677;"4/9/2026, 3:13:23 p. m.";Cajero;cash-session:opened;CashSession;"{""initialCash"":100000}"
52676;"4/9/2026, 3:13:23 p. m.";Cajero;quote:created;Sale;"{""saleNumber"":""COT-2026-0001"",""total"":36039.97,""items"":1}"
52675;"4/9/2026, 3:13:23 p. m.";Cajero;cash-session:closed;CashSession;"{""finalCash"":0,""expectedCash"":196759.14,""difference"":-196759.14}"
52674;"4/9/2026, 3:13:23 p. m.";Cajero;quote:converted;Sale;"{""saleNumber"":""V-2026-7337"",""wasQuote"":""COT-2026-0001""}"
52673;"4/9/2026, 3:13:23 p. m.";Cajero;cash-session:opened;CashSession;"{""initialCash"":100000}"
52672;"4/9/2026, 3:13:23 p. m.";Cajero;quote:created;Sale;"{""saleNumber"":""COT-2026-0001"",""total"":96759.14,""items"":1}"
52671;"4/9/2026, 3:13:23 p. m.";Cajero;cash-session:closed;CashSession;"{""finalCash"":0,""expectedCash"":132395.63,""difference"":-132395.63}"
52670;"4/9/2026, 3:13:23 p. m.";Cajero;quote:converted;Sale;"{""saleNumber"":""V-2026-7336"",""wasQuote"":""COT-2026-0001""}"
52669;"4/9/2026, 3:13:23 p. m.";Cajero;cash-session:opened;CashSession;"{""initialCash"":100000}"
52668;"4/9/2026, 3:13:23 p. m.";Cajero;quote:created;Sale;"{""saleNumber"":""COT-2026-0001"",""total"":32395.63,""items"":1}"
52667;"4/9/2026, 3:13:23 p. m.";Cajero;cash-session:closed;CashSession;"{""finalCash"":0,""expectedCash"":103599.95,""difference"":-103599.95}"
52666;"4/9/2026, 3:13:23 p. m.";Cajero;quote:converted;Sale;"{""saleNumber"":""V-2026-7335"",""wasQuote"":""COT-2026-0001""}"
52665;"4/9/2026, 3:13:23 p. m.";Cajero;cash-session:opened;CashSession;"{""initialCash"":100000}"
52664;"4/9/2026, 3:13:23 p. m.";Cajero;quote:created;Sale;"{""saleNumber"":""COT-2026-0001"",""total"":3599.95,""items"":1}"
52663;"4/9/2026, 3:13:23 p. m.";Cajero;cash-session:closed;CashSession;"{""finalCash"":0,""expectedCash"":119332.95999999999,""difference"":-119332.95999999999}"
52662;"4/9/2026, 3:13:23 p. m.";Cajero;quote:converted;Sale;"{""saleNumber"":""V-2026-7334"",""wasQuote"":""COT-2026-0001""}"
52661;"4/9/2026, 3:13:23 p. m.";Cajero;cash-session:opened;CashSession;"{""initialCash"":100000}"
52660;"4/9/2026, 3:13:23 p. m.";Cajero;quote:created;Sale;"{""saleNumber"":""COT-2026-0001"",""total"":19332.96,""items"":1}"
52659;"4/9/2026, 3:13:23 p. m.";Cajero;cash-session:closed;CashSession;"{""finalCash"":0,""expectedCash"":134845.63,""difference"":-134845.63}"
52658;"4/9/2026, 3:13:23 p. m.";Cajero;quote:converted;Sale;"{""saleNumber"":""V-2026-7333"",""wasQuote"":""COT-2026-0001""}"
52657;"4/9/2026, 3:13:23 p. m.";Cajero;cash-session:opened;CashSession;"{""initialCash"":100000}"
52656;"4/9/2026, 3:13:23 p. m.";Cajero;quote:created;Sale;"{""saleNumber"":""COT-2026-0001"",""total"":34845.63,""items"":1}"
52655;"4/9/2026, 3:13:23 p. m.";Cajero;cash-session:closed;CashSession;"{""finalCash"":0,""expectedCash"":116530.76,""difference"":-116530.76}"
52654;"4/9/2026, 3:13:23 p. m.";Cajero;quote:converted;Sale;"{""saleNumber"":""V-2026-7332"",""wasQuote"":""COT-2026-0001""}"
52653;"4/9/2026, 3:13:23 p. m.";Cajero;cash-session:opened;CashSession;"{""initialCash"":100000}"
52652;"4/9/2026, 3:13:23 p. m.";Cajero;quote:created;Sale;"{""saleNumber"":""COT-2026-0001"",""total"":16530.76,""items"":1}"
52651;"4/9/2026, 3:13:23 p. m.";Cajero;cash-session:closed;CashSession;"{""finalCash"":0,""expectedCash"":195745.66,""difference"":-195745.66}"
52650;"4/9/2026, 3:13:23 p. m.";Cajero;quote:converted;Sale;"{""saleNumber"":""V-2026-7331"",""wasQuote"":""COT-2026-0001""}"
52649;"4/9/2026, 3:13:23 p. m.";Cajero;cash-session:opened;CashSession;"{""initialCash"":100000}"
52648;"4/9/2026, 3:13:23 p. m.";Cajero;quote:created;Sale;"{""saleNumber"":""COT-2026-0001"",""total"":95745.66,""items"":1}"
52647;"4/9/2026, 3:13:23 p. m.";Cajero;cash-session:closed;CashSession;"{""finalCash"":0,""expectedCash"":123872.24,""difference"":-123872.24}"
52646;"4/9/2026, 3:13:23 p. m.";Cajero;quote:converted;Sale;"{""saleNumber"":""V-2026-7330"",""wasQuote"":""COT-2026-0001""}"
52645;"4/9/2026, 3:13:23 p. m.";Cajero;cash-session:opened;CashSession;"{""initialCash"":100000}"
52644;"4/9/2026, 3:13:23 p. m.";Cajero;quote:created;Sale;"{""saleNumber"":""COT-2026-0001"",""total"":23872.24,""items"":1}"
52643;"4/9/2026, 3:13:23 p. m.";Cajero;cash-session:closed;CashSession;"{""finalCash"":0,""expectedCash"":144917.02,""difference"":-144917.02}"
52642;"4/9/2026, 3:13:23 p. m.";Cajero;quote:converted;Sale;"{""saleNumber"":""V-2026-7329"",""wasQuote"":""COT-2026-0001""}"
52641;"4/9/2026, 3:13:23 p. m.";Cajero;cash-session:opened;CashSession;"{""initialCash"":100000}"
52640;"4/9/2026, 3:13:23 p. m.";Cajero;quote:created;Sale;"{""saleNumber"":""COT-2026-0001"",""total"":44917.02,""items"":1}"
52639;"4/9/2026, 3:13:23 p. m.";Cajero;cash-session:closed;CashSession;"{""finalCash"":0,""expectedCash"":110865.55,""difference"":-110865.55}"
52638;"4/9/2026, 3:13:23 p. m.";Cajero;quote:converted;Sale;"{""saleNumber"":""V-2026-7328"",""wasQuote"":""COT-2026-0001""}"
52637;"4/9/2026, 3:13:23 p. m.";Cajero;cash-session:opened;CashSession;"{""initialCash"":100000}"
52636;"4/9/2026, 3:13:22 p. m.";Cajero;quote:created;Sale;"{""saleNumber"":""COT-2026-0001"",""total"":10865.55,""items"":1}"
52635;"4/9/2026, 3:13:22 p. m.";Cajero;cash-session:closed;CashSession;"{""finalCash"":0,""expectedCash"":129123.28,""difference"":-129123.28}"
52634;"4/9/2026, 3:13:22 p. m.";Cajero;quote:converted;Sale;"{""saleNumber"":""V-2026-7327"",""wasQuote"":""COT-2026-0001""}"
52633;"4/9/2026, 3:13:22 p. m.";Cajero;cash-session:opened;CashSession;"{""initialCash"":100000}"
52632;"4/9/2026, 3:13:22 p. m.";Cajero;quote:created;Sale;"{""saleNumber"":""COT-2026-0001"",""total"":29123.28,""items"":1}"
52631;"4/9/2026, 3:13:22 p. m.";Cajero;cash-session:closed;CashSession;"{""finalCash"":0,""expectedCash"":118022.58,""difference"":-118022.58}"
52630;"4/9/2026, 3:13:22 p. m.";Cajero;quote:converted;Sale;"{""saleNumber"":""V-2026-7326"",""wasQuote"":""COT-2026-0001""}"
52629;"4/9/2026, 3:13:22 p. m.";Cajero;cash-session:opened;CashSession;"{""initialCash"":100000}"
52628;"4/9/2026, 3:13:22 p. m.";Cajero;quote:created;Sale;"{""saleNumber"":""COT-2026-0001"",""total"":18022.58,""items"":1}"
52627;"4/9/2026, 3:13:22 p. m.";Cajero;cash-session:closed;CashSession;"{""finalCash"":0,""expectedCash"":135872.32,""difference"":-135872.32}"
52626;"4/9/2026, 3:13:22 p. m.";Cajero;quote:converted;Sale;"{""saleNumber"":""V-2026-7325"",""wasQuote"":""COT-2026-0001""}"
52625;"4/9/2026, 3:13:22 p. m.";Cajero;cash-session:opened;CashSession;"{""initialCash"":100000}"
52624;"4/9/2026, 3:13:22 p. m.";Cajero;quote:created;Sale;"{""saleNumber"":""COT-2026-0001"",""total"":35872.32,""items"":1}"
52623;"4/9/2026, 3:13:22 p. m.";Cajero;cash-session:closed;CashSession;"{""finalCash"":0,""expectedCash"":137654.54,""difference"":-137654.54}"
52622;"4/9/2026, 3:13:22 p. m.";Cajero;quote:converted;Sale;"{""saleNumber"":""V-2026-7324"",""wasQuote"":""COT-2026-0001""}"
52621;"4/9/2026, 3:13:22 p. m.";Cajero;cash-session:opened;CashSession;"{""initialCash"":100000}"
52620;"4/9/2026, 3:13:22 p. m.";Cajero;quote:created;Sale;"{""saleNumber"":""COT-2026-0001"",""total"":37654.54,""items"":1}"
52619;"4/9/2026, 3:13:22 p. m.";Cajero;cash-session:closed;CashSession;"{""finalCash"":0,""expectedCash"":109624.02,""difference"":-109624.02}"
52618;"4/9/2026, 3:13:22 p. m.";Cajero;quote:converted;Sale;"{""saleNumber"":""V-2026-7323"",""wasQuote"":""COT-2026-0001""}"
52617;"4/9/2026, 3:13:22 p. m.";Cajero;cash-session:opened;CashSession;"{""initialCash"":100000}"
52616;"4/9/2026, 3:13:22 p. m.";Cajero;quote:created;Sale;"{""saleNumber"":""COT-2026-0001"",""total"":9624.02,""items"":1}"
52615;"4/9/2026, 3:13:22 p. m.";Cajero;cash-session:closed;CashSession;"{""finalCash"":0,""expectedCash"":140759.49,""difference"":-140759.49}"
52614;"4/9/2026, 3:13:22 p. m.";Cajero;quote:converted;Sale;"{""saleNumber"":""V-2026-7322"",""wasQuote"":""COT-2026-0001""}"
52613;"4/9/2026, 3:13:22 p. m.";Cajero;cash-session:opened;CashSession;"{""initialCash"":100000}"
52612;"4/9/2026, 3:13:22 p. m.";Cajero;quote:created;Sale;"{""saleNumber"":""COT-2026-0001"",""total"":40759.49,""items"":1}"
52611;"4/9/2026, 3:13:22 p. m.";Cajero;cash-session:closed;CashSession;"{""finalCash"":0,""expectedCash"":152544.97,""difference"":-152544.97}"
52610;"4/9/2026, 3:13:22 p. m.";Cajero;quote:converted;Sale;"{""saleNumber"":""V-2026-7321"",""wasQuote"":""COT-2026-0001""}"
52609;"4/9/2026, 3:13:22 p. m.";Cajero;cash-session:opened;CashSession;"{""initialCash"":100000}"
52608;"4/9/2026, 3:13:22 p. m.";Cajero;quote:created;Sale;"{""saleNumber"":""COT-2026-0001"",""total"":52544.97,""items"":1}"
52607;"4/9/2026, 3:13:22 p. m.";Cajero;cash-session:closed;CashSession;"{""finalCash"":0,""expectedCash"":127927.66,""difference"":-127927.66}"
52606;"4/9/2026, 3:13:22 p. m.";Cajero;quote:converted;Sale;"{""saleNumber"":""V-2026-7320"",""wasQuote"":""COT-2026-0001""}"
52605;"4/9/2026, 3:13:22 p. m.";Cajero;cash-session:opened;CashSession;"{""initialCash"":100000}"
52604;"4/9/2026, 3:13:22 p. m.";Cajero;quote:created;Sale;"{""saleNumber"":""COT-2026-0001"",""total"":27927.66,""items"":1}"
52603;"4/9/2026, 3:13:22 p. m.";Cajero;cash-session:closed;CashSession;"{""finalCash"":0,""expectedCash"":126862.16,""difference"":-126862.16}"
52602;"4/9/2026, 3:13:22 p. m.";Cajero;quote:converted;Sale;"{""saleNumber"":""V-2026-7319"",""wasQuote"":""COT-2026-0001""}"
52601;"4/9/2026, 3:13:22 p. m.";Cajero;cash-session:opened;CashSession;"{""initialCash"":100000}"
52600;"4/9/2026, 3:13:22 p. m.";Cajero;quote:created;Sale;"{""saleNumber"":""COT-2026-0001"",""total"":26862.16,""items"":1}"
52599;"4/9/2026, 3:13:22 p. m.";Cajero;cash-session:closed;CashSession;"{""finalCash"":0,""expectedCash"":139660.31,""difference"":-139660.31}"
52598;"4/9/2026, 3:13:22 p. m.";Cajero;quote:converted;Sale;"{""saleNumber"":""V-2026-7318"",""wasQuote"":""COT-2026-0001""}"
52597;"4/9/2026, 3:13:22 p. m.";Cajero;cash-session:opened;CashSession;"{""initialCash"":100000}"
52596;"4/9/2026, 3:13:22 p. m.";Cajero;quote:created;Sale;"{""saleNumber"":""COT-2026-0001"",""total"":39660.31,""items"":1}"
52595;"4/9/2026, 3:13:22 p. m.";Cajero;cash-session:closed;CashSession;"{""finalCash"":0,""expectedCash"":116933.20999999999,""difference"":-116933.20999999999}"
52594;"4/9/2026, 3:13:22 p. m.";Cajero;quote:converted;Sale;"{""saleNumber"":""V-2026-7317"",""wasQuote"":""COT-2026-0001""}"
52593;"4/9/2026, 3:13:22 p. m.";Cajero;cash-session:opened;CashSession;"{""initialCash"":100000}"
52592;"4/9/2026, 3:13:22 p. m.";Cajero;quote:created;Sale;"{""saleNumber"":""COT-2026-0001"",""total"":16933.21,""items"":1}"
52591;"4/9/2026, 3:13:22 p. m.";Cajero;cash-session:closed;CashSession;"{""finalCash"":0,""expectedCash"":110881.43,""difference"":-110881.43}"
52590;"4/9/2026, 3:13:22 p. m.";Cajero;quote:converted;Sale;"{""saleNumber"":""V-2026-7316"",""wasQuote"":""COT-2026-0001""}"
52589;"4/9/2026, 3:13:22 p. m.";Cajero;cash-session:opened;CashSession;"{""initialCash"":100000}"
52588;"4/9/2026, 3:13:22 p. m.";Cajero;quote:created;Sale;"{""saleNumber"":""COT-2026-0001"",""total"":10881.43,""items"":1}"
52587;"4/9/2026, 3:13:22 p. m.";Cajero;cash-session:closed;CashSession;"{""finalCash"":0,""expectedCash"":196759.14,""difference"":-196759.14}"
52586;"4/9/2026, 3:13:22 p. m.";Cajero;quote:converted;Sale;"{""saleNumber"":""V-2026-7315"",""wasQuote"":""COT-2026-0001""}"
52585;"4/9/2026, 3:13:22 p. m.";Cajero;cash-session:opened;CashSession;"{""initialCash"":100000}"
52584;"4/9/2026, 3:13:22 p. m.";Cajero;quote:created;Sale;"{""saleNumber"":""COT-2026-0001"",""total"":96759.14,""items"":1}"
52583;"4/9/2026, 3:13:22 p. m.";Cajero;cash-session:closed;CashSession;"{""finalCash"":0,""expectedCash"":118931.1,""difference"":-118931.1}"
52582;"4/9/2026, 3:13:22 p. m.";Cajero;quote:converted;Sale;"{""saleNumber"":""V-2026-7314"",""wasQuote"":""COT-2026-0001""}"
52581;"4/9/2026, 3:13:22 p. m.";Cajero;cash-session:opened;CashSession;"{""initialCash"":100000}"
52580;"4/9/2026, 3:13:22 p. m.";Cajero;quote:created;Sale;"{""saleNumber"":""COT-2026-0001"",""total"":18931.1,""items"":1}"
52579;"4/9/2026, 3:13:22 p. m.";Cajero;cash-session:closed;CashSession;"{""finalCash"":0,""expectedCash"":143174.51,""difference"":-143174.51}"
52578;"4/9/2026, 3:13:22 p. m.";Cajero;quote:converted;Sale;"{""saleNumber"":""V-2026-7313"",""wasQuote"":""COT-2026-0001""}"
52577;"4/9/2026, 3:13:22 p. m.";Cajero;cash-session:opened;CashSession;"{""initialCash"":100000}"
52576;"4/9/2026, 3:13:22 p. m.";Cajero;quote:created;Sale;"{""saleNumber"":""COT-2026-0001"",""total"":43174.51,""items"":1}"
52575;"4/9/2026, 3:13:22 p. m.";Cajero;cash-session:closed;CashSession;"{""finalCash"":0,""expectedCash"":159978.18,""difference"":-159978.18}"
52574;"4/9/2026, 3:13:22 p. m.";Cajero;quote:converted;Sale;"{""saleNumber"":""V-2026-7312"",""wasQuote"":""COT-2026-0001""}"
52573;"4/9/2026, 3:13:22 p. m.";Cajero;cash-session:opened;CashSession;"{""initialCash"":100000}"
52572;"4/9/2026, 3:13:22 p. m.";Cajero;quote:created;Sale;"{""saleNumber"":""COT-2026-0001"",""total"":59978.18,""items"":1}"
52571;"4/9/2026, 3:13:22 p. m.";Cajero;cash-session:closed;CashSession;"{""finalCash"":0,""expectedCash"":113102.95,""difference"":-113102.95}"
52570;"4/9/2026, 3:13:22 p. m.";Cajero;quote:converted;Sale;"{""saleNumber"":""V-2026-7311"",""wasQuote"":""COT-2026-0001""}"
52569;"4/9/2026, 3:13:22 p. m.";Cajero;cash-session:opened;CashSession;"{""initialCash"":100000}"
52568;"4/9/2026, 3:13:22 p. m.";Cajero;quote:created;Sale;"{""saleNumber"":""COT-2026-0001"",""total"":13102.95,""items"":1}"
52567;"4/9/2026, 3:13:22 p. m.";Cajero;cash-session:closed;CashSession;"{""finalCash"":0,""expectedCash"":198740.05,""difference"":-198740.05}"
52566;"4/9/2026, 3:13:22 p. m.";Cajero;quote:converted;Sale;"{""saleNumber"":""V-2026-7310"",""wasQuote"":""COT-2026-0001""}"
52565;"4/9/2026, 3:13:22 p. m.";Cajero;cash-session:opened;CashSession;"{""initialCash"":100000}"
52564;"4/9/2026, 3:13:22 p. m.";Cajero;quote:created;Sale;"{""saleNumber"":""COT-2026-0001"",""total"":98740.05,""items"":1}"
52563;"4/9/2026, 3:13:22 p. m.";Cajero;cash-session:closed;CashSession;"{""finalCash"":0,""expectedCash"":136700.91999999998,""difference"":-136700.91999999998}"
52562;"4/9/2026, 3:13:22 p. m.";Cajero;quote:converted;Sale;"{""saleNumber"":""V-2026-7309"",""wasQuote"":""COT-2026-0001""}"
52561;"4/9/2026, 3:13:22 p. m.";Cajero;cash-session:opened;CashSession;"{""initialCash"":100000}"
52560;"4/9/2026, 3:13:22 p. m.";Cajero;quote:created;Sale;"{""saleNumber"":""COT-2026-0001"",""total"":36700.92,""items"":1}"
52559;"4/9/2026, 3:13:22 p. m.";Cajero;cash-session:closed;CashSession;"{""finalCash"":0,""expectedCash"":105898.93,""difference"":-105898.93}"
52558;"4/9/2026, 3:13:22 p. m.";Cajero;quote:converted;Sale;"{""saleNumber"":""V-2026-7308"",""wasQuote"":""COT-2026-0001""}"
52557;"4/9/2026, 3:13:22 p. m.";Cajero;cash-session:opened;CashSession;"{""initialCash"":100000}"
52556;"4/9/2026, 3:13:22 p. m.";Cajero;quote:created;Sale;"{""saleNumber"":""COT-2026-0001"",""total"":5898.93,""items"":1}"
52555;"4/9/2026, 3:13:22 p. m.";Cajero;cash-session:closed;CashSession;"{""finalCash"":0,""expectedCash"":199084.12,""difference"":-199084.12}"
52554;"4/9/2026, 3:13:22 p. m.";Cajero;quote:converted;Sale;"{""saleNumber"":""V-2026-7307"",""wasQuote"":""COT-2026-0001""}"
52553;"4/9/2026, 3:13:22 p. m.";Cajero;cash-session:opened;CashSession;"{""initialCash"":100000}"
52552;"4/9/2026, 3:13:22 p. m.";Cajero;quote:created;Sale;"{""saleNumber"":""COT-2026-0001"",""total"":99084.12,""items"":1}"
52551;"4/9/2026, 3:13:22 p. m.";Cajero;cash-session:closed;CashSession;"{""finalCash"":0,""expectedCash"":197084.34,""difference"":-197084.34}"
52550;"4/9/2026, 3:13:22 p. m.";Cajero;quote:converted;Sale;"{""saleNumber"":""V-2026-7306"",""wasQuote"":""COT-2026-0001""}"
52549;"4/9/2026, 3:13:22 p. m.";Cajero;cash-session:opened;CashSession;"{""initialCash"":100000}"
52548;"4/9/2026, 3:13:22 p. m.";Cajero;quote:created;Sale;"{""saleNumber"":""COT-2026-0001"",""total"":97084.34,""items"":1}"
52547;"4/9/2026, 3:13:22 p. m.";Cajero;cash-session:closed;CashSession;"{""finalCash"":0,""expectedCash"":102107,""difference"":-102107}"
52546;"4/9/2026, 3:13:22 p. m.";Cajero;quote:converted;Sale;"{""saleNumber"":""V-2026-7305"",""wasQuote"":""COT-2026-0001""}"
52545;"4/9/2026, 3:13:22 p. m.";Cajero;cash-session:opened;CashSession;"{""initialCash"":100000}"
52544;"4/9/2026, 3:13:22 p. m.";Cajero;quote:created;Sale;"{""saleNumber"":""COT-2026-0001"",""total"":2107,""items"":1}"
52543;"4/9/2026, 3:13:22 p. m.";Cajero;cash-session:closed;CashSession;"{""finalCash"":0,""expectedCash"":114896.1,""difference"":-114896.1}"
52542;"4/9/2026, 3:13:22 p. m.";Cajero;quote:converted;Sale;"{""saleNumber"":""V-2026-7304"",""wasQuote"":""COT-2026-0001""}"
52541;"4/9/2026, 3:13:22 p. m.";Cajero;cash-session:opened;CashSession;"{""initialCash"":100000}"
52540;"4/9/2026, 3:13:22 p. m.";Cajero;quote:created;Sale;"{""saleNumber"":""COT-2026-0001"",""total"":14896.1,""items"":1}"
52539;"4/9/2026, 3:13:22 p. m.";Cajero;cash-session:closed;CashSession;"{""finalCash"":0,""expectedCash"":104469.37,""difference"":-104469.37}"
52538;"4/9/2026, 3:13:22 p. m.";Cajero;quote:converted;Sale;"{""saleNumber"":""V-2026-7303"",""wasQuote"":""COT-2026-0001""}"
52537;"4/9/2026, 3:13:22 p. m.";Cajero;cash-session:opened;CashSession;"{""initialCash"":100000}"
52536;"4/9/2026, 3:13:22 p. m.";Cajero;quote:created;Sale;"{""saleNumber"":""COT-2026-0001"",""total"":4469.37,""items"":1}"
52535;"4/9/2026, 3:13:22 p. m.";Cajero;cash-session:closed;CashSession;"{""finalCash"":0,""expectedCash"":144244.7,""difference"":-144244.7}"
52534;"4/9/2026, 3:13:22 p. m.";Cajero;quote:converted;Sale;"{""saleNumber"":""V-2026-7302"",""wasQuote"":""COT-2026-0001""}"
52533;"4/9/2026, 3:13:22 p. m.";Cajero;cash-session:opened;CashSession;"{""initialCash"":100000}"
52532;"4/9/2026, 3:13:22 p. m.";Cajero;quote:created;Sale;"{""saleNumber"":""COT-2026-0001"",""total"":44244.7,""items"":1}"
52531;"4/9/2026, 3:13:22 p. m.";Cajero;cash-session:closed;CashSession;"{""finalCash"":0,""expectedCash"":148561.83000000002,""difference"":-148561.83000000002}"
52530;"4/9/2026, 3:13:22 p. m.";Cajero;quote:converted;Sale;"{""saleNumber"":""V-2026-7301"",""wasQuote"":""COT-2026-0001""}"
52529;"4/9/2026, 3:13:22 p. m.";Cajero;cash-session:opened;CashSession;"{""initialCash"":100000}"
52528;"4/9/2026, 3:13:22 p. m.";Cajero;quote:created;Sale;"{""saleNumber"":""COT-2026-0001"",""total"":48561.83,""items"":1}"
52527;"4/9/2026, 3:13:22 p. m.";Cajero;cash-session:closed;CashSession;"{""finalCash"":0,""expectedCash"":199649.4,""difference"":-199649.4}"
52526;"4/9/2026, 3:13:22 p. m.";Cajero;quote:converted;Sale;"{""saleNumber"":""V-2026-7300"",""wasQuote"":""COT-2026-0001""}"
52525;"4/9/2026, 3:13:22 p. m.";Cajero;cash-session:opened;CashSession;"{""initialCash"":100000}"
52524;"4/9/2026, 3:13:22 p. m.";Cajero;quote:created;Sale;"{""saleNumber"":""COT-2026-0001"",""total"":99649.4,""items"":1}"
52523;"4/9/2026, 3:13:22 p. m.";Cajero;cash-session:closed;CashSession;"{""finalCash"":0,""expectedCash"":124341.93,""difference"":-124341.93}"
52522;"4/9/2026, 3:13:22 p. m.";Cajero;quote:converted;Sale;"{""saleNumber"":""V-2026-7299"",""wasQuote"":""COT-2026-0001""}"
52521;"4/9/2026, 3:13:22 p. m.";Cajero;cash-session:opened;CashSession;"{""initialCash"":100000}"
52520;"4/9/2026, 3:13:22 p. m.";Cajero;quote:created;Sale;"{""saleNumber"":""COT-2026-0001"",""total"":24341.93,""items"":1}"
52519;"4/9/2026, 3:13:22 p. m.";Cajero;cash-session:closed;CashSession;"{""finalCash"":0,""expectedCash"":142104.07,""difference"":-142104.07}"
52518;"4/9/2026, 3:13:22 p. m.";Cajero;quote:converted;Sale;"{""saleNumber"":""V-2026-7298"",""wasQuote"":""COT-2026-0001""}"
52517;"4/9/2026, 3:13:22 p. m.";Cajero;cash-session:opened;CashSession;"{""initialCash"":100000}"
52516;"4/9/2026, 3:13:22 p. m.";Cajero;quote:created;Sale;"{""saleNumber"":""COT-2026-0001"",""total"":42104.07,""items"":1}"
52515;"4/9/2026, 3:13:22 p. m.";Cajero;cash-session:closed;CashSession;"{""finalCash"":0,""expectedCash"":190249.4,""difference"":-190249.4}"
52514;"4/9/2026, 3:13:22 p. m.";Cajero;quote:converted;Sale;"{""saleNumber"":""V-2026-7297"",""wasQuote"":""COT-2026-0001""}"
52513;"4/9/2026, 3:13:22 p. m.";Cajero;cash-session:opened;CashSession;"{""initialCash"":100000}"
52512;"4/9/2026, 3:13:22 p. m.";Cajero;quote:created;Sale;"{""saleNumber"":""COT-2026-0001"",""total"":90249.4,""items"":1}"
52511;"4/9/2026, 3:13:22 p. m.";Cajero;cash-session:closed;CashSession;"{""finalCash"":0,""expectedCash"":106956.16,""difference"":-106956.16}"
52510;"4/9/2026, 3:13:22 p. m.";Cajero;quote:converted;Sale;"{""saleNumber"":""V-2026-7296"",""wasQuote"":""COT-2026-0001""}"
52509;"4/9/2026, 3:13:22 p. m.";Cajero;cash-session:opened;CashSession;"{""initialCash"":100000}"
52508;"4/9/2026, 3:13:22 p. m.";Cajero;quote:created;Sale;"{""saleNumber"":""COT-2026-0001"",""total"":6956.16,""items"":1}"
52507;"4/9/2026, 3:13:22 p. m.";Cajero;cash-session:closed;CashSession;"{""finalCash"":0,""expectedCash"":194642.97999999998,""difference"":-194642.97999999998}"
52506;"4/9/2026, 3:13:22 p. m.";Cajero;quote:converted;Sale;"{""saleNumber"":""V-2026-7295"",""wasQuote"":""COT-2026-0001""}"
52505;"4/9/2026, 3:13:22 p. m.";Cajero;cash-session:opened;CashSession;"{""initialCash"":100000}"
52504;"4/9/2026, 3:13:22 p. m.";Cajero;quote:created;Sale;"{""saleNumber"":""COT-2026-0001"",""total"":94642.98,""items"":1}"
52503;"4/9/2026, 3:13:22 p. m.";Cajero;cash-session:closed;CashSession;"{""finalCash"":0,""expectedCash"":148162.2,""difference"":-148162.2}"
52502;"4/9/2026, 3:13:22 p. m.";Cajero;quote:converted;Sale;"{""saleNumber"":""V-2026-7294"",""wasQuote"":""COT-2026-0001""}"
52501;"4/9/2026, 3:13:22 p. m.";Cajero;cash-session:opened;CashSession;"{""initialCash"":100000}"
52500;"4/9/2026, 3:13:22 p. m.";Cajero;quote:created;Sale;"{""saleNumber"":""COT-2026-0001"",""total"":48162.2,""items"":1}"
52499;"4/9/2026, 3:13:22 p. m.";Cajero;cash-session:closed;CashSession;"{""finalCash"":0,""expectedCash"":191248.87,""difference"":-191248.87}"
52498;"4/9/2026, 3:13:22 p. m.";Cajero;quote:converted;Sale;"{""saleNumber"":""V-2026-7293"",""wasQuote"":""COT-2026-0001""}"
52497;"4/9/2026, 3:13:22 p. m.";Cajero;cash-session:opened;CashSession;"{""initialCash"":100000}"
52496;"4/9/2026, 3:13:22 p. m.";Cajero;quote:created;Sale;"{""saleNumber"":""COT-2026-0001"",""total"":91248.87,""items"":1}"
52495;"4/9/2026, 3:13:22 p. m.";Cajero;cash-session:closed;CashSession;"{""finalCash"":0,""expectedCash"":118617.42,""difference"":-118617.42}"
52494;"4/9/2026, 3:13:22 p. m.";Cajero;quote:converted;Sale;"{""saleNumber"":""V-2026-7292"",""wasQuote"":""COT-2026-0001""}"
52493;"4/9/2026, 3:13:22 p. m.";Cajero;cash-session:opened;CashSession;"{""initialCash"":100000}"
52492;"4/9/2026, 3:13:22 p. m.";Cajero;quote:created;Sale;"{""saleNumber"":""COT-2026-0001"",""total"":18617.42,""items"":1}"
52491;"4/9/2026, 3:13:22 p. m.";Cajero;cash-session:closed;CashSession;"{""finalCash"":0,""expectedCash"":131245.12,""difference"":-131245.12}"
52490;"4/9/2026, 3:13:22 p. m.";Cajero;quote:converted;Sale;"{""saleNumber"":""V-2026-7291"",""wasQuote"":""COT-2026-0001""}"
52489;"4/9/2026, 3:13:22 p. m.";Cajero;cash-session:opened;CashSession;"{""initialCash"":100000}"
52488;"4/9/2026, 3:13:22 p. m.";Cajero;quote:created;Sale;"{""saleNumber"":""COT-2026-0001"",""total"":31245.12,""items"":1}"
52487;"4/9/2026, 3:13:22 p. m.";Cajero;cash-session:closed;CashSession;"{""finalCash"":0,""expectedCash"":148995.62,""difference"":-148995.62}"
52486;"4/9/2026, 3:13:22 p. m.";Cajero;quote:converted;Sale;"{""saleNumber"":""V-2026-7290"",""wasQuote"":""COT-2026-0001""}"
52485;"4/9/2026, 3:13:22 p. m.";Cajero;cash-session:opened;CashSession;"{""initialCash"":100000}"
52484;"4/9/2026, 3:13:22 p. m.";Cajero;quote:created;Sale;"{""saleNumber"":""COT-2026-0001"",""total"":48995.62,""items"":1}"
52483;"4/9/2026, 3:13:22 p. m.";Cajero;cash-session:closed;CashSession;"{""finalCash"":0,""expectedCash"":148209.77,""difference"":-148209.77}"
52482;"4/9/2026, 3:13:22 p. m.";Cajero;quote:converted;Sale;"{""saleNumber"":""V-2026-7289"",""wasQuote"":""COT-2026-0001""}"
52481;"4/9/2026, 3:13:22 p. m.";Cajero;cash-session:opened;CashSession;"{""initialCash"":100000}"
52480;"4/9/2026, 3:13:22 p. m.";Cajero;quote:created;Sale;"{""saleNumber"":""COT-2026-0001"",""total"":48209.77,""items"":1}"
52479;"4/9/2026, 3:13:22 p. m.";Cajero;cash-session:closed;CashSession;"{""finalCash"":0,""expectedCash"":142881.36,""difference"":-142881.36}"
52478;"4/9/2026, 3:13:22 p. m.";Cajero;quote:converted;Sale;"{""saleNumber"":""V-2026-7288"",""wasQuote"":""COT-2026-0001""}"
52477;"4/9/2026, 3:13:22 p. m.";Cajero;cash-session:opened;CashSession;"{""initialCash"":100000}"
52476;"4/9/2026, 3:13:22 p. m.";Cajero;quote:created;Sale;"{""saleNumber"":""COT-2026-0001"",""total"":42881.36,""items"":1}"
52475;"4/9/2026, 3:13:22 p. m.";Cajero;cash-session:closed;CashSession;"{""finalCash"":0,""expectedCash"":164503.16999999998,""difference"":-164503.16999999998}"
52474;"4/9/2026, 3:13:22 p. m.";Cajero;quote:converted;Sale;"{""saleNumber"":""V-2026-7287"",""wasQuote"":""COT-2026-0001""}"
52473;"4/9/2026, 3:13:22 p. m.";Cajero;cash-session:opened;CashSession;"{""initialCash"":100000}"
52472;"4/9/2026, 3:13:22 p. m.";Cajero;quote:created;Sale;"{""saleNumber"":""COT-2026-0001"",""total"":64503.17,""items"":1}"
52471;"4/9/2026, 3:13:22 p. m.";Cajero;cash-session:closed;CashSession;"{""finalCash"":0,""expectedCash"":121158.5,""difference"":-121158.5}"
52470;"4/9/2026, 3:13:22 p. m.";Cajero;quote:converted;Sale;"{""saleNumber"":""V-2026-7286"",""wasQuote"":""COT-2026-0001""}"
52469;"4/9/2026, 3:13:22 p. m.";Cajero;cash-session:opened;CashSession;"{""initialCash"":100000}"
52468;"4/9/2026, 3:13:22 p. m.";Cajero;quote:created;Sale;"{""saleNumber"":""COT-2026-0001"",""total"":21158.5,""items"":1}"
52467;"4/9/2026, 3:13:22 p. m.";Cajero;cash-session:closed;CashSession;"{""finalCash"":0,""expectedCash"":127251.72,""difference"":-127251.72}"
52466;"4/9/2026, 3:13:22 p. m.";Cajero;quote:converted;Sale;"{""saleNumber"":""V-2026-7285"",""wasQuote"":""COT-2026-0001""}"
52465;"4/9/2026, 3:13:22 p. m.";Cajero;cash-session:opened;CashSession;"{""initialCash"":100000}"
52464;"4/9/2026, 3:13:22 p. m.";Cajero;quote:created;Sale;"{""saleNumber"":""COT-2026-0001"",""total"":27251.72,""items"":1}"
52463;"4/9/2026, 3:13:22 p. m.";Cajero;cash-session:closed;CashSession;"{""finalCash"":0,""expectedCash"":159728.27,""difference"":-159728.27}"
52462;"4/9/2026, 3:13:22 p. m.";Cajero;quote:converted;Sale;"{""saleNumber"":""V-2026-7284"",""wasQuote"":""COT-2026-0001""}"
52461;"4/9/2026, 3:13:22 p. m.";Cajero;cash-session:opened;CashSession;"{""initialCash"":100000}"
52460;"4/9/2026, 3:13:22 p. m.";Cajero;quote:created;Sale;"{""saleNumber"":""COT-2026-0001"",""total"":59728.27,""items"":1}"
52459;"4/9/2026, 3:13:22 p. m.";Cajero;cash-session:closed;CashSession;"{""finalCash"":0,""expectedCash"":119976.19,""difference"":-119976.19}"
52458;"4/9/2026, 3:13:22 p. m.";Cajero;quote:converted;Sale;"{""saleNumber"":""V-2026-7283"",""wasQuote"":""COT-2026-0001""}"
52457;"4/9/2026, 3:13:22 p. m.";Cajero;cash-session:opened;CashSession;"{""initialCash"":100000}"
52456;"4/9/2026, 3:13:22 p. m.";Cajero;quote:created;Sale;"{""saleNumber"":""COT-2026-0001"",""total"":19976.19,""items"":1}"
52455;"4/9/2026, 3:13:22 p. m.";Cajero;cash-session:closed;CashSession;"{""finalCash"":0,""expectedCash"":105302.91,""difference"":-105302.91}"
52454;"4/9/2026, 3:13:22 p. m.";Cajero;quote:converted;Sale;"{""saleNumber"":""V-2026-7282"",""wasQuote"":""COT-2026-0001""}"
52453;"4/9/2026, 3:13:22 p. m.";Cajero;cash-session:opened;CashSession;"{""initialCash"":100000}"
52452;"4/9/2026, 3:13:22 p. m.";Cajero;quote:created;Sale;"{""saleNumber"":""COT-2026-0001"",""total"":5302.91,""items"":1}"
52451;"4/9/2026, 3:13:22 p. m.";Cajero;cash-session:closed;CashSession;"{""finalCash"":0,""expectedCash"":140756,""difference"":-140756}"
52450;"4/9/2026, 3:13:22 p. m.";Cajero;quote:converted;Sale;"{""saleNumber"":""V-2026-7281"",""wasQuote"":""COT-2026-0001""}"
52449;"4/9/2026, 3:13:22 p. m.";Cajero;cash-session:opened;CashSession;"{""initialCash"":100000}"
52448;"4/9/2026, 3:13:22 p. m.";Cajero;quote:created;Sale;"{""saleNumber"":""COT-2026-0001"",""total"":40756,""items"":1}"
52447;"4/9/2026, 3:13:22 p. m.";Cajero;cash-session:closed;CashSession;"{""finalCash"":0,""expectedCash"":116862.69,""difference"":-116862.69}"
52446;"4/9/2026, 3:13:22 p. m.";Cajero;quote:converted;Sale;"{""saleNumber"":""V-2026-7280"",""wasQuote"":""COT-2026-0001""}"
52445;"4/9/2026, 3:13:22 p. m.";Cajero;cash-session:opened;CashSession;"{""initialCash"":100000}"
52444;"4/9/2026, 3:13:22 p. m.";Cajero;quote:created;Sale;"{""saleNumber"":""COT-2026-0001"",""total"":16862.69,""items"":1}"
52443;"4/9/2026, 3:13:22 p. m.";Cajero;cash-session:closed;CashSession;"{""finalCash"":0,""expectedCash"":145612.28,""difference"":-145612.28}"
52442;"4/9/2026, 3:13:22 p. m.";Cajero;quote:converted;Sale;"{""saleNumber"":""V-2026-7279"",""wasQuote"":""COT-2026-0001""}"
52441;"4/9/2026, 3:13:22 p. m.";Cajero;cash-session:opened;CashSession;"{""initialCash"":100000}"
52440;"4/9/2026, 3:13:22 p. m.";Cajero;quote:created;Sale;"{""saleNumber"":""COT-2026-0001"",""total"":45612.28,""items"":1}"
52439;"4/9/2026, 3:13:22 p. m.";Cajero;cash-session:closed;CashSession;"{""finalCash"":0,""expectedCash"":106972.44,""difference"":-106972.44}"
52438;"4/9/2026, 3:13:22 p. m.";Cajero;quote:converted;Sale;"{""saleNumber"":""V-2026-7278"",""wasQuote"":""COT-2026-0001""}"
52437;"4/9/2026, 3:13:22 p. m.";Cajero;cash-session:opened;CashSession;"{""initialCash"":100000}"
52436;"4/9/2026, 3:13:22 p. m.";Cajero;quote:created;Sale;"{""saleNumber"":""COT-2026-0001"",""total"":6972.44,""items"":1}"
52435;"4/9/2026, 3:13:22 p. m.";Cajero;cash-session:closed;CashSession;"{""finalCash"":0,""expectedCash"":126399.73,""difference"":-126399.73}"
52434;"4/9/2026, 3:13:22 p. m.";Cajero;quote:converted;Sale;"{""saleNumber"":""V-2026-7277"",""wasQuote"":""COT-2026-0001""}"
52433;"4/9/2026, 3:13:22 p. m.";Cajero;cash-session:opened;CashSession;"{""initialCash"":100000}"
52432;"4/9/2026, 3:13:22 p. m.";Cajero;quote:created;Sale;"{""saleNumber"":""COT-2026-0001"",""total"":26399.73,""items"":1}"
52431;"4/9/2026, 3:13:22 p. m.";Cajero;cash-session:closed;CashSession;"{""finalCash"":0,""expectedCash"":142320.31,""difference"":-142320.31}"
52430;"4/9/2026, 3:13:22 p. m.";Cajero;quote:converted;Sale;"{""saleNumber"":""V-2026-7276"",""wasQuote"":""COT-2026-0001""}"
52429;"4/9/2026, 3:13:22 p. m.";Cajero;cash-session:opened;CashSession;"{""initialCash"":100000}"
52428;"4/9/2026, 3:13:22 p. m.";Cajero;quote:created;Sale;"{""saleNumber"":""COT-2026-0001"",""total"":42320.31,""items"":1}"
52427;"4/9/2026, 3:13:22 p. m.";Cajero;cash-session:closed;CashSession;"{""finalCash"":0,""expectedCash"":109596.97,""difference"":-109596.97}"
52426;"4/9/2026, 3:13:22 p. m.";Cajero;quote:converted;Sale;"{""saleNumber"":""V-2026-7275"",""wasQuote"":""COT-2026-0001""}"
52425;"4/9/2026, 3:13:22 p. m.";Cajero;cash-session:opened;CashSession;"{""initialCash"":100000}"
52424;"4/9/2026, 3:13:22 p. m.";Cajero;quote:created;Sale;"{""saleNumber"":""COT-2026-0001"",""total"":9596.97,""items"":1}"
52423;"4/9/2026, 3:13:22 p. m.";Cajero;cash-session:closed;CashSession;"{""finalCash"":0,""expectedCash"":102760.74,""difference"":-102760.74}"
52422;"4/9/2026, 3:13:22 p. m.";Cajero;quote:converted;Sale;"{""saleNumber"":""V-2026-7274"",""wasQuote"":""COT-2026-0001""}"
52421;"4/9/2026, 3:13:22 p. m.";Cajero;cash-session:opened;CashSession;"{""initialCash"":100000}"
52420;"4/9/2026, 3:13:22 p. m.";Cajero;quote:created;Sale;"{""saleNumber"":""COT-2026-0001"",""total"":2760.74,""items"":1}"
52419;"4/9/2026, 3:13:22 p. m.";Cajero;cash-session:closed;CashSession;"{""finalCash"":0,""expectedCash"":103739.96,""difference"":-103739.96}"
52418;"4/9/2026, 3:13:22 p. m.";Cajero;quote:converted;Sale;"{""saleNumber"":""V-2026-7273"",""wasQuote"":""COT-2026-0001""}"
52417;"4/9/2026, 3:13:22 p. m.";Cajero;cash-session:opened;CashSession;"{""initialCash"":100000}"
52416;"4/9/2026, 3:13:22 p. m.";Cajero;quote:created;Sale;"{""saleNumber"":""COT-2026-0001"",""total"":3739.96,""items"":1}"
52415;"4/9/2026, 3:13:22 p. m.";Cajero;cash-session:closed;CashSession;"{""finalCash"":0,""expectedCash"":141204.49,""difference"":-141204.49}"
52414;"4/9/2026, 3:13:22 p. m.";Cajero;quote:converted;Sale;"{""saleNumber"":""V-2026-7272"",""wasQuote"":""COT-2026-0001""}"
52413;"4/9/2026, 3:13:22 p. m.";Cajero;cash-session:opened;CashSession;"{""initialCash"":100000}"
52412;"4/9/2026, 3:13:22 p. m.";Cajero;quote:created;Sale;"{""saleNumber"":""COT-2026-0001"",""total"":41204.49,""items"":1}"
52411;"4/9/2026, 3:13:22 p. m.";Cajero;cash-session:closed;CashSession;"{""finalCash"":0,""expectedCash"":108525.17,""difference"":-108525.17}"
52410;"4/9/2026, 3:13:22 p. m.";Cajero;quote:converted;Sale;"{""saleNumber"":""V-2026-7271"",""wasQuote"":""COT-2026-0001""}"
52409;"4/9/2026, 3:13:22 p. m.";Cajero;cash-session:opened;CashSession;"{""initialCash"":100000}"
52408;"4/9/2026, 3:13:22 p. m.";Cajero;quote:created;Sale;"{""saleNumber"":""COT-2026-0001"",""total"":8525.17,""items"":1}"
52407;"4/9/2026, 3:13:22 p. m.";Cajero;cash-session:closed;CashSession;"{""finalCash"":0,""expectedCash"":147841.19,""difference"":-147841.19}"
52406;"4/9/2026, 3:13:22 p. m.";Cajero;quote:converted;Sale;"{""saleNumber"":""V-2026-7270"",""wasQuote"":""COT-2026-0001""}"
52405;"4/9/2026, 3:13:22 p. m.";Cajero;cash-session:opened;CashSession;"{""initialCash"":100000}"
52404;"4/9/2026, 3:13:22 p. m.";Cajero;quote:created;Sale;"{""saleNumber"":""COT-2026-0001"",""total"":47841.19,""items"":1}"
52403;"4/9/2026, 3:13:22 p. m.";Cajero;cash-session:closed;CashSession;"{""finalCash"":0,""expectedCash"":141795.57,""difference"":-141795.57}"
52402;"4/9/2026, 3:13:22 p. m.";Cajero;quote:converted;Sale;"{""saleNumber"":""V-2026-7269"",""wasQuote"":""COT-2026-0001""}"
52401;"4/9/2026, 3:13:22 p. m.";Cajero;cash-session:opened;CashSession;"{""initialCash"":100000}"
52400;"4/9/2026, 3:13:22 p. m.";Cajero;quote:created;Sale;"{""saleNumber"":""COT-2026-0001"",""total"":41795.57,""items"":1}"
52399;"4/9/2026, 3:13:22 p. m.";Cajero;cash-session:closed;CashSession;"{""finalCash"":0,""expectedCash"":148181.74,""difference"":-148181.74}"
52398;"4/9/2026, 3:13:22 p. m.";Cajero;quote:converted;Sale;"{""saleNumber"":""V-2026-7268"",""wasQuote"":""COT-2026-0001""}"
52397;"4/9/2026, 3:13:22 p. m.";Cajero;cash-session:opened;CashSession;"{""initialCash"":100000}"
52396;"4/9/2026, 3:13:22 p. m.";Cajero;quote:created;Sale;"{""saleNumber"":""COT-2026-0001"",""total"":48181.74,""items"":1}"
52395;"4/9/2026, 3:13:22 p. m.";Cajero;cash-session:closed;CashSession;"{""finalCash"":0,""expectedCash"":171540.88,""difference"":-171540.88}"
52394;"4/9/2026, 3:13:22 p. m.";Cajero;quote:converted;Sale;"{""saleNumber"":""V-2026-7267"",""wasQuote"":""COT-2026-0001""}"
52393;"4/9/2026, 3:13:22 p. m.";Cajero;cash-session:opened;CashSession;"{""initialCash"":100000}"
52392;"4/9/2026, 3:13:22 p. m.";Cajero;quote:created;Sale;"{""saleNumber"":""COT-2026-0001"",""total"":71540.88,""items"":1}"
52391;"4/9/2026, 3:13:22 p. m.";Cajero;cash-session:closed;CashSession;"{""finalCash"":0,""expectedCash"":110044.19,""difference"":-110044.19}"
52390;"4/9/2026, 3:13:22 p. m.";Cajero;quote:converted;Sale;"{""saleNumber"":""V-2026-7266"",""wasQuote"":""COT-2026-0001""}"
52389;"4/9/2026, 3:13:22 p. m.";Cajero;cash-session:opened;CashSession;"{""initialCash"":100000}"
52388;"4/9/2026, 3:13:22 p. m.";Cajero;quote:created;Sale;"{""saleNumber"":""COT-2026-0001"",""total"":10044.19,""items"":1}"
52387;"4/9/2026, 3:13:22 p. m.";Cajero;cash-session:closed;CashSession;"{""finalCash"":0,""expectedCash"":110293.91,""difference"":-110293.91}"
52386;"4/9/2026, 3:13:22 p. m.";Cajero;quote:converted;Sale;"{""saleNumber"":""V-2026-7265"",""wasQuote"":""COT-2026-0001""}"
52385;"4/9/2026, 3:13:22 p. m.";Cajero;cash-session:opened;CashSession;"{""initialCash"":100000}"
52384;"4/9/2026, 3:13:22 p. m.";Cajero;quote:created;Sale;"{""saleNumber"":""COT-2026-0001"",""total"":10293.91,""items"":1}"
52383;"4/9/2026, 3:13:22 p. m.";Cajero;cash-session:closed;CashSession;"{""finalCash"":0,""expectedCash"":160756.36,""difference"":-160756.36}"
52382;"4/9/2026, 3:13:22 p. m.";Cajero;quote:converted;Sale;"{""saleNumber"":""V-2026-7264"",""wasQuote"":""COT-2026-0001""}"
52381;"4/9/2026, 3:13:22 p. m.";Cajero;cash-session:opened;CashSession;"{""initialCash"":100000}"
52380;"4/9/2026, 3:13:22 p. m.";Cajero;quote:created;Sale;"{""saleNumber"":""COT-2026-0001"",""total"":60756.36,""items"":1}"
52379;"4/9/2026, 3:13:22 p. m.";Cajero;cash-session:closed;CashSession;"{""finalCash"":0,""expectedCash"":129465.20999999999,""difference"":-129465.20999999999}"
52378;"4/9/2026, 3:13:22 p. m.";Cajero;quote:converted;Sale;"{""saleNumber"":""V-2026-7263"",""wasQuote"":""COT-2026-0001""}"
52377;"4/9/2026, 3:13:22 p. m.";Cajero;cash-session:opened;CashSession;"{""initialCash"":100000}"
52376;"4/9/2026, 3:13:22 p. m.";Cajero;quote:created;Sale;"{""saleNumber"":""COT-2026-0001"",""total"":29465.21,""items"":1}"
52375;"4/9/2026, 3:13:22 p. m.";Cajero;cash-session:closed;CashSession;"{""finalCash"":0,""expectedCash"":140750.53,""difference"":-140750.53}"
52374;"4/9/2026, 3:13:22 p. m.";Cajero;quote:converted;Sale;"{""saleNumber"":""V-2026-7262"",""wasQuote"":""COT-2026-0001""}"
52373;"4/9/2026, 3:13:22 p. m.";Cajero;cash-session:opened;CashSession;"{""initialCash"":100000}"
52372;"4/9/2026, 3:13:22 p. m.";Cajero;quote:created;Sale;"{""saleNumber"":""COT-2026-0001"",""total"":40750.53,""items"":1}"
52371;"4/9/2026, 3:13:22 p. m.";Cajero;cash-session:closed;CashSession;"{""finalCash"":0,""expectedCash"":199222.58000000002,""difference"":-199222.58000000002}"
52370;"4/9/2026, 3:13:22 p. m.";Cajero;quote:converted;Sale;"{""saleNumber"":""V-2026-7261"",""wasQuote"":""COT-2026-0001""}"
52369;"4/9/2026, 3:13:22 p. m.";Cajero;cash-session:opened;CashSession;"{""initialCash"":100000}"
52368;"4/9/2026, 3:13:22 p. m.";Cajero;quote:created;Sale;"{""saleNumber"":""COT-2026-0001"",""total"":99222.58,""items"":1}"
52367;"4/9/2026, 3:13:22 p. m.";Cajero;cash-session:closed;CashSession;"{""finalCash"":0,""expectedCash"":121207.18,""difference"":-121207.18}"
52366;"4/9/2026, 3:13:22 p. m.";Cajero;quote:converted;Sale;"{""saleNumber"":""V-2026-7260"",""wasQuote"":""COT-2026-0001""}"
52365;"4/9/2026, 3:13:22 p. m.";Cajero;cash-session:opened;CashSession;"{""initialCash"":100000}"
52364;"4/9/2026, 3:13:22 p. m.";Cajero;quote:created;Sale;"{""saleNumber"":""COT-2026-0001"",""total"":21207.18,""items"":1}"
52363;"4/9/2026, 3:13:22 p. m.";Cajero;cash-session:closed;CashSession;"{""finalCash"":0,""expectedCash"":103922.8,""difference"":-103922.8}"
52362;"4/9/2026, 3:13:22 p. m.";Cajero;quote:converted;Sale;"{""saleNumber"":""V-2026-7259"",""wasQuote"":""COT-2026-0001""}"
52361;"4/9/2026, 3:13:22 p. m.";Cajero;cash-session:opened;CashSession;"{""initialCash"":100000}"
52360;"4/9/2026, 3:13:22 p. m.";Cajero;quote:created;Sale;"{""saleNumber"":""COT-2026-0001"",""total"":3922.8,""items"":1}"
52359;"4/9/2026, 3:13:22 p. m.";Cajero;cash-session:closed;CashSession;"{""finalCash"":0,""expectedCash"":132769.88,""difference"":-132769.88}"
52358;"4/9/2026, 3:13:22 p. m.";Cajero;quote:converted;Sale;"{""saleNumber"":""V-2026-7258"",""wasQuote"":""COT-2026-0001""}"
52357;"4/9/2026, 3:13:22 p. m.";Cajero;cash-session:opened;CashSession;"{""initialCash"":100000}"
52356;"4/9/2026, 3:13:22 p. m.";Cajero;quote:created;Sale;"{""saleNumber"":""COT-2026-0001"",""total"":32769.88,""items"":1}"
52355;"4/9/2026, 3:13:22 p. m.";Cajero;cash-session:closed;CashSession;"{""finalCash"":0,""expectedCash"":142097.16,""difference"":-142097.16}"
52354;"4/9/2026, 3:13:22 p. m.";Cajero;quote:converted;Sale;"{""saleNumber"":""V-2026-7257"",""wasQuote"":""COT-2026-0001""}"
52353;"4/9/2026, 3:13:22 p. m.";Cajero;cash-session:opened;CashSession;"{""initialCash"":100000}"
52352;"4/9/2026, 3:13:22 p. m.";Cajero;quote:created;Sale;"{""saleNumber"":""COT-2026-0001"",""total"":42097.16,""items"":1}"
52351;"4/9/2026, 3:13:22 p. m.";Cajero;cash-session:closed;CashSession;"{""finalCash"":0,""expectedCash"":104528.9,""difference"":-104528.9}"
52350;"4/9/2026, 3:13:22 p. m.";Cajero;quote:converted;Sale;"{""saleNumber"":""V-2026-7256"",""wasQuote"":""COT-2026-0001""}"
52349;"4/9/2026, 3:13:22 p. m.";Cajero;cash-session:opened;CashSession;"{""initialCash"":100000}"
52348;"4/9/2026, 3:13:22 p. m.";Cajero;quote:created;Sale;"{""saleNumber"":""COT-2026-0001"",""total"":4528.9,""items"":1}"
52347;"4/9/2026, 3:13:22 p. m.";Cajero;cash-session:closed;CashSession;"{""finalCash"":0,""expectedCash"":147841.19,""difference"":-147841.19}"
52346;"4/9/2026, 3:13:22 p. m.";Cajero;quote:converted;Sale;"{""saleNumber"":""V-2026-7255"",""wasQuote"":""COT-2026-0001""}"
52345;"4/9/2026, 3:13:22 p. m.";Cajero;cash-session:opened;CashSession;"{""initialCash"":100000}"
52344;"4/9/2026, 3:13:22 p. m.";Cajero;quote:created;Sale;"{""saleNumber"":""COT-2026-0001"",""total"":47841.19,""items"":1}"
52343;"4/9/2026, 3:13:22 p. m.";Cajero;cash-session:closed;CashSession;"{""finalCash"":0,""expectedCash"":153857.25,""difference"":-153857.25}"
52342;"4/9/2026, 3:13:22 p. m.";Cajero;quote:converted;Sale;"{""saleNumber"":""V-2026-7254"",""wasQuote"":""COT-2026-0001""}"
52341;"4/9/2026, 3:13:22 p. m.";Cajero;cash-session:opened;CashSession;"{""initialCash"":100000}"
52340;"4/9/2026, 3:13:21 p. m.";Cajero;quote:created;Sale;"{""saleNumber"":""COT-2026-0001"",""total"":53857.25,""items"":1}"
52339;"4/9/2026, 3:13:21 p. m.";Cajero;cash-session:closed;CashSession;"{""finalCash"":0,""expectedCash"":167514.94,""difference"":-167514.94}"
52338;"4/9/2026, 3:13:21 p. m.";Cajero;quote:converted;Sale;"{""saleNumber"":""V-2026-7253"",""wasQuote"":""COT-2026-0001""}"
52337;"4/9/2026, 3:13:21 p. m.";Cajero;cash-session:opened;CashSession;"{""initialCash"":100000}"
52336;"4/9/2026, 3:13:21 p. m.";Cajero;quote:created;Sale;"{""saleNumber"":""COT-2026-0001"",""total"":67514.94,""items"":1}"
52335;"4/9/2026, 3:13:21 p. m.";Cajero;cash-session:closed;CashSession;"{""finalCash"":0,""expectedCash"":102173.63,""difference"":-102173.63}"
52334;"4/9/2026, 3:13:21 p. m.";Cajero;quote:converted;Sale;"{""saleNumber"":""V-2026-7252"",""wasQuote"":""COT-2026-0001""}"
52333;"4/9/2026, 3:13:21 p. m.";Cajero;cash-session:opened;CashSession;"{""initialCash"":100000}"
52332;"4/9/2026, 3:13:21 p. m.";Cajero;quote:created;Sale;"{""saleNumber"":""COT-2026-0001"",""total"":2173.63,""items"":1}"
52331;"4/9/2026, 3:13:21 p. m.";Cajero;cash-session:closed;CashSession;"{""finalCash"":0,""expectedCash"":105778.42,""difference"":-105778.42}"
52330;"4/9/2026, 3:13:21 p. m.";Cajero;quote:converted;Sale;"{""saleNumber"":""V-2026-7251"",""wasQuote"":""COT-2026-0001""}"
52329;"4/9/2026, 3:13:21 p. m.";Cajero;cash-session:opened;CashSession;"{""initialCash"":100000}"
52328;"4/9/2026, 3:13:21 p. m.";Cajero;quote:created;Sale;"{""saleNumber"":""COT-2026-0001"",""total"":5778.42,""items"":1}"
52327;"4/9/2026, 3:13:21 p. m.";Cajero;cash-session:closed;CashSession;"{""finalCash"":0,""expectedCash"":175565.59,""difference"":-175565.59}"
52326;"4/9/2026, 3:13:21 p. m.";Cajero;quote:converted;Sale;"{""saleNumber"":""V-2026-7250"",""wasQuote"":""COT-2026-0001""}"
52325;"4/9/2026, 3:13:21 p. m.";Cajero;cash-session:opened;CashSession;"{""initialCash"":100000}"
52324;"4/9/2026, 3:13:21 p. m.";Cajero;quote:created;Sale;"{""saleNumber"":""COT-2026-0001"",""total"":75565.59,""items"":1}"
52323;"4/9/2026, 3:13:21 p. m.";Cajero;cash-session:closed;CashSession;"{""finalCash"":0,""expectedCash"":135511.94,""difference"":-135511.94}"
52322;"4/9/2026, 3:13:21 p. m.";Cajero;quote:converted;Sale;"{""saleNumber"":""V-2026-7249"",""wasQuote"":""COT-2026-0001""}"
52321;"4/9/2026, 3:13:21 p. m.";Cajero;cash-session:opened;CashSession;"{""initialCash"":100000}"
52320;"4/9/2026, 3:13:21 p. m.";Cajero;quote:created;Sale;"{""saleNumber"":""COT-2026-0001"",""total"":35511.94,""items"":1}"
52319;"4/9/2026, 3:13:21 p. m.";Cajero;cash-session:closed;CashSession;"{""finalCash"":0,""expectedCash"":142794.6,""difference"":-142794.6}"
52318;"4/9/2026, 3:13:21 p. m.";Cajero;quote:converted;Sale;"{""saleNumber"":""V-2026-7248"",""wasQuote"":""COT-2026-0001""}"
52317;"4/9/2026, 3:13:21 p. m.";Cajero;cash-session:opened;CashSession;"{""initialCash"":100000}"
52316;"4/9/2026, 3:13:21 p. m.";Cajero;quote:created;Sale;"{""saleNumber"":""COT-2026-0001"",""total"":42794.6,""items"":1}"
52315;"4/9/2026, 3:13:21 p. m.";Cajero;cash-session:closed;CashSession;"{""finalCash"":0,""expectedCash"":154820.84,""difference"":-154820.84}"
52314;"4/9/2026, 3:13:21 p. m.";Cajero;quote:converted;Sale;"{""saleNumber"":""V-2026-7247"",""wasQuote"":""COT-2026-0001""}"
52313;"4/9/2026, 3:13:21 p. m.";Cajero;cash-session:opened;CashSession;"{""initialCash"":100000}"
52312;"4/9/2026, 3:13:21 p. m.";Cajero;quote:created;Sale;"{""saleNumber"":""COT-2026-0001"",""total"":54820.84,""items"":1}"
52311;"4/9/2026, 3:13:21 p. m.";Cajero;cash-session:closed;CashSession;"{""finalCash"":0,""expectedCash"":104930.46,""difference"":-104930.46}"
52310;"4/9/2026, 3:13:21 p. m.";Cajero;quote:converted;Sale;"{""saleNumber"":""V-2026-7246"",""wasQuote"":""COT-2026-0001""}"
52309;"4/9/2026, 3:13:21 p. m.";Cajero;cash-session:opened;CashSession;"{""initialCash"":100000}"
52308;"4/9/2026, 3:13:21 p. m.";Cajero;quote:created;Sale;"{""saleNumber"":""COT-2026-0001"",""total"":4930.46,""items"":1}"
52307;"4/9/2026, 3:13:21 p. m.";Cajero;cash-session:closed;CashSession;"{""finalCash"":0,""expectedCash"":160153.64,""difference"":-160153.64}"
52306;"4/9/2026, 3:13:21 p. m.";Cajero;quote:converted;Sale;"{""saleNumber"":""V-2026-7245"",""wasQuote"":""COT-2026-0001""}"
52305;"4/9/2026, 3:13:21 p. m.";Cajero;cash-session:opened;CashSession;"{""initialCash"":100000}"
52304;"4/9/2026, 3:13:21 p. m.";Cajero;quote:created;Sale;"{""saleNumber"":""COT-2026-0001"",""total"":60153.64,""items"":1}"
52303;"4/9/2026, 3:13:21 p. m.";Cajero;cash-session:closed;CashSession;"{""finalCash"":0,""expectedCash"":114937.25,""difference"":-114937.25}"
52302;"4/9/2026, 3:13:21 p. m.";Cajero;quote:converted;Sale;"{""saleNumber"":""V-2026-7244"",""wasQuote"":""COT-2026-0001""}"
52301;"4/9/2026, 3:13:21 p. m.";Cajero;cash-session:opened;CashSession;"{""initialCash"":100000}"
52300;"4/9/2026, 3:13:21 p. m.";Cajero;quote:created;Sale;"{""saleNumber"":""COT-2026-0001"",""total"":14937.25,""items"":1}"
52299;"4/9/2026, 3:13:21 p. m.";Cajero;cash-session:closed;CashSession;"{""finalCash"":0,""expectedCash"":125153.52,""difference"":-125153.52}"
52298;"4/9/2026, 3:13:21 p. m.";Cajero;quote:converted;Sale;"{""saleNumber"":""V-2026-7243"",""wasQuote"":""COT-2026-0001""}"
52297;"4/9/2026, 3:13:21 p. m.";Cajero;cash-session:opened;CashSession;"{""initialCash"":100000}"
52296;"4/9/2026, 3:13:21 p. m.";Cajero;quote:created;Sale;"{""saleNumber"":""COT-2026-0001"",""total"":25153.52,""items"":1}"
52295;"4/9/2026, 3:13:21 p. m.";Cajero;cash-session:closed;CashSession;"{""finalCash"":0,""expectedCash"":127251.72,""difference"":-127251.72}"
52294;"4/9/2026, 3:13:21 p. m.";Cajero;quote:converted;Sale;"{""saleNumber"":""V-2026-7242"",""wasQuote"":""COT-2026-0001""}"
52293;"4/9/2026, 3:13:21 p. m.";Cajero;cash-session:opened;CashSession;"{""initialCash"":100000}"
52292;"4/9/2026, 3:13:21 p. m.";Cajero;quote:created;Sale;"{""saleNumber"":""COT-2026-0001"",""total"":27251.72,""items"":1}"
52291;"4/9/2026, 3:13:21 p. m.";Cajero;cash-session:closed;CashSession;"{""finalCash"":0,""expectedCash"":147527.73,""difference"":-147527.73}"
52290;"4/9/2026, 3:13:21 p. m.";Cajero;quote:converted;Sale;"{""saleNumber"":""V-2026-7241"",""wasQuote"":""COT-2026-0001""}"
52289;"4/9/2026, 3:13:21 p. m.";Cajero;cash-session:opened;CashSession;"{""initialCash"":100000}"
52288;"4/9/2026, 3:13:21 p. m.";Cajero;quote:created;Sale;"{""saleNumber"":""COT-2026-0001"",""total"":47527.73,""items"":1}"
52287;"4/9/2026, 3:13:21 p. m.";Cajero;cash-session:closed;CashSession;"{""finalCash"":0,""expectedCash"":151479.33000000002,""difference"":-151479.33000000002}"
52286;"4/9/2026, 3:13:21 p. m.";Cajero;quote:converted;Sale;"{""saleNumber"":""V-2026-7240"",""wasQuote"":""COT-2026-0001""}"
52285;"4/9/2026, 3:13:21 p. m.";Cajero;cash-session:opened;CashSession;"{""initialCash"":100000}"
52284;"4/9/2026, 3:13:21 p. m.";Cajero;quote:created;Sale;"{""saleNumber"":""COT-2026-0001"",""total"":51479.33,""items"":1}"
52283;"4/9/2026, 3:13:21 p. m.";Cajero;cash-session:closed;CashSession;"{""finalCash"":0,""expectedCash"":108393.13,""difference"":-108393.13}"
52282;"4/9/2026, 3:13:21 p. m.";Cajero;quote:converted;Sale;"{""saleNumber"":""V-2026-7239"",""wasQuote"":""COT-2026-0001""}"
52281;"4/9/2026, 3:13:21 p. m.";Cajero;cash-session:opened;CashSession;"{""initialCash"":100000}"
52280;"4/9/2026, 3:13:21 p. m.";Cajero;quote:created;Sale;"{""saleNumber"":""COT-2026-0001"",""total"":8393.13,""items"":1}"
52279;"4/9/2026, 3:13:21 p. m.";Cajero;cash-session:closed;CashSession;"{""finalCash"":0,""expectedCash"":113564.18,""difference"":-113564.18}"
52278;"4/9/2026, 3:13:21 p. m.";Cajero;quote:converted;Sale;"{""saleNumber"":""V-2026-7238"",""wasQuote"":""COT-2026-0001""}"
52277;"4/9/2026, 3:13:21 p. m.";Cajero;cash-session:opened;CashSession;"{""initialCash"":100000}"
52276;"4/9/2026, 3:13:21 p. m.";Cajero;quote:created;Sale;"{""saleNumber"":""COT-2026-0001"",""total"":13564.18,""items"":1}"
52275;"4/9/2026, 3:13:21 p. m.";Cajero;cash-session:closed;CashSession;"{""finalCash"":0,""expectedCash"":122035.15,""difference"":-122035.15}"
52274;"4/9/2026, 3:13:21 p. m.";Cajero;quote:converted;Sale;"{""saleNumber"":""V-2026-7237"",""wasQuote"":""COT-2026-0001""}"
52273;"4/9/2026, 3:13:21 p. m.";Cajero;cash-session:opened;CashSession;"{""initialCash"":100000}"
52272;"4/9/2026, 3:13:21 p. m.";Cajero;quote:created;Sale;"{""saleNumber"":""COT-2026-0001"",""total"":22035.15,""items"":1}"
52271;"4/9/2026, 3:13:21 p. m.";Cajero;cash-session:closed;CashSession;"{""finalCash"":0,""expectedCash"":168564.41,""difference"":-168564.41}"
52270;"4/9/2026, 3:13:21 p. m.";Cajero;quote:converted;Sale;"{""saleNumber"":""V-2026-7236"",""wasQuote"":""COT-2026-0001""}"
52269;"4/9/2026, 3:13:21 p. m.";Cajero;cash-session:opened;CashSession;"{""initialCash"":100000}"
52268;"4/9/2026, 3:13:21 p. m.";Cajero;quote:created;Sale;"{""saleNumber"":""COT-2026-0001"",""total"":68564.41,""items"":1}"
52267;"4/9/2026, 3:13:21 p. m.";Cajero;cash-session:closed;CashSession;"{""finalCash"":0,""expectedCash"":198878.28,""difference"":-198878.28}"
52266;"4/9/2026, 3:13:21 p. m.";Cajero;quote:converted;Sale;"{""saleNumber"":""V-2026-7235"",""wasQuote"":""COT-2026-0001""}"
52265;"4/9/2026, 3:13:21 p. m.";Cajero;cash-session:opened;CashSession;"{""initialCash"":100000}"
52264;"4/9/2026, 3:13:21 p. m.";Cajero;quote:created;Sale;"{""saleNumber"":""COT-2026-0001"",""total"":98878.28,""items"":1}"
52263;"4/9/2026, 3:13:21 p. m.";Cajero;cash-session:closed;CashSession;"{""finalCash"":0,""expectedCash"":108926.11,""difference"":-108926.11}"
52262;"4/9/2026, 3:13:21 p. m.";Cajero;quote:converted;Sale;"{""saleNumber"":""V-2026-7234"",""wasQuote"":""COT-2026-0001""}"
52261;"4/9/2026, 3:13:21 p. m.";Cajero;cash-session:opened;CashSession;"{""initialCash"":100000}"
52260;"4/9/2026, 3:13:21 p. m.";Cajero;quote:created;Sale;"{""saleNumber"":""COT-2026-0001"",""total"":8926.11,""items"":1}"
52259;"4/9/2026, 3:13:21 p. m.";Cajero;cash-session:closed;CashSession;"{""finalCash"":0,""expectedCash"":113858.69,""difference"":-113858.69}"
52258;"4/9/2026, 3:13:21 p. m.";Cajero;quote:converted;Sale;"{""saleNumber"":""V-2026-7233"",""wasQuote"":""COT-2026-0001""}"
52257;"4/9/2026, 3:13:21 p. m.";Cajero;cash-session:opened;CashSession;"{""initialCash"":100000}"
52256;"4/9/2026, 3:13:21 p. m.";Cajero;quote:created;Sale;"{""saleNumber"":""COT-2026-0001"",""total"":13858.69,""items"":1}"
52255;"4/9/2026, 3:13:21 p. m.";Cajero;cash-session:closed;CashSession;"{""finalCash"":0,""expectedCash"":110185.84,""difference"":-110185.84}"
52254;"4/9/2026, 3:13:21 p. m.";Cajero;quote:converted;Sale;"{""saleNumber"":""V-2026-7232"",""wasQuote"":""COT-2026-0001""}"
52253;"4/9/2026, 3:13:21 p. m.";Cajero;cash-session:opened;CashSession;"{""initialCash"":100000}"
52252;"4/9/2026, 3:13:21 p. m.";Cajero;quote:created;Sale;"{""saleNumber"":""COT-2026-0001"",""total"":10185.84,""items"":1}"
52251;"4/9/2026, 3:13:21 p. m.";Cajero;cash-session:closed;CashSession;"{""finalCash"":0,""expectedCash"":113169.5,""difference"":-113169.5}"
52250;"4/9/2026, 3:13:21 p. m.";Cajero;quote:converted;Sale;"{""saleNumber"":""V-2026-7231"",""wasQuote"":""COT-2026-0001""}"
52249;"4/9/2026, 3:13:21 p. m.";Cajero;cash-session:opened;CashSession;"{""initialCash"":100000}"
52248;"4/9/2026, 3:13:21 p. m.";Cajero;quote:created;Sale;"{""saleNumber"":""COT-2026-0001"",""total"":13169.5,""items"":1}"
52247;"4/9/2026, 3:13:21 p. m.";Cajero;cash-session:closed;CashSession;"{""finalCash"":0,""expectedCash"":147894.82,""difference"":-147894.82}"
52246;"4/9/2026, 3:13:21 p. m.";Cajero;quote:converted;Sale;"{""saleNumber"":""V-2026-7230"",""wasQuote"":""COT-2026-0001""}"
52245;"4/9/2026, 3:13:21 p. m.";Cajero;cash-session:opened;CashSession;"{""initialCash"":100000}"
52244;"4/9/2026, 3:13:21 p. m.";Cajero;quote:created;Sale;"{""saleNumber"":""COT-2026-0001"",""total"":47894.82,""items"":1}"
52243;"4/9/2026, 3:13:21 p. m.";Cajero;cash-session:closed;CashSession;"{""finalCash"":0,""expectedCash"":162231.1,""difference"":-162231.1}"
52242;"4/9/2026, 3:13:21 p. m.";Cajero;quote:converted;Sale;"{""saleNumber"":""V-2026-7229"",""wasQuote"":""COT-2026-0001""}"
52241;"4/9/2026, 3:13:21 p. m.";Cajero;cash-session:opened;CashSession;"{""initialCash"":100000}"
52240;"4/9/2026, 3:13:21 p. m.";Cajero;quote:created;Sale;"{""saleNumber"":""COT-2026-0001"",""total"":62231.1,""items"":1}"
52239;"4/9/2026, 3:13:21 p. m.";Cajero;cash-session:closed;CashSession;"{""finalCash"":0,""expectedCash"":131904.96,""difference"":-131904.96}"
52238;"4/9/2026, 3:13:21 p. m.";Cajero;quote:converted;Sale;"{""saleNumber"":""V-2026-7228"",""wasQuote"":""COT-2026-0001""}"
52237;"4/9/2026, 3:13:21 p. m.";Cajero;cash-session:opened;CashSession;"{""initialCash"":100000}"
52236;"4/9/2026, 3:13:21 p. m.";Cajero;quote:created;Sale;"{""saleNumber"":""COT-2026-0001"",""total"":31904.96,""items"":1}"
52235;"4/9/2026, 3:13:21 p. m.";Cajero;cash-session:closed;CashSession;"{""finalCash"":0,""expectedCash"":186521.76,""difference"":-186521.76}"
52234;"4/9/2026, 3:13:21 p. m.";Cajero;quote:converted;Sale;"{""saleNumber"":""V-2026-7227"",""wasQuote"":""COT-2026-0001""}"
52233;"4/9/2026, 3:13:21 p. m.";Cajero;cash-session:opened;CashSession;"{""initialCash"":100000}"
52232;"4/9/2026, 3:13:21 p. m.";Cajero;quote:created;Sale;"{""saleNumber"":""COT-2026-0001"",""total"":86521.76,""items"":1}"
52231;"4/9/2026, 3:13:21 p. m.";Cajero;cash-session:closed;CashSession;"{""finalCash"":0,""expectedCash"":144303.18,""difference"":-144303.18}"
52230;"4/9/2026, 3:13:21 p. m.";Cajero;quote:converted;Sale;"{""saleNumber"":""V-2026-7226"",""wasQuote"":""COT-2026-0001""}"
52229;"4/9/2026, 3:13:21 p. m.";Cajero;cash-session:opened;CashSession;"{""initialCash"":100000}"
52228;"4/9/2026, 3:13:21 p. m.";Cajero;quote:created;Sale;"{""saleNumber"":""COT-2026-0001"",""total"":44303.18,""items"":1}"
52227;"4/9/2026, 3:13:21 p. m.";Cajero;cash-session:closed;CashSession;"{""finalCash"":0,""expectedCash"":138427.31,""difference"":-138427.31}"
52226;"4/9/2026, 3:13:21 p. m.";Cajero;quote:converted;Sale;"{""saleNumber"":""V-2026-7225"",""wasQuote"":""COT-2026-0001""}"
52225;"4/9/2026, 3:13:21 p. m.";Cajero;cash-session:opened;CashSession;"{""initialCash"":100000}"
52224;"4/9/2026, 3:13:21 p. m.";Cajero;quote:created;Sale;"{""saleNumber"":""COT-2026-0001"",""total"":38427.31,""items"":1}"
52223;"4/9/2026, 3:13:21 p. m.";Cajero;cash-session:closed;CashSession;"{""finalCash"":0,""expectedCash"":109874.3,""difference"":-109874.3}"
52222;"4/9/2026, 3:13:21 p. m.";Cajero;quote:converted;Sale;"{""saleNumber"":""V-2026-7224"",""wasQuote"":""COT-2026-0001""}"
52221;"4/9/2026, 3:13:21 p. m.";Cajero;cash-session:opened;CashSession;"{""initialCash"":100000}"
52220;"4/9/2026, 3:13:21 p. m.";Cajero;quote:created;Sale;"{""saleNumber"":""COT-2026-0001"",""total"":9874.3,""items"":1}"
52219;"4/9/2026, 3:13:21 p. m.";Cajero;cash-session:closed;CashSession;"{""finalCash"":0,""expectedCash"":129970.55,""difference"":-129970.55}"
52218;"4/9/2026, 3:13:21 p. m.";Cajero;quote:converted;Sale;"{""saleNumber"":""V-2026-7223"",""wasQuote"":""COT-2026-0001""}"
52217;"4/9/2026, 3:13:21 p. m.";Cajero;cash-session:opened;CashSession;"{""initialCash"":100000}"
52216;"4/9/2026, 3:13:21 p. m.";Cajero;quote:created;Sale;"{""saleNumber"":""COT-2026-0001"",""total"":29970.55,""items"":1}"
52215;"4/9/2026, 3:13:21 p. m.";Cajero;cash-session:closed;CashSession;"{""finalCash"":0,""expectedCash"":123581.93,""difference"":-123581.93}"
52214;"4/9/2026, 3:13:21 p. m.";Cajero;quote:converted;Sale;"{""saleNumber"":""V-2026-7222"",""wasQuote"":""COT-2026-0001""}"
52213;"4/9/2026, 3:13:21 p. m.";Cajero;cash-session:opened;CashSession;"{""initialCash"":100000}"
52212;"4/9/2026, 3:13:21 p. m.";Cajero;quote:created;Sale;"{""saleNumber"":""COT-2026-0001"",""total"":23581.93,""items"":1}"
52211;"4/9/2026, 3:13:21 p. m.";Cajero;cash-session:closed;CashSession;"{""finalCash"":0,""expectedCash"":123863.22,""difference"":-123863.22}"
52210;"4/9/2026, 3:13:21 p. m.";Cajero;quote:converted;Sale;"{""saleNumber"":""V-2026-7221"",""wasQuote"":""COT-2026-0001""}"
52209;"4/9/2026, 3:13:21 p. m.";Cajero;cash-session:opened;CashSession;"{""initialCash"":100000}"
52208;"4/9/2026, 3:13:21 p. m.";Cajero;quote:created;Sale;"{""saleNumber"":""COT-2026-0001"",""total"":23863.22,""items"":1}"
52207;"4/9/2026, 3:13:21 p. m.";Cajero;cash-session:closed;CashSession;"{""finalCash"":0,""expectedCash"":149887.51,""difference"":-149887.51}"
52206;"4/9/2026, 3:13:21 p. m.";Cajero;quote:converted;Sale;"{""saleNumber"":""V-2026-7220"",""wasQuote"":""COT-2026-0001""}"
52205;"4/9/2026, 3:13:21 p. m.";Cajero;cash-session:opened;CashSession;"{""initialCash"":100000}"
52204;"4/9/2026, 3:13:21 p. m.";Cajero;quote:created;Sale;"{""saleNumber"":""COT-2026-0001"",""total"":49887.51,""items"":1}"
52203;"4/9/2026, 3:13:21 p. m.";Cajero;cash-session:closed;CashSession;"{""finalCash"":0,""expectedCash"":132376.91999999998,""difference"":-132376.91999999998}"
52202;"4/9/2026, 3:13:21 p. m.";Cajero;quote:converted;Sale;"{""saleNumber"":""V-2026-7219"",""wasQuote"":""COT-2026-0001""}"
52201;"4/9/2026, 3:13:21 p. m.";Cajero;cash-session:opened;CashSession;"{""initialCash"":100000}"
52200;"4/9/2026, 3:13:21 p. m.";Cajero;quote:created;Sale;"{""saleNumber"":""COT-2026-0001"",""total"":32376.92,""items"":1}"
52199;"4/9/2026, 3:13:21 p. m.";Cajero;cash-session:closed;CashSession;"{""finalCash"":0,""expectedCash"":109306.52,""difference"":-109306.52}"
52198;"4/9/2026, 3:13:21 p. m.";Cajero;quote:converted;Sale;"{""saleNumber"":""V-2026-7218"",""wasQuote"":""COT-2026-0001""}"
52197;"4/9/2026, 3:13:21 p. m.";Cajero;cash-session:opened;CashSession;"{""initialCash"":100000}"
52196;"4/9/2026, 3:13:21 p. m.";Cajero;quote:created;Sale;"{""saleNumber"":""COT-2026-0001"",""total"":9306.52,""items"":1}"
52195;"4/9/2026, 3:13:21 p. m.";Cajero;cash-session:closed;CashSession;"{""finalCash"":0,""expectedCash"":171049.91,""difference"":-171049.91}"
52194;"4/9/2026, 3:13:21 p. m.";Cajero;quote:converted;Sale;"{""saleNumber"":""V-2026-7217"",""wasQuote"":""COT-2026-0001""}"
52193;"4/9/2026, 3:13:21 p. m.";Cajero;cash-session:opened;CashSession;"{""initialCash"":100000}"
52192;"4/9/2026, 3:13:21 p. m.";Cajero;quote:created;Sale;"{""saleNumber"":""COT-2026-0001"",""total"":71049.91,""items"":1}"
52191;"4/9/2026, 3:13:21 p. m.";Cajero;cash-session:closed;CashSession;"{""finalCash"":0,""expectedCash"":165593.74,""difference"":-165593.74}"
52190;"4/9/2026, 3:13:21 p. m.";Cajero;quote:converted;Sale;"{""saleNumber"":""V-2026-7216"",""wasQuote"":""COT-2026-0001""}"
52189;"4/9/2026, 3:13:21 p. m.";Cajero;cash-session:opened;CashSession;"{""initialCash"":100000}"
52188;"4/9/2026, 3:13:21 p. m.";Cajero;quote:created;Sale;"{""saleNumber"":""COT-2026-0001"",""total"":65593.74,""items"":1}"
52187;"4/9/2026, 3:13:21 p. m.";Cajero;cash-session:closed;CashSession;"{""finalCash"":0,""expectedCash"":104248.03,""difference"":-104248.03}"
52186;"4/9/2026, 3:13:21 p. m.";Cajero;quote:converted;Sale;"{""saleNumber"":""V-2026-7215"",""wasQuote"":""COT-2026-0001""}"
52185;"4/9/2026, 3:13:21 p. m.";Cajero;cash-session:opened;CashSession;"{""initialCash"":100000}"
52184;"4/9/2026, 3:13:21 p. m.";Cajero;quote:created;Sale;"{""saleNumber"":""COT-2026-0001"",""total"":4248.03,""items"":1}"
52183;"4/9/2026, 3:13:21 p. m.";Cajero;cash-session:closed;CashSession;"{""finalCash"":0,""expectedCash"":144478.34,""difference"":-144478.34}"
52182;"4/9/2026, 3:13:21 p. m.";Cajero;quote:converted;Sale;"{""saleNumber"":""V-2026-7214"",""wasQuote"":""COT-2026-0001""}"
52181;"4/9/2026, 3:13:21 p. m.";Cajero;cash-session:opened;CashSession;"{""initialCash"":100000}"
52180;"4/9/2026, 3:13:21 p. m.";Cajero;quote:created;Sale;"{""saleNumber"":""COT-2026-0001"",""total"":44478.34,""items"":1}"
52179;"4/9/2026, 3:13:21 p. m.";Cajero;cash-session:closed;CashSession;"{""finalCash"":0,""expectedCash"":115016.31,""difference"":-115016.31}"
52178;"4/9/2026, 3:13:21 p. m.";Cajero;quote:converted;Sale;"{""saleNumber"":""V-2026-7213"",""wasQuote"":""COT-2026-0001""}"
52177;"4/9/2026, 3:13:21 p. m.";Cajero;cash-session:opened;CashSession;"{""initialCash"":100000}"
52176;"4/9/2026, 3:13:21 p. m.";Cajero;quote:created;Sale;"{""saleNumber"":""COT-2026-0001"",""total"":15016.31,""items"":1}"
52175;"4/9/2026, 3:13:21 p. m.";Cajero;cash-session:closed;CashSession;"{""finalCash"":0,""expectedCash"":187811.38,""difference"":-187811.38}"
52174;"4/9/2026, 3:13:21 p. m.";Cajero;quote:converted;Sale;"{""saleNumber"":""V-2026-7212"",""wasQuote"":""COT-2026-0001""}"
52173;"4/9/2026, 3:13:21 p. m.";Cajero;cash-session:opened;CashSession;"{""initialCash"":100000}"
52172;"4/9/2026, 3:13:21 p. m.";Cajero;quote:created;Sale;"{""saleNumber"":""COT-2026-0001"",""total"":87811.38,""items"":1}"
52171;"4/9/2026, 3:13:21 p. m.";Cajero;cash-session:closed;CashSession;"{""finalCash"":0,""expectedCash"":170872.51,""difference"":-170872.51}"
52170;"4/9/2026, 3:13:21 p. m.";Cajero;quote:converted;Sale;"{""saleNumber"":""V-2026-7211"",""wasQuote"":""COT-2026-0001""}"
52169;"4/9/2026, 3:13:21 p. m.";Cajero;cash-session:opened;CashSession;"{""initialCash"":100000}"
52168;"4/9/2026, 3:13:21 p. m.";Cajero;quote:created;Sale;"{""saleNumber"":""COT-2026-0001"",""total"":70872.51,""items"":1}"
52167;"4/9/2026, 3:13:21 p. m.";Cajero;cash-session:closed;CashSession;"{""finalCash"":0,""expectedCash"":143024.01,""difference"":-143024.01}"
52166;"4/9/2026, 3:13:21 p. m.";Cajero;quote:converted;Sale;"{""saleNumber"":""V-2026-7210"",""wasQuote"":""COT-2026-0001""}"
52165;"4/9/2026, 3:13:21 p. m.";Cajero;cash-session:opened;CashSession;"{""initialCash"":100000}"
52164;"4/9/2026, 3:13:21 p. m.";Cajero;quote:created;Sale;"{""saleNumber"":""COT-2026-0001"",""total"":43024.01,""items"":1}"
52163;"4/9/2026, 3:13:21 p. m.";Cajero;cash-session:closed;CashSession;"{""finalCash"":0,""expectedCash"":120899.34,""difference"":-120899.34}"
52162;"4/9/2026, 3:13:21 p. m.";Cajero;quote:converted;Sale;"{""saleNumber"":""V-2026-7209"",""wasQuote"":""COT-2026-0001""}"
52161;"4/9/2026, 3:13:21 p. m.";Cajero;cash-session:opened;CashSession;"{""initialCash"":100000}"
52160;"4/9/2026, 3:13:21 p. m.";Cajero;quote:created;Sale;"{""saleNumber"":""COT-2026-0001"",""total"":20899.34,""items"":1}"
52159;"4/9/2026, 3:13:21 p. m.";Cajero;cash-session:closed;CashSession;"{""finalCash"":0,""expectedCash"":116700.12,""difference"":-116700.12}"
52158;"4/9/2026, 3:13:21 p. m.";Cajero;quote:converted;Sale;"{""saleNumber"":""V-2026-7208"",""wasQuote"":""COT-2026-0001""}"
52157;"4/9/2026, 3:13:21 p. m.";Cajero;cash-session:opened;CashSession;"{""initialCash"":100000}"
52156;"4/9/2026, 3:13:21 p. m.";Cajero;quote:created;Sale;"{""saleNumber"":""COT-2026-0001"",""total"":16700.12,""items"":1}"
52155;"4/9/2026, 3:13:21 p. m.";Cajero;cash-session:closed;CashSession;"{""finalCash"":0,""expectedCash"":102583.32,""difference"":-102583.32}"
52154;"4/9/2026, 3:13:21 p. m.";Cajero;quote:converted;Sale;"{""saleNumber"":""V-2026-7207"",""wasQuote"":""COT-2026-0001""}"
52153;"4/9/2026, 3:13:21 p. m.";Cajero;cash-session:opened;CashSession;"{""initialCash"":100000}"
52152;"4/9/2026, 3:13:21 p. m.";Cajero;quote:created;Sale;"{""saleNumber"":""COT-2026-0001"",""total"":2583.32,""items"":1}"
52151;"4/9/2026, 3:13:21 p. m.";Cajero;cash-session:closed;CashSession;"{""finalCash"":0,""expectedCash"":125231.69,""difference"":-125231.69}"
52150;"4/9/2026, 3:13:21 p. m.";Cajero;quote:converted;Sale;"{""saleNumber"":""V-2026-7206"",""wasQuote"":""COT-2026-0001""}"
52149;"4/9/2026, 3:13:21 p. m.";Cajero;cash-session:opened;CashSession;"{""initialCash"":100000}"
52148;"4/9/2026, 3:13:21 p. m.";Cajero;quote:created;Sale;"{""saleNumber"":""COT-2026-0001"",""total"":25231.69,""items"":1}"
52147;"4/9/2026, 3:13:21 p. m.";Cajero;cash-session:closed;CashSession;"{""finalCash"":0,""expectedCash"":129220.56,""difference"":-129220.56}"
52146;"4/9/2026, 3:13:21 p. m.";Cajero;quote:converted;Sale;"{""saleNumber"":""V-2026-7205"",""wasQuote"":""COT-2026-0001""}"
52145;"4/9/2026, 3:13:21 p. m.";Cajero;cash-session:opened;CashSession;"{""initialCash"":100000}"
52144;"4/9/2026, 3:13:21 p. m.";Cajero;quote:created;Sale;"{""saleNumber"":""COT-2026-0001"",""total"":29220.56,""items"":1}"
52143;"4/9/2026, 3:13:21 p. m.";Cajero;cash-session:closed;CashSession;"{""finalCash"":0,""expectedCash"":105201.15,""difference"":-105201.15}"
52142;"4/9/2026, 3:13:21 p. m.";Cajero;quote:converted;Sale;"{""saleNumber"":""V-2026-7204"",""wasQuote"":""COT-2026-0001""}"
52141;"4/9/2026, 3:13:21 p. m.";Cajero;cash-session:opened;CashSession;"{""initialCash"":100000}"
52140;"4/9/2026, 3:13:21 p. m.";Cajero;quote:created;Sale;"{""saleNumber"":""COT-2026-0001"",""total"":5201.15,""items"":1}"
52139;"4/9/2026, 3:13:21 p. m.";Cajero;cash-session:closed;CashSession;"{""finalCash"":0,""expectedCash"":157263.43,""difference"":-157263.43}"
52138;"4/9/2026, 3:13:21 p. m.";Cajero;quote:converted;Sale;"{""saleNumber"":""V-2026-7203"",""wasQuote"":""COT-2026-0001""}"
52137;"4/9/2026, 3:13:21 p. m.";Cajero;cash-session:opened;CashSession;"{""initialCash"":100000}"
52136;"4/9/2026, 3:13:21 p. m.";Cajero;quote:created;Sale;"{""saleNumber"":""COT-2026-0001"",""total"":57263.43,""items"":1}"
52135;"4/9/2026, 3:13:21 p. m.";Cajero;cash-session:closed;CashSession;"{""finalCash"":0,""expectedCash"":190137.46000000002,""difference"":-190137.46000000002}"
52134;"4/9/2026, 3:13:21 p. m.";Cajero;quote:converted;Sale;"{""saleNumber"":""V-2026-7202"",""wasQuote"":""COT-2026-0001""}"
52133;"4/9/2026, 3:13:21 p. m.";Cajero;cash-session:opened;CashSession;"{""initialCash"":100000}"
52132;"4/9/2026, 3:13:21 p. m.";Cajero;quote:created;Sale;"{""saleNumber"":""COT-2026-0001"",""total"":90137.46,""items"":1}"
52131;"4/9/2026, 3:13:21 p. m.";Cajero;cash-session:closed;CashSession;"{""finalCash"":0,""expectedCash"":116862.69,""difference"":-116862.69}"
52130;"4/9/2026, 3:13:21 p. m.";Cajero;quote:converted;Sale;"{""saleNumber"":""V-2026-7201"",""wasQuote"":""COT-2026-0001""}"
52129;"4/9/2026, 3:13:21 p. m.";Cajero;cash-session:opened;CashSession;"{""initialCash"":100000}"
52128;"4/9/2026, 3:13:21 p. m.";Cajero;quote:created;Sale;"{""saleNumber"":""COT-2026-0001"",""total"":16862.69,""items"":1}"
52127;"4/9/2026, 3:13:21 p. m.";Cajero;cash-session:closed;CashSession;"{""finalCash"":0,""expectedCash"":106725.1,""difference"":-106725.1}"
52126;"4/9/2026, 3:13:21 p. m.";Cajero;quote:converted;Sale;"{""saleNumber"":""V-2026-7200"",""wasQuote"":""COT-2026-0001""}"
52125;"4/9/2026, 3:13:21 p. m.";Cajero;cash-session:opened;CashSession;"{""initialCash"":100000}"
52124;"4/9/2026, 3:13:21 p. m.";Cajero;quote:created;Sale;"{""saleNumber"":""COT-2026-0001"",""total"":6725.1,""items"":1}"
52123;"4/9/2026, 3:13:21 p. m.";Cajero;cash-session:closed;CashSession;"{""finalCash"":0,""expectedCash"":118147.53,""difference"":-118147.53}"
52122;"4/9/2026, 3:13:21 p. m.";Cajero;quote:converted;Sale;"{""saleNumber"":""V-2026-7199"",""wasQuote"":""COT-2026-0001""}"
52121;"4/9/2026, 3:13:21 p. m.";Cajero;cash-session:opened;CashSession;"{""initialCash"":100000}"
52120;"4/9/2026, 3:13:21 p. m.";Cajero;quote:created;Sale;"{""saleNumber"":""COT-2026-0001"",""total"":18147.53,""items"":1}"
52119;"4/9/2026, 3:13:21 p. m.";Cajero;cash-session:closed;CashSession;"{""finalCash"":0,""expectedCash"":135872.32,""difference"":-135872.32}"
52118;"4/9/2026, 3:13:21 p. m.";Cajero;quote:converted;Sale;"{""saleNumber"":""V-2026-7198"",""wasQuote"":""COT-2026-0001""}"
52117;"4/9/2026, 3:13:21 p. m.";Cajero;cash-session:opened;CashSession;"{""initialCash"":100000}"
52116;"4/9/2026, 3:13:21 p. m.";Cajero;quote:created;Sale;"{""saleNumber"":""COT-2026-0001"",""total"":35872.32,""items"":1}"
52115;"4/9/2026, 3:13:21 p. m.";Cajero;cash-session:closed;CashSession;"{""finalCash"":0,""expectedCash"":133739.79,""difference"":-133739.79}"
52114;"4/9/2026, 3:13:21 p. m.";Cajero;quote:converted;Sale;"{""saleNumber"":""V-2026-7197"",""wasQuote"":""COT-2026-0001""}"
52113;"4/9/2026, 3:13:21 p. m.";Cajero;cash-session:opened;CashSession;"{""initialCash"":100000}"
52112;"4/9/2026, 3:13:21 p. m.";Cajero;quote:created;Sale;"{""saleNumber"":""COT-2026-0001"",""total"":33739.79,""items"":1}"
52111;"4/9/2026, 3:13:21 p. m.";Cajero;cash-session:closed;CashSession;"{""finalCash"":0,""expectedCash"":103604.88,""difference"":-103604.88}"
52110;"4/9/2026, 3:13:21 p. m.";Cajero;quote:converted;Sale;"{""saleNumber"":""V-2026-7196"",""wasQuote"":""COT-2026-0001""}"
52109;"4/9/2026, 3:13:21 p. m.";Cajero;cash-session:opened;CashSession;"{""initialCash"":100000}"
52108;"4/9/2026, 3:13:21 p. m.";Cajero;quote:created;Sale;"{""saleNumber"":""COT-2026-0001"",""total"":3604.88,""items"":1}"
52107;"4/9/2026, 3:13:21 p. m.";Cajero;cash-session:closed;CashSession;"{""finalCash"":0,""expectedCash"":169599.91,""difference"":-169599.91}"
52106;"4/9/2026, 3:13:21 p. m.";Cajero;quote:converted;Sale;"{""saleNumber"":""V-2026-7195"",""wasQuote"":""COT-2026-0001""}"
52105;"4/9/2026, 3:13:21 p. m.";Cajero;cash-session:opened;CashSession;"{""initialCash"":100000}"
52104;"4/9/2026, 3:13:21 p. m.";Cajero;quote:created;Sale;"{""saleNumber"":""COT-2026-0001"",""total"":69599.91,""items"":1}"
52103;"4/9/2026, 3:13:21 p. m.";Cajero;cash-session:closed;CashSession;"{""finalCash"":0,""expectedCash"":118391.45999999999,""difference"":-118391.45999999999}"
52102;"4/9/2026, 3:13:21 p. m.";Cajero;quote:converted;Sale;"{""saleNumber"":""V-2026-7194"",""wasQuote"":""COT-2026-0001""}"
52101;"4/9/2026, 3:13:21 p. m.";Cajero;cash-session:opened;CashSession;"{""initialCash"":100000}"
52100;"4/9/2026, 3:13:21 p. m.";Cajero;quote:created;Sale;"{""saleNumber"":""COT-2026-0001"",""total"":18391.46,""items"":1}"
52099;"4/9/2026, 3:13:21 p. m.";Cajero;cash-session:closed;CashSession;"{""finalCash"":0,""expectedCash"":125843.98,""difference"":-125843.98}"
52098;"4/9/2026, 3:13:21 p. m.";Cajero;quote:converted;Sale;"{""saleNumber"":""V-2026-7193"",""wasQuote"":""COT-2026-0001""}"
52097;"4/9/2026, 3:13:21 p. m.";Cajero;cash-session:opened;CashSession;"{""initialCash"":100000}"
52096;"4/9/2026, 3:13:21 p. m.";Cajero;quote:created;Sale;"{""saleNumber"":""COT-2026-0001"",""total"":25843.98,""items"":1}"
52095;"4/9/2026, 3:13:21 p. m.";Cajero;cash-session:closed;CashSession;"{""finalCash"":0,""expectedCash"":120659.54000000001,""difference"":-120659.54000000001}"
52094;"4/9/2026, 3:13:21 p. m.";Cajero;quote:converted;Sale;"{""saleNumber"":""V-2026-7192"",""wasQuote"":""COT-2026-0001""}"
52093;"4/9/2026, 3:13:21 p. m.";Cajero;cash-session:opened;CashSession;"{""initialCash"":100000}"
52092;"4/9/2026, 3:13:21 p. m.";Cajero;quote:created;Sale;"{""saleNumber"":""COT-2026-0001"",""total"":20659.54,""items"":1}"
52091;"4/9/2026, 3:13:21 p. m.";Cajero;cash-session:closed;CashSession;"{""finalCash"":0,""expectedCash"":107627.8,""difference"":-107627.8}"
52090;"4/9/2026, 3:13:21 p. m.";Cajero;quote:converted;Sale;"{""saleNumber"":""V-2026-7191"",""wasQuote"":""COT-2026-0001""}"
52089;"4/9/2026, 3:13:21 p. m.";Cajero;cash-session:opened;CashSession;"{""initialCash"":100000}"
52088;"4/9/2026, 3:13:21 p. m.";Cajero;quote:created;Sale;"{""saleNumber"":""COT-2026-0001"",""total"":7627.8,""items"":1}"
52087;"4/9/2026, 3:13:21 p. m.";Cajero;cash-session:closed;CashSession;"{""finalCash"":0,""expectedCash"":168031.12,""difference"":-168031.12}"
52086;"4/9/2026, 3:13:21 p. m.";Cajero;quote:converted;Sale;"{""saleNumber"":""V-2026-7190"",""wasQuote"":""COT-2026-0001""}"
52085;"4/9/2026, 3:13:21 p. m.";Cajero;cash-session:opened;CashSession;"{""initialCash"":100000}"
52084;"4/9/2026, 3:13:21 p. m.";Cajero;quote:created;Sale;"{""saleNumber"":""COT-2026-0001"",""total"":68031.12,""items"":1}"
52083;"4/9/2026, 3:13:21 p. m.";Cajero;cash-session:closed;CashSession;"{""finalCash"":0,""expectedCash"":147370.05,""difference"":-147370.05}"
52082;"4/9/2026, 3:13:21 p. m.";Cajero;quote:converted;Sale;"{""saleNumber"":""V-2026-7189"",""wasQuote"":""COT-2026-0001""}"
52081;"4/9/2026, 3:13:21 p. m.";Cajero;cash-session:opened;CashSession;"{""initialCash"":100000}"
52080;"4/9/2026, 3:13:21 p. m.";Cajero;quote:created;Sale;"{""saleNumber"":""COT-2026-0001"",""total"":47370.05,""items"":1}"
52079;"4/9/2026, 3:13:21 p. m.";Cajero;cash-session:closed;CashSession;"{""finalCash"":0,""expectedCash"":139493.94,""difference"":-139493.94}"
52078;"4/9/2026, 3:13:21 p. m.";Cajero;quote:converted;Sale;"{""saleNumber"":""V-2026-7188"",""wasQuote"":""COT-2026-0001""}"
52077;"4/9/2026, 3:13:21 p. m.";Cajero;cash-session:opened;CashSession;"{""initialCash"":100000}"
52076;"4/9/2026, 3:13:21 p. m.";Cajero;quote:created;Sale;"{""saleNumber"":""COT-2026-0001"",""total"":39493.94,""items"":1}"
52075;"4/9/2026, 3:13:21 p. m.";Cajero;cash-session:closed;CashSession;"{""finalCash"":0,""expectedCash"":145579.21,""difference"":-145579.21}"
52074;"4/9/2026, 3:13:21 p. m.";Cajero;quote:converted;Sale;"{""saleNumber"":""V-2026-7187"",""wasQuote"":""COT-2026-0001""}"
52073;"4/9/2026, 3:13:21 p. m.";Cajero;cash-session:opened;CashSession;"{""initialCash"":100000}"
52072;"4/9/2026, 3:13:21 p. m.";Cajero;quote:created;Sale;"{""saleNumber"":""COT-2026-0001"",""total"":45579.21,""items"":1}"
52071;"4/9/2026, 3:13:21 p. m.";Cajero;cash-session:closed;CashSession;"{""finalCash"":0,""expectedCash"":139831.1,""difference"":-139831.1}"
52070;"4/9/2026, 3:13:21 p. m.";Cajero;quote:converted;Sale;"{""saleNumber"":""V-2026-7186"",""wasQuote"":""COT-2026-0001""}"
52069;"4/9/2026, 3:13:21 p. m.";Cajero;cash-session:opened;CashSession;"{""initialCash"":100000}"
52068;"4/9/2026, 3:13:21 p. m.";Cajero;quote:created;Sale;"{""saleNumber"":""COT-2026-0001"",""total"":39831.1,""items"":1}"
52067;"4/9/2026, 3:13:21 p. m.";Cajero;cash-session:closed;CashSession;"{""finalCash"":0,""expectedCash"":199084.12,""difference"":-199084.12}"
52066;"4/9/2026, 3:13:21 p. m.";Cajero;quote:converted;Sale;"{""saleNumber"":""V-2026-7185"",""wasQuote"":""COT-2026-0001""}"
52065;"4/9/2026, 3:13:21 p. m.";Cajero;cash-session:opened;CashSession;"{""initialCash"":100000}"
52064;"4/9/2026, 3:13:21 p. m.";Cajero;quote:created;Sale;"{""saleNumber"":""COT-2026-0001"",""total"":99084.12,""items"":1}"
52063;"4/9/2026, 3:13:21 p. m.";Cajero;cash-session:closed;CashSession;"{""finalCash"":0,""expectedCash"":124718.4,""difference"":-124718.4}"
52062;"4/9/2026, 3:13:21 p. m.";Cajero;quote:converted;Sale;"{""saleNumber"":""V-2026-7184"",""wasQuote"":""COT-2026-0001""}"
52061;"4/9/2026, 3:13:21 p. m.";Cajero;cash-session:opened;CashSession;"{""initialCash"":100000}"
52060;"4/9/2026, 3:13:21 p. m.";Cajero;quote:created;Sale;"{""saleNumber"":""COT-2026-0001"",""total"":24718.4,""items"":1}"
52059;"4/9/2026, 3:13:21 p. m.";Cajero;cash-session:closed;CashSession;"{""finalCash"":0,""expectedCash"":181540.07,""difference"":-181540.07}"
52058;"4/9/2026, 3:13:21 p. m.";Cajero;quote:converted;Sale;"{""saleNumber"":""V-2026-7183"",""wasQuote"":""COT-2026-0001""}"
52057;"4/9/2026, 3:13:21 p. m.";Cajero;cash-session:opened;CashSession;"{""initialCash"":100000}"
52056;"4/9/2026, 3:13:21 p. m.";Cajero;quote:created;Sale;"{""saleNumber"":""COT-2026-0001"",""total"":81540.07,""items"":1}"
52055;"4/9/2026, 3:13:21 p. m.";Cajero;cash-session:closed;CashSession;"{""finalCash"":0,""expectedCash"":101005.23,""difference"":-101005.23}"
52054;"4/9/2026, 3:13:21 p. m.";Cajero;quote:converted;Sale;"{""saleNumber"":""V-2026-7182"",""wasQuote"":""COT-2026-0001""}"
52053;"4/9/2026, 3:13:21 p. m.";Cajero;cash-session:opened;CashSession;"{""initialCash"":100000}"
52052;"4/9/2026, 3:13:21 p. m.";Cajero;quote:created;Sale;"{""saleNumber"":""COT-2026-0001"",""total"":1005.23,""items"":1}"
52051;"4/9/2026, 3:13:21 p. m.";Cajero;cash-session:closed;CashSession;"{""finalCash"":0,""expectedCash"":194171.26,""difference"":-194171.26}"
52050;"4/9/2026, 3:13:21 p. m.";Cajero;quote:converted;Sale;"{""saleNumber"":""V-2026-7181"",""wasQuote"":""COT-2026-0001""}"
52049;"4/9/2026, 3:13:21 p. m.";Cajero;cash-session:opened;CashSession;"{""initialCash"":100000}"
52048;"4/9/2026, 3:13:21 p. m.";Cajero;quote:created;Sale;"{""saleNumber"":""COT-2026-0001"",""total"":94171.26,""items"":1}"
52047;"4/9/2026, 3:13:21 p. m.";Cajero;cash-session:closed;CashSession;"{""finalCash"":0,""expectedCash"":132302.49,""difference"":-132302.49}"
52046;"4/9/2026, 3:13:21 p. m.";Cajero;quote:converted;Sale;"{""saleNumber"":""V-2026-7180"",""wasQuote"":""COT-2026-0001""}"
52045;"4/9/2026, 3:13:21 p. m.";Cajero;cash-session:opened;CashSession;"{""initialCash"":100000}"
52044;"4/9/2026, 3:13:21 p. m.";Cajero;quote:created;Sale;"{""saleNumber"":""COT-2026-0001"",""total"":32302.49,""items"":1}"
52043;"4/9/2026, 3:13:21 p. m.";Cajero;cash-session:closed;CashSession;"{""finalCash"":0,""expectedCash"":112070.74,""difference"":-112070.74}"
52042;"4/9/2026, 3:13:21 p. m.";Cajero;quote:converted;Sale;"{""saleNumber"":""V-2026-7179"",""wasQuote"":""COT-2026-0001""}"
52041;"4/9/2026, 3:13:21 p. m.";Cajero;cash-session:opened;CashSession;"{""initialCash"":100000}"
52040;"4/9/2026, 3:13:21 p. m.";Cajero;quote:created;Sale;"{""saleNumber"":""COT-2026-0001"",""total"":12070.74,""items"":1}"
52039;"4/9/2026, 3:13:21 p. m.";Cajero;cash-session:closed;CashSession;"{""finalCash"":0,""expectedCash"":180708.86,""difference"":-180708.86}"
52038;"4/9/2026, 3:13:21 p. m.";Cajero;quote:converted;Sale;"{""saleNumber"":""V-2026-7178"",""wasQuote"":""COT-2026-0001""}"
52037;"4/9/2026, 3:13:21 p. m.";Cajero;cash-session:opened;CashSession;"{""initialCash"":100000}"
52036;"4/9/2026, 3:13:21 p. m.";Cajero;quote:created;Sale;"{""saleNumber"":""COT-2026-0001"",""total"":80708.86,""items"":1}"
52035;"4/9/2026, 3:13:21 p. m.";Cajero;cash-session:closed;CashSession;"{""finalCash"":0,""expectedCash"":101723.99,""difference"":-101723.99}"
52034;"4/9/2026, 3:13:21 p. m.";Cajero;quote:converted;Sale;"{""saleNumber"":""V-2026-7177"",""wasQuote"":""COT-2026-0001""}"
52033;"4/9/2026, 3:13:21 p. m.";Cajero;cash-session:opened;CashSession;"{""initialCash"":100000}"
52032;"4/9/2026, 3:13:21 p. m.";Cajero;quote:created;Sale;"{""saleNumber"":""COT-2026-0001"",""total"":1723.99,""items"":1}"
52031;"4/9/2026, 3:13:21 p. m.";Cajero;cash-session:closed;CashSession;"{""finalCash"":0,""expectedCash"":115934.54000000001,""difference"":-115934.54000000001}"
52030;"4/9/2026, 3:13:21 p. m.";Cajero;quote:converted;Sale;"{""saleNumber"":""V-2026-7176"",""wasQuote"":""COT-2026-0001""}"
52029;"4/9/2026, 3:13:21 p. m.";Cajero;cash-session:opened;CashSession;"{""initialCash"":100000}"
52028;"4/9/2026, 3:13:21 p. m.";Cajero;quote:created;Sale;"{""saleNumber"":""COT-2026-0001"",""total"":15934.54,""items"":1}"
52027;"4/9/2026, 3:13:21 p. m.";Cajero;cash-session:closed;CashSession;"{""finalCash"":0,""expectedCash"":108944.56,""difference"":-108944.56}"
52026;"4/9/2026, 3:13:21 p. m.";Cajero;quote:converted;Sale;"{""saleNumber"":""V-2026-7175"",""wasQuote"":""COT-2026-0001""}"
52025;"4/9/2026, 3:13:21 p. m.";Cajero;cash-session:opened;CashSession;"{""initialCash"":100000}"
52024;"4/9/2026, 3:13:21 p. m.";Cajero;quote:created;Sale;"{""saleNumber"":""COT-2026-0001"",""total"":8944.56,""items"":1}"
52023;"4/9/2026, 3:13:21 p. m.";Cajero;cash-session:closed;CashSession;"{""finalCash"":0,""expectedCash"":149899.49,""difference"":-149899.49}"
52022;"4/9/2026, 3:13:21 p. m.";Cajero;quote:converted;Sale;"{""saleNumber"":""V-2026-7174"",""wasQuote"":""COT-2026-0001""}"
52021;"4/9/2026, 3:13:21 p. m.";Cajero;cash-session:opened;CashSession;"{""initialCash"":100000}"
52020;"4/9/2026, 3:13:21 p. m.";Cajero;quote:created;Sale;"{""saleNumber"":""COT-2026-0001"",""total"":49899.49,""items"":1}"
52019;"4/9/2026, 3:13:20 p. m.";Cajero;cash-session:closed;CashSession;"{""finalCash"":0,""expectedCash"":137661.33000000002,""difference"":-137661.33000000002}"
52018;"4/9/2026, 3:13:20 p. m.";Cajero;quote:converted;Sale;"{""saleNumber"":""V-2026-7173"",""wasQuote"":""COT-2026-0001""}"
52017;"4/9/2026, 3:13:20 p. m.";Cajero;cash-session:opened;CashSession;"{""initialCash"":100000}"
52016;"4/9/2026, 3:13:20 p. m.";Cajero;quote:created;Sale;"{""saleNumber"":""COT-2026-0001"",""total"":37661.33,""items"":1}"
52015;"4/9/2026, 3:13:20 p. m.";Cajero;cash-session:closed;CashSession;"{""finalCash"":0,""expectedCash"":197084.34,""difference"":-197084.34}"
52014;"4/9/2026, 3:13:20 p. m.";Cajero;quote:converted;Sale;"{""saleNumber"":""V-2026-7172"",""wasQuote"":""COT-2026-0001""}"
52013;"4/9/2026, 3:13:20 p. m.";Cajero;cash-session:opened;CashSession;"{""initialCash"":100000}"
52012;"4/9/2026, 3:13:20 p. m.";Cajero;quote:created;Sale;"{""saleNumber"":""COT-2026-0001"",""total"":97084.34,""items"":1}"
52011;"4/9/2026, 3:13:20 p. m.";Cajero;cash-session:closed;CashSession;"{""finalCash"":0,""expectedCash"":108499.33,""difference"":-108499.33}"
52010;"4/9/2026, 3:13:20 p. m.";Cajero;quote:converted;Sale;"{""saleNumber"":""V-2026-7171"",""wasQuote"":""COT-2026-0001""}"
52009;"4/9/2026, 3:13:20 p. m.";Cajero;cash-session:opened;CashSession;"{""initialCash"":100000}"
52008;"4/9/2026, 3:13:20 p. m.";Cajero;quote:created;Sale;"{""saleNumber"":""COT-2026-0001"",""total"":8499.33,""items"":1}"
52007;"4/9/2026, 3:13:20 p. m.";Cajero;cash-session:closed;CashSession;"{""finalCash"":0,""expectedCash"":161134.27,""difference"":-161134.27}"
52006;"4/9/2026, 3:13:20 p. m.";Cajero;quote:converted;Sale;"{""saleNumber"":""V-2026-7170"",""wasQuote"":""COT-2026-0001""}"
52005;"4/9/2026, 3:13:20 p. m.";Cajero;cash-session:opened;CashSession;"{""initialCash"":100000}"
52004;"4/9/2026, 3:13:20 p. m.";Cajero;quote:created;Sale;"{""saleNumber"":""COT-2026-0001"",""total"":61134.27,""items"":1}"
52003;"4/9/2026, 3:13:20 p. m.";Cajero;cash-session:closed;CashSession;"{""finalCash"":0,""expectedCash"":113257.85,""difference"":-113257.85}"
52002;"4/9/2026, 3:13:20 p. m.";Cajero;quote:converted;Sale;"{""saleNumber"":""V-2026-7169"",""wasQuote"":""COT-2026-0001""}"
52001;"4/9/2026, 3:13:20 p. m.";Cajero;cash-session:opened;CashSession;"{""initialCash"":100000}"
52000;"4/9/2026, 3:13:20 p. m.";Cajero;quote:created;Sale;"{""saleNumber"":""COT-2026-0001"",""total"":13257.85,""items"":1}"
51999;"4/9/2026, 3:13:20 p. m.";Cajero;cash-session:closed;CashSession;"{""finalCash"":0,""expectedCash"":102183.44,""difference"":-102183.44}"
51998;"4/9/2026, 3:13:20 p. m.";Cajero;quote:converted;Sale;"{""saleNumber"":""V-2026-7168"",""wasQuote"":""COT-2026-0001""}"
51997;"4/9/2026, 3:13:20 p. m.";Cajero;cash-session:opened;CashSession;"{""initialCash"":100000}"
51996;"4/9/2026, 3:13:20 p. m.";Cajero;quote:created;Sale;"{""saleNumber"":""COT-2026-0001"",""total"":2183.44,""items"":1}"
51995;"4/9/2026, 3:13:20 p. m.";Cajero;cash-session:closed;CashSession;"{""finalCash"":0,""expectedCash"":119891.05,""difference"":-119891.05}"
51994;"4/9/2026, 3:13:20 p. m.";Cajero;quote:converted;Sale;"{""saleNumber"":""V-2026-7167"",""wasQuote"":""COT-2026-0001""}"
51993;"4/9/2026, 3:13:20 p. m.";Cajero;cash-session:opened;CashSession;"{""initialCash"":100000}"
51992;"4/9/2026, 3:13:20 p. m.";Cajero;quote:created;Sale;"{""saleNumber"":""COT-2026-0001"",""total"":19891.05,""items"":1}"
51991;"4/9/2026, 3:13:20 p. m.";Cajero;cash-session:closed;CashSession;"{""finalCash"":0,""expectedCash"":139332.21,""difference"":-139332.21}"
51990;"4/9/2026, 3:13:20 p. m.";Cajero;quote:converted;Sale;"{""saleNumber"":""V-2026-7166"",""wasQuote"":""COT-2026-0001""}"
51989;"4/9/2026, 3:13:20 p. m.";Cajero;cash-session:opened;CashSession;"{""initialCash"":100000}"
51988;"4/9/2026, 3:13:20 p. m.";Cajero;quote:created;Sale;"{""saleNumber"":""COT-2026-0001"",""total"":39332.21,""items"":1}"
51987;"4/9/2026, 3:13:20 p. m.";Cajero;cash-session:closed;CashSession;"{""finalCash"":0,""expectedCash"":121698.43,""difference"":-121698.43}"
51986;"4/9/2026, 3:13:20 p. m.";Cajero;quote:converted;Sale;"{""saleNumber"":""V-2026-7165"",""wasQuote"":""COT-2026-0001""}"
51985;"4/9/2026, 3:13:20 p. m.";Cajero;cash-session:opened;CashSession;"{""initialCash"":100000}"
51984;"4/9/2026, 3:13:20 p. m.";Cajero;quote:created;Sale;"{""saleNumber"":""COT-2026-0001"",""total"":21698.43,""items"":1}"
51983;"4/9/2026, 3:13:20 p. m.";Cajero;cash-session:closed;CashSession;"{""finalCash"":0,""expectedCash"":119311.35,""difference"":-119311.35}"
51982;"4/9/2026, 3:13:20 p. m.";Cajero;quote:converted;Sale;"{""saleNumber"":""V-2026-7164"",""wasQuote"":""COT-2026-0001""}"
51981;"4/9/2026, 3:13:20 p. m.";Cajero;cash-session:opened;CashSession;"{""initialCash"":100000}"
51980;"4/9/2026, 3:13:20 p. m.";Cajero;quote:created;Sale;"{""saleNumber"":""COT-2026-0001"",""total"":19311.35,""items"":1}"
51979;"4/9/2026, 3:13:20 p. m.";Cajero;cash-session:closed;CashSession;"{""finalCash"":0,""expectedCash"":136129.56,""difference"":-136129.56}"
51978;"4/9/2026, 3:13:20 p. m.";Cajero;quote:converted;Sale;"{""saleNumber"":""V-2026-7163"",""wasQuote"":""COT-2026-0001""}"
51977;"4/9/2026, 3:13:20 p. m.";Cajero;cash-session:opened;CashSession;"{""initialCash"":100000}"
51976;"4/9/2026, 3:13:20 p. m.";Cajero;quote:created;Sale;"{""saleNumber"":""COT-2026-0001"",""total"":36129.56,""items"":1}"
51975;"4/9/2026, 3:13:20 p. m.";Cajero;cash-session:closed;CashSession;"{""finalCash"":0,""expectedCash"":149794.38,""difference"":-149794.38}"
51974;"4/9/2026, 3:13:20 p. m.";Cajero;quote:converted;Sale;"{""saleNumber"":""V-2026-7162"",""wasQuote"":""COT-2026-0001""}"
51973;"4/9/2026, 3:13:20 p. m.";Cajero;cash-session:opened;CashSession;"{""initialCash"":100000}"
51972;"4/9/2026, 3:13:20 p. m.";Cajero;quote:created;Sale;"{""saleNumber"":""COT-2026-0001"",""total"":49794.38,""items"":1}"
51971;"4/9/2026, 3:13:20 p. m.";Cajero;cash-session:closed;CashSession;"{""finalCash"":0,""expectedCash"":120547.85,""difference"":-120547.85}"
51970;"4/9/2026, 3:13:20 p. m.";Cajero;quote:converted;Sale;"{""saleNumber"":""V-2026-7161"",""wasQuote"":""COT-2026-0001""}"
51969;"4/9/2026, 3:13:20 p. m.";Cajero;cash-session:opened;CashSession;"{""initialCash"":100000}"
51968;"4/9/2026, 3:13:20 p. m.";Cajero;quote:created;Sale;"{""saleNumber"":""COT-2026-0001"",""total"":20547.85,""items"":1}"
51967;"4/9/2026, 3:13:20 p. m.";Cajero;cash-session:closed;CashSession;"{""finalCash"":0,""expectedCash"":131971.91999999998,""difference"":-131971.91999999998}"
51966;"4/9/2026, 3:13:20 p. m.";Cajero;quote:converted;Sale;"{""saleNumber"":""V-2026-7160"",""wasQuote"":""COT-2026-0001""}"
51965;"4/9/2026, 3:13:20 p. m.";Cajero;cash-session:opened;CashSession;"{""initialCash"":100000}"
51964;"4/9/2026, 3:13:20 p. m.";Cajero;quote:created;Sale;"{""saleNumber"":""COT-2026-0001"",""total"":31971.92,""items"":1}"
51963;"4/9/2026, 3:13:20 p. m.";Cajero;cash-session:closed;CashSession;"{""finalCash"":0,""expectedCash"":101971.11,""difference"":-101971.11}"
51962;"4/9/2026, 3:13:20 p. m.";Cajero;quote:converted;Sale;"{""saleNumber"":""V-2026-7159"",""wasQuote"":""COT-2026-0001""}"
51961;"4/9/2026, 3:13:20 p. m.";Cajero;cash-session:opened;CashSession;"{""initialCash"":100000}"
51960;"4/9/2026, 3:13:20 p. m.";Cajero;quote:created;Sale;"{""saleNumber"":""COT-2026-0001"",""total"":1971.11,""items"":1}"
51959;"4/9/2026, 3:13:20 p. m.";Cajero;cash-session:closed;CashSession;"{""finalCash"":0,""expectedCash"":172272.62,""difference"":-172272.62}"
51958;"4/9/2026, 3:13:20 p. m.";Cajero;quote:converted;Sale;"{""saleNumber"":""V-2026-7158"",""wasQuote"":""COT-2026-0001""}"
51957;"4/9/2026, 3:13:20 p. m.";Cajero;cash-session:opened;CashSession;"{""initialCash"":100000}"
51956;"4/9/2026, 3:13:20 p. m.";Cajero;quote:created;Sale;"{""saleNumber"":""COT-2026-0001"",""total"":72272.62,""items"":1}"
51955;"4/9/2026, 3:13:20 p. m.";Cajero;cash-session:closed;CashSession;"{""finalCash"":0,""expectedCash"":135604.6,""difference"":-135604.6}"
51954;"4/9/2026, 3:13:20 p. m.";Cajero;quote:converted;Sale;"{""saleNumber"":""V-2026-7157"",""wasQuote"":""COT-2026-0001""}"
51953;"4/9/2026, 3:13:20 p. m.";Cajero;cash-session:opened;CashSession;"{""initialCash"":100000}"
51952;"4/9/2026, 3:13:20 p. m.";Cajero;quote:created;Sale;"{""saleNumber"":""COT-2026-0001"",""total"":35604.6,""items"":1}"
51951;"4/9/2026, 3:13:20 p. m.";Cajero;cash-session:closed;CashSession;"{""finalCash"":0,""expectedCash"":161859.8,""difference"":-161859.8}"
51950;"4/9/2026, 3:13:20 p. m.";Cajero;quote:converted;Sale;"{""saleNumber"":""V-2026-7156"",""wasQuote"":""COT-2026-0001""}"
51949;"4/9/2026, 3:13:20 p. m.";Cajero;cash-session:opened;CashSession;"{""initialCash"":100000}"
51948;"4/9/2026, 3:13:20 p. m.";Cajero;quote:created;Sale;"{""saleNumber"":""COT-2026-0001"",""total"":61859.8,""items"":1}"
51947;"4/9/2026, 3:13:20 p. m.";Cajero;cash-session:closed;CashSession;"{""finalCash"":0,""expectedCash"":183900.13,""difference"":-183900.13}"
51946;"4/9/2026, 3:13:20 p. m.";Cajero;quote:converted;Sale;"{""saleNumber"":""V-2026-7155"",""wasQuote"":""COT-2026-0001""}"
51945;"4/9/2026, 3:13:20 p. m.";Cajero;cash-session:opened;CashSession;"{""initialCash"":100000}"
51944;"4/9/2026, 3:13:20 p. m.";Cajero;quote:created;Sale;"{""saleNumber"":""COT-2026-0001"",""total"":83900.13,""items"":1}"
51943;"4/9/2026, 3:13:20 p. m.";Cajero;cash-session:closed;CashSession;"{""finalCash"":0,""expectedCash"":147441.23,""difference"":-147441.23}"
51942;"4/9/2026, 3:13:20 p. m.";Cajero;quote:converted;Sale;"{""saleNumber"":""V-2026-7154"",""wasQuote"":""COT-2026-0001""}"
51941;"4/9/2026, 3:13:20 p. m.";Cajero;cash-session:opened;CashSession;"{""initialCash"":100000}"
51940;"4/9/2026, 3:13:20 p. m.";Cajero;quote:created;Sale;"{""saleNumber"":""COT-2026-0001"",""total"":47441.23,""items"":1}"
51939;"4/9/2026, 3:13:20 p. m.";Cajero;cash-session:closed;CashSession;"{""finalCash"":0,""expectedCash"":109460.17,""difference"":-109460.17}"
51938;"4/9/2026, 3:13:20 p. m.";Cajero;quote:converted;Sale;"{""saleNumber"":""V-2026-7153"",""wasQuote"":""COT-2026-0001""}"
51937;"4/9/2026, 3:13:20 p. m.";Cajero;cash-session:opened;CashSession;"{""initialCash"":100000}"
51936;"4/9/2026, 3:13:20 p. m.";Cajero;quote:created;Sale;"{""saleNumber"":""COT-2026-0001"",""total"":9460.17,""items"":1}"
51935;"4/9/2026, 3:13:20 p. m.";Cajero;cash-session:closed;CashSession;"{""finalCash"":0,""expectedCash"":149078.13,""difference"":-149078.13}"
51934;"4/9/2026, 3:13:20 p. m.";Cajero;quote:converted;Sale;"{""saleNumber"":""V-2026-7152"",""wasQuote"":""COT-2026-0001""}"
51933;"4/9/2026, 3:13:20 p. m.";Cajero;cash-session:opened;CashSession;"{""initialCash"":100000}"
51932;"4/9/2026, 3:13:20 p. m.";Cajero;quote:created;Sale;"{""saleNumber"":""COT-2026-0001"",""total"":49078.13,""items"":1}"
51931;"4/9/2026, 3:13:20 p. m.";Cajero;cash-session:closed;CashSession;"{""finalCash"":0,""expectedCash"":110816.28,""difference"":-110816.28}"
51930;"4/9/2026, 3:13:20 p. m.";Cajero;quote:converted;Sale;"{""saleNumber"":""V-2026-7151"",""wasQuote"":""COT-2026-0001""}"
51929;"4/9/2026, 3:13:20 p. m.";Cajero;cash-session:opened;CashSession;"{""initialCash"":100000}"
51928;"4/9/2026, 3:13:20 p. m.";Cajero;quote:created;Sale;"{""saleNumber"":""COT-2026-0001"",""total"":10816.28,""items"":1}"
51927;"4/9/2026, 3:13:20 p. m.";Cajero;cash-session:closed;CashSession;"{""finalCash"":0,""expectedCash"":129610.29000000001,""difference"":-129610.29000000001}"
51926;"4/9/2026, 3:13:20 p. m.";Cajero;quote:converted;Sale;"{""saleNumber"":""V-2026-7150"",""wasQuote"":""COT-2026-0001""}"
51925;"4/9/2026, 3:13:20 p. m.";Cajero;cash-session:opened;CashSession;"{""initialCash"":100000}"
51924;"4/9/2026, 3:13:20 p. m.";Cajero;quote:created;Sale;"{""saleNumber"":""COT-2026-0001"",""total"":29610.29,""items"":1}"
51923;"4/9/2026, 3:13:20 p. m.";Cajero;cash-session:closed;CashSession;"{""finalCash"":0,""expectedCash"":142319.99,""difference"":-142319.99}"
51922;"4/9/2026, 3:13:20 p. m.";Cajero;quote:converted;Sale;"{""saleNumber"":""V-2026-7149"",""wasQuote"":""COT-2026-0001""}"
51921;"4/9/2026, 3:13:20 p. m.";Cajero;cash-session:opened;CashSession;"{""initialCash"":100000}"
51920;"4/9/2026, 3:13:20 p. m.";Cajero;quote:created;Sale;"{""saleNumber"":""COT-2026-0001"",""total"":42319.99,""items"":1}"
51919;"4/9/2026, 3:13:20 p. m.";Cajero;cash-session:closed;CashSession;"{""finalCash"":0,""expectedCash"":145556.71,""difference"":-145556.71}"
51918;"4/9/2026, 3:13:20 p. m.";Cajero;quote:converted;Sale;"{""saleNumber"":""V-2026-7148"",""wasQuote"":""COT-2026-0001""}"
51917;"4/9/2026, 3:13:20 p. m.";Cajero;cash-session:opened;CashSession;"{""initialCash"":100000}"
51916;"4/9/2026, 3:13:20 p. m.";Cajero;quote:created;Sale;"{""saleNumber"":""COT-2026-0001"",""total"":45556.71,""items"":1}"
51915;"4/9/2026, 3:13:20 p. m.";Cajero;cash-session:closed;CashSession;"{""finalCash"":0,""expectedCash"":122222.25,""difference"":-122222.25}"
51914;"4/9/2026, 3:13:20 p. m.";Cajero;quote:converted;Sale;"{""saleNumber"":""V-2026-7147"",""wasQuote"":""COT-2026-0001""}"
51913;"4/9/2026, 3:13:20 p. m.";Cajero;cash-session:opened;CashSession;"{""initialCash"":100000}"
51912;"4/9/2026, 3:13:20 p. m.";Cajero;quote:created;Sale;"{""saleNumber"":""COT-2026-0001"",""total"":22222.25,""items"":1}"
51911;"4/9/2026, 3:13:20 p. m.";Cajero;cash-session:closed;CashSession;"{""finalCash"":0,""expectedCash"":193861.52000000002,""difference"":-193861.52000000002}"
51910;"4/9/2026, 3:13:20 p. m.";Cajero;quote:converted;Sale;"{""saleNumber"":""V-2026-7146"",""wasQuote"":""COT-2026-0001""}"
51909;"4/9/2026, 3:13:20 p. m.";Cajero;cash-session:opened;CashSession;"{""initialCash"":100000}"
51908;"4/9/2026, 3:13:20 p. m.";Cajero;quote:created;Sale;"{""saleNumber"":""COT-2026-0001"",""total"":93861.52,""items"":1}"
51907;"4/9/2026, 3:13:20 p. m.";Cajero;cash-session:closed;CashSession;"{""finalCash"":0,""expectedCash"":129010.54000000001,""difference"":-129010.54000000001}"
51906;"4/9/2026, 3:13:20 p. m.";Cajero;quote:converted;Sale;"{""saleNumber"":""V-2026-7145"",""wasQuote"":""COT-2026-0001""}"
51905;"4/9/2026, 3:13:20 p. m.";Cajero;cash-session:opened;CashSession;"{""initialCash"":100000}"
51904;"4/9/2026, 3:13:20 p. m.";Cajero;quote:created;Sale;"{""saleNumber"":""COT-2026-0001"",""total"":29010.54,""items"":1}"
51903;"4/9/2026, 3:13:20 p. m.";Cajero;cash-session:closed;CashSession;"{""finalCash"":0,""expectedCash"":144547.51,""difference"":-144547.51}"
51902;"4/9/2026, 3:13:20 p. m.";Cajero;quote:converted;Sale;"{""saleNumber"":""V-2026-7144"",""wasQuote"":""COT-2026-0001""}"
51901;"4/9/2026, 3:13:20 p. m.";Cajero;cash-session:opened;CashSession;"{""initialCash"":100000}"
51900;"4/9/2026, 3:13:20 p. m.";Cajero;quote:created;Sale;"{""saleNumber"":""COT-2026-0001"",""total"":44547.51,""items"":1}"
51899;"4/9/2026, 3:13:20 p. m.";Cajero;cash-session:closed;CashSession;"{""finalCash"":0,""expectedCash"":110347.79000000001,""difference"":-110347.79000000001}"
51898;"4/9/2026, 3:13:20 p. m.";Cajero;quote:converted;Sale;"{""saleNumber"":""V-2026-7143"",""wasQuote"":""COT-2026-0001""}"
51897;"4/9/2026, 3:13:20 p. m.";Cajero;cash-session:opened;CashSession;"{""initialCash"":100000}"
51896;"4/9/2026, 3:13:20 p. m.";Cajero;quote:created;Sale;"{""saleNumber"":""COT-2026-0001"",""total"":10347.79,""items"":1}"
51895;"4/9/2026, 3:13:20 p. m.";Cajero;cash-session:closed;CashSession;"{""finalCash"":0,""expectedCash"":153000.62,""difference"":-153000.62}"
51894;"4/9/2026, 3:13:20 p. m.";Cajero;quote:converted;Sale;"{""saleNumber"":""V-2026-7142"",""wasQuote"":""COT-2026-0001""}"
51893;"4/9/2026, 3:13:20 p. m.";Cajero;cash-session:opened;CashSession;"{""initialCash"":100000}"
51892;"4/9/2026, 3:13:20 p. m.";Cajero;quote:created;Sale;"{""saleNumber"":""COT-2026-0001"",""total"":53000.62,""items"":1}"
51891;"4/9/2026, 3:13:20 p. m.";Cajero;cash-session:closed;CashSession;"{""finalCash"":0,""expectedCash"":147155.95,""difference"":-147155.95}"
51890;"4/9/2026, 3:13:20 p. m.";Cajero;quote:converted;Sale;"{""saleNumber"":""V-2026-7141"",""wasQuote"":""COT-2026-0001""}"
51889;"4/9/2026, 3:13:20 p. m.";Cajero;cash-session:opened;CashSession;"{""initialCash"":100000}"
51888;"4/9/2026, 3:13:20 p. m.";Cajero;quote:created;Sale;"{""saleNumber"":""COT-2026-0001"",""total"":47155.95,""items"":1}"
51887;"4/9/2026, 3:13:20 p. m.";Cajero;cash-session:closed;CashSession;"{""finalCash"":0,""expectedCash"":171564.47,""difference"":-171564.47}"
51886;"4/9/2026, 3:13:20 p. m.";Cajero;quote:converted;Sale;"{""saleNumber"":""V-2026-7140"",""wasQuote"":""COT-2026-0001""}"
51885;"4/9/2026, 3:13:20 p. m.";Cajero;cash-session:opened;CashSession;"{""initialCash"":100000}"
51884;"4/9/2026, 3:13:20 p. m.";Cajero;quote:created;Sale;"{""saleNumber"":""COT-2026-0001"",""total"":71564.47,""items"":1}"
51883;"4/9/2026, 3:13:20 p. m.";Cajero;cash-session:closed;CashSession;"{""finalCash"":0,""expectedCash"":105334.99,""difference"":-105334.99}"
51882;"4/9/2026, 3:13:20 p. m.";Cajero;quote:converted;Sale;"{""saleNumber"":""V-2026-7139"",""wasQuote"":""COT-2026-0001""}"
51881;"4/9/2026, 3:13:20 p. m.";Cajero;cash-session:opened;CashSession;"{""initialCash"":100000}"
51880;"4/9/2026, 3:13:20 p. m.";Cajero;quote:created;Sale;"{""saleNumber"":""COT-2026-0001"",""total"":5334.99,""items"":1}"
51879;"4/9/2026, 3:13:20 p. m.";Cajero;cash-session:closed;CashSession;"{""finalCash"":0,""expectedCash"":122273.41,""difference"":-122273.41}"
51878;"4/9/2026, 3:13:20 p. m.";Cajero;quote:converted;Sale;"{""saleNumber"":""V-2026-7138"",""wasQuote"":""COT-2026-0001""}"
51877;"4/9/2026, 3:13:20 p. m.";Cajero;cash-session:opened;CashSession;"{""initialCash"":100000}"
51876;"4/9/2026, 3:13:20 p. m.";Cajero;quote:created;Sale;"{""saleNumber"":""COT-2026-0001"",""total"":22273.41,""items"":1}"
51875;"4/9/2026, 3:13:20 p. m.";Cajero;cash-session:closed;CashSession;"{""finalCash"":0,""expectedCash"":109831.2,""difference"":-109831.2}"
51874;"4/9/2026, 3:13:20 p. m.";Cajero;quote:converted;Sale;"{""saleNumber"":""V-2026-7137"",""wasQuote"":""COT-2026-0001""}"
51873;"4/9/2026, 3:13:20 p. m.";Cajero;cash-session:opened;CashSession;"{""initialCash"":100000}"
51872;"4/9/2026, 3:13:20 p. m.";Cajero;quote:created;Sale;"{""saleNumber"":""COT-2026-0001"",""total"":9831.2,""items"":1}"
51871;"4/9/2026, 3:13:20 p. m.";Cajero;cash-session:closed;CashSession;"{""finalCash"":0,""expectedCash"":116530.76,""difference"":-116530.76}"
51870;"4/9/2026, 3:13:20 p. m.";Cajero;quote:converted;Sale;"{""saleNumber"":""V-2026-7136"",""wasQuote"":""COT-2026-0001""}"
51869;"4/9/2026, 3:13:20 p. m.";Cajero;cash-session:opened;CashSession;"{""initialCash"":100000}"
51868;"4/9/2026, 3:13:20 p. m.";Cajero;quote:created;Sale;"{""saleNumber"":""COT-2026-0001"",""total"":16530.76,""items"":1}"
51867;"4/9/2026, 3:13:20 p. m.";Cajero;cash-session:closed;CashSession;"{""finalCash"":0,""expectedCash"":132376.91999999998,""difference"":-132376.91999999998}"
51866;"4/9/2026, 3:13:20 p. m.";Cajero;quote:converted;Sale;"{""saleNumber"":""V-2026-7135"",""wasQuote"":""COT-2026-0001""}"
51865;"4/9/2026, 3:13:20 p. m.";Cajero;cash-session:opened;CashSession;"{""initialCash"":100000}"
51864;"4/9/2026, 3:13:20 p. m.";Cajero;quote:created;Sale;"{""saleNumber"":""COT-2026-0001"",""total"":32376.92,""items"":1}"
51863;"4/9/2026, 3:13:20 p. m.";Cajero;cash-session:closed;CashSession;"{""finalCash"":0,""expectedCash"":147929.48,""difference"":-147929.48}"
51862;"4/9/2026, 3:13:20 p. m.";Cajero;quote:converted;Sale;"{""saleNumber"":""V-2026-7134"",""wasQuote"":""COT-2026-0001""}"
51861;"4/9/2026, 3:13:20 p. m.";Cajero;cash-session:opened;CashSession;"{""initialCash"":100000}"
51860;"4/9/2026, 3:13:20 p. m.";Cajero;quote:created;Sale;"{""saleNumber"":""COT-2026-0001"",""total"":47929.48,""items"":1}"
51859;"4/9/2026, 3:13:20 p. m.";Cajero;cash-session:closed;CashSession;"{""finalCash"":0,""expectedCash"":124797.17,""difference"":-124797.17}"
51858;"4/9/2026, 3:13:20 p. m.";Cajero;quote:converted;Sale;"{""saleNumber"":""V-2026-7133"",""wasQuote"":""COT-2026-0001""}"
51857;"4/9/2026, 3:13:20 p. m.";Cajero;cash-session:opened;CashSession;"{""initialCash"":100000}"
51856;"4/9/2026, 3:13:20 p. m.";Cajero;quote:created;Sale;"{""saleNumber"":""COT-2026-0001"",""total"":24797.17,""items"":1}"
51855;"4/9/2026, 3:13:20 p. m.";Cajero;cash-session:closed;CashSession;"{""finalCash"":0,""expectedCash"":130730.42,""difference"":-130730.42}"
51854;"4/9/2026, 3:13:20 p. m.";Cajero;quote:converted;Sale;"{""saleNumber"":""V-2026-7132"",""wasQuote"":""COT-2026-0001""}"
51853;"4/9/2026, 3:13:20 p. m.";Cajero;cash-session:opened;CashSession;"{""initialCash"":100000}"
51852;"4/9/2026, 3:13:20 p. m.";Cajero;quote:created;Sale;"{""saleNumber"":""COT-2026-0001"",""total"":30730.42,""items"":1}"
51851;"4/9/2026, 3:13:20 p. m.";Cajero;cash-session:closed;CashSession;"{""finalCash"":0,""expectedCash"":100805.73,""difference"":-100805.73}"
51850;"4/9/2026, 3:13:20 p. m.";Cajero;quote:converted;Sale;"{""saleNumber"":""V-2026-7131"",""wasQuote"":""COT-2026-0001""}"
51849;"4/9/2026, 3:13:20 p. m.";Cajero;cash-session:opened;CashSession;"{""initialCash"":100000}"
51848;"4/9/2026, 3:13:20 p. m.";Cajero;quote:created;Sale;"{""saleNumber"":""COT-2026-0001"",""total"":805.73,""items"":1}"
51847;"4/9/2026, 3:13:20 p. m.";Cajero;cash-session:closed;CashSession;"{""finalCash"":0,""expectedCash"":107190.81,""difference"":-107190.81}"
51846;"4/9/2026, 3:13:20 p. m.";Cajero;quote:converted;Sale;"{""saleNumber"":""V-2026-7130"",""wasQuote"":""COT-2026-0001""}"
51845;"4/9/2026, 3:13:20 p. m.";Cajero;cash-session:opened;CashSession;"{""initialCash"":100000}"
51844;"4/9/2026, 3:13:20 p. m.";Cajero;quote:created;Sale;"{""saleNumber"":""COT-2026-0001"",""total"":7190.81,""items"":1}"
51843;"4/9/2026, 3:13:20 p. m.";Cajero;cash-session:closed;CashSession;"{""finalCash"":0,""expectedCash"":125136.58,""difference"":-125136.58}"
51842;"4/9/2026, 3:13:20 p. m.";Cajero;quote:converted;Sale;"{""saleNumber"":""V-2026-7129"",""wasQuote"":""COT-2026-0001""}"
51841;"4/9/2026, 3:13:20 p. m.";Cajero;cash-session:opened;CashSession;"{""initialCash"":100000}"
51840;"4/9/2026, 3:13:20 p. m.";Cajero;quote:created;Sale;"{""saleNumber"":""COT-2026-0001"",""total"":25136.58,""items"":1}"
51839;"4/9/2026, 3:13:20 p. m.";Cajero;cash-session:closed;CashSession;"{""finalCash"":0,""expectedCash"":133700.24,""difference"":-133700.24}"
51838;"4/9/2026, 3:13:20 p. m.";Cajero;quote:converted;Sale;"{""saleNumber"":""V-2026-7128"",""wasQuote"":""COT-2026-0001""}"
51837;"4/9/2026, 3:13:20 p. m.";Cajero;cash-session:opened;CashSession;"{""initialCash"":100000}"
51836;"4/9/2026, 3:13:20 p. m.";Cajero;quote:created;Sale;"{""saleNumber"":""COT-2026-0001"",""total"":33700.24,""items"":1}"
51835;"4/9/2026, 3:13:20 p. m.";Cajero;cash-session:closed;CashSession;"{""finalCash"":0,""expectedCash"":184479.86,""difference"":-184479.86}"
51834;"4/9/2026, 3:13:20 p. m.";Cajero;quote:converted;Sale;"{""saleNumber"":""V-2026-7127"",""wasQuote"":""COT-2026-0001""}"
51833;"4/9/2026, 3:13:20 p. m.";Cajero;cash-session:opened;CashSession;"{""initialCash"":100000}"
51832;"4/9/2026, 3:13:20 p. m.";Cajero;quote:created;Sale;"{""saleNumber"":""COT-2026-0001"",""total"":84479.86,""items"":1}"
51831;"4/9/2026, 3:13:20 p. m.";Cajero;cash-session:closed;CashSession;"{""finalCash"":0,""expectedCash"":145379.59,""difference"":-145379.59}"
51830;"4/9/2026, 3:13:20 p. m.";Cajero;quote:converted;Sale;"{""saleNumber"":""V-2026-7126"",""wasQuote"":""COT-2026-0001""}"
51829;"4/9/2026, 3:13:20 p. m.";Cajero;cash-session:opened;CashSession;"{""initialCash"":100000}"
51828;"4/9/2026, 3:13:20 p. m.";Cajero;quote:created;Sale;"{""saleNumber"":""COT-2026-0001"",""total"":45379.59,""items"":1}"
51827;"4/9/2026, 3:13:20 p. m.";Cajero;cash-session:closed;CashSession;"{""finalCash"":0,""expectedCash"":122523.73,""difference"":-122523.73}"
51826;"4/9/2026, 3:13:20 p. m.";Cajero;quote:converted;Sale;"{""saleNumber"":""V-2026-7125"",""wasQuote"":""COT-2026-0001""}"
51825;"4/9/2026, 3:13:20 p. m.";Cajero;cash-session:opened;CashSession;"{""initialCash"":100000}"
51824;"4/9/2026, 3:13:20 p. m.";Cajero;quote:created;Sale;"{""saleNumber"":""COT-2026-0001"",""total"":22523.73,""items"":1}"
51823;"4/9/2026, 3:13:20 p. m.";Cajero;cash-session:closed;CashSession;"{""finalCash"":0,""expectedCash"":109071.11,""difference"":-109071.11}"
51822;"4/9/2026, 3:13:20 p. m.";Cajero;quote:converted;Sale;"{""saleNumber"":""V-2026-7124"",""wasQuote"":""COT-2026-0001""}"
51821;"4/9/2026, 3:13:20 p. m.";Cajero;cash-session:opened;CashSession;"{""initialCash"":100000}"
51820;"4/9/2026, 3:13:20 p. m.";Cajero;quote:created;Sale;"{""saleNumber"":""COT-2026-0001"",""total"":9071.11,""items"":1}"
51819;"4/9/2026, 3:13:20 p. m.";Cajero;cash-session:closed;CashSession;"{""finalCash"":0,""expectedCash"":181264.03999999998,""difference"":-181264.03999999998}"
51818;"4/9/2026, 3:13:20 p. m.";Cajero;quote:converted;Sale;"{""saleNumber"":""V-2026-7123"",""wasQuote"":""COT-2026-0001""}"
51817;"4/9/2026, 3:13:20 p. m.";Cajero;cash-session:opened;CashSession;"{""initialCash"":100000}"
51816;"4/9/2026, 3:13:20 p. m.";Cajero;quote:created;Sale;"{""saleNumber"":""COT-2026-0001"",""total"":81264.04,""items"":1}"
51815;"4/9/2026, 3:13:20 p. m.";Cajero;cash-session:closed;CashSession;"{""finalCash"":0,""expectedCash"":130832.22,""difference"":-130832.22}"
51814;"4/9/2026, 3:13:20 p. m.";Cajero;quote:converted;Sale;"{""saleNumber"":""V-2026-7122"",""wasQuote"":""COT-2026-0001""}"
51813;"4/9/2026, 3:13:20 p. m.";Cajero;cash-session:opened;CashSession;"{""initialCash"":100000}"
51812;"4/9/2026, 3:13:20 p. m.";Cajero;quote:created;Sale;"{""saleNumber"":""COT-2026-0001"",""total"":30832.22,""items"":1}"
51811;"4/9/2026, 3:13:20 p. m.";Cajero;cash-session:closed;CashSession;"{""finalCash"":0,""expectedCash"":177394.82,""difference"":-177394.82}"
51810;"4/9/2026, 3:13:20 p. m.";Cajero;quote:converted;Sale;"{""saleNumber"":""V-2026-7121"",""wasQuote"":""COT-2026-0001""}"
51809;"4/9/2026, 3:13:20 p. m.";Cajero;cash-session:opened;CashSession;"{""initialCash"":100000}"
51808;"4/9/2026, 3:13:20 p. m.";Cajero;quote:created;Sale;"{""saleNumber"":""COT-2026-0001"",""total"":77394.82,""items"":1}"
51807;"4/9/2026, 3:13:20 p. m.";Cajero;cash-session:closed;CashSession;"{""finalCash"":0,""expectedCash"":184051.69,""difference"":-184051.69}"
51806;"4/9/2026, 3:13:20 p. m.";Cajero;quote:converted;Sale;"{""saleNumber"":""V-2026-7120"",""wasQuote"":""COT-2026-0001""}"
51805;"4/9/2026, 3:13:20 p. m.";Cajero;cash-session:opened;CashSession;"{""initialCash"":100000}"
51804;"4/9/2026, 3:13:20 p. m.";Cajero;quote:created;Sale;"{""saleNumber"":""COT-2026-0001"",""total"":84051.69,""items"":1}"
51803;"4/9/2026, 3:13:20 p. m.";Cajero;cash-session:closed;CashSession;"{""finalCash"":0,""expectedCash"":105809.29,""difference"":-105809.29}"
51802;"4/9/2026, 3:13:20 p. m.";Cajero;quote:converted;Sale;"{""saleNumber"":""V-2026-7119"",""wasQuote"":""COT-2026-0001""}"
51801;"4/9/2026, 3:13:20 p. m.";Cajero;cash-session:opened;CashSession;"{""initialCash"":100000}"
51800;"4/9/2026, 3:13:20 p. m.";Cajero;quote:created;Sale;"{""saleNumber"":""COT-2026-0001"",""total"":5809.29,""items"":1}"
51799;"4/9/2026, 3:13:20 p. m.";Cajero;cash-session:closed;CashSession;"{""finalCash"":0,""expectedCash"":142062.8,""difference"":-142062.8}"
51798;"4/9/2026, 3:13:20 p. m.";Cajero;quote:converted;Sale;"{""saleNumber"":""V-2026-7118"",""wasQuote"":""COT-2026-0001""}"
51797;"4/9/2026, 3:13:20 p. m.";Cajero;cash-session:opened;CashSession;"{""initialCash"":100000}"
51796;"4/9/2026, 3:13:20 p. m.";Cajero;quote:created;Sale;"{""saleNumber"":""COT-2026-0001"",""total"":42062.8,""items"":1}"
51795;"4/9/2026, 3:13:20 p. m.";Cajero;cash-session:closed;CashSession;"{""finalCash"":0,""expectedCash"":129959.67,""difference"":-129959.67}"
51794;"4/9/2026, 3:13:20 p. m.";Cajero;quote:converted;Sale;"{""saleNumber"":""V-2026-7117"",""wasQuote"":""COT-2026-0001""}"
51793;"4/9/2026, 3:13:20 p. m.";Cajero;cash-session:opened;CashSession;"{""initialCash"":100000}"
51792;"4/9/2026, 3:13:20 p. m.";Cajero;quote:created;Sale;"{""saleNumber"":""COT-2026-0001"",""total"":29959.67,""items"":1}"
51791;"4/9/2026, 3:13:20 p. m.";Cajero;cash-session:closed;CashSession;"{""finalCash"":0,""expectedCash"":153778.39,""difference"":-153778.39}"
51790;"4/9/2026, 3:13:20 p. m.";Cajero;quote:converted;Sale;"{""saleNumber"":""V-2026-7116"",""wasQuote"":""COT-2026-0001""}"
51789;"4/9/2026, 3:13:20 p. m.";Cajero;cash-session:opened;CashSession;"{""initialCash"":100000}"
51788;"4/9/2026, 3:13:20 p. m.";Cajero;quote:created;Sale;"{""saleNumber"":""COT-2026-0001"",""total"":53778.39,""items"":1}"
51787;"4/9/2026, 3:13:20 p. m.";Cajero;cash-session:closed;CashSession;"{""finalCash"":0,""expectedCash"":135460.8,""difference"":-135460.8}"
51786;"4/9/2026, 3:13:20 p. m.";Cajero;quote:converted;Sale;"{""saleNumber"":""V-2026-7115"",""wasQuote"":""COT-2026-0001""}"
51785;"4/9/2026, 3:13:20 p. m.";Cajero;cash-session:opened;CashSession;"{""initialCash"":100000}"
51784;"4/9/2026, 3:13:20 p. m.";Cajero;quote:created;Sale;"{""saleNumber"":""COT-2026-0001"",""total"":35460.8,""items"":1}"
51783;"4/9/2026, 3:13:20 p. m.";Cajero;cash-session:closed;CashSession;"{""finalCash"":0,""expectedCash"":177197.82,""difference"":-177197.82}"
51782;"4/9/2026, 3:13:20 p. m.";Cajero;quote:converted;Sale;"{""saleNumber"":""V-2026-7114"",""wasQuote"":""COT-2026-0001""}"
51781;"4/9/2026, 3:13:20 p. m.";Cajero;cash-session:opened;CashSession;"{""initialCash"":100000}"
51780;"4/9/2026, 3:13:20 p. m.";Cajero;quote:created;Sale;"{""saleNumber"":""COT-2026-0001"",""total"":77197.82,""items"":1}"
51779;"4/9/2026, 3:13:20 p. m.";Cajero;cash-session:closed;CashSession;"{""finalCash"":0,""expectedCash"":111751.86,""difference"":-111751.86}"
51778;"4/9/2026, 3:13:20 p. m.";Cajero;quote:converted;Sale;"{""saleNumber"":""V-2026-7113"",""wasQuote"":""COT-2026-0001""}"
51777;"4/9/2026, 3:13:20 p. m.";Cajero;cash-session:opened;CashSession;"{""initialCash"":100000}"
51776;"4/9/2026, 3:13:20 p. m.";Cajero;quote:created;Sale;"{""saleNumber"":""COT-2026-0001"",""total"":11751.86,""items"":1}"
51775;"4/9/2026, 3:13:20 p. m.";Cajero;cash-session:closed;CashSession;"{""finalCash"":0,""expectedCash"":123707.95,""difference"":-123707.95}"
51774;"4/9/2026, 3:13:20 p. m.";Cajero;quote:converted;Sale;"{""saleNumber"":""V-2026-7112"",""wasQuote"":""COT-2026-0001""}"
51773;"4/9/2026, 3:13:20 p. m.";Cajero;cash-session:opened;CashSession;"{""initialCash"":100000}"
51772;"4/9/2026, 3:13:20 p. m.";Cajero;quote:created;Sale;"{""saleNumber"":""COT-2026-0001"",""total"":23707.95,""items"":1}"
51771;"4/9/2026, 3:13:20 p. m.";Cajero;cash-session:closed;CashSession;"{""finalCash"":0,""expectedCash"":195937.52000000002,""difference"":-195937.52000000002}"
51770;"4/9/2026, 3:13:20 p. m.";Cajero;quote:converted;Sale;"{""saleNumber"":""V-2026-7111"",""wasQuote"":""COT-2026-0001""}"
51769;"4/9/2026, 3:13:20 p. m.";Cajero;cash-session:opened;CashSession;"{""initialCash"":100000}"
51768;"4/9/2026, 3:13:20 p. m.";Cajero;quote:created;Sale;"{""saleNumber"":""COT-2026-0001"",""total"":95937.52,""items"":1}"
51767;"4/9/2026, 3:13:20 p. m.";Cajero;cash-session:closed;CashSession;"{""finalCash"":0,""expectedCash"":118587.79000000001,""difference"":-118587.79000000001}"
51766;"4/9/2026, 3:13:20 p. m.";Cajero;quote:converted;Sale;"{""saleNumber"":""V-2026-7110"",""wasQuote"":""COT-2026-0001""}"
51765;"4/9/2026, 3:13:20 p. m.";Cajero;cash-session:opened;CashSession;"{""initialCash"":100000}"
51764;"4/9/2026, 3:13:20 p. m.";Cajero;quote:created;Sale;"{""saleNumber"":""COT-2026-0001"",""total"":18587.79,""items"":1}"
51763;"4/9/2026, 3:13:20 p. m.";Cajero;cash-session:closed;CashSession;"{""finalCash"":0,""expectedCash"":100780.77,""difference"":-100780.77}"
51762;"4/9/2026, 3:13:20 p. m.";Cajero;quote:converted;Sale;"{""saleNumber"":""V-2026-7109"",""wasQuote"":""COT-2026-0001""}"
51761;"4/9/2026, 3:13:20 p. m.";Cajero;cash-session:opened;CashSession;"{""initialCash"":100000}"
51760;"4/9/2026, 3:13:20 p. m.";Cajero;quote:created;Sale;"{""saleNumber"":""COT-2026-0001"",""total"":780.77,""items"":1}"
51759;"4/9/2026, 3:13:20 p. m.";Cajero;cash-session:closed;CashSession;"{""finalCash"":0,""expectedCash"":143692.91999999998,""difference"":-143692.91999999998}"
51758;"4/9/2026, 3:13:20 p. m.";Cajero;quote:converted;Sale;"{""saleNumber"":""V-2026-7108"",""wasQuote"":""COT-2026-0001""}"
51757;"4/9/2026, 3:13:20 p. m.";Cajero;cash-session:opened;CashSession;"{""initialCash"":100000}"
51756;"4/9/2026, 3:13:20 p. m.";Cajero;quote:created;Sale;"{""saleNumber"":""COT-2026-0001"",""total"":43692.92,""items"":1}"
51755;"4/9/2026, 3:13:20 p. m.";Cajero;cash-session:closed;CashSession;"{""finalCash"":0,""expectedCash"":108001.08,""difference"":-108001.08}"
51754;"4/9/2026, 3:13:20 p. m.";Cajero;quote:converted;Sale;"{""saleNumber"":""V-2026-7107"",""wasQuote"":""COT-2026-0001""}"
51753;"4/9/2026, 3:13:20 p. m.";Cajero;cash-session:opened;CashSession;"{""initialCash"":100000}"
51752;"4/9/2026, 3:13:20 p. m.";Cajero;quote:created;Sale;"{""saleNumber"":""COT-2026-0001"",""total"":8001.08,""items"":1}"
51751;"4/9/2026, 3:13:20 p. m.";Cajero;cash-session:closed;CashSession;"{""finalCash"":0,""expectedCash"":135641.56,""difference"":-135641.56}"
51750;"4/9/2026, 3:13:20 p. m.";Cajero;quote:converted;Sale;"{""saleNumber"":""V-2026-7106"",""wasQuote"":""COT-2026-0001""}"
51749;"4/9/2026, 3:13:20 p. m.";Cajero;cash-session:opened;CashSession;"{""initialCash"":100000}"
51748;"4/9/2026, 3:13:20 p. m.";Cajero;quote:created;Sale;"{""saleNumber"":""COT-2026-0001"",""total"":35641.56,""items"":1}"
51747;"4/9/2026, 3:13:20 p. m.";Cajero;cash-session:closed;CashSession;"{""finalCash"":0,""expectedCash"":148361.27,""difference"":-148361.27}"
51746;"4/9/2026, 3:13:20 p. m.";Cajero;quote:converted;Sale;"{""saleNumber"":""V-2026-7105"",""wasQuote"":""COT-2026-0001""}"
51745;"4/9/2026, 3:13:20 p. m.";Cajero;cash-session:opened;CashSession;"{""initialCash"":100000}"
51744;"4/9/2026, 3:13:20 p. m.";Cajero;quote:created;Sale;"{""saleNumber"":""COT-2026-0001"",""total"":48361.27,""items"":1}"
51743;"4/9/2026, 3:13:20 p. m.";Cajero;cash-session:closed;CashSession;"{""finalCash"":0,""expectedCash"":139291.19,""difference"":-139291.19}"
51742;"4/9/2026, 3:13:20 p. m.";Cajero;quote:converted;Sale;"{""saleNumber"":""V-2026-7104"",""wasQuote"":""COT-2026-0001""}"
51741;"4/9/2026, 3:13:20 p. m.";Cajero;cash-session:opened;CashSession;"{""initialCash"":100000}"
51740;"4/9/2026, 3:13:20 p. m.";Cajero;quote:created;Sale;"{""saleNumber"":""COT-2026-0001"",""total"":39291.19,""items"":1}"
51739;"4/9/2026, 3:13:20 p. m.";Cajero;cash-session:closed;CashSession;"{""finalCash"":0,""expectedCash"":104528.9,""difference"":-104528.9}"
51738;"4/9/2026, 3:13:20 p. m.";Cajero;quote:converted;Sale;"{""saleNumber"":""V-2026-7103"",""wasQuote"":""COT-2026-0001""}"
51737;"4/9/2026, 3:13:20 p. m.";Cajero;cash-session:opened;CashSession;"{""initialCash"":100000}"
51736;"4/9/2026, 3:13:20 p. m.";Cajero;quote:created;Sale;"{""saleNumber"":""COT-2026-0001"",""total"":4528.9,""items"":1}"
51735;"4/9/2026, 3:13:20 p. m.";Cajero;cash-session:closed;CashSession;"{""finalCash"":0,""expectedCash"":107561,""difference"":-107561}"
51734;"4/9/2026, 3:13:20 p. m.";Cajero;quote:converted;Sale;"{""saleNumber"":""V-2026-7102"",""wasQuote"":""COT-2026-0001""}"
51733;"4/9/2026, 3:13:20 p. m.";Cajero;cash-session:opened;CashSession;"{""initialCash"":100000}"
51732;"4/9/2026, 3:13:20 p. m.";Cajero;quote:created;Sale;"{""saleNumber"":""COT-2026-0001"",""total"":7561,""items"":1}"
51731;"4/9/2026, 3:13:20 p. m.";Cajero;cash-session:closed;CashSession;"{""finalCash"":0,""expectedCash"":141204.49,""difference"":-141204.49}"
51730;"4/9/2026, 3:13:20 p. m.";Cajero;quote:converted;Sale;"{""saleNumber"":""V-2026-7101"",""wasQuote"":""COT-2026-0001""}"
51729;"4/9/2026, 3:13:20 p. m.";Cajero;cash-session:opened;CashSession;"{""initialCash"":100000}"
51728;"4/9/2026, 3:13:20 p. m.";Cajero;quote:created;Sale;"{""saleNumber"":""COT-2026-0001"",""total"":41204.49,""items"":1}"
51727;"4/9/2026, 3:13:20 p. m.";Cajero;cash-session:closed;CashSession;"{""finalCash"":0,""expectedCash"":185582.58000000002,""difference"":-185582.58000000002}"
51726;"4/9/2026, 3:13:20 p. m.";Cajero;quote:converted;Sale;"{""saleNumber"":""V-2026-7100"",""wasQuote"":""COT-2026-0001""}"
51725;"4/9/2026, 3:13:20 p. m.";Cajero;cash-session:opened;CashSession;"{""initialCash"":100000}"
51724;"4/9/2026, 3:13:20 p. m.";Cajero;quote:created;Sale;"{""saleNumber"":""COT-2026-0001"",""total"":85582.58,""items"":1}"
51723;"4/9/2026, 3:13:20 p. m.";Cajero;cash-session:closed;CashSession;"{""finalCash"":0,""expectedCash"":121135.33,""difference"":-121135.33}"
51722;"4/9/2026, 3:13:20 p. m.";Cajero;quote:converted;Sale;"{""saleNumber"":""V-2026-7099"",""wasQuote"":""COT-2026-0001""}"
51721;"4/9/2026, 3:13:20 p. m.";Cajero;cash-session:opened;CashSession;"{""initialCash"":100000}"
51720;"4/9/2026, 3:13:20 p. m.";Cajero;quote:created;Sale;"{""saleNumber"":""COT-2026-0001"",""total"":21135.33,""items"":1}"
51719;"4/9/2026, 3:13:20 p. m.";Cajero;cash-session:closed;CashSession;"{""finalCash"":0,""expectedCash"":111106.49,""difference"":-111106.49}"
51718;"4/9/2026, 3:13:20 p. m.";Cajero;quote:converted;Sale;"{""saleNumber"":""V-2026-7098"",""wasQuote"":""COT-2026-0001""}"
51717;"4/9/2026, 3:13:20 p. m.";Cajero;cash-session:opened;CashSession;"{""initialCash"":100000}"
51716;"4/9/2026, 3:13:20 p. m.";Cajero;quote:created;Sale;"{""saleNumber"":""COT-2026-0001"",""total"":11106.49,""items"":1}"
51715;"4/9/2026, 3:13:20 p. m.";Cajero;cash-session:closed;CashSession;"{""finalCash"":0,""expectedCash"":143175.95,""difference"":-143175.95}"
51714;"4/9/2026, 3:13:20 p. m.";Cajero;quote:converted;Sale;"{""saleNumber"":""V-2026-7097"",""wasQuote"":""COT-2026-0001""}"
51713;"4/9/2026, 3:13:20 p. m.";Cajero;cash-session:opened;CashSession;"{""initialCash"":100000}"
51712;"4/9/2026, 3:13:20 p. m.";Cajero;quote:created;Sale;"{""saleNumber"":""COT-2026-0001"",""total"":43175.95,""items"":1}"
51711;"4/9/2026, 3:13:20 p. m.";Cajero;cash-session:closed;CashSession;"{""finalCash"":0,""expectedCash"":112557.81,""difference"":-112557.81}"
51710;"4/9/2026, 3:13:20 p. m.";Cajero;quote:converted;Sale;"{""saleNumber"":""V-2026-7096"",""wasQuote"":""COT-2026-0001""}"
51709;"4/9/2026, 3:13:20 p. m.";Cajero;cash-session:opened;CashSession;"{""initialCash"":100000}"
51708;"4/9/2026, 3:13:20 p. m.";Cajero;quote:created;Sale;"{""saleNumber"":""COT-2026-0001"",""total"":12557.81,""items"":1}"
51707;"4/9/2026, 3:13:20 p. m.";Cajero;cash-session:closed;CashSession;"{""finalCash"":0,""expectedCash"":135872.32,""difference"":-135872.32}"
51706;"4/9/2026, 3:13:20 p. m.";Cajero;quote:converted;Sale;"{""saleNumber"":""V-2026-7095"",""wasQuote"":""COT-2026-0001""}"
51705;"4/9/2026, 3:13:20 p. m.";Cajero;cash-session:opened;CashSession;"{""initialCash"":100000}"
51704;"4/9/2026, 3:13:20 p. m.";Cajero;quote:created;Sale;"{""saleNumber"":""COT-2026-0001"",""total"":35872.32,""items"":1}"
51703;"4/9/2026, 3:13:20 p. m.";Cajero;cash-session:closed;CashSession;"{""finalCash"":0,""expectedCash"":103739.49,""difference"":-103739.49}"
51702;"4/9/2026, 3:13:20 p. m.";Cajero;quote:converted;Sale;"{""saleNumber"":""V-2026-7094"",""wasQuote"":""COT-2026-0001""}"
51701;"4/9/2026, 3:13:20 p. m.";Cajero;cash-session:opened;CashSession;"{""initialCash"":100000}"
51700;"4/9/2026, 3:13:20 p. m.";Cajero;quote:created;Sale;"{""saleNumber"":""COT-2026-0001"",""total"":3739.49,""items"":1}"
51699;"4/9/2026, 3:13:20 p. m.";Cajero;cash-session:closed;CashSession;"{""finalCash"":0,""expectedCash"":134216.23,""difference"":-134216.23}"
51698;"4/9/2026, 3:13:20 p. m.";Cajero;quote:converted;Sale;"{""saleNumber"":""V-2026-7093"",""wasQuote"":""COT-2026-0001""}"
51697;"4/9/2026, 3:13:20 p. m.";Cajero;cash-session:opened;CashSession;"{""initialCash"":100000}"
51696;"4/9/2026, 3:13:20 p. m.";Cajero;quote:created;Sale;"{""saleNumber"":""COT-2026-0001"",""total"":34216.23,""items"":1}"
51695;"4/9/2026, 3:13:20 p. m.";Cajero;cash-session:closed;CashSession;"{""finalCash"":0,""expectedCash"":172179.08000000002,""difference"":-172179.08000000002}"
51694;"4/9/2026, 3:13:20 p. m.";Cajero;quote:converted;Sale;"{""saleNumber"":""V-2026-7092"",""wasQuote"":""COT-2026-0001""}"
51693;"4/9/2026, 3:13:20 p. m.";Cajero;cash-session:opened;CashSession;"{""initialCash"":100000}"
51692;"4/9/2026, 3:13:20 p. m.";Cajero;quote:created;Sale;"{""saleNumber"":""COT-2026-0001"",""total"":72179.08,""items"":1}"
51691;"4/9/2026, 3:13:20 p. m.";Cajero;cash-session:closed;CashSession;"{""finalCash"":0,""expectedCash"":138506.29,""difference"":-138506.29}"
51690;"4/9/2026, 3:13:20 p. m.";Cajero;quote:converted;Sale;"{""saleNumber"":""V-2026-7091"",""wasQuote"":""COT-2026-0001""}"
51689;"4/9/2026, 3:13:20 p. m.";Cajero;cash-session:opened;CashSession;"{""initialCash"":100000}"
51688;"4/9/2026, 3:13:20 p. m.";Cajero;quote:created;Sale;"{""saleNumber"":""COT-2026-0001"",""total"":38506.29,""items"":1}"
51687;"4/9/2026, 3:13:20 p. m.";Cajero;cash-session:closed;CashSession;"{""finalCash"":0,""expectedCash"":123707.95,""difference"":-123707.95}"
51686;"4/9/2026, 3:13:20 p. m.";Cajero;quote:converted;Sale;"{""saleNumber"":""V-2026-7090"",""wasQuote"":""COT-2026-0001""}"
51685;"4/9/2026, 3:13:20 p. m.";Cajero;cash-session:opened;CashSession;"{""initialCash"":100000}"
51684;"4/9/2026, 3:13:20 p. m.";Cajero;quote:created;Sale;"{""saleNumber"":""COT-2026-0001"",""total"":23707.95,""items"":1}"
51683;"4/9/2026, 3:13:20 p. m.";Cajero;cash-session:closed;CashSession;"{""finalCash"":0,""expectedCash"":103467.52,""difference"":-103467.52}"
51682;"4/9/2026, 3:13:20 p. m.";Cajero;quote:converted;Sale;"{""saleNumber"":""V-2026-7089"",""wasQuote"":""COT-2026-0001""}"
51681;"4/9/2026, 3:13:20 p. m.";Cajero;cash-session:opened;CashSession;"{""initialCash"":100000}"
51680;"4/9/2026, 3:13:20 p. m.";Cajero;quote:created;Sale;"{""saleNumber"":""COT-2026-0001"",""total"":3467.52,""items"":1}"
51679;"4/9/2026, 3:13:20 p. m.";Cajero;cash-session:closed;CashSession;"{""finalCash"":0,""expectedCash"":132317.19,""difference"":-132317.19}"
51678;"4/9/2026, 3:13:20 p. m.";Cajero;quote:converted;Sale;"{""saleNumber"":""V-2026-7088"",""wasQuote"":""COT-2026-0001""}"
51677;"4/9/2026, 3:13:19 p. m.";Cajero;cash-session:opened;CashSession;"{""initialCash"":100000}"
51676;"4/9/2026, 3:13:19 p. m.";Cajero;quote:created;Sale;"{""saleNumber"":""COT-2026-0001"",""total"":32317.19,""items"":1}"
51675;"4/9/2026, 3:13:19 p. m.";Cajero;cash-session:closed;CashSession;"{""finalCash"":0,""expectedCash"":140942.66,""difference"":-140942.66}"
51674;"4/9/2026, 3:13:19 p. m.";Cajero;quote:converted;Sale;"{""saleNumber"":""V-2026-7087"",""wasQuote"":""COT-2026-0001""}"
51673;"4/9/2026, 3:13:19 p. m.";Cajero;cash-session:opened;CashSession;"{""initialCash"":100000}"
51672;"4/9/2026, 3:13:19 p. m.";Cajero;quote:created;Sale;"{""saleNumber"":""COT-2026-0001"",""total"":40942.66,""items"":1}"
51671;"4/9/2026, 3:13:19 p. m.";Cajero;cash-session:closed;CashSession;"{""finalCash"":0,""expectedCash"":109994.53,""difference"":-109994.53}"
51670;"4/9/2026, 3:13:19 p. m.";Cajero;quote:converted;Sale;"{""saleNumber"":""V-2026-7086"",""wasQuote"":""COT-2026-0001""}"
51669;"4/9/2026, 3:13:19 p. m.";Cajero;cash-session:opened;CashSession;"{""initialCash"":100000}"
51668;"4/9/2026, 3:13:19 p. m.";Cajero;quote:created;Sale;"{""saleNumber"":""COT-2026-0001"",""total"":9994.53,""items"":1}"
51667;"4/9/2026, 3:13:19 p. m.";Cajero;cash-session:closed;CashSession;"{""finalCash"":0,""expectedCash"":145285.04,""difference"":-145285.04}"
51666;"4/9/2026, 3:13:19 p. m.";Cajero;quote:converted;Sale;"{""saleNumber"":""V-2026-7085"",""wasQuote"":""COT-2026-0001""}"
51665;"4/9/2026, 3:13:19 p. m.";Cajero;cash-session:opened;CashSession;"{""initialCash"":100000}"
51664;"4/9/2026, 3:13:19 p. m.";Cajero;quote:created;Sale;"{""saleNumber"":""COT-2026-0001"",""total"":45285.04,""items"":1}"
51663;"4/9/2026, 3:13:19 p. m.";Cajero;cash-session:closed;CashSession;"{""finalCash"":0,""expectedCash"":143758.25,""difference"":-143758.25}"
51662;"4/9/2026, 3:13:19 p. m.";Cajero;quote:converted;Sale;"{""saleNumber"":""V-2026-7084"",""wasQuote"":""COT-2026-0001""}"
51661;"4/9/2026, 3:13:19 p. m.";Cajero;cash-session:opened;CashSession;"{""initialCash"":100000}"
51660;"4/9/2026, 3:13:19 p. m.";Cajero;quote:created;Sale;"{""saleNumber"":""COT-2026-0001"",""total"":43758.25,""items"":1}"
51659;"4/9/2026, 3:13:19 p. m.";Cajero;cash-session:closed;CashSession;"{""finalCash"":0,""expectedCash"":105445.39,""difference"":-105445.39}"
51658;"4/9/2026, 3:13:19 p. m.";Cajero;quote:converted;Sale;"{""saleNumber"":""V-2026-7083"",""wasQuote"":""COT-2026-0001""}"
51657;"4/9/2026, 3:13:19 p. m.";Cajero;cash-session:opened;CashSession;"{""initialCash"":100000}"
51656;"4/9/2026, 3:13:19 p. m.";Cajero;quote:created;Sale;"{""saleNumber"":""COT-2026-0001"",""total"":5445.39,""items"":1}"
51655;"4/9/2026, 3:13:19 p. m.";Cajero;cash-session:closed;CashSession;"{""finalCash"":0,""expectedCash"":105116.59,""difference"":-105116.59}"
51654;"4/9/2026, 3:13:19 p. m.";Cajero;quote:converted;Sale;"{""saleNumber"":""V-2026-7082"",""wasQuote"":""COT-2026-0001""}"
51653;"4/9/2026, 3:13:19 p. m.";Cajero;cash-session:opened;CashSession;"{""initialCash"":100000}"
51652;"4/9/2026, 3:13:19 p. m.";Cajero;quote:created;Sale;"{""saleNumber"":""COT-2026-0001"",""total"":5116.59,""items"":1}"
51651;"4/9/2026, 3:13:19 p. m.";Cajero;cash-session:closed;CashSession;"{""finalCash"":0,""expectedCash"":130431.47,""difference"":-130431.47}"
51650;"4/9/2026, 3:13:19 p. m.";Cajero;quote:converted;Sale;"{""saleNumber"":""V-2026-7081"",""wasQuote"":""COT-2026-0001""}"
51649;"4/9/2026, 3:13:19 p. m.";Cajero;cash-session:opened;CashSession;"{""initialCash"":100000}"
51648;"4/9/2026, 3:13:19 p. m.";Cajero;quote:created;Sale;"{""saleNumber"":""COT-2026-0001"",""total"":30431.47,""items"":1}"
51647;"4/9/2026, 3:13:19 p. m.";Cajero;cash-session:closed;CashSession;"{""finalCash"":0,""expectedCash"":170471.59,""difference"":-170471.59}"
51646;"4/9/2026, 3:13:19 p. m.";Cajero;quote:converted;Sale;"{""saleNumber"":""V-2026-7080"",""wasQuote"":""COT-2026-0001""}"
51645;"4/9/2026, 3:13:19 p. m.";Cajero;cash-session:opened;CashSession;"{""initialCash"":100000}"
51644;"4/9/2026, 3:13:19 p. m.";Cajero;quote:created;Sale;"{""saleNumber"":""COT-2026-0001"",""total"":70471.59,""items"":1}"
51643;"4/9/2026, 3:13:19 p. m.";Cajero;cash-session:closed;CashSession;"{""finalCash"":0,""expectedCash"":124803.03,""difference"":-124803.03}"
51642;"4/9/2026, 3:13:19 p. m.";Cajero;quote:converted;Sale;"{""saleNumber"":""V-2026-7079"",""wasQuote"":""COT-2026-0001""}"
51641;"4/9/2026, 3:13:19 p. m.";Cajero;cash-session:opened;CashSession;"{""initialCash"":100000}"
51640;"4/9/2026, 3:13:19 p. m.";Cajero;quote:created;Sale;"{""saleNumber"":""COT-2026-0001"",""total"":24803.03,""items"":1}"
51639;"4/9/2026, 3:13:19 p. m.";Cajero;cash-session:closed;CashSession;"{""finalCash"":0,""expectedCash"":100958.25,""difference"":-100958.25}"
51638;"4/9/2026, 3:13:19 p. m.";Cajero;quote:converted;Sale;"{""saleNumber"":""V-2026-7078"",""wasQuote"":""COT-2026-0001""}"
51637;"4/9/2026, 3:13:19 p. m.";Cajero;cash-session:opened;CashSession;"{""initialCash"":100000}"
51636;"4/9/2026, 3:13:19 p. m.";Cajero;quote:created;Sale;"{""saleNumber"":""COT-2026-0001"",""total"":958.25,""items"":1}"
51635;"4/9/2026, 3:13:19 p. m.";Cajero;cash-session:closed;CashSession;"{""finalCash"":0,""expectedCash"":114181.72,""difference"":-114181.72}"
51634;"4/9/2026, 3:13:19 p. m.";Cajero;quote:converted;Sale;"{""saleNumber"":""V-2026-7077"",""wasQuote"":""COT-2026-0001""}"
51633;"4/9/2026, 3:13:19 p. m.";Cajero;cash-session:opened;CashSession;"{""initialCash"":100000}"
51632;"4/9/2026, 3:13:19 p. m.";Cajero;quote:created;Sale;"{""saleNumber"":""COT-2026-0001"",""total"":14181.72,""items"":1}"
51631;"4/9/2026, 3:13:19 p. m.";Cajero;cash-session:closed;CashSession;"{""finalCash"":0,""expectedCash"":144535.86,""difference"":-144535.86}"
51630;"4/9/2026, 3:13:19 p. m.";Cajero;quote:converted;Sale;"{""saleNumber"":""V-2026-7076"",""wasQuote"":""COT-2026-0001""}"
51629;"4/9/2026, 3:13:19 p. m.";Cajero;cash-session:opened;CashSession;"{""initialCash"":100000}"
51628;"4/9/2026, 3:13:19 p. m.";Cajero;quote:created;Sale;"{""saleNumber"":""COT-2026-0001"",""total"":44535.86,""items"":1}"
51627;"4/9/2026, 3:13:19 p. m.";Cajero;cash-session:closed;CashSession;"{""finalCash"":0,""expectedCash"":111214.67,""difference"":-111214.67}"
51626;"4/9/2026, 3:13:19 p. m.";Cajero;quote:converted;Sale;"{""saleNumber"":""V-2026-7075"",""wasQuote"":""COT-2026-0001""}"
51625;"4/9/2026, 3:13:19 p. m.";Cajero;cash-session:opened;CashSession;"{""initialCash"":100000}"
51624;"4/9/2026, 3:13:19 p. m.";Cajero;quote:created;Sale;"{""saleNumber"":""COT-2026-0001"",""total"":11214.67,""items"":1}"
51623;"4/9/2026, 3:13:19 p. m.";Cajero;cash-session:closed;CashSession;"{""finalCash"":0,""expectedCash"":130579.59,""difference"":-130579.59}"
51622;"4/9/2026, 3:13:19 p. m.";Cajero;quote:converted;Sale;"{""saleNumber"":""V-2026-7074"",""wasQuote"":""COT-2026-0001""}"
51621;"4/9/2026, 3:13:19 p. m.";Cajero;cash-session:opened;CashSession;"{""initialCash"":100000}"
51620;"4/9/2026, 3:13:19 p. m.";Cajero;quote:created;Sale;"{""saleNumber"":""COT-2026-0001"",""total"":30579.59,""items"":1}"
51619;"4/9/2026, 3:13:19 p. m.";Cajero;cash-session:closed;CashSession;"{""finalCash"":0,""expectedCash"":169953.58000000002,""difference"":-169953.58000000002}"
51618;"4/9/2026, 3:13:19 p. m.";Cajero;quote:converted;Sale;"{""saleNumber"":""V-2026-7073"",""wasQuote"":""COT-2026-0001""}"
51617;"4/9/2026, 3:13:19 p. m.";Cajero;cash-session:opened;CashSession;"{""initialCash"":100000}"
51616;"4/9/2026, 3:13:19 p. m.";Cajero;quote:created;Sale;"{""saleNumber"":""COT-2026-0001"",""total"":69953.58,""items"":1}"
51615;"4/9/2026, 3:13:19 p. m.";Cajero;cash-session:closed;CashSession;"{""finalCash"":0,""expectedCash"":140897.99,""difference"":-140897.99}"
51614;"4/9/2026, 3:13:19 p. m.";Cajero;quote:converted;Sale;"{""saleNumber"":""V-2026-7072"",""wasQuote"":""COT-2026-0001""}"
51613;"4/9/2026, 3:13:19 p. m.";Cajero;cash-session:opened;CashSession;"{""initialCash"":100000}"
51612;"4/9/2026, 3:13:19 p. m.";Cajero;quote:created;Sale;"{""saleNumber"":""COT-2026-0001"",""total"":40897.99,""items"":1}"
51611;"4/9/2026, 3:13:19 p. m.";Cajero;cash-session:closed;CashSession;"{""finalCash"":0,""expectedCash"":112093.4,""difference"":-112093.4}"
51610;"4/9/2026, 3:13:19 p. m.";Cajero;quote:converted;Sale;"{""saleNumber"":""V-2026-7071"",""wasQuote"":""COT-2026-0001""}"
51609;"4/9/2026, 3:13:19 p. m.";Cajero;cash-session:opened;CashSession;"{""initialCash"":100000}"
51608;"4/9/2026, 3:13:19 p. m.";Cajero;quote:created;Sale;"{""saleNumber"":""COT-2026-0001"",""total"":12093.4,""items"":1}"
51607;"4/9/2026, 3:13:19 p. m.";Cajero;cash-session:closed;CashSession;"{""finalCash"":0,""expectedCash"":128367.54000000001,""difference"":-128367.54000000001}"
51606;"4/9/2026, 3:13:19 p. m.";Cajero;quote:converted;Sale;"{""saleNumber"":""V-2026-7070"",""wasQuote"":""COT-2026-0001""}"
51605;"4/9/2026, 3:13:19 p. m.";Cajero;cash-session:opened;CashSession;"{""initialCash"":100000}"
51604;"4/9/2026, 3:13:19 p. m.";Cajero;quote:created;Sale;"{""saleNumber"":""COT-2026-0001"",""total"":28367.54,""items"":1}"
51603;"4/9/2026, 3:13:19 p. m.";Cajero;cash-session:closed;CashSession;"{""finalCash"":0,""expectedCash"":117997.09,""difference"":-117997.09}"
51602;"4/9/2026, 3:13:19 p. m.";Cajero;quote:converted;Sale;"{""saleNumber"":""V-2026-7069"",""wasQuote"":""COT-2026-0001""}"
51601;"4/9/2026, 3:13:19 p. m.";Cajero;cash-session:opened;CashSession;"{""initialCash"":100000}"
51600;"4/9/2026, 3:13:19 p. m.";Cajero;quote:created;Sale;"{""saleNumber"":""COT-2026-0001"",""total"":17997.09,""items"":1}"
51599;"4/9/2026, 3:13:19 p. m.";Cajero;cash-session:closed;CashSession;"{""finalCash"":0,""expectedCash"":151502.62,""difference"":-151502.62}"
51598;"4/9/2026, 3:13:19 p. m.";Cajero;quote:converted;Sale;"{""saleNumber"":""V-2026-7068"",""wasQuote"":""COT-2026-0001""}"
51597;"4/9/2026, 3:13:19 p. m.";Cajero;cash-session:opened;CashSession;"{""initialCash"":100000}"
51596;"4/9/2026, 3:13:19 p. m.";Cajero;quote:created;Sale;"{""saleNumber"":""COT-2026-0001"",""total"":51502.62,""items"":1}"
51595;"4/9/2026, 3:13:19 p. m.";Cajero;cash-session:closed;CashSession;"{""finalCash"":0,""expectedCash"":115358.54000000001,""difference"":-115358.54000000001}"
51594;"4/9/2026, 3:13:19 p. m.";Cajero;quote:converted;Sale;"{""saleNumber"":""V-2026-7067"",""wasQuote"":""COT-2026-0001""}"
51593;"4/9/2026, 3:13:19 p. m.";Cajero;cash-session:opened;CashSession;"{""initialCash"":100000}"
51592;"4/9/2026, 3:13:19 p. m.";Cajero;quote:created;Sale;"{""saleNumber"":""COT-2026-0001"",""total"":15358.54,""items"":1}"
51591;"4/9/2026, 3:13:19 p. m.";Cajero;cash-session:closed;CashSession;"{""finalCash"":0,""expectedCash"":145790.27,""difference"":-145790.27}"
51590;"4/9/2026, 3:13:19 p. m.";Cajero;quote:converted;Sale;"{""saleNumber"":""V-2026-7066"",""wasQuote"":""COT-2026-0001""}"
51589;"4/9/2026, 3:13:19 p. m.";Cajero;cash-session:opened;CashSession;"{""initialCash"":100000}"
51588;"4/9/2026, 3:13:19 p. m.";Cajero;quote:created;Sale;"{""saleNumber"":""COT-2026-0001"",""total"":45790.27,""items"":1}"
51587;"4/9/2026, 3:13:19 p. m.";Cajero;cash-session:closed;CashSession;"{""finalCash"":0,""expectedCash"":196759.14,""difference"":-196759.14}"
51586;"4/9/2026, 3:13:19 p. m.";Cajero;quote:converted;Sale;"{""saleNumber"":""V-2026-7065"",""wasQuote"":""COT-2026-0001""}"
51585;"4/9/2026, 3:13:19 p. m.";Cajero;cash-session:opened;CashSession;"{""initialCash"":100000}"
51584;"4/9/2026, 3:13:19 p. m.";Cajero;quote:created;Sale;"{""saleNumber"":""COT-2026-0001"",""total"":96759.14,""items"":1}"
51583;"4/9/2026, 3:13:19 p. m.";Cajero;cash-session:closed;CashSession;"{""finalCash"":0,""expectedCash"":109624.02,""difference"":-109624.02}"
51582;"4/9/2026, 3:13:19 p. m.";Cajero;quote:converted;Sale;"{""saleNumber"":""V-2026-7064"",""wasQuote"":""COT-2026-0001""}"
51581;"4/9/2026, 3:13:19 p. m.";Cajero;cash-session:opened;CashSession;"{""initialCash"":100000}"
51580;"4/9/2026, 3:13:19 p. m.";Cajero;quote:created;Sale;"{""saleNumber"":""COT-2026-0001"",""total"":9624.02,""items"":1}"
51579;"4/9/2026, 3:13:19 p. m.";Cajero;cash-session:closed;CashSession;"{""finalCash"":0,""expectedCash"":146978.73,""difference"":-146978.73}"
51578;"4/9/2026, 3:13:19 p. m.";Cajero;quote:converted;Sale;"{""saleNumber"":""V-2026-7063"",""wasQuote"":""COT-2026-0001""}"
51577;"4/9/2026, 3:13:19 p. m.";Cajero;cash-session:opened;CashSession;"{""initialCash"":100000}"
51576;"4/9/2026, 3:13:19 p. m.";Cajero;quote:created;Sale;"{""saleNumber"":""COT-2026-0001"",""total"":46978.73,""items"":1}"
51575;"4/9/2026, 3:13:19 p. m.";Cajero;cash-session:closed;CashSession;"{""finalCash"":0,""expectedCash"":113955.93,""difference"":-113955.93}"
51574;"4/9/2026, 3:13:19 p. m.";Cajero;quote:converted;Sale;"{""saleNumber"":""V-2026-7062"",""wasQuote"":""COT-2026-0001""}"
51573;"4/9/2026, 3:13:19 p. m.";Cajero;cash-session:opened;CashSession;"{""initialCash"":100000}"
51572;"4/9/2026, 3:13:19 p. m.";Cajero;quote:created;Sale;"{""saleNumber"":""COT-2026-0001"",""total"":13955.93,""items"":1}"
51571;"4/9/2026, 3:13:19 p. m.";Cajero;cash-session:closed;CashSession;"{""finalCash"":0,""expectedCash"":148162.2,""difference"":-148162.2}"
51570;"4/9/2026, 3:13:19 p. m.";Cajero;quote:converted;Sale;"{""saleNumber"":""V-2026-7061"",""wasQuote"":""COT-2026-0001""}"
51569;"4/9/2026, 3:13:19 p. m.";Cajero;cash-session:opened;CashSession;"{""initialCash"":100000}"
51568;"4/9/2026, 3:13:19 p. m.";Cajero;quote:created;Sale;"{""saleNumber"":""COT-2026-0001"",""total"":48162.2,""items"":1}"
51567;"4/9/2026, 3:13:19 p. m.";Cajero;cash-session:closed;CashSession;"{""finalCash"":0,""expectedCash"":116785.17,""difference"":-116785.17}"
51566;"4/9/2026, 3:13:19 p. m.";Cajero;quote:converted;Sale;"{""saleNumber"":""V-2026-7060"",""wasQuote"":""COT-2026-0001""}"
51565;"4/9/2026, 3:13:19 p. m.";Cajero;cash-session:opened;CashSession;"{""initialCash"":100000}"
51564;"4/9/2026, 3:13:19 p. m.";Cajero;quote:created;Sale;"{""saleNumber"":""COT-2026-0001"",""total"":16785.17,""items"":1}"
51563;"4/9/2026, 3:13:19 p. m.";Cajero;cash-session:closed;CashSession;"{""finalCash"":0,""expectedCash"":119982.99,""difference"":-119982.99}"
51562;"4/9/2026, 3:13:19 p. m.";Cajero;quote:converted;Sale;"{""saleNumber"":""V-2026-7059"",""wasQuote"":""COT-2026-0001""}"
51561;"4/9/2026, 3:13:19 p. m.";Cajero;cash-session:opened;CashSession;"{""initialCash"":100000}"
51560;"4/9/2026, 3:13:19 p. m.";Cajero;quote:created;Sale;"{""saleNumber"":""COT-2026-0001"",""total"":19982.99,""items"":1}"
51559;"4/9/2026, 3:13:19 p. m.";Cajero;cash-session:closed;CashSession;"{""finalCash"":0,""expectedCash"":145638.46,""difference"":-145638.46}"
51558;"4/9/2026, 3:13:19 p. m.";Cajero;quote:converted;Sale;"{""saleNumber"":""V-2026-7058"",""wasQuote"":""COT-2026-0001""}"
51557;"4/9/2026, 3:13:19 p. m.";Cajero;cash-session:opened;CashSession;"{""initialCash"":100000}"
51556;"4/9/2026, 3:13:19 p. m.";Cajero;quote:created;Sale;"{""saleNumber"":""COT-2026-0001"",""total"":45638.46,""items"":1}"
51555;"4/9/2026, 3:13:19 p. m.";Cajero;cash-session:closed;CashSession;"{""finalCash"":0,""expectedCash"":102255.87,""difference"":-102255.87}"
51554;"4/9/2026, 3:13:19 p. m.";Cajero;quote:converted;Sale;"{""saleNumber"":""V-2026-7057"",""wasQuote"":""COT-2026-0001""}"
51553;"4/9/2026, 3:13:19 p. m.";Cajero;cash-session:opened;CashSession;"{""initialCash"":100000}"
51552;"4/9/2026, 3:13:19 p. m.";Cajero;quote:created;Sale;"{""saleNumber"":""COT-2026-0001"",""total"":2255.87,""items"":1}"
51551;"4/9/2026, 3:13:19 p. m.";Cajero;cash-session:closed;CashSession;"{""finalCash"":0,""expectedCash"":142978.05,""difference"":-142978.05}"
51550;"4/9/2026, 3:13:19 p. m.";Cajero;quote:converted;Sale;"{""saleNumber"":""V-2026-7056"",""wasQuote"":""COT-2026-0001""}"
51549;"4/9/2026, 3:13:19 p. m.";Cajero;cash-session:opened;CashSession;"{""initialCash"":100000}"
51548;"4/9/2026, 3:13:19 p. m.";Cajero;quote:created;Sale;"{""saleNumber"":""COT-2026-0001"",""total"":42978.05,""items"":1}"
51547;"4/9/2026, 3:13:19 p. m.";Cajero;cash-session:closed;CashSession;"{""finalCash"":0,""expectedCash"":198280.25,""difference"":-198280.25}"
51546;"4/9/2026, 3:13:19 p. m.";Cajero;quote:converted;Sale;"{""saleNumber"":""V-2026-7055"",""wasQuote"":""COT-2026-0001""}"
51545;"4/9/2026, 3:13:19 p. m.";Cajero;cash-session:opened;CashSession;"{""initialCash"":100000}"
51544;"4/9/2026, 3:13:19 p. m.";Cajero;quote:created;Sale;"{""saleNumber"":""COT-2026-0001"",""total"":98280.25,""items"":1}"
51543;"4/9/2026, 3:13:19 p. m.";Cajero;cash-session:closed;CashSession;"{""finalCash"":0,""expectedCash"":111056.76,""difference"":-111056.76}"
51542;"4/9/2026, 3:13:19 p. m.";Cajero;quote:converted;Sale;"{""saleNumber"":""V-2026-7054"",""wasQuote"":""COT-2026-0001""}"
51541;"4/9/2026, 3:13:19 p. m.";Cajero;cash-session:opened;CashSession;"{""initialCash"":100000}"
51540;"4/9/2026, 3:13:19 p. m.";Cajero;quote:created;Sale;"{""saleNumber"":""COT-2026-0001"",""total"":11056.76,""items"":1}"
51539;"4/9/2026, 3:13:19 p. m.";Cajero;cash-session:closed;CashSession;"{""finalCash"":0,""expectedCash"":120733.49,""difference"":-120733.49}"
51538;"4/9/2026, 3:13:19 p. m.";Cajero;quote:converted;Sale;"{""saleNumber"":""V-2026-7053"",""wasQuote"":""COT-2026-0001""}"
51537;"4/9/2026, 3:13:19 p. m.";Cajero;cash-session:opened;CashSession;"{""initialCash"":100000}"
51536;"4/9/2026, 3:13:19 p. m.";Cajero;quote:created;Sale;"{""saleNumber"":""COT-2026-0001"",""total"":20733.49,""items"":1}"
51535;"4/9/2026, 3:13:19 p. m.";Cajero;cash-session:closed;CashSession;"{""finalCash"":0,""expectedCash"":131935.88,""difference"":-131935.88}"
51534;"4/9/2026, 3:13:19 p. m.";Cajero;quote:converted;Sale;"{""saleNumber"":""V-2026-7052"",""wasQuote"":""COT-2026-0001""}"
51533;"4/9/2026, 3:13:19 p. m.";Cajero;cash-session:opened;CashSession;"{""initialCash"":100000}"
51532;"4/9/2026, 3:13:19 p. m.";Cajero;quote:created;Sale;"{""saleNumber"":""COT-2026-0001"",""total"":31935.88,""items"":1}"
51531;"4/9/2026, 3:13:19 p. m.";Cajero;cash-session:closed;CashSession;"{""finalCash"":0,""expectedCash"":102863.7,""difference"":-102863.7}"
51530;"4/9/2026, 3:13:19 p. m.";Cajero;quote:converted;Sale;"{""saleNumber"":""V-2026-7051"",""wasQuote"":""COT-2026-0001""}"
51529;"4/9/2026, 3:13:19 p. m.";Cajero;cash-session:opened;CashSession;"{""initialCash"":100000}"
51528;"4/9/2026, 3:13:19 p. m.";Cajero;quote:created;Sale;"{""saleNumber"":""COT-2026-0001"",""total"":2863.7,""items"":1}"
51527;"4/9/2026, 3:13:19 p. m.";Cajero;cash-session:closed;CashSession;"{""finalCash"":0,""expectedCash"":116435.15,""difference"":-116435.15}"
51526;"4/9/2026, 3:13:19 p. m.";Cajero;quote:converted;Sale;"{""saleNumber"":""V-2026-7050"",""wasQuote"":""COT-2026-0001""}"
51525;"4/9/2026, 3:13:19 p. m.";Cajero;cash-session:opened;CashSession;"{""initialCash"":100000}"
51524;"4/9/2026, 3:13:19 p. m.";Cajero;quote:created;Sale;"{""saleNumber"":""COT-2026-0001"",""total"":16435.15,""items"":1}"
51523;"4/9/2026, 3:13:19 p. m.";Cajero;cash-session:closed;CashSession;"{""finalCash"":0,""expectedCash"":166461.38,""difference"":-166461.38}"
51522;"4/9/2026, 3:13:19 p. m.";Cajero;quote:converted;Sale;"{""saleNumber"":""V-2026-7049"",""wasQuote"":""COT-2026-0001""}"
51521;"4/9/2026, 3:13:19 p. m.";Cajero;cash-session:opened;CashSession;"{""initialCash"":100000}"
51520;"4/9/2026, 3:13:19 p. m.";Cajero;quote:created;Sale;"{""saleNumber"":""COT-2026-0001"",""total"":66461.38,""items"":1}"
51519;"4/9/2026, 3:13:19 p. m.";Cajero;cash-session:closed;CashSession;"{""finalCash"":0,""expectedCash"":116066.75,""difference"":-116066.75}"
51518;"4/9/2026, 3:13:19 p. m.";Cajero;quote:converted;Sale;"{""saleNumber"":""V-2026-7048"",""wasQuote"":""COT-2026-0001""}"
51517;"4/9/2026, 3:13:19 p. m.";Cajero;cash-session:opened;CashSession;"{""initialCash"":100000}"
51516;"4/9/2026, 3:13:19 p. m.";Cajero;quote:created;Sale;"{""saleNumber"":""COT-2026-0001"",""total"":16066.75,""items"":1}"
51515;"4/9/2026, 3:13:19 p. m.";Cajero;cash-session:closed;CashSession;"{""finalCash"":0,""expectedCash"":128260.03,""difference"":-128260.03}"
51514;"4/9/2026, 3:13:19 p. m.";Cajero;quote:converted;Sale;"{""saleNumber"":""V-2026-7047"",""wasQuote"":""COT-2026-0001""}"
51513;"4/9/2026, 3:13:19 p. m.";Cajero;cash-session:opened;CashSession;"{""initialCash"":100000}"
51512;"4/9/2026, 3:13:19 p. m.";Cajero;quote:created;Sale;"{""saleNumber"":""COT-2026-0001"",""total"":28260.03,""items"":1}"
51511;"4/9/2026, 3:13:19 p. m.";Cajero;cash-session:closed;CashSession;"{""finalCash"":0,""expectedCash"":152714.55,""difference"":-152714.55}"
51510;"4/9/2026, 3:13:19 p. m.";Cajero;quote:converted;Sale;"{""saleNumber"":""V-2026-7046"",""wasQuote"":""COT-2026-0001""}"
51509;"4/9/2026, 3:13:19 p. m.";Cajero;cash-session:opened;CashSession;"{""initialCash"":100000}"
51508;"4/9/2026, 3:13:19 p. m.";Cajero;quote:created;Sale;"{""saleNumber"":""COT-2026-0001"",""total"":52714.55,""items"":1}"
51507;"4/9/2026, 3:13:19 p. m.";Cajero;cash-session:closed;CashSession;"{""finalCash"":0,""expectedCash"":126655.4,""difference"":-126655.4}"
51506;"4/9/2026, 3:13:19 p. m.";Cajero;quote:converted;Sale;"{""saleNumber"":""V-2026-7045"",""wasQuote"":""COT-2026-0001""}"
51505;"4/9/2026, 3:13:19 p. m.";Cajero;cash-session:opened;CashSession;"{""initialCash"":100000}"
51504;"4/9/2026, 3:13:19 p. m.";Cajero;quote:created;Sale;"{""saleNumber"":""COT-2026-0001"",""total"":26655.4,""items"":1}"
51503;"4/9/2026, 3:13:19 p. m.";Cajero;cash-session:closed;CashSession;"{""finalCash"":0,""expectedCash"":158945.98,""difference"":-158945.98}"
51502;"4/9/2026, 3:13:19 p. m.";Cajero;quote:converted;Sale;"{""saleNumber"":""V-2026-7044"",""wasQuote"":""COT-2026-0001""}"
51501;"4/9/2026, 3:13:19 p. m.";Cajero;cash-session:opened;CashSession;"{""initialCash"":100000}"
51500;"4/9/2026, 3:13:19 p. m.";Cajero;quote:created;Sale;"{""saleNumber"":""COT-2026-0001"",""total"":58945.98,""items"":1}"
51499;"4/9/2026, 3:13:19 p. m.";Cajero;cash-session:closed;CashSession;"{""finalCash"":0,""expectedCash"":130119.26,""difference"":-130119.26}"
51498;"4/9/2026, 3:13:19 p. m.";Cajero;quote:converted;Sale;"{""saleNumber"":""V-2026-7043"",""wasQuote"":""COT-2026-0001""}"
51497;"4/9/2026, 3:13:19 p. m.";Cajero;cash-session:opened;CashSession;"{""initialCash"":100000}"
51496;"4/9/2026, 3:13:19 p. m.";Cajero;quote:created;Sale;"{""saleNumber"":""COT-2026-0001"",""total"":30119.26,""items"":1}"
51495;"4/9/2026, 3:13:19 p. m.";Cajero;cash-session:closed;CashSession;"{""finalCash"":0,""expectedCash"":121305.45999999999,""difference"":-121305.45999999999}"
51494;"4/9/2026, 3:13:19 p. m.";Cajero;quote:converted;Sale;"{""saleNumber"":""V-2026-7042"",""wasQuote"":""COT-2026-0001""}"
51493;"4/9/2026, 3:13:19 p. m.";Cajero;cash-session:opened;CashSession;"{""initialCash"":100000}"
51492;"4/9/2026, 3:13:19 p. m.";Cajero;quote:created;Sale;"{""saleNumber"":""COT-2026-0001"",""total"":21305.46,""items"":1}"
51491;"4/9/2026, 3:13:19 p. m.";Cajero;cash-session:closed;CashSession;"{""finalCash"":0,""expectedCash"":161168.41999999998,""difference"":-161168.41999999998}"
51490;"4/9/2026, 3:13:19 p. m.";Cajero;quote:converted;Sale;"{""saleNumber"":""V-2026-7041"",""wasQuote"":""COT-2026-0001""}"
51489;"4/9/2026, 3:13:19 p. m.";Cajero;cash-session:opened;CashSession;"{""initialCash"":100000}"
51488;"4/9/2026, 3:13:19 p. m.";Cajero;quote:created;Sale;"{""saleNumber"":""COT-2026-0001"",""total"":61168.42,""items"":1}"
51487;"4/9/2026, 3:13:19 p. m.";Cajero;cash-session:closed;CashSession;"{""finalCash"":0,""expectedCash"":111864.72,""difference"":-111864.72}"
51486;"4/9/2026, 3:13:19 p. m.";Cajero;quote:converted;Sale;"{""saleNumber"":""V-2026-7040"",""wasQuote"":""COT-2026-0001""}"
51485;"4/9/2026, 3:13:19 p. m.";Cajero;cash-session:opened;CashSession;"{""initialCash"":100000}"
51484;"4/9/2026, 3:13:19 p. m.";Cajero;quote:created;Sale;"{""saleNumber"":""COT-2026-0001"",""total"":11864.72,""items"":1}"
51483;"4/9/2026, 3:13:19 p. m.";Cajero;cash-session:closed;CashSession;"{""finalCash"":0,""expectedCash"":143799.99,""difference"":-143799.99}"
51482;"4/9/2026, 3:13:19 p. m.";Cajero;quote:converted;Sale;"{""saleNumber"":""V-2026-7039"",""wasQuote"":""COT-2026-0001""}"
51481;"4/9/2026, 3:13:19 p. m.";Cajero;cash-session:opened;CashSession;"{""initialCash"":100000}"
51480;"4/9/2026, 3:13:19 p. m.";Cajero;quote:created;Sale;"{""saleNumber"":""COT-2026-0001"",""total"":43799.99,""items"":1}"
51479;"4/9/2026, 3:13:19 p. m.";Cajero;cash-session:closed;CashSession;"{""finalCash"":0,""expectedCash"":123973.12,""difference"":-123973.12}"
51478;"4/9/2026, 3:13:19 p. m.";Cajero;quote:converted;Sale;"{""saleNumber"":""V-2026-7038"",""wasQuote"":""COT-2026-0001""}"
51477;"4/9/2026, 3:13:19 p. m.";Cajero;cash-session:opened;CashSession;"{""initialCash"":100000}"
51476;"4/9/2026, 3:13:19 p. m.";Cajero;quote:created;Sale;"{""saleNumber"":""COT-2026-0001"",""total"":23973.12,""items"":1}"
51475;"4/9/2026, 3:13:19 p. m.";Cajero;cash-session:closed;CashSession;"{""finalCash"":0,""expectedCash"":167053.75,""difference"":-167053.75}"
51474;"4/9/2026, 3:13:19 p. m.";Cajero;quote:converted;Sale;"{""saleNumber"":""V-2026-7037"",""wasQuote"":""COT-2026-0001""}"
51473;"4/9/2026, 3:13:19 p. m.";Cajero;cash-session:opened;CashSession;"{""initialCash"":100000}"
51472;"4/9/2026, 3:13:19 p. m.";Cajero;quote:created;Sale;"{""saleNumber"":""COT-2026-0001"",""total"":67053.75,""items"":1}"
51471;"4/9/2026, 3:13:19 p. m.";Cajero;cash-session:closed;CashSession;"{""finalCash"":0,""expectedCash"":140751.65,""difference"":-140751.65}"
51470;"4/9/2026, 3:13:19 p. m.";Cajero;quote:converted;Sale;"{""saleNumber"":""V-2026-7036"",""wasQuote"":""COT-2026-0001""}"
51469;"4/9/2026, 3:13:19 p. m.";Cajero;cash-session:opened;CashSession;"{""initialCash"":100000}"
51468;"4/9/2026, 3:13:19 p. m.";Cajero;quote:created;Sale;"{""saleNumber"":""COT-2026-0001"",""total"":40751.65,""items"":1}"
51467;"4/9/2026, 3:13:19 p. m.";Cajero;cash-session:closed;CashSession;"{""finalCash"":0,""expectedCash"":144047.25,""difference"":-144047.25}"
51466;"4/9/2026, 3:13:19 p. m.";Cajero;quote:converted;Sale;"{""saleNumber"":""V-2026-7035"",""wasQuote"":""COT-2026-0001""}"
51465;"4/9/2026, 3:13:19 p. m.";Cajero;cash-session:opened;CashSession;"{""initialCash"":100000}"
51464;"4/9/2026, 3:13:19 p. m.";Cajero;quote:created;Sale;"{""saleNumber"":""COT-2026-0001"",""total"":44047.25,""items"":1}"
51463;"4/9/2026, 3:13:19 p. m.";Cajero;cash-session:closed;CashSession;"{""finalCash"":0,""expectedCash"":175098.62,""difference"":-175098.62}"
51462;"4/9/2026, 3:13:19 p. m.";Cajero;quote:converted;Sale;"{""saleNumber"":""V-2026-7034"",""wasQuote"":""COT-2026-0001""}"
51461;"4/9/2026, 3:13:19 p. m.";Cajero;cash-session:opened;CashSession;"{""initialCash"":100000}"
51460;"4/9/2026, 3:13:19 p. m.";Cajero;quote:created;Sale;"{""saleNumber"":""COT-2026-0001"",""total"":75098.62,""items"":1}"
51459;"4/9/2026, 3:13:19 p. m.";Cajero;cash-session:closed;CashSession;"{""finalCash"":0,""expectedCash"":119679.42,""difference"":-119679.42}"
51458;"4/9/2026, 3:13:19 p. m.";Cajero;quote:converted;Sale;"{""saleNumber"":""V-2026-7033"",""wasQuote"":""COT-2026-0001""}"
51457;"4/9/2026, 3:13:19 p. m.";Cajero;cash-session:opened;CashSession;"{""initialCash"":100000}"
51456;"4/9/2026, 3:13:19 p. m.";Cajero;quote:created;Sale;"{""saleNumber"":""COT-2026-0001"",""total"":19679.42,""items"":1}"
51455;"4/9/2026, 3:13:19 p. m.";Cajero;cash-session:closed;CashSession;"{""finalCash"":0,""expectedCash"":137356.76,""difference"":-137356.76}"
51454;"4/9/2026, 3:13:19 p. m.";Cajero;quote:converted;Sale;"{""saleNumber"":""V-2026-7032"",""wasQuote"":""COT-2026-0001""}"
51453;"4/9/2026, 3:13:19 p. m.";Cajero;cash-session:opened;CashSession;"{""initialCash"":100000}"
51452;"4/9/2026, 3:13:19 p. m.";Cajero;quote:created;Sale;"{""saleNumber"":""COT-2026-0001"",""total"":37356.76,""items"":1}"
51451;"4/9/2026, 3:13:19 p. m.";Cajero;cash-session:closed;CashSession;"{""finalCash"":0,""expectedCash"":148760.38,""difference"":-148760.38}"
51450;"4/9/2026, 3:13:19 p. m.";Cajero;quote:converted;Sale;"{""saleNumber"":""V-2026-7031"",""wasQuote"":""COT-2026-0001""}"
51449;"4/9/2026, 3:13:19 p. m.";Cajero;cash-session:opened;CashSession;"{""initialCash"":100000}"
51448;"4/9/2026, 3:13:19 p. m.";Cajero;quote:created;Sale;"{""saleNumber"":""COT-2026-0001"",""total"":48760.38,""items"":1}"
51447;"4/9/2026, 3:13:19 p. m.";Cajero;cash-session:closed;CashSession;"{""finalCash"":0,""expectedCash"":122031.81,""difference"":-122031.81}"
51446;"4/9/2026, 3:13:19 p. m.";Cajero;quote:converted;Sale;"{""saleNumber"":""V-2026-7030"",""wasQuote"":""COT-2026-0001""}"
51445;"4/9/2026, 3:13:19 p. m.";Cajero;cash-session:opened;CashSession;"{""initialCash"":100000}"
51444;"4/9/2026, 3:13:19 p. m.";Cajero;quote:created;Sale;"{""saleNumber"":""COT-2026-0001"",""total"":22031.81,""items"":1}"
51443;"4/9/2026, 3:13:19 p. m.";Cajero;cash-session:closed;CashSession;"{""finalCash"":0,""expectedCash"":128380.38,""difference"":-128380.38}"
51442;"4/9/2026, 3:13:19 p. m.";Cajero;quote:converted;Sale;"{""saleNumber"":""V-2026-7029"",""wasQuote"":""COT-2026-0001""}"
51441;"4/9/2026, 3:13:19 p. m.";Cajero;cash-session:opened;CashSession;"{""initialCash"":100000}"
51440;"4/9/2026, 3:13:19 p. m.";Cajero;quote:created;Sale;"{""saleNumber"":""COT-2026-0001"",""total"":28380.38,""items"":1}"
51439;"4/9/2026, 3:13:19 p. m.";Cajero;cash-session:closed;CashSession;"{""finalCash"":0,""expectedCash"":134041.54,""difference"":-134041.54}"
51438;"4/9/2026, 3:13:19 p. m.";Cajero;quote:converted;Sale;"{""saleNumber"":""V-2026-7028"",""wasQuote"":""COT-2026-0001""}"
51437;"4/9/2026, 3:13:19 p. m.";Cajero;cash-session:opened;CashSession;"{""initialCash"":100000}"
51436;"4/9/2026, 3:13:19 p. m.";Cajero;quote:created;Sale;"{""saleNumber"":""COT-2026-0001"",""total"":34041.54,""items"":1}"
51435;"4/9/2026, 3:13:19 p. m.";Cajero;cash-session:closed;CashSession;"{""finalCash"":0,""expectedCash"":144765.12,""difference"":-144765.12}"
51434;"4/9/2026, 3:13:19 p. m.";Cajero;quote:converted;Sale;"{""saleNumber"":""V-2026-7027"",""wasQuote"":""COT-2026-0001""}"
51433;"4/9/2026, 3:13:19 p. m.";Cajero;cash-session:opened;CashSession;"{""initialCash"":100000}"
51432;"4/9/2026, 3:13:19 p. m.";Cajero;quote:created;Sale;"{""saleNumber"":""COT-2026-0001"",""total"":44765.12,""items"":1}"
51431;"4/9/2026, 3:13:19 p. m.";Cajero;cash-session:closed;CashSession;"{""finalCash"":0,""expectedCash"":175584.41999999998,""difference"":-175584.41999999998}"
51430;"4/9/2026, 3:13:19 p. m.";Cajero;quote:converted;Sale;"{""saleNumber"":""V-2026-7026"",""wasQuote"":""COT-2026-0001""}"
51429;"4/9/2026, 3:13:19 p. m.";Cajero;cash-session:opened;CashSession;"{""initialCash"":100000}"
51428;"4/9/2026, 3:13:19 p. m.";Cajero;quote:created;Sale;"{""saleNumber"":""COT-2026-0001"",""total"":75584.42,""items"":1}"
51427;"4/9/2026, 3:13:19 p. m.";Cajero;cash-session:closed;CashSession;"{""finalCash"":0,""expectedCash"":143048.43,""difference"":-143048.43}"
51426;"4/9/2026, 3:13:19 p. m.";Cajero;quote:converted;Sale;"{""saleNumber"":""V-2026-7025"",""wasQuote"":""COT-2026-0001""}"
51425;"4/9/2026, 3:13:19 p. m.";Cajero;cash-session:opened;CashSession;"{""initialCash"":100000}"
51424;"4/9/2026, 3:13:19 p. m.";Cajero;quote:created;Sale;"{""saleNumber"":""COT-2026-0001"",""total"":43048.43,""items"":1}"
51423;"4/9/2026, 3:13:19 p. m.";Cajero;cash-session:closed;CashSession;"{""finalCash"":0,""expectedCash"":164917.69,""difference"":-164917.69}"
51422;"4/9/2026, 3:13:19 p. m.";Cajero;quote:converted;Sale;"{""saleNumber"":""V-2026-7024"",""wasQuote"":""COT-2026-0001""}"
51421;"4/9/2026, 3:13:19 p. m.";Cajero;cash-session:opened;CashSession;"{""initialCash"":100000}"
51420;"4/9/2026, 3:13:19 p. m.";Cajero;quote:created;Sale;"{""saleNumber"":""COT-2026-0001"",""total"":64917.69,""items"":1}"
51419;"4/9/2026, 3:13:19 p. m.";Cajero;cash-session:closed;CashSession;"{""finalCash"":0,""expectedCash"":119982.99,""difference"":-119982.99}"
51418;"4/9/2026, 3:13:19 p. m.";Cajero;quote:converted;Sale;"{""saleNumber"":""V-2026-7023"",""wasQuote"":""COT-2026-0001""}"
51417;"4/9/2026, 3:13:19 p. m.";Cajero;cash-session:opened;CashSession;"{""initialCash"":100000}"
51416;"4/9/2026, 3:13:19 p. m.";Cajero;quote:created;Sale;"{""saleNumber"":""COT-2026-0001"",""total"":19982.99,""items"":1}"
51415;"4/9/2026, 3:13:19 p. m.";Cajero;cash-session:closed;CashSession;"{""finalCash"":0,""expectedCash"":101844.22,""difference"":-101844.22}"
51414;"4/9/2026, 3:13:19 p. m.";Cajero;quote:converted;Sale;"{""saleNumber"":""V-2026-7022"",""wasQuote"":""COT-2026-0001""}"
51413;"4/9/2026, 3:13:19 p. m.";Cajero;cash-session:opened;CashSession;"{""initialCash"":100000}"
51412;"4/9/2026, 3:13:18 p. m.";Cajero;quote:created;Sale;"{""saleNumber"":""COT-2026-0001"",""total"":1844.22,""items"":1}"
51411;"4/9/2026, 3:13:18 p. m.";Cajero;cash-session:closed;CashSession;"{""finalCash"":0,""expectedCash"":127660.02,""difference"":-127660.02}"
51410;"4/9/2026, 3:13:18 p. m.";Cajero;quote:converted;Sale;"{""saleNumber"":""V-2026-7021"",""wasQuote"":""COT-2026-0001""}"
51409;"4/9/2026, 3:13:18 p. m.";Cajero;cash-session:opened;CashSession;"{""initialCash"":100000}"
51408;"4/9/2026, 3:13:18 p. m.";Cajero;quote:created;Sale;"{""saleNumber"":""COT-2026-0001"",""total"":27660.02,""items"":1}"
51407;"4/9/2026, 3:13:18 p. m.";Cajero;cash-session:closed;CashSession;"{""finalCash"":0,""expectedCash"":139722.05,""difference"":-139722.05}"
51406;"4/9/2026, 3:13:18 p. m.";Cajero;quote:converted;Sale;"{""saleNumber"":""V-2026-7020"",""wasQuote"":""COT-2026-0001""}"
51405;"4/9/2026, 3:13:18 p. m.";Cajero;cash-session:opened;CashSession;"{""initialCash"":100000}"
51404;"4/9/2026, 3:13:18 p. m.";Cajero;quote:created;Sale;"{""saleNumber"":""COT-2026-0001"",""total"":39722.05,""items"":1}"
51403;"4/9/2026, 3:13:18 p. m.";Cajero;cash-session:closed;CashSession;"{""finalCash"":0,""expectedCash"":121861.20999999999,""difference"":-121861.20999999999}"
51402;"4/9/2026, 3:13:18 p. m.";Cajero;quote:converted;Sale;"{""saleNumber"":""V-2026-7019"",""wasQuote"":""COT-2026-0001""}"
51401;"4/9/2026, 3:13:18 p. m.";Cajero;cash-session:opened;CashSession;"{""initialCash"":100000}"
51400;"4/9/2026, 3:13:18 p. m.";Cajero;quote:created;Sale;"{""saleNumber"":""COT-2026-0001"",""total"":21861.21,""items"":1}"
51399;"4/9/2026, 3:13:18 p. m.";Cajero;cash-session:closed;CashSession;"{""finalCash"":0,""expectedCash"":131075.98,""difference"":-131075.98}"
51398;"4/9/2026, 3:13:18 p. m.";Cajero;quote:converted;Sale;"{""saleNumber"":""V-2026-7018"",""wasQuote"":""COT-2026-0001""}"
51397;"4/9/2026, 3:13:18 p. m.";Cajero;cash-session:opened;CashSession;"{""initialCash"":100000}"
51396;"4/9/2026, 3:13:18 p. m.";Cajero;quote:created;Sale;"{""saleNumber"":""COT-2026-0001"",""total"":31075.98,""items"":1}"
51395;"4/9/2026, 3:13:18 p. m.";Cajero;cash-session:closed;CashSession;"{""finalCash"":0,""expectedCash"":124451.99,""difference"":-124451.99}"
51394;"4/9/2026, 3:13:18 p. m.";Cajero;quote:converted;Sale;"{""saleNumber"":""V-2026-7017"",""wasQuote"":""COT-2026-0001""}"
51393;"4/9/2026, 3:13:18 p. m.";Cajero;cash-session:opened;CashSession;"{""initialCash"":100000}"
51392;"4/9/2026, 3:13:18 p. m.";Cajero;quote:created;Sale;"{""saleNumber"":""COT-2026-0001"",""total"":24451.99,""items"":1}"
51391;"4/9/2026, 3:13:18 p. m.";Cajero;cash-session:closed;CashSession;"{""finalCash"":0,""expectedCash"":127143.64,""difference"":-127143.64}"
51390;"4/9/2026, 3:13:18 p. m.";Cajero;quote:converted;Sale;"{""saleNumber"":""V-2026-7016"",""wasQuote"":""COT-2026-0001""}"
51389;"4/9/2026, 3:13:18 p. m.";Cajero;cash-session:opened;CashSession;"{""initialCash"":100000}"
51388;"4/9/2026, 3:13:18 p. m.";Cajero;quote:created;Sale;"{""saleNumber"":""COT-2026-0001"",""total"":27143.64,""items"":1}"
51387;"4/9/2026, 3:13:18 p. m.";Cajero;cash-session:closed;CashSession;"{""finalCash"":0,""expectedCash"":130315.18,""difference"":-130315.18}"
51386;"4/9/2026, 3:13:18 p. m.";Cajero;quote:converted;Sale;"{""saleNumber"":""V-2026-7015"",""wasQuote"":""COT-2026-0001""}"
51385;"4/9/2026, 3:13:18 p. m.";Cajero;cash-session:opened;CashSession;"{""initialCash"":100000}"
51384;"4/9/2026, 3:13:18 p. m.";Cajero;quote:created;Sale;"{""saleNumber"":""COT-2026-0001"",""total"":30315.18,""items"":1}"
51383;"4/9/2026, 3:13:18 p. m.";Cajero;cash-session:closed;CashSession;"{""finalCash"":0,""expectedCash"":145011.87,""difference"":-145011.87}"
51382;"4/9/2026, 3:13:18 p. m.";Cajero;quote:converted;Sale;"{""saleNumber"":""V-2026-7014"",""wasQuote"":""COT-2026-0001""}"
51381;"4/9/2026, 3:13:18 p. m.";Cajero;cash-session:opened;CashSession;"{""initialCash"":100000}"
51380;"4/9/2026, 3:13:18 p. m.";Cajero;quote:created;Sale;"{""saleNumber"":""COT-2026-0001"",""total"":45011.87,""items"":1}"
51379;"4/9/2026, 3:13:18 p. m.";Cajero;cash-session:closed;CashSession;"{""finalCash"":0,""expectedCash"":141204.49,""difference"":-141204.49}"
51378;"4/9/2026, 3:13:18 p. m.";Cajero;quote:converted;Sale;"{""saleNumber"":""V-2026-7013"",""wasQuote"":""COT-2026-0001""}"
51377;"4/9/2026, 3:13:18 p. m.";Cajero;cash-session:opened;CashSession;"{""initialCash"":100000}"
51376;"4/9/2026, 3:13:18 p. m.";Cajero;quote:created;Sale;"{""saleNumber"":""COT-2026-0001"",""total"":41204.49,""items"":1}"
51375;"4/9/2026, 3:13:18 p. m.";Cajero;cash-session:closed;CashSession;"{""finalCash"":0,""expectedCash"":113412.7,""difference"":-113412.7}"
51374;"4/9/2026, 3:13:18 p. m.";Cajero;quote:converted;Sale;"{""saleNumber"":""V-2026-7012"",""wasQuote"":""COT-2026-0001""}"
51373;"4/9/2026, 3:13:18 p. m.";Cajero;cash-session:opened;CashSession;"{""initialCash"":100000}"
51372;"4/9/2026, 3:13:18 p. m.";Cajero;quote:created;Sale;"{""saleNumber"":""COT-2026-0001"",""total"":13412.7,""items"":1}"
51371;"4/9/2026, 3:13:18 p. m.";Cajero;cash-session:closed;CashSession;"{""finalCash"":0,""expectedCash"":173497.52000000002,""difference"":-173497.52000000002}"
51370;"4/9/2026, 3:13:18 p. m.";Cajero;quote:converted;Sale;"{""saleNumber"":""V-2026-7011"",""wasQuote"":""COT-2026-0001""}"
51369;"4/9/2026, 3:13:18 p. m.";Cajero;cash-session:opened;CashSession;"{""initialCash"":100000}"
51368;"4/9/2026, 3:13:18 p. m.";Cajero;quote:created;Sale;"{""saleNumber"":""COT-2026-0001"",""total"":73497.52,""items"":1}"
51367;"4/9/2026, 3:13:18 p. m.";Cajero;cash-session:closed;CashSession;"{""finalCash"":0,""expectedCash"":183369.46000000002,""difference"":-183369.46000000002}"
51366;"4/9/2026, 3:13:18 p. m.";Cajero;quote:converted;Sale;"{""saleNumber"":""V-2026-7010"",""wasQuote"":""COT-2026-0001""}"
51365;"4/9/2026, 3:13:18 p. m.";Cajero;cash-session:opened;CashSession;"{""initialCash"":100000}"
51364;"4/9/2026, 3:13:18 p. m.";Cajero;quote:created;Sale;"{""saleNumber"":""COT-2026-0001"",""total"":83369.46,""items"":1}"
51363;"4/9/2026, 3:13:18 p. m.";Cajero;cash-session:closed;CashSession;"{""finalCash"":0,""expectedCash"":108226.63,""difference"":-108226.63}"
51362;"4/9/2026, 3:13:18 p. m.";Cajero;quote:converted;Sale;"{""saleNumber"":""V-2026-7009"",""wasQuote"":""COT-2026-0001""}"
51361;"4/9/2026, 3:13:18 p. m.";Cajero;cash-session:opened;CashSession;"{""initialCash"":100000}"
51360;"4/9/2026, 3:13:18 p. m.";Cajero;quote:created;Sale;"{""saleNumber"":""COT-2026-0001"",""total"":8226.63,""items"":1}"
51359;"4/9/2026, 3:13:18 p. m.";Cajero;cash-session:closed;CashSession;"{""finalCash"":0,""expectedCash"":146588.88,""difference"":-146588.88}"
51358;"4/9/2026, 3:13:18 p. m.";Cajero;quote:converted;Sale;"{""saleNumber"":""V-2026-7008"",""wasQuote"":""COT-2026-0001""}"
51357;"4/9/2026, 3:13:18 p. m.";Cajero;cash-session:opened;CashSession;"{""initialCash"":100000}"
51356;"4/9/2026, 3:13:18 p. m.";Cajero;quote:created;Sale;"{""saleNumber"":""COT-2026-0001"",""total"":46588.88,""items"":1}"
51355;"4/9/2026, 3:13:18 p. m.";Cajero;cash-session:closed;CashSession;"{""finalCash"":0,""expectedCash"":141290.63,""difference"":-141290.63}"
51354;"4/9/2026, 3:13:18 p. m.";Cajero;quote:converted;Sale;"{""saleNumber"":""V-2026-7007"",""wasQuote"":""COT-2026-0001""}"
51353;"4/9/2026, 3:13:18 p. m.";Cajero;cash-session:opened;CashSession;"{""initialCash"":100000}"
51352;"4/9/2026, 3:13:18 p. m.";Cajero;quote:created;Sale;"{""saleNumber"":""COT-2026-0001"",""total"":41290.63,""items"":1}"
51351;"4/9/2026, 3:13:18 p. m.";Cajero;cash-session:closed;CashSession;"{""finalCash"":0,""expectedCash"":103901.06,""difference"":-103901.06}"
51350;"4/9/2026, 3:13:18 p. m.";Cajero;quote:converted;Sale;"{""saleNumber"":""V-2026-7006"",""wasQuote"":""COT-2026-0001""}"
51349;"4/9/2026, 3:13:18 p. m.";Cajero;cash-session:opened;CashSession;"{""initialCash"":100000}"
51348;"4/9/2026, 3:13:18 p. m.";Cajero;quote:created;Sale;"{""saleNumber"":""COT-2026-0001"",""total"":3901.06,""items"":1}"
51347;"4/9/2026, 3:13:18 p. m.";Cajero;cash-session:closed;CashSession;"{""finalCash"":0,""expectedCash"":101094.34,""difference"":-101094.34}"
51346;"4/9/2026, 3:13:18 p. m.";Cajero;quote:converted;Sale;"{""saleNumber"":""V-2026-7005"",""wasQuote"":""COT-2026-0001""}"
51345;"4/9/2026, 3:13:18 p. m.";Cajero;cash-session:opened;CashSession;"{""initialCash"":100000}"
51344;"4/9/2026, 3:13:18 p. m.";Cajero;quote:created;Sale;"{""saleNumber"":""COT-2026-0001"",""total"":1094.34,""items"":1}"
51343;"4/9/2026, 3:13:18 p. m.";Cajero;cash-session:closed;CashSession;"{""finalCash"":0,""expectedCash"":165700.06,""difference"":-165700.06}"
51342;"4/9/2026, 3:13:18 p. m.";Cajero;quote:converted;Sale;"{""saleNumber"":""V-2026-7004"",""wasQuote"":""COT-2026-0001""}"
51341;"4/9/2026, 3:13:18 p. m.";Cajero;cash-session:opened;CashSession;"{""initialCash"":100000}"
51340;"4/9/2026, 3:13:18 p. m.";Cajero;quote:created;Sale;"{""saleNumber"":""COT-2026-0001"",""total"":65700.06,""items"":1}"
51339;"4/9/2026, 3:13:18 p. m.";Cajero;cash-session:closed;CashSession;"{""finalCash"":0,""expectedCash"":121781.65,""difference"":-121781.65}"
51338;"4/9/2026, 3:13:18 p. m.";Cajero;quote:converted;Sale;"{""saleNumber"":""V-2026-7003"",""wasQuote"":""COT-2026-0001""}"
51337;"4/9/2026, 3:13:18 p. m.";Cajero;cash-session:opened;CashSession;"{""initialCash"":100000}"
51336;"4/9/2026, 3:13:18 p. m.";Cajero;quote:created;Sale;"{""saleNumber"":""COT-2026-0001"",""total"":21781.65,""items"":1}"
51335;"4/9/2026, 3:13:18 p. m.";Cajero;cash-session:closed;CashSession;"{""finalCash"":0,""expectedCash"":121698.02,""difference"":-121698.02}"
51334;"4/9/2026, 3:13:18 p. m.";Cajero;quote:converted;Sale;"{""saleNumber"":""V-2026-7002"",""wasQuote"":""COT-2026-0001""}"
51333;"4/9/2026, 3:13:18 p. m.";Cajero;cash-session:opened;CashSession;"{""initialCash"":100000}"
51332;"4/9/2026, 3:13:18 p. m.";Cajero;quote:created;Sale;"{""saleNumber"":""COT-2026-0001"",""total"":21698.02,""items"":1}"
51331;"4/9/2026, 3:13:18 p. m.";Cajero;cash-session:closed;CashSession;"{""finalCash"":0,""expectedCash"":109850.95999999999,""difference"":-109850.95999999999}"
51330;"4/9/2026, 3:13:18 p. m.";Cajero;quote:converted;Sale;"{""saleNumber"":""V-2026-7001"",""wasQuote"":""COT-2026-0001""}"
51329;"4/9/2026, 3:13:18 p. m.";Cajero;cash-session:opened;CashSession;"{""initialCash"":100000}"
51328;"4/9/2026, 3:13:18 p. m.";Cajero;quote:created;Sale;"{""saleNumber"":""COT-2026-0001"",""total"":9850.96,""items"":1}"
51327;"4/9/2026, 3:13:18 p. m.";Cajero;cash-session:closed;CashSession;"{""finalCash"":0,""expectedCash"":149877.65,""difference"":-149877.65}"
51326;"4/9/2026, 3:13:18 p. m.";Cajero;quote:converted;Sale;"{""saleNumber"":""V-2026-7000"",""wasQuote"":""COT-2026-0001""}"
51325;"4/9/2026, 3:13:18 p. m.";Cajero;cash-session:opened;CashSession;"{""initialCash"":100000}"
51324;"4/9/2026, 3:13:18 p. m.";Cajero;quote:created;Sale;"{""saleNumber"":""COT-2026-0001"",""total"":49877.65,""items"":1}"
51323;"4/9/2026, 3:13:18 p. m.";Cajero;cash-session:closed;CashSession;"{""finalCash"":0,""expectedCash"":144069.15,""difference"":-144069.15}"
51322;"4/9/2026, 3:13:18 p. m.";Cajero;quote:converted;Sale;"{""saleNumber"":""V-2026-6999"",""wasQuote"":""COT-2026-0001""}"
51321;"4/9/2026, 3:13:18 p. m.";Cajero;cash-session:opened;CashSession;"{""initialCash"":100000}"
51320;"4/9/2026, 3:13:18 p. m.";Cajero;quote:created;Sale;"{""saleNumber"":""COT-2026-0001"",""total"":44069.15,""items"":1}"
51319;"4/9/2026, 3:13:18 p. m.";Cajero;cash-session:closed;CashSession;"{""finalCash"":0,""expectedCash"":148939.08000000002,""difference"":-148939.08000000002}"
51318;"4/9/2026, 3:13:18 p. m.";Cajero;quote:converted;Sale;"{""saleNumber"":""V-2026-6998"",""wasQuote"":""COT-2026-0001""}"
51317;"4/9/2026, 3:13:18 p. m.";Cajero;cash-session:opened;CashSession;"{""initialCash"":100000}"
51316;"4/9/2026, 3:13:18 p. m.";Cajero;quote:created;Sale;"{""saleNumber"":""COT-2026-0001"",""total"":48939.08,""items"":1}"
51315;"4/9/2026, 3:13:18 p. m.";Cajero;cash-session:closed;CashSession;"{""finalCash"":0,""expectedCash"":147931.04,""difference"":-147931.04}"
51314;"4/9/2026, 3:13:18 p. m.";Cajero;quote:converted;Sale;"{""saleNumber"":""V-2026-6997"",""wasQuote"":""COT-2026-0001""}"
51313;"4/9/2026, 3:13:18 p. m.";Cajero;cash-session:opened;CashSession;"{""initialCash"":100000}"
51312;"4/9/2026, 3:13:18 p. m.";Cajero;quote:created;Sale;"{""saleNumber"":""COT-2026-0001"",""total"":47931.04,""items"":1}"
51311;"4/9/2026, 3:13:18 p. m.";Cajero;cash-session:closed;CashSession;"{""finalCash"":0,""expectedCash"":120947.18,""difference"":-120947.18}"
51310;"4/9/2026, 3:13:18 p. m.";Cajero;quote:converted;Sale;"{""saleNumber"":""V-2026-6996"",""wasQuote"":""COT-2026-0001""}"
51309;"4/9/2026, 3:13:18 p. m.";Cajero;cash-session:opened;CashSession;"{""initialCash"":100000}"
51308;"4/9/2026, 3:13:18 p. m.";Cajero;quote:created;Sale;"{""saleNumber"":""COT-2026-0001"",""total"":20947.18,""items"":1}"
51307;"4/9/2026, 3:13:18 p. m.";Cajero;cash-session:closed;CashSession;"{""finalCash"":0,""expectedCash"":133014.81,""difference"":-133014.81}"
51306;"4/9/2026, 3:13:18 p. m.";Cajero;quote:converted;Sale;"{""saleNumber"":""V-2026-6995"",""wasQuote"":""COT-2026-0001""}"
51305;"4/9/2026, 3:13:18 p. m.";Cajero;cash-session:opened;CashSession;"{""initialCash"":100000}"
51304;"4/9/2026, 3:13:18 p. m.";Cajero;quote:created;Sale;"{""saleNumber"":""COT-2026-0001"",""total"":33014.81,""items"":1}"
51303;"4/9/2026, 3:13:18 p. m.";Cajero;cash-session:closed;CashSession;"{""finalCash"":0,""expectedCash"":161598.08000000002,""difference"":-161598.08000000002}"
51302;"4/9/2026, 3:13:18 p. m.";Cajero;quote:converted;Sale;"{""saleNumber"":""V-2026-6994"",""wasQuote"":""COT-2026-0001""}"
51301;"4/9/2026, 3:13:18 p. m.";Cajero;cash-session:opened;CashSession;"{""initialCash"":100000}"
51300;"4/9/2026, 3:13:18 p. m.";Cajero;quote:created;Sale;"{""saleNumber"":""COT-2026-0001"",""total"":61598.08,""items"":1}"
51299;"4/9/2026, 3:13:18 p. m.";Cajero;cash-session:closed;CashSession;"{""finalCash"":0,""expectedCash"":133579.45,""difference"":-133579.45}"
51298;"4/9/2026, 3:13:18 p. m.";Cajero;quote:converted;Sale;"{""saleNumber"":""V-2026-6993"",""wasQuote"":""COT-2026-0001""}"
51297;"4/9/2026, 3:13:18 p. m.";Cajero;cash-session:opened;CashSession;"{""initialCash"":100000}"
51296;"4/9/2026, 3:13:18 p. m.";Cajero;quote:created;Sale;"{""saleNumber"":""COT-2026-0001"",""total"":33579.45,""items"":1}"
51295;"4/9/2026, 3:13:18 p. m.";Cajero;cash-session:closed;CashSession;"{""finalCash"":0,""expectedCash"":117121.03,""difference"":-117121.03}"
51294;"4/9/2026, 3:13:18 p. m.";Cajero;quote:converted;Sale;"{""saleNumber"":""V-2026-6992"",""wasQuote"":""COT-2026-0001""}"
51293;"4/9/2026, 3:13:18 p. m.";Cajero;cash-session:opened;CashSession;"{""initialCash"":100000}"
51292;"4/9/2026, 3:13:18 p. m.";Cajero;quote:created;Sale;"{""saleNumber"":""COT-2026-0001"",""total"":17121.03,""items"":1}"
51291;"4/9/2026, 3:13:18 p. m.";Cajero;cash-session:closed;CashSession;"{""finalCash"":0,""expectedCash"":101283.9,""difference"":-101283.9}"
51290;"4/9/2026, 3:13:18 p. m.";Cajero;quote:converted;Sale;"{""saleNumber"":""V-2026-6991"",""wasQuote"":""COT-2026-0001""}"
51289;"4/9/2026, 3:13:18 p. m.";Cajero;cash-session:opened;CashSession;"{""initialCash"":100000}"
51288;"4/9/2026, 3:13:18 p. m.";Cajero;quote:created;Sale;"{""saleNumber"":""COT-2026-0001"",""total"":1283.9,""items"":1}"
51287;"4/9/2026, 3:13:18 p. m.";Cajero;cash-session:closed;CashSession;"{""finalCash"":0,""expectedCash"":122211.98,""difference"":-122211.98}"
51286;"4/9/2026, 3:13:18 p. m.";Cajero;quote:converted;Sale;"{""saleNumber"":""V-2026-6990"",""wasQuote"":""COT-2026-0001""}"
51285;"4/9/2026, 3:13:18 p. m.";Cajero;cash-session:opened;CashSession;"{""initialCash"":100000}"
51284;"4/9/2026, 3:13:18 p. m.";Cajero;quote:created;Sale;"{""saleNumber"":""COT-2026-0001"",""total"":22211.98,""items"":1}"
51283;"4/9/2026, 3:13:18 p. m.";Cajero;cash-session:closed;CashSession;"{""finalCash"":0,""expectedCash"":126579.59,""difference"":-126579.59}"
51282;"4/9/2026, 3:13:18 p. m.";Cajero;quote:converted;Sale;"{""saleNumber"":""V-2026-6989"",""wasQuote"":""COT-2026-0001""}"
51281;"4/9/2026, 3:13:18 p. m.";Cajero;cash-session:opened;CashSession;"{""initialCash"":100000}"
51280;"4/9/2026, 3:13:18 p. m.";Cajero;quote:created;Sale;"{""saleNumber"":""COT-2026-0001"",""total"":26579.59,""items"":1}"
51279;"4/9/2026, 3:13:18 p. m.";Cajero;cash-session:closed;CashSession;"{""finalCash"":0,""expectedCash"":126452.01,""difference"":-126452.01}"
51278;"4/9/2026, 3:13:18 p. m.";Cajero;quote:converted;Sale;"{""saleNumber"":""V-2026-6988"",""wasQuote"":""COT-2026-0001""}"
51277;"4/9/2026, 3:13:18 p. m.";Cajero;cash-session:opened;CashSession;"{""initialCash"":100000}"
51276;"4/9/2026, 3:13:18 p. m.";Cajero;quote:created;Sale;"{""saleNumber"":""COT-2026-0001"",""total"":26452.01,""items"":1}"
51275;"4/9/2026, 3:13:18 p. m.";Cajero;cash-session:closed;CashSession;"{""finalCash"":0,""expectedCash"":139022.3,""difference"":-139022.3}"
51274;"4/9/2026, 3:13:18 p. m.";Cajero;quote:converted;Sale;"{""saleNumber"":""V-2026-6987"",""wasQuote"":""COT-2026-0001""}"
51273;"4/9/2026, 3:13:18 p. m.";Cajero;cash-session:opened;CashSession;"{""initialCash"":100000}"
51272;"4/9/2026, 3:13:18 p. m.";Cajero;quote:created;Sale;"{""saleNumber"":""COT-2026-0001"",""total"":39022.3,""items"":1}"
51271;"4/9/2026, 3:13:18 p. m.";Cajero;cash-session:closed;CashSession;"{""finalCash"":0,""expectedCash"":102714.58,""difference"":-102714.58}"
51270;"4/9/2026, 3:13:18 p. m.";Cajero;quote:converted;Sale;"{""saleNumber"":""V-2026-6986"",""wasQuote"":""COT-2026-0001""}"
51269;"4/9/2026, 3:13:18 p. m.";Cajero;cash-session:opened;CashSession;"{""initialCash"":100000}"
51268;"4/9/2026, 3:13:18 p. m.";Cajero;quote:created;Sale;"{""saleNumber"":""COT-2026-0001"",""total"":2714.58,""items"":1}"
51267;"4/9/2026, 3:13:18 p. m.";Cajero;cash-session:closed;CashSession;"{""finalCash"":0,""expectedCash"":159978.18,""difference"":-159978.18}"
51266;"4/9/2026, 3:13:18 p. m.";Cajero;quote:converted;Sale;"{""saleNumber"":""V-2026-6985"",""wasQuote"":""COT-2026-0001""}"
51265;"4/9/2026, 3:13:18 p. m.";Cajero;cash-session:opened;CashSession;"{""initialCash"":100000}"
51264;"4/9/2026, 3:13:18 p. m.";Cajero;quote:created;Sale;"{""saleNumber"":""COT-2026-0001"",""total"":59978.18,""items"":1}"
51263;"4/9/2026, 3:13:18 p. m.";Cajero;cash-session:closed;CashSession;"{""finalCash"":0,""expectedCash"":140290.46,""difference"":-140290.46}"
51262;"4/9/2026, 3:13:18 p. m.";Cajero;quote:converted;Sale;"{""saleNumber"":""V-2026-6984"",""wasQuote"":""COT-2026-0001""}"
51261;"4/9/2026, 3:13:18 p. m.";Cajero;cash-session:opened;CashSession;"{""initialCash"":100000}"
51260;"4/9/2026, 3:13:18 p. m.";Cajero;quote:created;Sale;"{""saleNumber"":""COT-2026-0001"",""total"":40290.46,""items"":1}"
51259;"4/9/2026, 3:13:18 p. m.";Cajero;cash-session:closed;CashSession;"{""finalCash"":0,""expectedCash"":181703.06,""difference"":-181703.06}"
51258;"4/9/2026, 3:13:18 p. m.";Cajero;quote:converted;Sale;"{""saleNumber"":""V-2026-6983"",""wasQuote"":""COT-2026-0001""}"
51257;"4/9/2026, 3:13:18 p. m.";Cajero;cash-session:opened;CashSession;"{""initialCash"":100000}"
51256;"4/9/2026, 3:13:18 p. m.";Cajero;quote:created;Sale;"{""saleNumber"":""COT-2026-0001"",""total"":81703.06,""items"":1}"
51255;"4/9/2026, 3:13:18 p. m.";Cajero;cash-session:closed;CashSession;"{""finalCash"":0,""expectedCash"":146083.29,""difference"":-146083.29}"
51254;"4/9/2026, 3:13:18 p. m.";Cajero;quote:converted;Sale;"{""saleNumber"":""V-2026-6982"",""wasQuote"":""COT-2026-0001""}"
51253;"4/9/2026, 3:13:18 p. m.";Cajero;cash-session:opened;CashSession;"{""initialCash"":100000}"
51252;"4/9/2026, 3:13:18 p. m.";Cajero;quote:created;Sale;"{""saleNumber"":""COT-2026-0001"",""total"":46083.29,""items"":1}"
51251;"4/9/2026, 3:13:18 p. m.";Cajero;cash-session:closed;CashSession;"{""finalCash"":0,""expectedCash"":113766.09,""difference"":-113766.09}"
51250;"4/9/2026, 3:13:18 p. m.";Cajero;quote:converted;Sale;"{""saleNumber"":""V-2026-6981"",""wasQuote"":""COT-2026-0001""}"
51249;"4/9/2026, 3:13:18 p. m.";Cajero;cash-session:opened;CashSession;"{""initialCash"":100000}"
51248;"4/9/2026, 3:13:18 p. m.";Cajero;quote:created;Sale;"{""saleNumber"":""COT-2026-0001"",""total"":13766.09,""items"":1}"
51247;"4/9/2026, 3:13:18 p. m.";Cajero;cash-session:closed;CashSession;"{""finalCash"":0,""expectedCash"":169451.77000000002,""difference"":-169451.77000000002}"
51246;"4/9/2026, 3:13:18 p. m.";Cajero;quote:converted;Sale;"{""saleNumber"":""V-2026-6980"",""wasQuote"":""COT-2026-0001""}"
51245;"4/9/2026, 3:13:18 p. m.";Cajero;cash-session:opened;CashSession;"{""initialCash"":100000}"
51244;"4/9/2026, 3:13:18 p. m.";Cajero;quote:created;Sale;"{""saleNumber"":""COT-2026-0001"",""total"":69451.77,""items"":1}"
51243;"4/9/2026, 3:13:18 p. m.";Cajero;cash-session:closed;CashSession;"{""finalCash"":0,""expectedCash"":106630.39,""difference"":-106630.39}"
51242;"4/9/2026, 3:13:18 p. m.";Cajero;quote:converted;Sale;"{""saleNumber"":""V-2026-6979"",""wasQuote"":""COT-2026-0001""}"
51241;"4/9/2026, 3:13:18 p. m.";Cajero;cash-session:opened;CashSession;"{""initialCash"":100000}"
51240;"4/9/2026, 3:13:18 p. m.";Cajero;quote:created;Sale;"{""saleNumber"":""COT-2026-0001"",""total"":6630.39,""items"":1}"
51239;"4/9/2026, 3:13:18 p. m.";Cajero;cash-session:closed;CashSession;"{""finalCash"":0,""expectedCash"":143783.48,""difference"":-143783.48}"
51238;"4/9/2026, 3:13:18 p. m.";Cajero;quote:converted;Sale;"{""saleNumber"":""V-2026-6978"",""wasQuote"":""COT-2026-0001""}"
51237;"4/9/2026, 3:13:18 p. m.";Cajero;cash-session:opened;CashSession;"{""initialCash"":100000}"
51236;"4/9/2026, 3:13:18 p. m.";Cajero;quote:created;Sale;"{""saleNumber"":""COT-2026-0001"",""total"":43783.48,""items"":1}"
51235;"4/9/2026, 3:13:18 p. m.";Cajero;cash-session:closed;CashSession;"{""finalCash"":0,""expectedCash"":101189.91,""difference"":-101189.91}"
51234;"4/9/2026, 3:13:18 p. m.";Cajero;quote:converted;Sale;"{""saleNumber"":""V-2026-6977"",""wasQuote"":""COT-2026-0001""}"
51233;"4/9/2026, 3:13:18 p. m.";Cajero;cash-session:opened;CashSession;"{""initialCash"":100000}"
51232;"4/9/2026, 3:13:18 p. m.";Cajero;quote:created;Sale;"{""saleNumber"":""COT-2026-0001"",""total"":1189.91,""items"":1}"
51231;"4/9/2026, 3:13:18 p. m.";Cajero;cash-session:closed;CashSession;"{""finalCash"":0,""expectedCash"":112648.99,""difference"":-112648.99}"
51230;"4/9/2026, 3:13:18 p. m.";Cajero;quote:converted;Sale;"{""saleNumber"":""V-2026-6976"",""wasQuote"":""COT-2026-0001""}"
51229;"4/9/2026, 3:13:18 p. m.";Cajero;cash-session:opened;CashSession;"{""initialCash"":100000}"
51228;"4/9/2026, 3:13:18 p. m.";Cajero;quote:created;Sale;"{""saleNumber"":""COT-2026-0001"",""total"":12648.99,""items"":1}"
51227;"4/9/2026, 3:13:18 p. m.";Cajero;cash-session:closed;CashSession;"{""finalCash"":0,""expectedCash"":132137.41999999998,""difference"":-132137.41999999998}"
51226;"4/9/2026, 3:13:18 p. m.";Cajero;quote:converted;Sale;"{""saleNumber"":""V-2026-6975"",""wasQuote"":""COT-2026-0001""}"
51225;"4/9/2026, 3:13:18 p. m.";Cajero;cash-session:opened;CashSession;"{""initialCash"":100000}"
51224;"4/9/2026, 3:13:18 p. m.";Cajero;quote:created;Sale;"{""saleNumber"":""COT-2026-0001"",""total"":32137.42,""items"":1}"
51223;"4/9/2026, 3:13:18 p. m.";Cajero;cash-session:closed;CashSession;"{""finalCash"":0,""expectedCash"":152961.89,""difference"":-152961.89}"
51222;"4/9/2026, 3:13:18 p. m.";Cajero;quote:converted;Sale;"{""saleNumber"":""V-2026-6974"",""wasQuote"":""COT-2026-0001""}"
51221;"4/9/2026, 3:13:18 p. m.";Cajero;cash-session:opened;CashSession;"{""initialCash"":100000}"
51220;"4/9/2026, 3:13:18 p. m.";Cajero;quote:created;Sale;"{""saleNumber"":""COT-2026-0001"",""total"":52961.89,""items"":1}"
51219;"4/9/2026, 3:13:18 p. m.";Cajero;cash-session:closed;CashSession;"{""finalCash"":0,""expectedCash"":101356.19,""difference"":-101356.19}"
51218;"4/9/2026, 3:13:18 p. m.";Cajero;quote:converted;Sale;"{""saleNumber"":""V-2026-6973"",""wasQuote"":""COT-2026-0001""}"
51217;"4/9/2026, 3:13:18 p. m.";Cajero;cash-session:opened;CashSession;"{""initialCash"":100000}"
51216;"4/9/2026, 3:13:18 p. m.";Cajero;quote:created;Sale;"{""saleNumber"":""COT-2026-0001"",""total"":1356.19,""items"":1}"
51215;"4/9/2026, 3:13:18 p. m.";Cajero;cash-session:closed;CashSession;"{""finalCash"":0,""expectedCash"":125969.3,""difference"":-125969.3}"
51214;"4/9/2026, 3:13:18 p. m.";Cajero;quote:converted;Sale;"{""saleNumber"":""V-2026-6972"",""wasQuote"":""COT-2026-0001""}"
51213;"4/9/2026, 3:13:18 p. m.";Cajero;cash-session:opened;CashSession;"{""initialCash"":100000}"
51212;"4/9/2026, 3:13:18 p. m.";Cajero;quote:created;Sale;"{""saleNumber"":""COT-2026-0001"",""total"":25969.3,""items"":1}"
51211;"4/9/2026, 3:13:18 p. m.";Cajero;cash-session:closed;CashSession;"{""finalCash"":0,""expectedCash"":104536.5,""difference"":-104536.5}"
51210;"4/9/2026, 3:13:18 p. m.";Cajero;quote:converted;Sale;"{""saleNumber"":""V-2026-6971"",""wasQuote"":""COT-2026-0001""}"
51209;"4/9/2026, 3:13:18 p. m.";Cajero;cash-session:opened;CashSession;"{""initialCash"":100000}"
51208;"4/9/2026, 3:13:18 p. m.";Cajero;quote:created;Sale;"{""saleNumber"":""COT-2026-0001"",""total"":4536.5,""items"":1}"
51207;"4/9/2026, 3:13:18 p. m.";Cajero;cash-session:closed;CashSession;"{""finalCash"":0,""expectedCash"":116083.49,""difference"":-116083.49}"
51206;"4/9/2026, 3:13:18 p. m.";Cajero;quote:converted;Sale;"{""saleNumber"":""V-2026-6970"",""wasQuote"":""COT-2026-0001""}"
51205;"4/9/2026, 3:13:18 p. m.";Cajero;cash-session:opened;CashSession;"{""initialCash"":100000}"
51204;"4/9/2026, 3:13:18 p. m.";Cajero;quote:created;Sale;"{""saleNumber"":""COT-2026-0001"",""total"":16083.49,""items"":1}"
51203;"4/9/2026, 3:13:18 p. m.";Cajero;cash-session:closed;CashSession;"{""finalCash"":0,""expectedCash"":134741.84,""difference"":-134741.84}"
51202;"4/9/2026, 3:13:18 p. m.";Cajero;quote:converted;Sale;"{""saleNumber"":""V-2026-6969"",""wasQuote"":""COT-2026-0001""}"
51201;"4/9/2026, 3:13:18 p. m.";Cajero;cash-session:opened;CashSession;"{""initialCash"":100000}"
51200;"4/9/2026, 3:13:18 p. m.";Cajero;quote:created;Sale;"{""saleNumber"":""COT-2026-0001"",""total"":34741.84,""items"":1}"
51199;"4/9/2026, 3:13:18 p. m.";Cajero;cash-session:closed;CashSession;"{""finalCash"":0,""expectedCash"":197222.31,""difference"":-197222.31}"
51198;"4/9/2026, 3:13:18 p. m.";Cajero;quote:converted;Sale;"{""saleNumber"":""V-2026-6968"",""wasQuote"":""COT-2026-0001""}"
51197;"4/9/2026, 3:13:18 p. m.";Cajero;cash-session:opened;CashSession;"{""initialCash"":100000}"
51196;"4/9/2026, 3:13:18 p. m.";Cajero;quote:created;Sale;"{""saleNumber"":""COT-2026-0001"",""total"":97222.31,""items"":1}"
51195;"4/9/2026, 3:13:18 p. m.";Cajero;cash-session:closed;CashSession;"{""finalCash"":0,""expectedCash"":129796.32,""difference"":-129796.32}"
51194;"4/9/2026, 3:13:18 p. m.";Cajero;quote:converted;Sale;"{""saleNumber"":""V-2026-6967"",""wasQuote"":""COT-2026-0001""}"
51193;"4/9/2026, 3:13:18 p. m.";Cajero;cash-session:opened;CashSession;"{""initialCash"":100000}"
51192;"4/9/2026, 3:13:18 p. m.";Cajero;quote:created;Sale;"{""saleNumber"":""COT-2026-0001"",""total"":29796.32,""items"":1}"
51191;"4/9/2026, 3:13:18 p. m.";Cajero;cash-session:closed;CashSession;"{""finalCash"":0,""expectedCash"":186447.28999999998,""difference"":-186447.28999999998}"
51190;"4/9/2026, 3:13:18 p. m.";Cajero;quote:converted;Sale;"{""saleNumber"":""V-2026-6966"",""wasQuote"":""COT-2026-0001""}"
51189;"4/9/2026, 3:13:18 p. m.";Cajero;cash-session:opened;CashSession;"{""initialCash"":100000}"
51188;"4/9/2026, 3:13:18 p. m.";Cajero;quote:created;Sale;"{""saleNumber"":""COT-2026-0001"",""total"":86447.29,""items"":1}"
51187;"4/9/2026, 3:13:18 p. m.";Cajero;cash-session:closed;CashSession;"{""finalCash"":0,""expectedCash"":113468.33,""difference"":-113468.33}"
51186;"4/9/2026, 3:13:18 p. m.";Cajero;quote:converted;Sale;"{""saleNumber"":""V-2026-6965"",""wasQuote"":""COT-2026-0001""}"
51185;"4/9/2026, 3:13:18 p. m.";Cajero;cash-session:opened;CashSession;"{""initialCash"":100000}"
51184;"4/9/2026, 3:13:18 p. m.";Cajero;quote:created;Sale;"{""saleNumber"":""COT-2026-0001"",""total"":13468.33,""items"":1}"
51183;"4/9/2026, 3:13:18 p. m.";Cajero;cash-session:closed;CashSession;"{""finalCash"":0,""expectedCash"":169301.97,""difference"":-169301.97}"
51182;"4/9/2026, 3:13:18 p. m.";Cajero;quote:converted;Sale;"{""saleNumber"":""V-2026-6964"",""wasQuote"":""COT-2026-0001""}"
51181;"4/9/2026, 3:13:18 p. m.";Cajero;cash-session:opened;CashSession;"{""initialCash"":100000}"
51180;"4/9/2026, 3:13:18 p. m.";Cajero;quote:created;Sale;"{""saleNumber"":""COT-2026-0001"",""total"":69301.97,""items"":1}"
51179;"4/9/2026, 3:13:18 p. m.";Cajero;cash-session:closed;CashSession;"{""finalCash"":0,""expectedCash"":134820.08000000002,""difference"":-134820.08000000002}"
51178;"4/9/2026, 3:13:18 p. m.";Cajero;quote:converted;Sale;"{""saleNumber"":""V-2026-6963"",""wasQuote"":""COT-2026-0001""}"
51177;"4/9/2026, 3:13:18 p. m.";Cajero;cash-session:opened;CashSession;"{""initialCash"":100000}"
51176;"4/9/2026, 3:13:18 p. m.";Cajero;quote:created;Sale;"{""saleNumber"":""COT-2026-0001"",""total"":34820.08,""items"":1}"
51175;"4/9/2026, 3:13:18 p. m.";Cajero;cash-session:closed;CashSession;"{""finalCash"":0,""expectedCash"":110519.03,""difference"":-110519.03}"
51174;"4/9/2026, 3:13:18 p. m.";Cajero;quote:converted;Sale;"{""saleNumber"":""V-2026-6962"",""wasQuote"":""COT-2026-0001""}"
51173;"4/9/2026, 3:13:18 p. m.";Cajero;cash-session:opened;CashSession;"{""initialCash"":100000}"
51172;"4/9/2026, 3:13:18 p. m.";Cajero;quote:created;Sale;"{""saleNumber"":""COT-2026-0001"",""total"":10519.03,""items"":1}"
51171;"4/9/2026, 3:13:18 p. m.";Cajero;cash-session:closed;CashSession;"{""finalCash"":0,""expectedCash"":113580.51,""difference"":-113580.51}"
51170;"4/9/2026, 3:13:18 p. m.";Cajero;quote:converted;Sale;"{""saleNumber"":""V-2026-6961"",""wasQuote"":""COT-2026-0001""}"
51169;"4/9/2026, 3:13:18 p. m.";Cajero;cash-session:opened;CashSession;"{""initialCash"":100000}"
51168;"4/9/2026, 3:13:18 p. m.";Cajero;quote:created;Sale;"{""saleNumber"":""COT-2026-0001"",""total"":13580.51,""items"":1}"
51167;"4/9/2026, 3:13:18 p. m.";Cajero;cash-session:closed;CashSession;"{""finalCash"":0,""expectedCash"":170445.28,""difference"":-170445.28}"
51166;"4/9/2026, 3:13:18 p. m.";Cajero;quote:converted;Sale;"{""saleNumber"":""V-2026-6960"",""wasQuote"":""COT-2026-0001""}"
51165;"4/9/2026, 3:13:18 p. m.";Cajero;cash-session:opened;CashSession;"{""initialCash"":100000}"
51164;"4/9/2026, 3:13:18 p. m.";Cajero;quote:created;Sale;"{""saleNumber"":""COT-2026-0001"",""total"":70445.28,""items"":1}"
51163;"4/9/2026, 3:13:18 p. m.";Cajero;cash-session:closed;CashSession;"{""finalCash"":0,""expectedCash"":187368.66999999998,""difference"":-187368.66999999998}"
51162;"4/9/2026, 3:13:18 p. m.";Cajero;quote:converted;Sale;"{""saleNumber"":""V-2026-6959"",""wasQuote"":""COT-2026-0001""}"
51161;"4/9/2026, 3:13:18 p. m.";Cajero;cash-session:opened;CashSession;"{""initialCash"":100000}"
51160;"4/9/2026, 3:13:18 p. m.";Cajero;quote:created;Sale;"{""saleNumber"":""COT-2026-0001"",""total"":87368.67,""items"":1}"
51159;"4/9/2026, 3:13:18 p. m.";Cajero;cash-session:closed;CashSession;"{""finalCash"":0,""expectedCash"":134583.46,""difference"":-134583.46}"
51158;"4/9/2026, 3:13:18 p. m.";Cajero;quote:converted;Sale;"{""saleNumber"":""V-2026-6958"",""wasQuote"":""COT-2026-0001""}"
51157;"4/9/2026, 3:13:18 p. m.";Cajero;cash-session:opened;CashSession;"{""initialCash"":100000}"
51156;"4/9/2026, 3:13:18 p. m.";Cajero;quote:created;Sale;"{""saleNumber"":""COT-2026-0001"",""total"":34583.46,""items"":1}"
51155;"4/9/2026, 3:13:18 p. m.";Cajero;cash-session:closed;CashSession;"{""finalCash"":0,""expectedCash"":150225.77,""difference"":-150225.77}"
51154;"4/9/2026, 3:13:18 p. m.";Cajero;quote:converted;Sale;"{""saleNumber"":""V-2026-6957"",""wasQuote"":""COT-2026-0001""}"
51153;"4/9/2026, 3:13:18 p. m.";Cajero;cash-session:opened;CashSession;"{""initialCash"":100000}"
51152;"4/9/2026, 3:13:18 p. m.";Cajero;quote:created;Sale;"{""saleNumber"":""COT-2026-0001"",""total"":50225.77,""items"":1}"
51151;"4/9/2026, 3:13:18 p. m.";Cajero;cash-session:closed;CashSession;"{""finalCash"":0,""expectedCash"":116112.6,""difference"":-116112.6}"
51150;"4/9/2026, 3:13:18 p. m.";Cajero;quote:converted;Sale;"{""saleNumber"":""V-2026-6956"",""wasQuote"":""COT-2026-0001""}"
51149;"4/9/2026, 3:13:18 p. m.";Cajero;cash-session:opened;CashSession;"{""initialCash"":100000}"
51148;"4/9/2026, 3:13:18 p. m.";Cajero;quote:created;Sale;"{""saleNumber"":""COT-2026-0001"",""total"":16112.6,""items"":1}"
51147;"4/9/2026, 3:13:18 p. m.";Cajero;cash-session:closed;CashSession;"{""finalCash"":0,""expectedCash"":144071.25,""difference"":-144071.25}"
51146;"4/9/2026, 3:13:18 p. m.";Cajero;quote:converted;Sale;"{""saleNumber"":""V-2026-6955"",""wasQuote"":""COT-2026-0001""}"
51145;"4/9/2026, 3:13:18 p. m.";Cajero;cash-session:opened;CashSession;"{""initialCash"":100000}"
51144;"4/9/2026, 3:13:18 p. m.";Cajero;quote:created;Sale;"{""saleNumber"":""COT-2026-0001"",""total"":44071.25,""items"":1}"
51143;"4/9/2026, 3:13:18 p. m.";Cajero;cash-session:closed;CashSession;"{""finalCash"":0,""expectedCash"":103808.77,""difference"":-103808.77}"
51142;"4/9/2026, 3:13:18 p. m.";Cajero;quote:converted;Sale;"{""saleNumber"":""V-2026-6954"",""wasQuote"":""COT-2026-0001""}"
51141;"4/9/2026, 3:13:18 p. m.";Cajero;cash-session:opened;CashSession;"{""initialCash"":100000}"
51140;"4/9/2026, 3:13:18 p. m.";Cajero;quote:created;Sale;"{""saleNumber"":""COT-2026-0001"",""total"":3808.77,""items"":1}"
51139;"4/9/2026, 3:13:18 p. m.";Cajero;cash-session:closed;CashSession;"{""finalCash"":0,""expectedCash"":133383.64,""difference"":-133383.64}"
51138;"4/9/2026, 3:13:18 p. m.";Cajero;quote:converted;Sale;"{""saleNumber"":""V-2026-6953"",""wasQuote"":""COT-2026-0001""}"
51137;"4/9/2026, 3:13:18 p. m.";Cajero;cash-session:opened;CashSession;"{""initialCash"":100000}"
51136;"4/9/2026, 3:13:18 p. m.";Cajero;quote:created;Sale;"{""saleNumber"":""COT-2026-0001"",""total"":33383.64,""items"":1}"
51135;"4/9/2026, 3:13:18 p. m.";Cajero;cash-session:closed;CashSession;"{""finalCash"":0,""expectedCash"":197823.43,""difference"":-197823.43}"
51134;"4/9/2026, 3:13:18 p. m.";Cajero;quote:converted;Sale;"{""saleNumber"":""V-2026-6952"",""wasQuote"":""COT-2026-0001""}"
51133;"4/9/2026, 3:13:18 p. m.";Cajero;cash-session:opened;CashSession;"{""initialCash"":100000}"
51132;"4/9/2026, 3:13:18 p. m.";Cajero;quote:created;Sale;"{""saleNumber"":""COT-2026-0001"",""total"":97823.43,""items"":1}"
51131;"4/9/2026, 3:13:18 p. m.";Cajero;cash-session:closed;CashSession;"{""finalCash"":0,""expectedCash"":135487.69,""difference"":-135487.69}"
51130;"4/9/2026, 3:13:18 p. m.";Cajero;quote:converted;Sale;"{""saleNumber"":""V-2026-6951"",""wasQuote"":""COT-2026-0001""}"
51129;"4/9/2026, 3:13:18 p. m.";Cajero;cash-session:opened;CashSession;"{""initialCash"":100000}"
