#;Cajero;Apertura;Cierre;Estado;Efectivo Inicial;Efectivo Esperado;Efectivo Final;Diferencia;Total Ventas
16200;Cajero;"4/9/2026, 3:13:50 p. m.";"4/9/2026, 3:13:50 p. m.";CLOSED;100000;100000;0;-100000;0
16199;Cajero;"4/9/2026, 3:13:50 p. m.";"4/9/2026, 3:13:50 p. m.";CLOSED;100000;100000;0;-100000;0
16198;Cajero;"4/9/2026, 3:13:50 p. m.";"4/9/2026, 3:13:50 p. m.";CLOSED;100000;100000;0;-100000;0
16197;Cajero;"4/9/2026, 3:13:50 p. m.";"4/9/2026, 3:13:50 p. m.";CLOSED;100000;100000;0;-100000;0
16196;Cajero;"4/9/2026, 3:13:50 p. m.";"4/9/2026, 3:13:50 p. m.";CLOSED;100000;100000;0;-100000;0
16195;Cajero;"4/9/2026, 3:13:50 p. m.";"4/9/2026, 3:13:50 p. m.";CLOSED;100000;100000;0;-100000;0
16194;Cajero;"4/9/2026, 3:13:50 p. m.";"4/9/2026, 3:13:50 p. m.";CLOSED;100000;100000;0;-100000;0
16193;Cajero;"4/9/2026, 3:13:50 p. m.";"4/9/2026, 3:13:50 p. m.";CLOSED;100000;100000;0;-100000;0
16192;Cajero;"4/9/2026, 3:13:50 p. m.";"4/9/2026, 3:13:50 p. m.";CLOSED;100000;100000;0;-100000;0
16191;Cajero;"4/9/2026, 3:13:50 p. m.";"4/9/2026, 3:13:50 p. m.";CLOSED;100000;100000;0;-100000;0
16190;Cajero;"4/9/2026, 3:13:50 p. m.";"4/9/2026, 3:13:50 p. m.";CLOSED;100000;100000;0;-100000;0
16189;Cajero;"4/9/2026, 3:13:50 p. m.";"4/9/2026, 3:13:50 p. m.";CLOSED;100000;100000;0;-100000;0
16188;Cajero;"4/9/2026, 3:13:50 p. m.";"4/9/2026, 3:13:50 p. m.";CLOSED;100000;100000;0;-100000;0
16187;Cajero;"4/9/2026, 3:13:50 p. m.";"4/9/2026, 3:13:50 p. m.";CLOSED;100000;100000;0;-100000;0
16186;Cajero;"4/9/2026, 3:13:50 p. m.";"4/9/2026, 3:13:50 p. m.";CLOSED;100000;100000;0;-100000;0
16185;Cajero;"4/9/2026, 3:13:49 p. m.";"4/9/2026, 3:13:49 p. m.";CLOSED;100000;100000;0;-100000;0
16184;Cajero;"4/9/2026, 3:13:49 p. m.";"4/9/2026, 3:13:49 p. m.";CLOSED;100000;100000;0;-100000;0
16183;Cajero;"4/9/2026, 3:13:49 p. m.";"4/9/2026, 3:13:49 p. m.";CLOSED;100000;100000;0;-100000;0
16182;Cajero;"4/9/2026, 3:13:49 p. m.";"4/9/2026, 3:13:49 p. m.";CLOSED;100000;100000;0;-100000;0
16181;Cajero;"4/9/2026, 3:13:49 p. m.";"4/9/2026, 3:13:49 p. m.";CLOSED;100000;100000;0;-100000;0
16180;Cajero;"4/9/2026, 3:13:49 p. m.";"4/9/2026, 3:13:49 p. m.";CLOSED;100000;100000;0;-100000;0
16179;Cajero;"4/9/2026, 3:13:49 p. m.";"4/9/2026, 3:13:49 p. m.";CLOSED;100000;100000;0;-100000;0
16178;Cajero;"4/9/2026, 3:13:49 p. m.";"4/9/2026, 3:13:49 p. m.";CLOSED;100000;100000;0;-100000;0
16177;Cajero;"4/9/2026, 3:13:49 p. m.";"4/9/2026, 3:13:49 p. m.";CLOSED;100000;100000;0;-100000;0
16176;Cajero;"4/9/2026, 3:13:49 p. m.";"4/9/2026, 3:13:49 p. m.";CLOSED;100000;100000;0;-100000;0
16175;Cajero;"4/9/2026, 3:13:49 p. m.";"4/9/2026, 3:13:49 p. m.";CLOSED;100000;100000;0;-100000;0
16174;Cajero;"4/9/2026, 3:13:49 p. m.";"4/9/2026, 3:13:49 p. m.";CLOSED;100000;100000;0;-100000;0
16173;Cajero;"4/9/2026, 3:13:49 p. m.";"4/9/2026, 3:13:49 p. m.";CLOSED;100000;100000;0;-100000;0
16172;Cajero;"4/9/2026, 3:13:49 p. m.";"4/9/2026, 3:13:49 p. m.";CLOSED;100000;100000;0;-100000;0
16171;Cajero;"4/9/2026, 3:13:49 p. m.";"4/9/2026, 3:13:49 p. m.";CLOSED;100000;100000;0;-100000;0
16170;Cajero;"4/9/2026, 3:13:49 p. m.";"4/9/2026, 3:13:49 p. m.";CLOSED;100000;100000;0;-100000;0
16169;Cajero;"4/9/2026, 3:13:49 p. m.";"4/9/2026, 3:13:49 p. m.";CLOSED;100000;100000;0;-100000;0
16168;Cajero;"4/9/2026, 3:13:49 p. m.";"4/9/2026, 3:13:49 p. m.";CLOSED;100000;100000;0;-100000;0
16167;Cajero;"4/9/2026, 3:13:49 p. m.";"4/9/2026, 3:13:49 p. m.";CLOSED;100000;100000;0;-100000;0
16166;Cajero;"4/9/2026, 3:13:49 p. m.";"4/9/2026, 3:13:49 p. m.";CLOSED;100000;100000;0;-100000;0
16165;Cajero;"4/9/2026, 3:13:49 p. m.";"4/9/2026, 3:13:49 p. m.";CLOSED;100000;100000;0;-100000;0
16164;Cajero;"4/9/2026, 3:13:49 p. m.";"4/9/2026, 3:13:49 p. m.";CLOSED;100000;100000;0;-100000;0
16163;Cajero;"4/9/2026, 3:13:49 p. m.";"4/9/2026, 3:13:49 p. m.";CLOSED;100000;100000;0;-100000;0
16162;Cajero;"4/9/2026, 3:13:48 p. m.";"4/9/2026, 3:13:48 p. m.";CLOSED;100000;100000;0;-100000;0
16161;Cajero;"4/9/2026, 3:13:48 p. m.";"4/9/2026, 3:13:48 p. m.";CLOSED;100000;100000;0;-100000;0
16160;Cajero;"4/9/2026, 3:13:48 p. m.";"4/9/2026, 3:13:48 p. m.";CLOSED;100000;100000;0;-100000;0
16159;Cajero;"4/9/2026, 3:13:48 p. m.";"4/9/2026, 3:13:48 p. m.";CLOSED;100000;100000;0;-100000;0
16158;Cajero;"4/9/2026, 3:13:48 p. m.";"4/9/2026, 3:13:48 p. m.";CLOSED;100000;100000;0;-100000;0
16157;Cajero;"4/9/2026, 3:13:48 p. m.";"4/9/2026, 3:13:48 p. m.";CLOSED;100000;100000;0;-100000;0
16156;Cajero;"4/9/2026, 3:13:48 p. m.";"4/9/2026, 3:13:48 p. m.";CLOSED;100000;100000;0;-100000;0
16155;Cajero;"4/9/2026, 3:13:48 p. m.";"4/9/2026, 3:13:48 p. m.";CLOSED;100000;100000;0;-100000;0
16154;Cajero;"4/9/2026, 3:13:48 p. m.";"4/9/2026, 3:13:48 p. m.";CLOSED;100000;100000;0;-100000;0
16153;Cajero;"4/9/2026, 3:13:48 p. m.";"4/9/2026, 3:13:48 p. m.";CLOSED;100000;100000;0;-100000;0
16152;Cajero;"4/9/2026, 3:13:48 p. m.";"4/9/2026, 3:13:48 p. m.";CLOSED;100000;100000;0;-100000;0
16151;Cajero;"4/9/2026, 3:13:48 p. m.";"4/9/2026, 3:13:48 p. m.";CLOSED;100000;100000;0;-100000;0
16150;Cajero;"4/9/2026, 3:13:48 p. m.";"4/9/2026, 3:13:48 p. m.";CLOSED;100000;100000;0;-100000;0
16149;Cajero;"4/9/2026, 3:13:48 p. m.";"4/9/2026, 3:13:48 p. m.";CLOSED;100000;100000;0;-100000;0
16148;Cajero;"4/9/2026, 3:13:48 p. m.";"4/9/2026, 3:13:48 p. m.";CLOSED;100000;100000;0;-100000;0
16147;Cajero;"4/9/2026, 3:13:48 p. m.";"4/9/2026, 3:13:48 p. m.";CLOSED;100000;100000;0;-100000;0
16146;Cajero;"4/9/2026, 3:13:48 p. m.";"4/9/2026, 3:13:48 p. m.";CLOSED;100000;100000;0;-100000;0
16145;Cajero;"4/9/2026, 3:13:48 p. m.";"4/9/2026, 3:13:48 p. m.";CLOSED;100000;100000;0;-100000;0
16144;Cajero;"4/9/2026, 3:13:48 p. m.";"4/9/2026, 3:13:48 p. m.";CLOSED;100000;100000;0;-100000;0
16143;Cajero;"4/9/2026, 3:13:48 p. m.";"4/9/2026, 3:13:48 p. m.";CLOSED;100000;100000;0;-100000;0
16142;Cajero;"4/9/2026, 3:13:48 p. m.";"4/9/2026, 3:13:48 p. m.";CLOSED;100000;100000;0;-100000;0
16141;Cajero;"4/9/2026, 3:13:47 p. m.";"4/9/2026, 3:13:47 p. m.";CLOSED;100000;100000;0;-100000;0
16140;Cajero;"4/9/2026, 3:13:47 p. m.";"4/9/2026, 3:13:47 p. m.";CLOSED;100000;100000;0;-100000;0
16139;Cajero;"4/9/2026, 3:13:47 p. m.";"4/9/2026, 3:13:47 p. m.";CLOSED;100000;100000;0;-100000;0
16138;Cajero;"4/9/2026, 3:13:47 p. m.";"4/9/2026, 3:13:47 p. m.";CLOSED;100000;100000;0;-100000;0
16137;Cajero;"4/9/2026, 3:13:47 p. m.";"4/9/2026, 3:13:47 p. m.";CLOSED;100000;100000;0;-100000;0
16136;Cajero;"4/9/2026, 3:13:47 p. m.";"4/9/2026, 3:13:47 p. m.";CLOSED;100000;100000;0;-100000;0
16135;Cajero;"4/9/2026, 3:13:47 p. m.";"4/9/2026, 3:13:47 p. m.";CLOSED;100000;100000;0;-100000;0
16134;Cajero;"4/9/2026, 3:13:47 p. m.";"4/9/2026, 3:13:47 p. m.";CLOSED;100000;100000;0;-100000;0
16133;Cajero;"4/9/2026, 3:13:47 p. m.";"4/9/2026, 3:13:47 p. m.";CLOSED;100000;100000;0;-100000;0
16132;Cajero;"4/9/2026, 3:13:47 p. m.";"4/9/2026, 3:13:47 p. m.";CLOSED;100000;100000;0;-100000;0
16131;Cajero;"4/9/2026, 3:13:47 p. m.";"4/9/2026, 3:13:47 p. m.";CLOSED;100000;100000;0;-100000;0
16130;Cajero;"4/9/2026, 3:13:47 p. m.";"4/9/2026, 3:13:47 p. m.";CLOSED;100000;100000;0;-100000;0
16129;Cajero;"4/9/2026, 3:13:47 p. m.";"4/9/2026, 3:13:47 p. m.";CLOSED;100000;100000;0;-100000;0
16128;Cajero;"4/9/2026, 3:13:47 p. m.";"4/9/2026, 3:13:47 p. m.";CLOSED;100000;100000;0;-100000;0
16127;Cajero;"4/9/2026, 3:13:47 p. m.";"4/9/2026, 3:13:47 p. m.";CLOSED;100000;100000;0;-100000;0
16126;Cajero;"4/9/2026, 3:13:47 p. m.";"4/9/2026, 3:13:47 p. m.";CLOSED;100000;100000;0;-100000;0
16125;Cajero;"4/9/2026, 3:13:47 p. m.";"4/9/2026, 3:13:47 p. m.";CLOSED;100000;100000;0;-100000;0
16124;Cajero;"4/9/2026, 3:13:47 p. m.";"4/9/2026, 3:13:47 p. m.";CLOSED;100000;100000;0;-100000;0
16123;Cajero;"4/9/2026, 3:13:47 p. m.";"4/9/2026, 3:13:47 p. m.";CLOSED;100000;100000;0;-100000;0
16122;Cajero;"4/9/2026, 3:13:47 p. m.";"4/9/2026, 3:13:47 p. m.";CLOSED;100000;100000;0;-100000;0
16121;Cajero;"4/9/2026, 3:13:47 p. m.";"4/9/2026, 3:13:47 p. m.";CLOSED;100000;100000;0;-100000;0
16120;Cajero;"4/9/2026, 3:13:47 p. m.";"4/9/2026, 3:13:47 p. m.";CLOSED;100000;100000;0;-100000;0
16119;Cajero;"4/9/2026, 3:13:46 p. m.";"4/9/2026, 3:13:46 p. m.";CLOSED;100000;100000;0;-100000;0
16118;Cajero;"4/9/2026, 3:13:46 p. m.";"4/9/2026, 3:13:46 p. m.";CLOSED;100000;100000;0;-100000;0
16117;Cajero;"4/9/2026, 3:13:46 p. m.";"4/9/2026, 3:13:46 p. m.";CLOSED;100000;100000;0;-100000;0
16116;Cajero;"4/9/2026, 3:13:46 p. m.";"4/9/2026, 3:13:46 p. m.";CLOSED;100000;100000;0;-100000;0
16115;Cajero;"4/9/2026, 3:13:46 p. m.";"4/9/2026, 3:13:46 p. m.";CLOSED;100000;100000;0;-100000;0
16114;Cajero;"4/9/2026, 3:13:46 p. m.";"4/9/2026, 3:13:46 p. m.";CLOSED;100000;100000;0;-100000;0
16113;Cajero;"4/9/2026, 3:13:46 p. m.";"4/9/2026, 3:13:46 p. m.";CLOSED;100000;100000;0;-100000;0
16112;Cajero;"4/9/2026, 3:13:46 p. m.";"4/9/2026, 3:13:46 p. m.";CLOSED;100000;100000;0;-100000;0
16111;Cajero;"4/9/2026, 3:13:46 p. m.";"4/9/2026, 3:13:46 p. m.";CLOSED;100000;100000;0;-100000;0
16110;Cajero;"4/9/2026, 3:13:46 p. m.";"4/9/2026, 3:13:46 p. m.";CLOSED;100000;100000;0;-100000;0
16109;Cajero;"4/9/2026, 3:13:46 p. m.";"4/9/2026, 3:13:46 p. m.";CLOSED;100000;100000;0;-100000;0
16108;Cajero;"4/9/2026, 3:13:46 p. m.";"4/9/2026, 3:13:46 p. m.";CLOSED;100000;100000;0;-100000;0
16107;Cajero;"4/9/2026, 3:13:46 p. m.";"4/9/2026, 3:13:46 p. m.";CLOSED;100000;100000;0;-100000;0
16106;Cajero;"4/9/2026, 3:13:46 p. m.";"4/9/2026, 3:13:46 p. m.";CLOSED;100000;100000;0;-100000;0
16105;Cajero;"4/9/2026, 3:13:46 p. m.";"4/9/2026, 3:13:46 p. m.";CLOSED;100000;100000;0;-100000;0
16104;Cajero;"4/9/2026, 3:13:46 p. m.";"4/9/2026, 3:13:46 p. m.";CLOSED;100000;100000;0;-100000;0
16103;Cajero;"4/9/2026, 3:13:46 p. m.";"4/9/2026, 3:13:46 p. m.";CLOSED;100000;100000;0;-100000;0
16102;Cajero;"4/9/2026, 3:13:46 p. m.";"4/9/2026, 3:13:46 p. m.";CLOSED;100000;100000;0;-100000;0
16101;Cajero;"4/9/2026, 3:13:46 p. m.";"4/9/2026, 3:13:46 p. m.";CLOSED;100000;100000;0;-100000;0
16100;Cajero;"4/9/2026, 3:13:46 p. m.";"4/9/2026, 3:13:46 p. m.";CLOSED;100000;100000;0;-100000;0
16099;Cajero;"4/9/2026, 3:13:46 p. m.";"4/9/2026, 3:13:46 p. m.";CLOSED;100000;100000;0;-100000;0
16098;Cajero;"4/9/2026, 3:13:46 p. m.";"4/9/2026, 3:13:46 p. m.";CLOSED;100000;100000;0;-100000;0
16097;Cajero;"4/9/2026, 3:13:45 p. m.";"4/9/2026, 3:13:46 p. m.";CLOSED;100000;100000;0;-100000;0
16096;Cajero;"4/9/2026, 3:13:45 p. m.";"4/9/2026, 3:13:45 p. m.";CLOSED;100000;100000;0;-100000;0
16095;Cajero;"4/9/2026, 3:13:45 p. m.";"4/9/2026, 3:13:45 p. m.";CLOSED;100000;100000;0;-100000;0
16094;Cajero;"4/9/2026, 3:13:45 p. m.";"4/9/2026, 3:13:45 p. m.";CLOSED;100000;100000;0;-100000;0
16093;Cajero;"4/9/2026, 3:13:45 p. m.";"4/9/2026, 3:13:45 p. m.";CLOSED;100000;100000;0;-100000;0
16092;Cajero;"4/9/2026, 3:13:45 p. m.";"4/9/2026, 3:13:45 p. m.";CLOSED;100000;100000;0;-100000;0
16091;Cajero;"4/9/2026, 3:13:45 p. m.";"4/9/2026, 3:13:45 p. m.";CLOSED;100000;100000;0;-100000;0
16090;Cajero;"4/9/2026, 3:13:45 p. m.";"4/9/2026, 3:13:45 p. m.";CLOSED;100000;100000;0;-100000;0
16089;Cajero;"4/9/2026, 3:13:45 p. m.";"4/9/2026, 3:13:45 p. m.";CLOSED;100000;100000;0;-100000;0
16088;Cajero;"4/9/2026, 3:13:45 p. m.";"4/9/2026, 3:13:45 p. m.";CLOSED;100000;100000;0;-100000;0
16087;Cajero;"4/9/2026, 3:13:45 p. m.";"4/9/2026, 3:13:45 p. m.";CLOSED;100000;100000;0;-100000;0
16086;Cajero;"4/9/2026, 3:13:45 p. m.";"4/9/2026, 3:13:45 p. m.";CLOSED;100000;100000;0;-100000;0
16085;Cajero;"4/9/2026, 3:13:45 p. m.";"4/9/2026, 3:13:45 p. m.";CLOSED;100000;100000;0;-100000;0
16084;Cajero;"4/9/2026, 3:13:45 p. m.";"4/9/2026, 3:13:45 p. m.";CLOSED;100000;100000;0;-100000;0
16083;Cajero;"4/9/2026, 3:13:45 p. m.";"4/9/2026, 3:13:45 p. m.";CLOSED;100000;100000;0;-100000;0
16082;Cajero;"4/9/2026, 3:13:45 p. m.";"4/9/2026, 3:13:45 p. m.";CLOSED;100000;100000;0;-100000;0
16081;Cajero;"4/9/2026, 3:13:45 p. m.";"4/9/2026, 3:13:45 p. m.";CLOSED;100000;100000;0;-100000;0
16080;Cajero;"4/9/2026, 3:13:45 p. m.";"4/9/2026, 3:13:45 p. m.";CLOSED;100000;100000;0;-100000;0
16079;Cajero;"4/9/2026, 3:13:45 p. m.";"4/9/2026, 3:13:45 p. m.";CLOSED;100000;100000;0;-100000;0
16078;Cajero;"4/9/2026, 3:13:45 p. m.";"4/9/2026, 3:13:45 p. m.";CLOSED;100000;100000;0;-100000;0
16077;Cajero;"4/9/2026, 3:13:45 p. m.";"4/9/2026, 3:13:45 p. m.";CLOSED;100000;100000;0;-100000;0
16076;Cajero;"4/9/2026, 3:13:45 p. m.";"4/9/2026, 3:13:45 p. m.";CLOSED;100000;100000;0;-100000;0
16075;Cajero;"4/9/2026, 3:13:45 p. m.";"4/9/2026, 3:13:45 p. m.";CLOSED;100000;100000;0;-100000;0
16074;Cajero;"4/9/2026, 3:13:44 p. m.";"4/9/2026, 3:13:44 p. m.";CLOSED;100000;100000;0;-100000;0
16073;Cajero;"4/9/2026, 3:13:44 p. m.";"4/9/2026, 3:13:44 p. m.";CLOSED;100000;100000;0;-100000;0
16072;Cajero;"4/9/2026, 3:13:44 p. m.";"4/9/2026, 3:13:44 p. m.";CLOSED;100000;100000;0;-100000;0
16071;Cajero;"4/9/2026, 3:13:44 p. m.";"4/9/2026, 3:13:44 p. m.";CLOSED;100000;100000;0;-100000;0
16070;Cajero;"4/9/2026, 3:13:44 p. m.";"4/9/2026, 3:13:44 p. m.";CLOSED;100000;100000;0;-100000;0
16069;Cajero;"4/9/2026, 3:13:44 p. m.";"4/9/2026, 3:13:44 p. m.";CLOSED;100000;100000;0;-100000;0
16068;Cajero;"4/9/2026, 3:13:44 p. m.";"4/9/2026, 3:13:44 p. m.";CLOSED;100000;100000;0;-100000;0
16067;Cajero;"4/9/2026, 3:13:44 p. m.";"4/9/2026, 3:13:44 p. m.";CLOSED;100000;100000;0;-100000;0
16066;Cajero;"4/9/2026, 3:13:44 p. m.";"4/9/2026, 3:13:44 p. m.";CLOSED;100000;100000;0;-100000;0
16065;Cajero;"4/9/2026, 3:13:44 p. m.";"4/9/2026, 3:13:44 p. m.";CLOSED;100000;100000;0;-100000;0
16064;Cajero;"4/9/2026, 3:13:44 p. m.";"4/9/2026, 3:13:44 p. m.";CLOSED;100000;100000;0;-100000;0
16063;Cajero;"4/9/2026, 3:13:44 p. m.";"4/9/2026, 3:13:44 p. m.";CLOSED;100000;100000;0;-100000;0
16062;Cajero;"4/9/2026, 3:13:44 p. m.";"4/9/2026, 3:13:44 p. m.";CLOSED;100000;100000;0;-100000;0
16061;Cajero;"4/9/2026, 3:13:44 p. m.";"4/9/2026, 3:13:44 p. m.";CLOSED;100000;100000;0;-100000;0
16060;Cajero;"4/9/2026, 3:13:44 p. m.";"4/9/2026, 3:13:44 p. m.";CLOSED;100000;100000;0;-100000;0
16059;Cajero;"4/9/2026, 3:13:44 p. m.";"4/9/2026, 3:13:44 p. m.";CLOSED;100000;100000;0;-100000;0
16058;Cajero;"4/9/2026, 3:13:44 p. m.";"4/9/2026, 3:13:44 p. m.";CLOSED;100000;100000;0;-100000;0
16057;Cajero;"4/9/2026, 3:13:44 p. m.";"4/9/2026, 3:13:44 p. m.";CLOSED;100000;100000;0;-100000;0
16056;Cajero;"4/9/2026, 3:13:44 p. m.";"4/9/2026, 3:13:44 p. m.";CLOSED;100000;100000;0;-100000;0
16055;Cajero;"4/9/2026, 3:13:44 p. m.";"4/9/2026, 3:13:44 p. m.";CLOSED;100000;100000;0;-100000;0
16054;Cajero;"4/9/2026, 3:13:44 p. m.";"4/9/2026, 3:13:44 p. m.";CLOSED;100000;100000;0;-100000;0
16053;Cajero;"4/9/2026, 3:13:44 p. m.";"4/9/2026, 3:13:44 p. m.";CLOSED;100000;100000;0;-100000;0
16052;Cajero;"4/9/2026, 3:13:43 p. m.";"4/9/2026, 3:13:43 p. m.";CLOSED;100000;100000;0;-100000;0
16051;Cajero;"4/9/2026, 3:13:43 p. m.";"4/9/2026, 3:13:43 p. m.";CLOSED;100000;100000;0;-100000;0
16050;Cajero;"4/9/2026, 3:13:43 p. m.";"4/9/2026, 3:13:43 p. m.";CLOSED;100000;100000;0;-100000;0
16049;Cajero;"4/9/2026, 3:13:43 p. m.";"4/9/2026, 3:13:43 p. m.";CLOSED;100000;100000;0;-100000;0
16048;Cajero;"4/9/2026, 3:13:43 p. m.";"4/9/2026, 3:13:43 p. m.";CLOSED;100000;100000;0;-100000;0
16047;Cajero;"4/9/2026, 3:13:43 p. m.";"4/9/2026, 3:13:43 p. m.";CLOSED;100000;100000;0;-100000;0
16046;Cajero;"4/9/2026, 3:13:43 p. m.";"4/9/2026, 3:13:43 p. m.";CLOSED;100000;100000;0;-100000;0
16045;Cajero;"4/9/2026, 3:13:43 p. m.";"4/9/2026, 3:13:43 p. m.";CLOSED;100000;100000;0;-100000;0
16044;Cajero;"4/9/2026, 3:13:43 p. m.";"4/9/2026, 3:13:43 p. m.";CLOSED;100000;100000;0;-100000;0
16043;Cajero;"4/9/2026, 3:13:43 p. m.";"4/9/2026, 3:13:43 p. m.";CLOSED;100000;100000;0;-100000;0
16042;Cajero;"4/9/2026, 3:13:43 p. m.";"4/9/2026, 3:13:43 p. m.";CLOSED;100000;100000;0;-100000;0
16041;Cajero;"4/9/2026, 3:13:43 p. m.";"4/9/2026, 3:13:43 p. m.";CLOSED;100000;100000;0;-100000;0
16040;Cajero;"4/9/2026, 3:13:43 p. m.";"4/9/2026, 3:13:43 p. m.";CLOSED;100000;100000;0;-100000;0
16039;Cajero;"4/9/2026, 3:13:43 p. m.";"4/9/2026, 3:13:43 p. m.";CLOSED;100000;100000;0;-100000;0
16038;Cajero;"4/9/2026, 3:13:43 p. m.";"4/9/2026, 3:13:43 p. m.";CLOSED;100000;100000;0;-100000;0
16037;Cajero;"4/9/2026, 3:13:43 p. m.";"4/9/2026, 3:13:43 p. m.";CLOSED;100000;100000;0;-100000;0
16036;Cajero;"4/9/2026, 3:13:43 p. m.";"4/9/2026, 3:13:43 p. m.";CLOSED;100000;100000;0;-100000;0
16035;Cajero;"4/9/2026, 3:13:43 p. m.";"4/9/2026, 3:13:43 p. m.";CLOSED;100000;100000;0;-100000;0
16034;Cajero;"4/9/2026, 3:13:43 p. m.";"4/9/2026, 3:13:43 p. m.";CLOSED;100000;100000;0;-100000;0
16033;Cajero;"4/9/2026, 3:13:43 p. m.";"4/9/2026, 3:13:43 p. m.";CLOSED;100000;100000;0;-100000;0
16032;Cajero;"4/9/2026, 3:13:43 p. m.";"4/9/2026, 3:13:43 p. m.";CLOSED;100000;100000;0;-100000;0
16031;Cajero;"4/9/2026, 3:13:43 p. m.";"4/9/2026, 3:13:43 p. m.";CLOSED;100000;100000;0;-100000;0
16030;Cajero;"4/9/2026, 3:13:43 p. m.";"4/9/2026, 3:13:43 p. m.";CLOSED;100000;100000;0;-100000;0
16029;Cajero;"4/9/2026, 3:13:42 p. m.";"4/9/2026, 3:13:42 p. m.";CLOSED;100000;100000;0;-100000;0
16028;Cajero;"4/9/2026, 3:13:42 p. m.";"4/9/2026, 3:13:42 p. m.";CLOSED;100000;100000;0;-100000;0
16027;Cajero;"4/9/2026, 3:13:42 p. m.";"4/9/2026, 3:13:42 p. m.";CLOSED;100000;100000;0;-100000;0
16026;Cajero;"4/9/2026, 3:13:42 p. m.";"4/9/2026, 3:13:42 p. m.";CLOSED;100000;100000;0;-100000;0
16025;Cajero;"4/9/2026, 3:13:42 p. m.";"4/9/2026, 3:13:42 p. m.";CLOSED;100000;100000;0;-100000;0
16024;Cajero;"4/9/2026, 3:13:42 p. m.";"4/9/2026, 3:13:42 p. m.";CLOSED;100000;100000;0;-100000;0
16023;Cajero;"4/9/2026, 3:13:42 p. m.";"4/9/2026, 3:13:42 p. m.";CLOSED;100000;100000;0;-100000;0
16022;Cajero;"4/9/2026, 3:13:42 p. m.";"4/9/2026, 3:13:42 p. m.";CLOSED;100000;100000;0;-100000;0
16021;Cajero;"4/9/2026, 3:13:42 p. m.";"4/9/2026, 3:13:42 p. m.";CLOSED;100000;100000;0;-100000;0
16020;Cajero;"4/9/2026, 3:13:42 p. m.";"4/9/2026, 3:13:42 p. m.";CLOSED;100000;100000;0;-100000;0
16019;Cajero;"4/9/2026, 3:13:42 p. m.";"4/9/2026, 3:13:42 p. m.";CLOSED;100000;100000;0;-100000;0
16018;Cajero;"4/9/2026, 3:13:42 p. m.";"4/9/2026, 3:13:42 p. m.";CLOSED;100000;100000;0;-100000;0
16017;Cajero;"4/9/2026, 3:13:42 p. m.";"4/9/2026, 3:13:42 p. m.";CLOSED;100000;100000;0;-100000;0
16016;Cajero;"4/9/2026, 3:13:42 p. m.";"4/9/2026, 3:13:42 p. m.";CLOSED;100000;100000;0;-100000;0
16015;Cajero;"4/9/2026, 3:13:42 p. m.";"4/9/2026, 3:13:42 p. m.";CLOSED;100000;100000;0;-100000;0
16014;Cajero;"4/9/2026, 3:13:42 p. m.";"4/9/2026, 3:13:42 p. m.";CLOSED;100000;100000;0;-100000;0
16013;Cajero;"4/9/2026, 3:13:42 p. m.";"4/9/2026, 3:13:42 p. m.";CLOSED;100000;100000;0;-100000;0
16012;Cajero;"4/9/2026, 3:13:42 p. m.";"4/9/2026, 3:13:42 p. m.";CLOSED;100000;100000;0;-100000;0
16011;Cajero;"4/9/2026, 3:13:42 p. m.";"4/9/2026, 3:13:42 p. m.";CLOSED;100000;100000;0;-100000;0
16010;Cajero;"4/9/2026, 3:13:42 p. m.";"4/9/2026, 3:13:42 p. m.";CLOSED;100000;100000;0;-100000;0
16009;Cajero;"4/9/2026, 3:13:42 p. m.";"4/9/2026, 3:13:42 p. m.";CLOSED;100000;100000;0;-100000;0
16008;Cajero;"4/9/2026, 3:13:42 p. m.";"4/9/2026, 3:13:42 p. m.";CLOSED;100000;100000;0;-100000;0
16007;Cajero;"4/9/2026, 3:13:41 p. m.";"4/9/2026, 3:13:41 p. m.";CLOSED;100000;100000;0;-100000;0
16006;Cajero;"4/9/2026, 3:13:41 p. m.";"4/9/2026, 3:13:41 p. m.";CLOSED;100000;100000;0;-100000;0
16005;Cajero;"4/9/2026, 3:13:41 p. m.";"4/9/2026, 3:13:41 p. m.";CLOSED;100000;100000;0;-100000;0
16004;Cajero;"4/9/2026, 3:13:41 p. m.";"4/9/2026, 3:13:41 p. m.";CLOSED;100000;100000;0;-100000;0
16003;Cajero;"4/9/2026, 3:13:41 p. m.";"4/9/2026, 3:13:41 p. m.";CLOSED;100000;100000;0;-100000;0
16002;Cajero;"4/9/2026, 3:13:41 p. m.";"4/9/2026, 3:13:41 p. m.";CLOSED;100000;100000;0;-100000;0
16001;Cajero;"4/9/2026, 3:13:41 p. m.";"4/9/2026, 3:13:41 p. m.";CLOSED;100000;100000;0;-100000;0
16000;Cajero;"4/9/2026, 3:13:41 p. m.";"4/9/2026, 3:13:41 p. m.";CLOSED;100000;100000;0;-100000;0
15999;Cajero;"4/9/2026, 3:13:41 p. m.";"4/9/2026, 3:13:41 p. m.";CLOSED;100000;100000;0;-100000;0
15998;Cajero;"4/9/2026, 3:13:41 p. m.";"4/9/2026, 3:13:41 p. m.";CLOSED;100000;100000;0;-100000;0
15997;Cajero;"4/9/2026, 3:13:41 p. m.";"4/9/2026, 3:13:41 p. m.";CLOSED;100000;100000;0;-100000;0
15996;Cajero;"4/9/2026, 3:13:41 p. m.";"4/9/2026, 3:13:41 p. m.";CLOSED;100000;100000;0;-100000;0
15995;Cajero;"4/9/2026, 3:13:41 p. m.";"4/9/2026, 3:13:41 p. m.";CLOSED;100000;100000;0;-100000;0
15994;Cajero;"4/9/2026, 3:13:41 p. m.";"4/9/2026, 3:13:41 p. m.";CLOSED;100000;100000;0;-100000;0
15993;Cajero;"4/9/2026, 3:13:41 p. m.";"4/9/2026, 3:13:41 p. m.";CLOSED;100000;100000;0;-100000;0
15992;Cajero;"4/9/2026, 3:13:41 p. m.";"4/9/2026, 3:13:41 p. m.";CLOSED;100000;100000;0;-100000;0
15991;Cajero;"4/9/2026, 3:13:41 p. m.";"4/9/2026, 3:13:41 p. m.";CLOSED;100000;100000;0;-100000;0
15990;Cajero;"4/9/2026, 3:13:41 p. m.";"4/9/2026, 3:13:41 p. m.";CLOSED;100000;100000;0;-100000;0
15989;Cajero;"4/9/2026, 3:13:41 p. m.";"4/9/2026, 3:13:41 p. m.";CLOSED;100000;100000;0;-100000;0
15988;Cajero;"4/9/2026, 3:13:41 p. m.";"4/9/2026, 3:13:41 p. m.";CLOSED;100000;100000;0;-100000;0
15987;Cajero;"4/9/2026, 3:13:41 p. m.";"4/9/2026, 3:13:41 p. m.";CLOSED;100000;100000;0;-100000;0
15986;Cajero;"4/9/2026, 3:13:41 p. m.";"4/9/2026, 3:13:41 p. m.";CLOSED;100000;100000;0;-100000;0
15985;Cajero;"4/9/2026, 3:13:40 p. m.";"4/9/2026, 3:13:40 p. m.";CLOSED;100000;100000;0;-100000;0
15984;Cajero;"4/9/2026, 3:13:40 p. m.";"4/9/2026, 3:13:40 p. m.";CLOSED;100000;100000;0;-100000;0
15983;Cajero;"4/9/2026, 3:13:40 p. m.";"4/9/2026, 3:13:40 p. m.";CLOSED;100000;100000;0;-100000;0
15982;Cajero;"4/9/2026, 3:13:40 p. m.";"4/9/2026, 3:13:40 p. m.";CLOSED;100000;100000;0;-100000;0
15981;Cajero;"4/9/2026, 3:13:40 p. m.";"4/9/2026, 3:13:40 p. m.";CLOSED;100000;100000;0;-100000;0
15980;Cajero;"4/9/2026, 3:13:40 p. m.";"4/9/2026, 3:13:40 p. m.";CLOSED;100000;100000;0;-100000;0
15979;Cajero;"4/9/2026, 3:13:40 p. m.";"4/9/2026, 3:13:40 p. m.";CLOSED;100000;100000;0;-100000;0
15978;Cajero;"4/9/2026, 3:13:40 p. m.";"4/9/2026, 3:13:40 p. m.";CLOSED;100000;100000;0;-100000;0
15977;Cajero;"4/9/2026, 3:13:40 p. m.";"4/9/2026, 3:13:40 p. m.";CLOSED;100000;100000;0;-100000;0
15976;Cajero;"4/9/2026, 3:13:40 p. m.";"4/9/2026, 3:13:40 p. m.";CLOSED;100000;100000;0;-100000;0
15975;Cajero;"4/9/2026, 3:13:40 p. m.";"4/9/2026, 3:13:40 p. m.";CLOSED;100000;100000;0;-100000;0
15974;Cajero;"4/9/2026, 3:13:40 p. m.";"4/9/2026, 3:13:40 p. m.";CLOSED;100000;100000;0;-100000;0
15973;Cajero;"4/9/2026, 3:13:40 p. m.";"4/9/2026, 3:13:40 p. m.";CLOSED;100000;100000;0;-100000;0
15972;Cajero;"4/9/2026, 3:13:40 p. m.";"4/9/2026, 3:13:40 p. m.";CLOSED;100000;100000;0;-100000;0
15971;Cajero;"4/9/2026, 3:13:40 p. m.";"4/9/2026, 3:13:40 p. m.";CLOSED;100000;100000;0;-100000;0
15970;Cajero;"4/9/2026, 3:13:40 p. m.";"4/9/2026, 3:13:40 p. m.";CLOSED;100000;100000;0;-100000;0
15969;Cajero;"4/9/2026, 3:13:40 p. m.";"4/9/2026, 3:13:40 p. m.";CLOSED;100000;100000;0;-100000;0
15968;Cajero;"4/9/2026, 3:13:40 p. m.";"4/9/2026, 3:13:40 p. m.";CLOSED;100000;100000;0;-100000;0
15967;Cajero;"4/9/2026, 3:13:40 p. m.";"4/9/2026, 3:13:40 p. m.";CLOSED;100000;100000;0;-100000;0
15966;Cajero;"4/9/2026, 3:13:40 p. m.";"4/9/2026, 3:13:40 p. m.";CLOSED;100000;100000;0;-100000;0
15965;Cajero;"4/9/2026, 3:13:40 p. m.";"4/9/2026, 3:13:40 p. m.";CLOSED;100000;100000;0;-100000;0
15964;Cajero;"4/9/2026, 3:13:40 p. m.";"4/9/2026, 3:13:40 p. m.";CLOSED;100000;100000;0;-100000;0
15963;Cajero;"4/9/2026, 3:13:39 p. m.";"4/9/2026, 3:13:39 p. m.";CLOSED;100000;100000;0;-100000;0
15962;Cajero;"4/9/2026, 3:13:39 p. m.";"4/9/2026, 3:13:39 p. m.";CLOSED;100000;100000;0;-100000;0
15961;Cajero;"4/9/2026, 3:13:39 p. m.";"4/9/2026, 3:13:39 p. m.";CLOSED;100000;100000;0;-100000;0
15960;Cajero;"4/9/2026, 3:13:39 p. m.";"4/9/2026, 3:13:39 p. m.";CLOSED;100000;100000;0;-100000;0
15959;Cajero;"4/9/2026, 3:13:39 p. m.";"4/9/2026, 3:13:39 p. m.";CLOSED;100000;100000;0;-100000;0
15958;Cajero;"4/9/2026, 3:13:39 p. m.";"4/9/2026, 3:13:39 p. m.";CLOSED;100000;100000;0;-100000;0
15957;Cajero;"4/9/2026, 3:13:39 p. m.";"4/9/2026, 3:13:39 p. m.";CLOSED;100000;100000;0;-100000;0
15956;Cajero;"4/9/2026, 3:13:39 p. m.";"4/9/2026, 3:13:39 p. m.";CLOSED;100000;100000;0;-100000;0
15955;Cajero;"4/9/2026, 3:13:39 p. m.";"4/9/2026, 3:13:39 p. m.";CLOSED;100000;100000;0;-100000;0
15954;Cajero;"4/9/2026, 3:13:39 p. m.";"4/9/2026, 3:13:39 p. m.";CLOSED;100000;100000;0;-100000;0
15953;Cajero;"4/9/2026, 3:13:39 p. m.";"4/9/2026, 3:13:39 p. m.";CLOSED;100000;100000;0;-100000;0
15952;Cajero;"4/9/2026, 3:13:39 p. m.";"4/9/2026, 3:13:39 p. m.";CLOSED;100000;100000;0;-100000;0
15951;Cajero;"4/9/2026, 3:13:39 p. m.";"4/9/2026, 3:13:39 p. m.";CLOSED;100000;100000;0;-100000;0
15950;Cajero;"4/9/2026, 3:13:39 p. m.";"4/9/2026, 3:13:39 p. m.";CLOSED;100000;100000;0;-100000;0
15949;Cajero;"4/9/2026, 3:13:39 p. m.";"4/9/2026, 3:13:39 p. m.";CLOSED;100000;100000;0;-100000;0
15948;Cajero;"4/9/2026, 3:13:39 p. m.";"4/9/2026, 3:13:39 p. m.";CLOSED;100000;100000;0;-100000;0
15947;Cajero;"4/9/2026, 3:13:39 p. m.";"4/9/2026, 3:13:39 p. m.";CLOSED;100000;100000;0;-100000;0
15946;Cajero;"4/9/2026, 3:13:39 p. m.";"4/9/2026, 3:13:39 p. m.";CLOSED;100000;100000;0;-100000;0
15945;Cajero;"4/9/2026, 3:13:39 p. m.";"4/9/2026, 3:13:39 p. m.";CLOSED;100000;100000;0;-100000;0
15944;Cajero;"4/9/2026, 3:13:39 p. m.";"4/9/2026, 3:13:39 p. m.";CLOSED;100000;100000;0;-100000;0
15943;Cajero;"4/9/2026, 3:13:39 p. m.";"4/9/2026, 3:13:39 p. m.";CLOSED;100000;100000;0;-100000;0
15942;Cajero;"4/9/2026, 3:13:38 p. m.";"4/9/2026, 3:13:38 p. m.";CLOSED;100000;100000;0;-100000;0
15941;Cajero;"4/9/2026, 3:13:38 p. m.";"4/9/2026, 3:13:38 p. m.";CLOSED;100000;100000;0;-100000;0
15940;Cajero;"4/9/2026, 3:13:38 p. m.";"4/9/2026, 3:13:38 p. m.";CLOSED;100000;100000;0;-100000;0
15939;Cajero;"4/9/2026, 3:13:38 p. m.";"4/9/2026, 3:13:38 p. m.";CLOSED;100000;100000;0;-100000;0
15938;Cajero;"4/9/2026, 3:13:38 p. m.";"4/9/2026, 3:13:38 p. m.";CLOSED;100000;100000;0;-100000;0
15937;Cajero;"4/9/2026, 3:13:38 p. m.";"4/9/2026, 3:13:38 p. m.";CLOSED;100000;100000;0;-100000;0
15936;Cajero;"4/9/2026, 3:13:38 p. m.";"4/9/2026, 3:13:38 p. m.";CLOSED;100000;100000;0;-100000;0
15935;Cajero;"4/9/2026, 3:13:38 p. m.";"4/9/2026, 3:13:38 p. m.";CLOSED;100000;100000;0;-100000;0
15934;Cajero;"4/9/2026, 3:13:38 p. m.";"4/9/2026, 3:13:38 p. m.";CLOSED;100000;100000;0;-100000;0
15933;Cajero;"4/9/2026, 3:13:38 p. m.";"4/9/2026, 3:13:38 p. m.";CLOSED;100000;100000;0;-100000;0
15932;Cajero;"4/9/2026, 3:13:38 p. m.";"4/9/2026, 3:13:38 p. m.";CLOSED;100000;100000;0;-100000;0
15931;Cajero;"4/9/2026, 3:13:38 p. m.";"4/9/2026, 3:13:38 p. m.";CLOSED;100000;100000;0;-100000;0
15930;Cajero;"4/9/2026, 3:13:38 p. m.";"4/9/2026, 3:13:38 p. m.";CLOSED;100000;100000;0;-100000;0
15929;Cajero;"4/9/2026, 3:13:38 p. m.";"4/9/2026, 3:13:38 p. m.";CLOSED;100000;100000;0;-100000;0
15928;Cajero;"4/9/2026, 3:13:38 p. m.";"4/9/2026, 3:13:38 p. m.";CLOSED;100000;100000;0;-100000;0
15927;Cajero;"4/9/2026, 3:13:38 p. m.";"4/9/2026, 3:13:38 p. m.";CLOSED;100000;100000;0;-100000;0
15926;Cajero;"4/9/2026, 3:13:38 p. m.";"4/9/2026, 3:13:38 p. m.";CLOSED;100000;100000;0;-100000;0
15925;Cajero;"4/9/2026, 3:13:38 p. m.";"4/9/2026, 3:13:38 p. m.";CLOSED;100000;100000;0;-100000;0
15924;Cajero;"4/9/2026, 3:13:38 p. m.";"4/9/2026, 3:13:38 p. m.";CLOSED;100000;100000;0;-100000;0
15923;Cajero;"4/9/2026, 3:13:38 p. m.";"4/9/2026, 3:13:38 p. m.";CLOSED;100000;100000;0;-100000;0
15922;Cajero;"4/9/2026, 3:13:38 p. m.";"4/9/2026, 3:13:38 p. m.";CLOSED;100000;100000;0;-100000;0
15921;Cajero;"4/9/2026, 3:13:38 p. m.";"4/9/2026, 3:13:38 p. m.";CLOSED;100000;100000;0;-100000;0
15920;Cajero;"4/9/2026, 3:13:38 p. m.";"4/9/2026, 3:13:38 p. m.";CLOSED;100000;100000;0;-100000;0
15919;Cajero;"4/9/2026, 3:13:37 p. m.";"4/9/2026, 3:13:37 p. m.";CLOSED;100000;100000;0;-100000;0
15918;Cajero;"4/9/2026, 3:13:37 p. m.";"4/9/2026, 3:13:37 p. m.";CLOSED;100000;100000;0;-100000;0
15917;Cajero;"4/9/2026, 3:13:37 p. m.";"4/9/2026, 3:13:37 p. m.";CLOSED;100000;100000;0;-100000;0
15916;Cajero;"4/9/2026, 3:13:37 p. m.";"4/9/2026, 3:13:37 p. m.";CLOSED;100000;100000;0;-100000;0
15915;Cajero;"4/9/2026, 3:13:37 p. m.";"4/9/2026, 3:13:37 p. m.";CLOSED;100000;100000;0;-100000;0
15914;Cajero;"4/9/2026, 3:13:37 p. m.";"4/9/2026, 3:13:37 p. m.";CLOSED;100000;100000;0;-100000;0
15913;Cajero;"4/9/2026, 3:13:37 p. m.";"4/9/2026, 3:13:37 p. m.";CLOSED;100000;100000;0;-100000;0
15912;Cajero;"4/9/2026, 3:13:37 p. m.";"4/9/2026, 3:13:37 p. m.";CLOSED;100000;100000;0;-100000;0
15911;Cajero;"4/9/2026, 3:13:37 p. m.";"4/9/2026, 3:13:37 p. m.";CLOSED;100000;100000;0;-100000;0
15910;Cajero;"4/9/2026, 3:13:37 p. m.";"4/9/2026, 3:13:37 p. m.";CLOSED;100000;100000;0;-100000;0
15909;Cajero;"4/9/2026, 3:13:37 p. m.";"4/9/2026, 3:13:37 p. m.";CLOSED;100000;100000;0;-100000;0
15908;Cajero;"4/9/2026, 3:13:37 p. m.";"4/9/2026, 3:13:37 p. m.";CLOSED;100000;100000;0;-100000;0
15907;Cajero;"4/9/2026, 3:13:37 p. m.";"4/9/2026, 3:13:37 p. m.";CLOSED;100000;100000;0;-100000;0
15906;Cajero;"4/9/2026, 3:13:37 p. m.";"4/9/2026, 3:13:37 p. m.";CLOSED;100000;100000;0;-100000;0
15905;Cajero;"4/9/2026, 3:13:37 p. m.";"4/9/2026, 3:13:37 p. m.";CLOSED;100000;100000;0;-100000;0
15904;Cajero;"4/9/2026, 3:13:37 p. m.";"4/9/2026, 3:13:37 p. m.";CLOSED;100000;100000;0;-100000;0
15903;Cajero;"4/9/2026, 3:13:37 p. m.";"4/9/2026, 3:13:37 p. m.";CLOSED;100000;100000;0;-100000;0
15902;Cajero;"4/9/2026, 3:13:37 p. m.";"4/9/2026, 3:13:37 p. m.";CLOSED;100000;100000;0;-100000;0
15901;Cajero;"4/9/2026, 3:13:37 p. m.";"4/9/2026, 3:13:37 p. m.";CLOSED;100000;100000;0;-100000;0
15900;Cajero;"4/9/2026, 3:13:37 p. m.";"4/9/2026, 3:13:37 p. m.";CLOSED;100000;100000;0;-100000;0
15899;Cajero;"4/9/2026, 3:13:37 p. m.";"4/9/2026, 3:13:37 p. m.";CLOSED;100000;100000;0;-100000;0
15898;Cajero;"4/9/2026, 3:13:37 p. m.";"4/9/2026, 3:13:37 p. m.";CLOSED;100000;100000;0;-100000;0
15897;Cajero;"4/9/2026, 3:13:37 p. m.";"4/9/2026, 3:13:37 p. m.";CLOSED;100000;100000;0;-100000;0
15896;Cajero;"4/9/2026, 3:13:36 p. m.";"4/9/2026, 3:13:36 p. m.";CLOSED;100000;100000;0;-100000;0
15895;Cajero;"4/9/2026, 3:13:36 p. m.";"4/9/2026, 3:13:36 p. m.";CLOSED;100000;100000;0;-100000;0
15894;Cajero;"4/9/2026, 3:13:36 p. m.";"4/9/2026, 3:13:36 p. m.";CLOSED;100000;100000;0;-100000;0
15893;Cajero;"4/9/2026, 3:13:36 p. m.";"4/9/2026, 3:13:36 p. m.";CLOSED;100000;100000;0;-100000;0
15892;Cajero;"4/9/2026, 3:13:36 p. m.";"4/9/2026, 3:13:36 p. m.";CLOSED;100000;100000;0;-100000;0
15891;Cajero;"4/9/2026, 3:13:36 p. m.";"4/9/2026, 3:13:36 p. m.";CLOSED;100000;100000;0;-100000;0
15890;Cajero;"4/9/2026, 3:13:36 p. m.";"4/9/2026, 3:13:36 p. m.";CLOSED;100000;100000;0;-100000;0
15889;Cajero;"4/9/2026, 3:13:36 p. m.";"4/9/2026, 3:13:36 p. m.";CLOSED;100000;100000;0;-100000;0
15888;Cajero;"4/9/2026, 3:13:36 p. m.";"4/9/2026, 3:13:36 p. m.";CLOSED;100000;100000;0;-100000;0
15887;Cajero;"4/9/2026, 3:13:36 p. m.";"4/9/2026, 3:13:36 p. m.";CLOSED;100000;100000;0;-100000;0
15886;Cajero;"4/9/2026, 3:13:36 p. m.";"4/9/2026, 3:13:36 p. m.";CLOSED;100000;100000;0;-100000;0
15885;Cajero;"4/9/2026, 3:13:36 p. m.";"4/9/2026, 3:13:36 p. m.";CLOSED;100000;100000;0;-100000;0
15884;Cajero;"4/9/2026, 3:13:36 p. m.";"4/9/2026, 3:13:36 p. m.";CLOSED;100000;100000;0;-100000;0
15883;Cajero;"4/9/2026, 3:13:36 p. m.";"4/9/2026, 3:13:36 p. m.";CLOSED;100000;100000;0;-100000;0
15882;Cajero;"4/9/2026, 3:13:36 p. m.";"4/9/2026, 3:13:36 p. m.";CLOSED;100000;100000;0;-100000;0
15881;Cajero;"4/9/2026, 3:13:36 p. m.";"4/9/2026, 3:13:36 p. m.";CLOSED;100000;100000;0;-100000;0
15880;Cajero;"4/9/2026, 3:13:36 p. m.";"4/9/2026, 3:13:36 p. m.";CLOSED;100000;100000;0;-100000;0
15879;Cajero;"4/9/2026, 3:13:36 p. m.";"4/9/2026, 3:13:36 p. m.";CLOSED;100000;100000;0;-100000;0
15878;Cajero;"4/9/2026, 3:13:36 p. m.";"4/9/2026, 3:13:36 p. m.";CLOSED;100000;100000;0;-100000;0
15877;Cajero;"4/9/2026, 3:13:36 p. m.";"4/9/2026, 3:13:36 p. m.";CLOSED;100000;100000;0;-100000;0
15876;Cajero;"4/9/2026, 3:13:36 p. m.";"4/9/2026, 3:13:36 p. m.";CLOSED;100000;100000;0;-100000;0
15875;Cajero;"4/9/2026, 3:13:36 p. m.";"4/9/2026, 3:13:36 p. m.";CLOSED;100000;100000;0;-100000;0
15874;Cajero;"4/9/2026, 3:13:35 p. m.";"4/9/2026, 3:13:35 p. m.";CLOSED;100000;100000;0;-100000;0
15873;Cajero;"4/9/2026, 3:13:35 p. m.";"4/9/2026, 3:13:35 p. m.";CLOSED;100000;100000;0;-100000;0
15872;Cajero;"4/9/2026, 3:13:35 p. m.";"4/9/2026, 3:13:35 p. m.";CLOSED;100000;100000;0;-100000;0
15871;Cajero;"4/9/2026, 3:13:35 p. m.";"4/9/2026, 3:13:35 p. m.";CLOSED;100000;100000;0;-100000;0
15870;Cajero;"4/9/2026, 3:13:35 p. m.";"4/9/2026, 3:13:35 p. m.";CLOSED;100000;100000;0;-100000;0
15869;Cajero;"4/9/2026, 3:13:35 p. m.";"4/9/2026, 3:13:35 p. m.";CLOSED;100000;100000;0;-100000;0
15868;Cajero;"4/9/2026, 3:13:35 p. m.";"4/9/2026, 3:13:35 p. m.";CLOSED;100000;100000;0;-100000;0
15867;Cajero;"4/9/2026, 3:13:35 p. m.";"4/9/2026, 3:13:35 p. m.";CLOSED;100000;100000;0;-100000;0
15866;Cajero;"4/9/2026, 3:13:35 p. m.";"4/9/2026, 3:13:35 p. m.";CLOSED;100000;100000;0;-100000;0
15865;Cajero;"4/9/2026, 3:13:35 p. m.";"4/9/2026, 3:13:35 p. m.";CLOSED;100000;100000;0;-100000;0
15864;Cajero;"4/9/2026, 3:13:35 p. m.";"4/9/2026, 3:13:35 p. m.";CLOSED;100000;100000;0;-100000;0
15863;Cajero;"4/9/2026, 3:13:35 p. m.";"4/9/2026, 3:13:35 p. m.";CLOSED;100000;100000;0;-100000;0
15862;Cajero;"4/9/2026, 3:13:35 p. m.";"4/9/2026, 3:13:35 p. m.";CLOSED;100000;100000;0;-100000;0
15861;Cajero;"4/9/2026, 3:13:35 p. m.";"4/9/2026, 3:13:35 p. m.";CLOSED;100000;100000;0;-100000;0
15860;Cajero;"4/9/2026, 3:13:35 p. m.";"4/9/2026, 3:13:35 p. m.";CLOSED;100000;100000;0;-100000;0
15859;Cajero;"4/9/2026, 3:13:35 p. m.";"4/9/2026, 3:13:35 p. m.";CLOSED;100000;100000;0;-100000;0
15858;Cajero;"4/9/2026, 3:13:35 p. m.";"4/9/2026, 3:13:35 p. m.";CLOSED;100000;100000;0;-100000;0
15857;Cajero;"4/9/2026, 3:13:35 p. m.";"4/9/2026, 3:13:35 p. m.";CLOSED;100000;100000;0;-100000;0
15856;Cajero;"4/9/2026, 3:13:35 p. m.";"4/9/2026, 3:13:35 p. m.";CLOSED;100000;100000;0;-100000;0
15855;Cajero;"4/9/2026, 3:13:35 p. m.";"4/9/2026, 3:13:35 p. m.";CLOSED;100000;100000;0;-100000;0
15854;Cajero;"4/9/2026, 3:13:35 p. m.";"4/9/2026, 3:13:35 p. m.";CLOSED;100000;100000;0;-100000;0
15853;Cajero;"4/9/2026, 3:13:35 p. m.";"4/9/2026, 3:13:35 p. m.";CLOSED;100000;100000;0;-100000;0
15852;Cajero;"4/9/2026, 3:13:35 p. m.";"4/9/2026, 3:13:35 p. m.";CLOSED;100000;100000;0;-100000;0
15851;Cajero;"4/9/2026, 3:13:34 p. m.";"4/9/2026, 3:13:34 p. m.";CLOSED;100000;100000;0;-100000;0
15850;Cajero;"4/9/2026, 3:13:34 p. m.";"4/9/2026, 3:13:34 p. m.";CLOSED;100000;100000;0;-100000;0
15849;Cajero;"4/9/2026, 3:13:34 p. m.";"4/9/2026, 3:13:34 p. m.";CLOSED;100000;100000;0;-100000;0
15848;Cajero;"4/9/2026, 3:13:34 p. m.";"4/9/2026, 3:13:34 p. m.";CLOSED;100000;100000;0;-100000;0
15847;Cajero;"4/9/2026, 3:13:34 p. m.";"4/9/2026, 3:13:34 p. m.";CLOSED;100000;100000;0;-100000;0
15846;Cajero;"4/9/2026, 3:13:34 p. m.";"4/9/2026, 3:13:34 p. m.";CLOSED;100000;100000;0;-100000;0
15845;Cajero;"4/9/2026, 3:13:34 p. m.";"4/9/2026, 3:13:34 p. m.";CLOSED;100000;100000;0;-100000;0
15844;Cajero;"4/9/2026, 3:13:34 p. m.";"4/9/2026, 3:13:34 p. m.";CLOSED;100000;100000;0;-100000;0
15843;Cajero;"4/9/2026, 3:13:34 p. m.";"4/9/2026, 3:13:34 p. m.";CLOSED;100000;100000;0;-100000;0
15842;Cajero;"4/9/2026, 3:13:34 p. m.";"4/9/2026, 3:13:34 p. m.";CLOSED;100000;100000;0;-100000;0
15841;Cajero;"4/9/2026, 3:13:34 p. m.";"4/9/2026, 3:13:34 p. m.";CLOSED;100000;100000;0;-100000;0
15840;Cajero;"4/9/2026, 3:13:34 p. m.";"4/9/2026, 3:13:34 p. m.";CLOSED;100000;100000;0;-100000;0
15839;Cajero;"4/9/2026, 3:13:34 p. m.";"4/9/2026, 3:13:34 p. m.";CLOSED;100000;100000;0;-100000;0
15838;Cajero;"4/9/2026, 3:13:34 p. m.";"4/9/2026, 3:13:34 p. m.";CLOSED;100000;100000;0;-100000;0
15837;Cajero;"4/9/2026, 3:13:34 p. m.";"4/9/2026, 3:13:34 p. m.";CLOSED;100000;100000;0;-100000;0
15836;Cajero;"4/9/2026, 3:13:34 p. m.";"4/9/2026, 3:13:34 p. m.";CLOSED;100000;100000;0;-100000;0
15835;Cajero;"4/9/2026, 3:13:34 p. m.";"4/9/2026, 3:13:34 p. m.";CLOSED;100000;100000;0;-100000;0
15834;Cajero;"4/9/2026, 3:13:34 p. m.";"4/9/2026, 3:13:34 p. m.";CLOSED;100000;100000;0;-100000;0
15833;Cajero;"4/9/2026, 3:13:34 p. m.";"4/9/2026, 3:13:34 p. m.";CLOSED;100000;100000;0;-100000;0
15832;Cajero;"4/9/2026, 3:13:33 p. m.";"4/9/2026, 3:13:33 p. m.";CLOSED;100000;100000;0;-100000;0
15831;Cajero;"4/9/2026, 3:13:33 p. m.";"4/9/2026, 3:13:33 p. m.";CLOSED;100000;100000;0;-100000;0
15830;Cajero;"4/9/2026, 3:13:33 p. m.";"4/9/2026, 3:13:33 p. m.";CLOSED;100000;100000;0;-100000;0
15829;Cajero;"4/9/2026, 3:13:33 p. m.";"4/9/2026, 3:13:33 p. m.";CLOSED;100000;100000;0;-100000;0
15828;Cajero;"4/9/2026, 3:13:33 p. m.";"4/9/2026, 3:13:33 p. m.";CLOSED;100000;100000;0;-100000;0
15827;Cajero;"4/9/2026, 3:13:33 p. m.";"4/9/2026, 3:13:33 p. m.";CLOSED;100000;100000;0;-100000;0
15826;Cajero;"4/9/2026, 3:13:33 p. m.";"4/9/2026, 3:13:33 p. m.";CLOSED;100000;100000;0;-100000;0
15825;Cajero;"4/9/2026, 3:13:33 p. m.";"4/9/2026, 3:13:33 p. m.";CLOSED;100000;100000;0;-100000;0
15824;Cajero;"4/9/2026, 3:13:33 p. m.";"4/9/2026, 3:13:33 p. m.";CLOSED;100000;100000;0;-100000;0
15823;Cajero;"4/9/2026, 3:13:33 p. m.";"4/9/2026, 3:13:33 p. m.";CLOSED;100000;100000;0;-100000;0
15822;Cajero;"4/9/2026, 3:13:33 p. m.";"4/9/2026, 3:13:33 p. m.";CLOSED;100000;100000;0;-100000;0
15821;Cajero;"4/9/2026, 3:13:33 p. m.";"4/9/2026, 3:13:33 p. m.";CLOSED;100000;100000;0;-100000;0
15820;Cajero;"4/9/2026, 3:13:33 p. m.";"4/9/2026, 3:13:33 p. m.";CLOSED;100000;100000;0;-100000;0
15819;Cajero;"4/9/2026, 3:13:33 p. m.";"4/9/2026, 3:13:33 p. m.";CLOSED;100000;100000;0;-100000;0
15818;Cajero;"4/9/2026, 3:13:33 p. m.";"4/9/2026, 3:13:33 p. m.";CLOSED;100000;100000;0;-100000;0
15817;Cajero;"4/9/2026, 3:13:33 p. m.";"4/9/2026, 3:13:33 p. m.";CLOSED;100000;100000;0;-100000;0
15816;Cajero;"4/9/2026, 3:13:33 p. m.";"4/9/2026, 3:13:33 p. m.";CLOSED;100000;100000;0;-100000;0
15815;Cajero;"4/9/2026, 3:13:33 p. m.";"4/9/2026, 3:13:33 p. m.";CLOSED;100000;100000;0;-100000;0
15814;Cajero;"4/9/2026, 3:13:33 p. m.";"4/9/2026, 3:13:33 p. m.";CLOSED;100000;100000;0;-100000;0
15813;Cajero;"4/9/2026, 3:13:33 p. m.";"4/9/2026, 3:13:33 p. m.";CLOSED;100000;100000;0;-100000;0
15812;Cajero;"4/9/2026, 3:13:33 p. m.";"4/9/2026, 3:13:33 p. m.";CLOSED;100000;100000;0;-100000;0
15811;Cajero;"4/9/2026, 3:13:33 p. m.";"4/9/2026, 3:13:33 p. m.";CLOSED;100000;100000;0;-100000;0
15810;Cajero;"4/9/2026, 3:13:33 p. m.";"4/9/2026, 3:13:33 p. m.";CLOSED;100000;100000;0;-100000;0
15809;Cajero;"4/9/2026, 3:13:32 p. m.";"4/9/2026, 3:13:32 p. m.";CLOSED;100000;100000;0;-100000;0
15808;Cajero;"4/9/2026, 3:13:32 p. m.";"4/9/2026, 3:13:32 p. m.";CLOSED;100000;100000;0;-100000;0
15807;Cajero;"4/9/2026, 3:13:32 p. m.";"4/9/2026, 3:13:32 p. m.";CLOSED;100000;100000;0;-100000;0
15806;Cajero;"4/9/2026, 3:13:32 p. m.";"4/9/2026, 3:13:32 p. m.";CLOSED;100000;100000;0;-100000;0
15805;Cajero;"4/9/2026, 3:13:32 p. m.";"4/9/2026, 3:13:32 p. m.";CLOSED;100000;100000;0;-100000;0
15804;Cajero;"4/9/2026, 3:13:32 p. m.";"4/9/2026, 3:13:32 p. m.";CLOSED;100000;100000;0;-100000;0
15803;Cajero;"4/9/2026, 3:13:32 p. m.";"4/9/2026, 3:13:32 p. m.";CLOSED;100000;100000;0;-100000;0
15802;Cajero;"4/9/2026, 3:13:32 p. m.";"4/9/2026, 3:13:32 p. m.";CLOSED;100000;100000;0;-100000;0
15801;Cajero;"4/9/2026, 3:13:32 p. m.";"4/9/2026, 3:13:32 p. m.";CLOSED;100000;100000;0;-100000;0
15800;Cajero;"4/9/2026, 3:13:32 p. m.";"4/9/2026, 3:13:32 p. m.";CLOSED;100000;100000;0;-100000;0
15799;Cajero;"4/9/2026, 3:13:32 p. m.";"4/9/2026, 3:13:32 p. m.";CLOSED;100000;100000;0;-100000;0
15798;Cajero;"4/9/2026, 3:13:32 p. m.";"4/9/2026, 3:13:32 p. m.";CLOSED;100000;100000;0;-100000;0
15797;Cajero;"4/9/2026, 3:13:32 p. m.";"4/9/2026, 3:13:32 p. m.";CLOSED;100000;100000;0;-100000;0
15796;Cajero;"4/9/2026, 3:13:32 p. m.";"4/9/2026, 3:13:32 p. m.";CLOSED;100000;100000;0;-100000;0
15795;Cajero;"4/9/2026, 3:13:32 p. m.";"4/9/2026, 3:13:32 p. m.";CLOSED;100000;100000;0;-100000;0
15794;Cajero;"4/9/2026, 3:13:32 p. m.";"4/9/2026, 3:13:32 p. m.";CLOSED;100000;100000;0;-100000;0
15793;Cajero;"4/9/2026, 3:13:32 p. m.";"4/9/2026, 3:13:32 p. m.";CLOSED;100000;100000;0;-100000;0
15792;Cajero;"4/9/2026, 3:13:32 p. m.";"4/9/2026, 3:13:32 p. m.";CLOSED;100000;100000;0;-100000;0
15791;Cajero;"4/9/2026, 3:13:32 p. m.";"4/9/2026, 3:13:32 p. m.";CLOSED;100000;100000;0;-100000;0
15790;Cajero;"4/9/2026, 3:13:32 p. m.";"4/9/2026, 3:13:32 p. m.";CLOSED;100000;100000;0;-100000;0
15789;Cajero;"4/9/2026, 3:13:32 p. m.";"4/9/2026, 3:13:32 p. m.";CLOSED;100000;100000;0;-100000;0
15788;Cajero;"4/9/2026, 3:13:32 p. m.";"4/9/2026, 3:13:32 p. m.";CLOSED;100000;100000;0;-100000;0
15787;Cajero;"4/9/2026, 3:13:32 p. m.";"4/9/2026, 3:13:32 p. m.";CLOSED;100000;100000;0;-100000;0
15786;Cajero;"4/9/2026, 3:13:31 p. m.";"4/9/2026, 3:13:31 p. m.";CLOSED;100000;100000;0;-100000;0
15785;Cajero;"4/9/2026, 3:13:31 p. m.";"4/9/2026, 3:13:31 p. m.";CLOSED;100000;100000;0;-100000;0
15784;Cajero;"4/9/2026, 3:13:31 p. m.";"4/9/2026, 3:13:31 p. m.";CLOSED;100000;100000;0;-100000;0
15783;Cajero;"4/9/2026, 3:13:31 p. m.";"4/9/2026, 3:13:31 p. m.";CLOSED;100000;100000;0;-100000;0
15782;Cajero;"4/9/2026, 3:13:31 p. m.";"4/9/2026, 3:13:31 p. m.";CLOSED;100000;100000;0;-100000;0
15781;Cajero;"4/9/2026, 3:13:31 p. m.";"4/9/2026, 3:13:31 p. m.";CLOSED;100000;100000;0;-100000;0
15780;Cajero;"4/9/2026, 3:13:31 p. m.";"4/9/2026, 3:13:31 p. m.";CLOSED;100000;100000;0;-100000;0
15779;Cajero;"4/9/2026, 3:13:31 p. m.";"4/9/2026, 3:13:31 p. m.";CLOSED;100000;100000;0;-100000;0
15778;Cajero;"4/9/2026, 3:13:31 p. m.";"4/9/2026, 3:13:31 p. m.";CLOSED;100000;100000;0;-100000;0
15777;Cajero;"4/9/2026, 3:13:31 p. m.";"4/9/2026, 3:13:31 p. m.";CLOSED;100000;100000;0;-100000;0
15776;Cajero;"4/9/2026, 3:13:31 p. m.";"4/9/2026, 3:13:31 p. m.";CLOSED;100000;100000;0;-100000;0
15775;Cajero;"4/9/2026, 3:13:31 p. m.";"4/9/2026, 3:13:31 p. m.";CLOSED;100000;100000;0;-100000;0
15774;Cajero;"4/9/2026, 3:13:31 p. m.";"4/9/2026, 3:13:31 p. m.";CLOSED;100000;100000;0;-100000;0
15773;Cajero;"4/9/2026, 3:13:31 p. m.";"4/9/2026, 3:13:31 p. m.";CLOSED;100000;100000;0;-100000;0
15772;Cajero;"4/9/2026, 3:13:31 p. m.";"4/9/2026, 3:13:31 p. m.";CLOSED;100000;100000;0;-100000;0
15771;Cajero;"4/9/2026, 3:13:31 p. m.";"4/9/2026, 3:13:31 p. m.";CLOSED;100000;100000;0;-100000;0
15770;Cajero;"4/9/2026, 3:13:31 p. m.";"4/9/2026, 3:13:31 p. m.";CLOSED;100000;100000;0;-100000;0
15769;Cajero;"4/9/2026, 3:13:31 p. m.";"4/9/2026, 3:13:31 p. m.";CLOSED;100000;100000;0;-100000;0
15768;Cajero;"4/9/2026, 3:13:31 p. m.";"4/9/2026, 3:13:31 p. m.";CLOSED;100000;100000;0;-100000;0
15767;Cajero;"4/9/2026, 3:13:31 p. m.";"4/9/2026, 3:13:31 p. m.";CLOSED;100000;100000;0;-100000;0
15766;Cajero;"4/9/2026, 3:13:30 p. m.";"4/9/2026, 3:13:31 p. m.";CLOSED;100000;100000;0;-100000;0
15765;Cajero;"4/9/2026, 3:13:30 p. m.";"4/9/2026, 3:13:30 p. m.";CLOSED;100000;100000;0;-100000;0
15764;Cajero;"4/9/2026, 3:13:30 p. m.";"4/9/2026, 3:13:30 p. m.";CLOSED;100000;100000;0;-100000;0
15763;Cajero;"4/9/2026, 3:13:30 p. m.";"4/9/2026, 3:13:30 p. m.";CLOSED;100000;100000;0;-100000;0
15762;Cajero;"4/9/2026, 3:13:30 p. m.";"4/9/2026, 3:13:30 p. m.";CLOSED;100000;100000;0;-100000;0
15761;Cajero;"4/9/2026, 3:13:30 p. m.";"4/9/2026, 3:13:30 p. m.";CLOSED;100000;100000;0;-100000;0
15760;Cajero;"4/9/2026, 3:13:30 p. m.";"4/9/2026, 3:13:30 p. m.";CLOSED;100000;100000;0;-100000;0
15759;Cajero;"4/9/2026, 3:13:30 p. m.";"4/9/2026, 3:13:30 p. m.";CLOSED;100000;100000;0;-100000;0
15758;Cajero;"4/9/2026, 3:13:30 p. m.";"4/9/2026, 3:13:30 p. m.";CLOSED;100000;100000;0;-100000;0
15757;Cajero;"4/9/2026, 3:13:30 p. m.";"4/9/2026, 3:13:30 p. m.";CLOSED;100000;100000;0;-100000;0
15756;Cajero;"4/9/2026, 3:13:30 p. m.";"4/9/2026, 3:13:30 p. m.";CLOSED;100000;100000;0;-100000;0
15755;Cajero;"4/9/2026, 3:13:30 p. m.";"4/9/2026, 3:13:30 p. m.";CLOSED;100000;100000;0;-100000;0
15754;Cajero;"4/9/2026, 3:13:30 p. m.";"4/9/2026, 3:13:30 p. m.";CLOSED;100000;100000;0;-100000;0
15753;Cajero;"4/9/2026, 3:13:30 p. m.";"4/9/2026, 3:13:30 p. m.";CLOSED;100000;100000;0;-100000;0
15752;Cajero;"4/9/2026, 3:13:30 p. m.";"4/9/2026, 3:13:30 p. m.";CLOSED;100000;100000;0;-100000;0
15751;Cajero;"4/9/2026, 3:13:30 p. m.";"4/9/2026, 3:13:30 p. m.";CLOSED;100000;100000;0;-100000;0
15750;Cajero;"4/9/2026, 3:13:30 p. m.";"4/9/2026, 3:13:30 p. m.";CLOSED;100000;100000;0;-100000;0
15749;Cajero;"4/9/2026, 3:13:30 p. m.";"4/9/2026, 3:13:30 p. m.";CLOSED;100000;100000;0;-100000;0
15748;Cajero;"4/9/2026, 3:13:30 p. m.";"4/9/2026, 3:13:30 p. m.";CLOSED;100000;100000;0;-100000;0
15747;Cajero;"4/9/2026, 3:13:30 p. m.";"4/9/2026, 3:13:30 p. m.";CLOSED;100000;100000;0;-100000;0
15746;Cajero;"4/9/2026, 3:13:30 p. m.";"4/9/2026, 3:13:30 p. m.";CLOSED;100000;100000;0;-100000;0
15745;Cajero;"4/9/2026, 3:13:30 p. m.";"4/9/2026, 3:13:30 p. m.";CLOSED;100000;100000;0;-100000;0
15744;Cajero;"4/9/2026, 3:13:29 p. m.";"4/9/2026, 3:13:29 p. m.";CLOSED;100000;100000;0;-100000;0
15743;Cajero;"4/9/2026, 3:13:29 p. m.";"4/9/2026, 3:13:29 p. m.";CLOSED;100000;100000;0;-100000;0
15742;Cajero;"4/9/2026, 3:13:29 p. m.";"4/9/2026, 3:13:29 p. m.";CLOSED;100000;100000;0;-100000;0
15741;Cajero;"4/9/2026, 3:13:29 p. m.";"4/9/2026, 3:13:29 p. m.";CLOSED;100000;100000;0;-100000;0
15740;Cajero;"4/9/2026, 3:13:29 p. m.";"4/9/2026, 3:13:29 p. m.";CLOSED;100000;100000;0;-100000;0
15739;Cajero;"4/9/2026, 3:13:29 p. m.";"4/9/2026, 3:13:29 p. m.";CLOSED;100000;100000;0;-100000;0
15738;Cajero;"4/9/2026, 3:13:29 p. m.";"4/9/2026, 3:13:29 p. m.";CLOSED;100000;100000;0;-100000;0
15737;Cajero;"4/9/2026, 3:13:29 p. m.";"4/9/2026, 3:13:29 p. m.";CLOSED;100000;100000;0;-100000;0
15736;Cajero;"4/9/2026, 3:13:29 p. m.";"4/9/2026, 3:13:29 p. m.";CLOSED;100000;100000;0;-100000;0
15735;Cajero;"4/9/2026, 3:13:29 p. m.";"4/9/2026, 3:13:29 p. m.";CLOSED;100000;100000;0;-100000;0
15734;Cajero;"4/9/2026, 3:13:29 p. m.";"4/9/2026, 3:13:29 p. m.";CLOSED;100000;100000;0;-100000;0
15733;Cajero;"4/9/2026, 3:13:29 p. m.";"4/9/2026, 3:13:29 p. m.";CLOSED;100000;100000;0;-100000;0
15732;Cajero;"4/9/2026, 3:13:29 p. m.";"4/9/2026, 3:13:29 p. m.";CLOSED;100000;100000;0;-100000;0
15731;Cajero;"4/9/2026, 3:13:29 p. m.";"4/9/2026, 3:13:29 p. m.";CLOSED;100000;100000;0;-100000;0
15730;Cajero;"4/9/2026, 3:13:29 p. m.";"4/9/2026, 3:13:29 p. m.";CLOSED;100000;100000;0;-100000;0
15729;Cajero;"4/9/2026, 3:13:29 p. m.";"4/9/2026, 3:13:29 p. m.";CLOSED;100000;100000;0;-100000;0
15728;Cajero;"4/9/2026, 3:13:29 p. m.";"4/9/2026, 3:13:29 p. m.";CLOSED;100000;100000;0;-100000;0
15727;Cajero;"4/9/2026, 3:13:29 p. m.";"4/9/2026, 3:13:29 p. m.";CLOSED;100000;100000;0;-100000;0
15726;Cajero;"4/9/2026, 3:13:29 p. m.";"4/9/2026, 3:13:29 p. m.";CLOSED;100000;100000;0;-100000;0
15725;Cajero;"4/9/2026, 3:13:29 p. m.";"4/9/2026, 3:13:29 p. m.";CLOSED;100000;100000;0;-100000;0
15724;Cajero;"4/9/2026, 3:13:29 p. m.";"4/9/2026, 3:13:29 p. m.";CLOSED;100000;100000;0;-100000;0
15723;Cajero;"4/9/2026, 3:13:29 p. m.";"4/9/2026, 3:13:29 p. m.";CLOSED;100000;100000;0;-100000;0
15722;Cajero;"4/9/2026, 3:13:28 p. m.";"4/9/2026, 3:13:29 p. m.";CLOSED;100000;100000;0;-100000;0
15721;Cajero;"4/9/2026, 3:13:28 p. m.";"4/9/2026, 3:13:28 p. m.";CLOSED;100000;100000;0;-100000;0
15720;Cajero;"4/9/2026, 3:13:28 p. m.";"4/9/2026, 3:13:28 p. m.";CLOSED;100000;100000;0;-100000;0
15719;Cajero;"4/9/2026, 3:13:28 p. m.";"4/9/2026, 3:13:28 p. m.";CLOSED;100000;100000;0;-100000;0
15718;Cajero;"4/9/2026, 3:13:28 p. m.";"4/9/2026, 3:13:28 p. m.";CLOSED;100000;100000;0;-100000;0
15717;Cajero;"4/9/2026, 3:13:28 p. m.";"4/9/2026, 3:13:28 p. m.";CLOSED;100000;100000;0;-100000;0
15716;Cajero;"4/9/2026, 3:13:28 p. m.";"4/9/2026, 3:13:28 p. m.";CLOSED;100000;100000;0;-100000;0
15715;Cajero;"4/9/2026, 3:13:28 p. m.";"4/9/2026, 3:13:28 p. m.";CLOSED;100000;100000;0;-100000;0
15714;Cajero;"4/9/2026, 3:13:28 p. m.";"4/9/2026, 3:13:28 p. m.";CLOSED;100000;100000;0;-100000;0
15713;Cajero;"4/9/2026, 3:13:28 p. m.";"4/9/2026, 3:13:28 p. m.";CLOSED;100000;100000;0;-100000;0
15712;Cajero;"4/9/2026, 3:13:28 p. m.";"4/9/2026, 3:13:28 p. m.";CLOSED;100000;100000;0;-100000;0
15711;Cajero;"4/9/2026, 3:13:28 p. m.";"4/9/2026, 3:13:28 p. m.";CLOSED;100000;100000;0;-100000;0
15710;Cajero;"4/9/2026, 3:13:28 p. m.";"4/9/2026, 3:13:28 p. m.";CLOSED;100000;100000;0;-100000;0
15709;Cajero;"4/9/2026, 3:13:28 p. m.";"4/9/2026, 3:13:28 p. m.";CLOSED;100000;100000;0;-100000;0
15708;Cajero;"4/9/2026, 3:13:28 p. m.";"4/9/2026, 3:13:28 p. m.";CLOSED;100000;100000;0;-100000;0
15707;Cajero;"4/9/2026, 3:13:28 p. m.";"4/9/2026, 3:13:28 p. m.";CLOSED;100000;100000;0;-100000;0
15706;Cajero;"4/9/2026, 3:13:28 p. m.";"4/9/2026, 3:13:28 p. m.";CLOSED;100000;100000;0;-100000;0
15705;Cajero;"4/9/2026, 3:13:28 p. m.";"4/9/2026, 3:13:28 p. m.";CLOSED;100000;100000;0;-100000;0
15704;Cajero;"4/9/2026, 3:13:28 p. m.";"4/9/2026, 3:13:28 p. m.";CLOSED;100000;100000;0;-100000;0
15703;Cajero;"4/9/2026, 3:13:28 p. m.";"4/9/2026, 3:13:28 p. m.";CLOSED;100000;100000;0;-100000;0
15702;Cajero;"4/9/2026, 3:13:28 p. m.";"4/9/2026, 3:13:28 p. m.";CLOSED;100000;100000;0;-100000;0
15701;Cajero;"4/9/2026, 3:13:28 p. m.";"4/9/2026, 3:13:28 p. m.";CLOSED;100000;100000;0;-100000;0
15700;Cajero;"4/9/2026, 3:13:27 p. m.";"4/9/2026, 3:13:27 p. m.";CLOSED;100000;101616.82;0;-101616.82;1616.82
15699;Cajero;"4/9/2026, 3:13:27 p. m.";"4/9/2026, 3:13:27 p. m.";CLOSED;100000;164529.87;0;-164529.87;64529.87
15698;Cajero;"4/9/2026, 3:13:27 p. m.";"4/9/2026, 3:13:27 p. m.";CLOSED;100000;112034.76;0;-112034.76;12034.76
15697;Cajero;"4/9/2026, 3:13:27 p. m.";"4/9/2026, 3:13:27 p. m.";CLOSED;100000;103543.22;0;-103543.22;3543.22
15696;Cajero;"4/9/2026, 3:13:27 p. m.";"4/9/2026, 3:13:27 p. m.";CLOSED;100000;101318.46;0;-101318.46;1318.46
15695;Cajero;"4/9/2026, 3:13:27 p. m.";"4/9/2026, 3:13:27 p. m.";CLOSED;100000;121434.16;0;-121434.16;21434.16
15694;Cajero;"4/9/2026, 3:13:27 p. m.";"4/9/2026, 3:13:27 p. m.";CLOSED;100000;132769.88;0;-132769.88;32769.88
15693;Cajero;"4/9/2026, 3:13:27 p. m.";"4/9/2026, 3:13:27 p. m.";CLOSED;100000;132622.34;0;-132622.34;32622.34
15692;Cajero;"4/9/2026, 3:13:27 p. m.";"4/9/2026, 3:13:27 p. m.";CLOSED;100000;120183.42;0;-120183.42;20183.42
15691;Cajero;"4/9/2026, 3:13:27 p. m.";"4/9/2026, 3:13:27 p. m.";CLOSED;100000;192363.9;0;-192363.9;92363.9
15690;Cajero;"4/9/2026, 3:13:27 p. m.";"4/9/2026, 3:13:27 p. m.";CLOSED;100000;127251.72;0;-127251.72;27251.72
15689;Cajero;"4/9/2026, 3:13:27 p. m.";"4/9/2026, 3:13:27 p. m.";CLOSED;100000;186990.52000000002;0;-186990.52000000002;86990.52
15688;Cajero;"4/9/2026, 3:13:27 p. m.";"4/9/2026, 3:13:27 p. m.";CLOSED;100000;117901.77;0;-117901.77;17901.77
15687;Cajero;"4/9/2026, 3:13:27 p. m.";"4/9/2026, 3:13:27 p. m.";CLOSED;100000;137273.01;0;-137273.01;37273.01
15686;Cajero;"4/9/2026, 3:13:27 p. m.";"4/9/2026, 3:13:27 p. m.";CLOSED;100000;121861.83;0;-121861.83;21861.83
15685;Cajero;"4/9/2026, 3:13:27 p. m.";"4/9/2026, 3:13:27 p. m.";CLOSED;100000;100304.63;0;-100304.63;304.63
15684;Cajero;"4/9/2026, 3:13:27 p. m.";"4/9/2026, 3:13:27 p. m.";CLOSED;100000;148952.68;0;-148952.68;48952.68
15683;Cajero;"4/9/2026, 3:13:27 p. m.";"4/9/2026, 3:13:27 p. m.";CLOSED;100000;142652.95;0;-142652.95;42652.95
15682;Cajero;"4/9/2026, 3:13:27 p. m.";"4/9/2026, 3:13:27 p. m.";CLOSED;100000;138546.91999999998;0;-138546.91999999998;38546.92
15681;Cajero;"4/9/2026, 3:13:27 p. m.";"4/9/2026, 3:13:27 p. m.";CLOSED;100000;134858.01;0;-134858.01;34858.01
15680;Cajero;"4/9/2026, 3:13:27 p. m.";"4/9/2026, 3:13:27 p. m.";CLOSED;100000;138885.03;0;-138885.03;38885.03
15679;Cajero;"4/9/2026, 3:13:27 p. m.";"4/9/2026, 3:13:27 p. m.";CLOSED;100000;121137.53;0;-121137.53;21137.53
15678;Cajero;"4/9/2026, 3:13:27 p. m.";"4/9/2026, 3:13:27 p. m.";CLOSED;100000;140361.68;0;-140361.68;40361.68
15677;Cajero;"4/9/2026, 3:13:27 p. m.";"4/9/2026, 3:13:27 p. m.";CLOSED;100000;168922.02000000002;0;-168922.02000000002;68922.02
15676;Cajero;"4/9/2026, 3:13:27 p. m.";"4/9/2026, 3:13:27 p. m.";CLOSED;100000;131172.11;0;-131172.11;31172.11
15675;Cajero;"4/9/2026, 3:13:27 p. m.";"4/9/2026, 3:13:27 p. m.";CLOSED;100000;130806.45;0;-130806.45;30806.45
15674;Cajero;"4/9/2026, 3:13:27 p. m.";"4/9/2026, 3:13:27 p. m.";CLOSED;100000;138097.99;0;-138097.99;38097.99
15673;Cajero;"4/9/2026, 3:13:27 p. m.";"4/9/2026, 3:13:27 p. m.";CLOSED;100000;153465.97;0;-153465.97;53465.97
15672;Cajero;"4/9/2026, 3:13:27 p. m.";"4/9/2026, 3:13:27 p. m.";CLOSED;100000;135161.48;0;-135161.48;35161.48
15671;Cajero;"4/9/2026, 3:13:27 p. m.";"4/9/2026, 3:13:27 p. m.";CLOSED;100000;106893.04;0;-106893.04;6893.04
15670;Cajero;"4/9/2026, 3:13:27 p. m.";"4/9/2026, 3:13:27 p. m.";CLOSED;100000;160407.35;0;-160407.35;60407.35
15669;Cajero;"4/9/2026, 3:13:27 p. m.";"4/9/2026, 3:13:27 p. m.";CLOSED;100000;188695.12;0;-188695.12;88695.12
15668;Cajero;"4/9/2026, 3:13:27 p. m.";"4/9/2026, 3:13:27 p. m.";CLOSED;100000;152961.89;0;-152961.89;52961.89
15667;Cajero;"4/9/2026, 3:13:27 p. m.";"4/9/2026, 3:13:27 p. m.";CLOSED;100000;154820.84;0;-154820.84;54820.84
15666;Cajero;"4/9/2026, 3:13:27 p. m.";"4/9/2026, 3:13:27 p. m.";CLOSED;100000;120203.5;0;-120203.5;20203.5
15665;Cajero;"4/9/2026, 3:13:27 p. m.";"4/9/2026, 3:13:27 p. m.";CLOSED;100000;116935.20999999999;0;-116935.20999999999;16935.21
15664;Cajero;"4/9/2026, 3:13:27 p. m.";"4/9/2026, 3:13:27 p. m.";CLOSED;100000;144680.77;0;-144680.77;44680.77
15663;Cajero;"4/9/2026, 3:13:27 p. m.";"4/9/2026, 3:13:27 p. m.";CLOSED;100000;135112.55;0;-135112.55;35112.55
15662;Cajero;"4/9/2026, 3:13:27 p. m.";"4/9/2026, 3:13:27 p. m.";CLOSED;100000;130832.22;0;-130832.22;30832.22
15661;Cajero;"4/9/2026, 3:13:27 p. m.";"4/9/2026, 3:13:27 p. m.";CLOSED;100000;145306.86;0;-145306.86;45306.86
15660;Cajero;"4/9/2026, 3:13:27 p. m.";"4/9/2026, 3:13:27 p. m.";CLOSED;100000;135767.34;0;-135767.34;35767.34
15659;Cajero;"4/9/2026, 3:13:27 p. m.";"4/9/2026, 3:13:27 p. m.";CLOSED;100000;146262.27;0;-146262.27;46262.27
15658;Cajero;"4/9/2026, 3:13:27 p. m.";"4/9/2026, 3:13:27 p. m.";CLOSED;100000;117848.76;0;-117848.76;17848.76
15657;Cajero;"4/9/2026, 3:13:27 p. m.";"4/9/2026, 3:13:27 p. m.";CLOSED;100000;164132.37;0;-164132.37;64132.37
15656;Cajero;"4/9/2026, 3:13:27 p. m.";"4/9/2026, 3:13:27 p. m.";CLOSED;100000;122398.22;0;-122398.22;22398.22
15655;Cajero;"4/9/2026, 3:13:27 p. m.";"4/9/2026, 3:13:27 p. m.";CLOSED;100000;121174.8;0;-121174.8;21174.8
15654;Cajero;"4/9/2026, 3:13:27 p. m.";"4/9/2026, 3:13:27 p. m.";CLOSED;100000;144370.99;0;-144370.99;44370.99
15653;Cajero;"4/9/2026, 3:13:27 p. m.";"4/9/2026, 3:13:27 p. m.";CLOSED;100000;199151.85;0;-199151.85;99151.85
15652;Cajero;"4/9/2026, 3:13:27 p. m.";"4/9/2026, 3:13:27 p. m.";CLOSED;100000;119134.7;0;-119134.7;19134.7
15651;Cajero;"4/9/2026, 3:13:27 p. m.";"4/9/2026, 3:13:27 p. m.";CLOSED;100000;133579.45;0;-133579.45;33579.45
15650;Cajero;"4/9/2026, 3:13:27 p. m.";"4/9/2026, 3:13:27 p. m.";CLOSED;100000;110072;0;-110072;10072
15649;Cajero;"4/9/2026, 3:13:27 p. m.";"4/9/2026, 3:13:27 p. m.";CLOSED;100000;148377.68;0;-148377.68;48377.68
15648;Cajero;"4/9/2026, 3:13:27 p. m.";"4/9/2026, 3:13:27 p. m.";CLOSED;100000;109378.27;0;-109378.27;9378.27
15647;Cajero;"4/9/2026, 3:13:27 p. m.";"4/9/2026, 3:13:27 p. m.";CLOSED;100000;132188.22;0;-132188.22;32188.22
15646;Cajero;"4/9/2026, 3:13:27 p. m.";"4/9/2026, 3:13:27 p. m.";CLOSED;100000;111873.14;0;-111873.14;11873.14
15645;Cajero;"4/9/2026, 3:13:27 p. m.";"4/9/2026, 3:13:27 p. m.";CLOSED;100000;114140.55;0;-114140.55;14140.55
15644;Cajero;"4/9/2026, 3:13:27 p. m.";"4/9/2026, 3:13:27 p. m.";CLOSED;100000;137453.91999999998;0;-137453.91999999998;37453.92
15643;Cajero;"4/9/2026, 3:13:27 p. m.";"4/9/2026, 3:13:27 p. m.";CLOSED;100000;146067.97;0;-146067.97;46067.97
15642;Cajero;"4/9/2026, 3:13:27 p. m.";"4/9/2026, 3:13:27 p. m.";CLOSED;100000;165238.27;0;-165238.27;65238.27
15641;Cajero;"4/9/2026, 3:13:27 p. m.";"4/9/2026, 3:13:27 p. m.";CLOSED;100000;123853.99;0;-123853.99;23853.99
15640;Cajero;"4/9/2026, 3:13:26 p. m.";"4/9/2026, 3:13:26 p. m.";CLOSED;100000;107172.06;0;-107172.06;7172.06
15639;Cajero;"4/9/2026, 3:13:26 p. m.";"4/9/2026, 3:13:26 p. m.";CLOSED;100000;107849.53;0;-107849.53;7849.53
15638;Cajero;"4/9/2026, 3:13:26 p. m.";"4/9/2026, 3:13:26 p. m.";CLOSED;100000;131656.98;0;-131656.98;31656.98
15637;Cajero;"4/9/2026, 3:13:26 p. m.";"4/9/2026, 3:13:26 p. m.";CLOSED;100000;138885.03;0;-138885.03;38885.03
15636;Cajero;"4/9/2026, 3:13:26 p. m.";"4/9/2026, 3:13:26 p. m.";CLOSED;100000;149183.74;0;-149183.74;49183.74
15635;Cajero;"4/9/2026, 3:13:26 p. m.";"4/9/2026, 3:13:26 p. m.";CLOSED;100000;130146.3;0;-130146.3;30146.3
15634;Cajero;"4/9/2026, 3:13:26 p. m.";"4/9/2026, 3:13:26 p. m.";CLOSED;100000;183680.25;0;-183680.25;83680.25
15633;Cajero;"4/9/2026, 3:13:26 p. m.";"4/9/2026, 3:13:26 p. m.";CLOSED;100000;144373.41;0;-144373.41;44373.41
15632;Cajero;"4/9/2026, 3:13:26 p. m.";"4/9/2026, 3:13:26 p. m.";CLOSED;100000;119899.24;0;-119899.24;19899.24
15631;Cajero;"4/9/2026, 3:13:26 p. m.";"4/9/2026, 3:13:26 p. m.";CLOSED;100000;143144.77;0;-143144.77;43144.77
15630;Cajero;"4/9/2026, 3:13:26 p. m.";"4/9/2026, 3:13:26 p. m.";CLOSED;100000;136765.28;0;-136765.28;36765.28
15629;Cajero;"4/9/2026, 3:13:26 p. m.";"4/9/2026, 3:13:26 p. m.";CLOSED;100000;118888.26;0;-118888.26;18888.26
15628;Cajero;"4/9/2026, 3:13:26 p. m.";"4/9/2026, 3:13:26 p. m.";CLOSED;100000;132191.41999999998;0;-132191.41999999998;32191.42
15627;Cajero;"4/9/2026, 3:13:26 p. m.";"4/9/2026, 3:13:26 p. m.";CLOSED;100000;184876.03;0;-184876.03;84876.03
15626;Cajero;"4/9/2026, 3:13:26 p. m.";"4/9/2026, 3:13:26 p. m.";CLOSED;100000;117154.5;0;-117154.5;17154.5
15625;Cajero;"4/9/2026, 3:13:26 p. m.";"4/9/2026, 3:13:26 p. m.";CLOSED;100000;102274.29;0;-102274.29;2274.29
15624;Cajero;"4/9/2026, 3:13:26 p. m.";"4/9/2026, 3:13:26 p. m.";CLOSED;100000;129031.18;0;-129031.18;29031.18
15623;Cajero;"4/9/2026, 3:13:26 p. m.";"4/9/2026, 3:13:26 p. m.";CLOSED;100000;124789.6;0;-124789.6;24789.6
15622;Cajero;"4/9/2026, 3:13:26 p. m.";"4/9/2026, 3:13:26 p. m.";CLOSED;100000;126581.95;0;-126581.95;26581.95
15621;Cajero;"4/9/2026, 3:13:26 p. m.";"4/9/2026, 3:13:26 p. m.";CLOSED;100000;148728.29;0;-148728.29;48728.29
15620;Cajero;"4/9/2026, 3:13:26 p. m.";"4/9/2026, 3:13:26 p. m.";CLOSED;100000;151168.37;0;-151168.37;51168.37
15619;Cajero;"4/9/2026, 3:13:26 p. m.";"4/9/2026, 3:13:26 p. m.";CLOSED;100000;165277.29;0;-165277.29;65277.29
15618;Cajero;"4/9/2026, 3:13:26 p. m.";"4/9/2026, 3:13:26 p. m.";CLOSED;100000;108015.54;0;-108015.54;8015.54
15617;Cajero;"4/9/2026, 3:13:26 p. m.";"4/9/2026, 3:13:26 p. m.";CLOSED;100000;124129.73;0;-124129.73;24129.73
15616;Cajero;"4/9/2026, 3:13:26 p. m.";"4/9/2026, 3:13:26 p. m.";CLOSED;100000;121269.84;0;-121269.84;21269.84
15615;Cajero;"4/9/2026, 3:13:26 p. m.";"4/9/2026, 3:13:26 p. m.";CLOSED;100000;101597.33;0;-101597.33;1597.33
15614;Cajero;"4/9/2026, 3:13:26 p. m.";"4/9/2026, 3:13:26 p. m.";CLOSED;100000;146818.72;0;-146818.72;46818.72
15613;Cajero;"4/9/2026, 3:13:26 p. m.";"4/9/2026, 3:13:26 p. m.";CLOSED;100000;148436.09;0;-148436.09;48436.09
15612;Cajero;"4/9/2026, 3:13:26 p. m.";"4/9/2026, 3:13:26 p. m.";CLOSED;100000;182896.49;0;-182896.49;82896.49
15611;Cajero;"4/9/2026, 3:13:26 p. m.";"4/9/2026, 3:13:26 p. m.";CLOSED;100000;121807.1;0;-121807.1;21807.1
15610;Cajero;"4/9/2026, 3:13:26 p. m.";"4/9/2026, 3:13:26 p. m.";CLOSED;100000;134449.57;0;-134449.57;34449.57
15609;Cajero;"4/9/2026, 3:13:26 p. m.";"4/9/2026, 3:13:26 p. m.";CLOSED;100000;170164.43;0;-170164.43;70164.43
15608;Cajero;"4/9/2026, 3:13:26 p. m.";"4/9/2026, 3:13:26 p. m.";CLOSED;100000;168827.37;0;-168827.37;68827.37
15607;Cajero;"4/9/2026, 3:13:26 p. m.";"4/9/2026, 3:13:26 p. m.";CLOSED;100000;105176.87;0;-105176.87;5176.87
15606;Cajero;"4/9/2026, 3:13:26 p. m.";"4/9/2026, 3:13:26 p. m.";CLOSED;100000;145058.18;0;-145058.18;45058.18
15605;Cajero;"4/9/2026, 3:13:26 p. m.";"4/9/2026, 3:13:26 p. m.";CLOSED;100000;138506.29;0;-138506.29;38506.29
15604;Cajero;"4/9/2026, 3:13:26 p. m.";"4/9/2026, 3:13:26 p. m.";CLOSED;100000;171750.62;0;-171750.62;71750.62
15603;Cajero;"4/9/2026, 3:13:26 p. m.";"4/9/2026, 3:13:26 p. m.";CLOSED;100000;128681.24;0;-128681.24;28681.24
15602;Cajero;"4/9/2026, 3:13:26 p. m.";"4/9/2026, 3:13:26 p. m.";CLOSED;100000;118335.12;0;-118335.12;18335.12
15601;Cajero;"4/9/2026, 3:13:26 p. m.";"4/9/2026, 3:13:26 p. m.";CLOSED;100000;136940.24;0;-136940.24;36940.24
15600;Cajero;"4/9/2026, 3:13:26 p. m.";"4/9/2026, 3:13:26 p. m.";CLOSED;100000;105281.02;0;-105281.02;5281.02
15599;Cajero;"4/9/2026, 3:13:26 p. m.";"4/9/2026, 3:13:26 p. m.";CLOSED;100000;139496.5;0;-139496.5;39496.5
15598;Cajero;"4/9/2026, 3:13:26 p. m.";"4/9/2026, 3:13:26 p. m.";CLOSED;100000;124684;0;-124684;24684
15597;Cajero;"4/9/2026, 3:13:26 p. m.";"4/9/2026, 3:13:26 p. m.";CLOSED;100000;117599.61;0;-117599.61;17599.61
15596;Cajero;"4/9/2026, 3:13:26 p. m.";"4/9/2026, 3:13:26 p. m.";CLOSED;100000;119742.88;0;-119742.88;19742.88
15595;Cajero;"4/9/2026, 3:13:26 p. m.";"4/9/2026, 3:13:26 p. m.";CLOSED;100000;158023.58000000002;0;-158023.58000000002;58023.58
15594;Cajero;"4/9/2026, 3:13:26 p. m.";"4/9/2026, 3:13:26 p. m.";CLOSED;100000;119020;0;-119020;19020
15593;Cajero;"4/9/2026, 3:13:26 p. m.";"4/9/2026, 3:13:26 p. m.";CLOSED;100000;140288.97;0;-140288.97;40288.97
15592;Cajero;"4/9/2026, 3:13:26 p. m.";"4/9/2026, 3:13:26 p. m.";CLOSED;100000;128507.19;0;-128507.19;28507.19
15591;Cajero;"4/9/2026, 3:13:26 p. m.";"4/9/2026, 3:13:26 p. m.";CLOSED;100000;125204.22;0;-125204.22;25204.22
15590;Cajero;"4/9/2026, 3:13:26 p. m.";"4/9/2026, 3:13:26 p. m.";CLOSED;100000;137137.8;0;-137137.8;37137.8
15589;Cajero;"4/9/2026, 3:13:26 p. m.";"4/9/2026, 3:13:26 p. m.";CLOSED;100000;132422.23;0;-132422.23;32422.23
15588;Cajero;"4/9/2026, 3:13:26 p. m.";"4/9/2026, 3:13:26 p. m.";CLOSED;100000;120288.78;0;-120288.78;20288.78
15587;Cajero;"4/9/2026, 3:13:26 p. m.";"4/9/2026, 3:13:26 p. m.";CLOSED;100000;125170.74;0;-125170.74;25170.74
15586;Cajero;"4/9/2026, 3:13:26 p. m.";"4/9/2026, 3:13:26 p. m.";CLOSED;100000;109969.38;0;-109969.38;9969.38
15585;Cajero;"4/9/2026, 3:13:26 p. m.";"4/9/2026, 3:13:26 p. m.";CLOSED;100000;109850.95999999999;0;-109850.95999999999;9850.96
15584;Cajero;"4/9/2026, 3:13:26 p. m.";"4/9/2026, 3:13:26 p. m.";CLOSED;100000;120153.58;0;-120153.58;20153.58
15583;Cajero;"4/9/2026, 3:13:26 p. m.";"4/9/2026, 3:13:26 p. m.";CLOSED;100000;116791.69;0;-116791.69;16791.69
15582;Cajero;"4/9/2026, 3:13:26 p. m.";"4/9/2026, 3:13:26 p. m.";CLOSED;100000;141011.94;0;-141011.94;41011.94
15581;Cajero;"4/9/2026, 3:13:26 p. m.";"4/9/2026, 3:13:26 p. m.";CLOSED;100000;123359.16;0;-123359.16;23359.16
15580;Cajero;"4/9/2026, 3:13:26 p. m.";"4/9/2026, 3:13:26 p. m.";CLOSED;100000;113026.38;0;-113026.38;13026.38
15579;Cajero;"4/9/2026, 3:13:26 p. m.";"4/9/2026, 3:13:26 p. m.";CLOSED;100000;127065.33;0;-127065.33;27065.33
15578;Cajero;"4/9/2026, 3:13:26 p. m.";"4/9/2026, 3:13:26 p. m.";CLOSED;100000;139106.15;0;-139106.15;39106.15
15577;Cajero;"4/9/2026, 3:13:26 p. m.";"4/9/2026, 3:13:26 p. m.";CLOSED;100000;146365.2;0;-146365.2;46365.2
15576;Cajero;"4/9/2026, 3:13:26 p. m.";"4/9/2026, 3:13:26 p. m.";CLOSED;100000;190137.46000000002;0;-190137.46000000002;90137.46
15575;Cajero;"4/9/2026, 3:13:26 p. m.";"4/9/2026, 3:13:26 p. m.";CLOSED;100000;120203.5;0;-120203.5;20203.5
15574;Cajero;"4/9/2026, 3:13:26 p. m.";"4/9/2026, 3:13:26 p. m.";CLOSED;100000;141210.94;0;-141210.94;41210.94
15573;Cajero;"4/9/2026, 3:13:26 p. m.";"4/9/2026, 3:13:26 p. m.";CLOSED;100000;113858.69;0;-113858.69;13858.69
15572;Cajero;"4/9/2026, 3:13:26 p. m.";"4/9/2026, 3:13:26 p. m.";CLOSED;100000;125486.44;0;-125486.44;25486.44
15571;Cajero;"4/9/2026, 3:13:26 p. m.";"4/9/2026, 3:13:26 p. m.";CLOSED;100000;118474.77;0;-118474.77;18474.77
15570;Cajero;"4/9/2026, 3:13:26 p. m.";"4/9/2026, 3:13:26 p. m.";CLOSED;100000;149564.55;0;-149564.55;49564.55
15569;Cajero;"4/9/2026, 3:13:26 p. m.";"4/9/2026, 3:13:26 p. m.";CLOSED;100000;153465.97;0;-153465.97;53465.97
15568;Cajero;"4/9/2026, 3:13:26 p. m.";"4/9/2026, 3:13:26 p. m.";CLOSED;100000;133579.45;0;-133579.45;33579.45
15567;Cajero;"4/9/2026, 3:13:26 p. m.";"4/9/2026, 3:13:26 p. m.";CLOSED;100000;110378.67;0;-110378.67;10378.67
15566;Cajero;"4/9/2026, 3:13:26 p. m.";"4/9/2026, 3:13:26 p. m.";CLOSED;100000;149309.87;0;-149309.87;49309.87
15565;Cajero;"4/9/2026, 3:13:26 p. m.";"4/9/2026, 3:13:26 p. m.";CLOSED;100000;145058.18;0;-145058.18;45058.18
15564;Cajero;"4/9/2026, 3:13:26 p. m.";"4/9/2026, 3:13:26 p. m.";CLOSED;100000;191894.58000000002;0;-191894.58000000002;91894.58
15563;Cajero;"4/9/2026, 3:13:26 p. m.";"4/9/2026, 3:13:26 p. m.";CLOSED;100000;108481.25;0;-108481.25;8481.25
15562;Cajero;"4/9/2026, 3:13:26 p. m.";"4/9/2026, 3:13:26 p. m.";CLOSED;100000;102668.24;0;-102668.24;2668.24
15561;Cajero;"4/9/2026, 3:13:26 p. m.";"4/9/2026, 3:13:26 p. m.";CLOSED;100000;190249.4;0;-190249.4;90249.4
15560;Cajero;"4/9/2026, 3:13:26 p. m.";"4/9/2026, 3:13:26 p. m.";CLOSED;100000;186575.08000000002;0;-186575.08000000002;86575.08
15559;Cajero;"4/9/2026, 3:13:26 p. m.";"4/9/2026, 3:13:26 p. m.";CLOSED;100000;120074.48;0;-120074.48;20074.48
15558;Cajero;"4/9/2026, 3:13:25 p. m.";"4/9/2026, 3:13:25 p. m.";CLOSED;100000;174149.15;0;-174149.15;74149.15
15557;Cajero;"4/9/2026, 3:13:25 p. m.";"4/9/2026, 3:13:25 p. m.";CLOSED;100000;165238.27;0;-165238.27;65238.27
15556;Cajero;"4/9/2026, 3:13:25 p. m.";"4/9/2026, 3:13:25 p. m.";CLOSED;100000;136014.77;0;-136014.77;36014.77
15555;Cajero;"4/9/2026, 3:13:25 p. m.";"4/9/2026, 3:13:25 p. m.";CLOSED;100000;153243.03;0;-153243.03;53243.03
15554;Cajero;"4/9/2026, 3:13:25 p. m.";"4/9/2026, 3:13:25 p. m.";CLOSED;100000;165131.1;0;-165131.1;65131.1
15553;Cajero;"4/9/2026, 3:13:25 p. m.";"4/9/2026, 3:13:25 p. m.";CLOSED;100000;184479.86;0;-184479.86;84479.86
15552;Cajero;"4/9/2026, 3:13:25 p. m.";"4/9/2026, 3:13:25 p. m.";CLOSED;100000;120364.57;0;-120364.57;20364.57
15551;Cajero;"4/9/2026, 3:13:25 p. m.";"4/9/2026, 3:13:25 p. m.";CLOSED;100000;104367.49;0;-104367.49;4367.49
15550;Cajero;"4/9/2026, 3:13:25 p. m.";"4/9/2026, 3:13:25 p. m.";CLOSED;100000;121077.1;0;-121077.1;21077.1
15549;Cajero;"4/9/2026, 3:13:25 p. m.";"4/9/2026, 3:13:25 p. m.";CLOSED;100000;135767.34;0;-135767.34;35767.34
15548;Cajero;"4/9/2026, 3:13:25 p. m.";"4/9/2026, 3:13:25 p. m.";CLOSED;100000;151651.44;0;-151651.44;51651.44
15547;Cajero;"4/9/2026, 3:13:25 p. m.";"4/9/2026, 3:13:25 p. m.";CLOSED;100000;116136.63;0;-116136.63;16136.63
15546;Cajero;"4/9/2026, 3:13:25 p. m.";"4/9/2026, 3:13:25 p. m.";CLOSED;100000;122124.23;0;-122124.23;22124.23
15545;Cajero;"4/9/2026, 3:13:25 p. m.";"4/9/2026, 3:13:25 p. m.";CLOSED;100000;106607.5;0;-106607.5;6607.5
15544;Cajero;"4/9/2026, 3:13:25 p. m.";"4/9/2026, 3:13:25 p. m.";CLOSED;100000;128792.68;0;-128792.68;28792.68
15543;Cajero;"4/9/2026, 3:13:25 p. m.";"4/9/2026, 3:13:25 p. m.";CLOSED;100000;133168.66;0;-133168.66;33168.66
15542;Cajero;"4/9/2026, 3:13:25 p. m.";"4/9/2026, 3:13:25 p. m.";CLOSED;100000;191385.41999999998;0;-191385.41999999998;91385.42
15541;Cajero;"4/9/2026, 3:13:25 p. m.";"4/9/2026, 3:13:25 p. m.";CLOSED;100000;105071.04;0;-105071.04;5071.04
15540;Cajero;"4/9/2026, 3:13:25 p. m.";"4/9/2026, 3:13:25 p. m.";CLOSED;100000;135395.06;0;-135395.06;35395.06
15539;Cajero;"4/9/2026, 3:13:25 p. m.";"4/9/2026, 3:13:25 p. m.";CLOSED;100000;135235.8;0;-135235.8;35235.8
15538;Cajero;"4/9/2026, 3:13:25 p. m.";"4/9/2026, 3:13:25 p. m.";CLOSED;100000;133481.86;0;-133481.86;33481.86
15537;Cajero;"4/9/2026, 3:13:25 p. m.";"4/9/2026, 3:13:25 p. m.";CLOSED;100000;141970.32;0;-141970.32;41970.32
15536;Cajero;"4/9/2026, 3:13:25 p. m.";"4/9/2026, 3:13:25 p. m.";CLOSED;100000;146118.37;0;-146118.37;46118.37
15535;Cajero;"4/9/2026, 3:13:25 p. m.";"4/9/2026, 3:13:25 p. m.";CLOSED;100000;101005.23;0;-101005.23;1005.23
15534;Cajero;"4/9/2026, 3:13:25 p. m.";"4/9/2026, 3:13:25 p. m.";CLOSED;100000;107342.61;0;-107342.61;7342.61
15533;Cajero;"4/9/2026, 3:13:25 p. m.";"4/9/2026, 3:13:25 p. m.";CLOSED;100000;198795.34;0;-198795.34;98795.34
15532;Cajero;"4/9/2026, 3:13:25 p. m.";"4/9/2026, 3:13:25 p. m.";CLOSED;100000;127665.42;0;-127665.42;27665.42
15531;Cajero;"4/9/2026, 3:13:25 p. m.";"4/9/2026, 3:13:25 p. m.";CLOSED;100000;130169.77;0;-130169.77;30169.77
15530;Cajero;"4/9/2026, 3:13:25 p. m.";"4/9/2026, 3:13:25 p. m.";CLOSED;100000;141527.76;0;-141527.76;41527.76
15529;Cajero;"4/9/2026, 3:13:25 p. m.";"4/9/2026, 3:13:25 p. m.";CLOSED;100000;131660.15;0;-131660.15;31660.15
15528;Cajero;"4/9/2026, 3:13:25 p. m.";"4/9/2026, 3:13:25 p. m.";CLOSED;100000;116503.3;0;-116503.3;16503.3
15527;Cajero;"4/9/2026, 3:13:25 p. m.";"4/9/2026, 3:13:25 p. m.";CLOSED;100000;159973.88;0;-159973.88;59973.88
15526;Cajero;"4/9/2026, 3:13:25 p. m.";"4/9/2026, 3:13:25 p. m.";CLOSED;100000;100454.1;0;-100454.1;454.1
15525;Cajero;"4/9/2026, 3:13:25 p. m.";"4/9/2026, 3:13:25 p. m.";CLOSED;100000;133579.45;0;-133579.45;33579.45
15524;Cajero;"4/9/2026, 3:13:25 p. m.";"4/9/2026, 3:13:25 p. m.";CLOSED;100000;160563.69;0;-160563.69;60563.69
15523;Cajero;"4/9/2026, 3:13:25 p. m.";"4/9/2026, 3:13:25 p. m.";CLOSED;100000;123255.48;0;-123255.48;23255.48
15522;Cajero;"4/9/2026, 3:13:25 p. m.";"4/9/2026, 3:13:25 p. m.";CLOSED;100000;161051.4;0;-161051.4;61051.4
15521;Cajero;"4/9/2026, 3:13:25 p. m.";"4/9/2026, 3:13:25 p. m.";CLOSED;100000;104853.18;0;-104853.18;4853.18
15520;Cajero;"4/9/2026, 3:13:25 p. m.";"4/9/2026, 3:13:25 p. m.";CLOSED;100000;113658.95;0;-113658.95;13658.95
15519;Cajero;"4/9/2026, 3:13:25 p. m.";"4/9/2026, 3:13:25 p. m.";CLOSED;100000;189003.16999999998;0;-189003.16999999998;89003.17
15518;Cajero;"4/9/2026, 3:13:25 p. m.";"4/9/2026, 3:13:25 p. m.";CLOSED;100000;191489.95;0;-191489.95;91489.95
15517;Cajero;"4/9/2026, 3:13:25 p. m.";"4/9/2026, 3:13:25 p. m.";CLOSED;100000;143958.16999999998;0;-143958.16999999998;43958.17
15516;Cajero;"4/9/2026, 3:13:25 p. m.";"4/9/2026, 3:13:25 p. m.";CLOSED;100000;134497.52;0;-134497.52;34497.52
15515;Cajero;"4/9/2026, 3:13:25 p. m.";"4/9/2026, 3:13:25 p. m.";CLOSED;100000;105257.35;0;-105257.35;5257.35
15514;Cajero;"4/9/2026, 3:13:25 p. m.";"4/9/2026, 3:13:25 p. m.";CLOSED;100000;168564.41;0;-168564.41;68564.41
15513;Cajero;"4/9/2026, 3:13:25 p. m.";"4/9/2026, 3:13:25 p. m.";CLOSED;100000;149313.56;0;-149313.56;49313.56
15512;Cajero;"4/9/2026, 3:13:25 p. m.";"4/9/2026, 3:13:25 p. m.";CLOSED;100000;148144.83000000002;0;-148144.83000000002;48144.83
15511;Cajero;"4/9/2026, 3:13:25 p. m.";"4/9/2026, 3:13:25 p. m.";CLOSED;100000;115491.56;0;-115491.56;15491.56
15510;Cajero;"4/9/2026, 3:13:25 p. m.";"4/9/2026, 3:13:25 p. m.";CLOSED;100000;103380.96;0;-103380.96;3380.96
15509;Cajero;"4/9/2026, 3:13:25 p. m.";"4/9/2026, 3:13:25 p. m.";CLOSED;100000;108163.83;0;-108163.83;8163.83
15508;Cajero;"4/9/2026, 3:13:25 p. m.";"4/9/2026, 3:13:25 p. m.";CLOSED;100000;146163.26;0;-146163.26;46163.26
15507;Cajero;"4/9/2026, 3:13:25 p. m.";"4/9/2026, 3:13:25 p. m.";CLOSED;100000;134727.66;0;-134727.66;34727.66
15506;Cajero;"4/9/2026, 3:13:25 p. m.";"4/9/2026, 3:13:25 p. m.";CLOSED;100000;135112.55;0;-135112.55;35112.55
15505;Cajero;"4/9/2026, 3:13:25 p. m.";"4/9/2026, 3:13:25 p. m.";CLOSED;100000;114787.55;0;-114787.55;14787.55
15504;Cajero;"4/9/2026, 3:13:25 p. m.";"4/9/2026, 3:13:25 p. m.";CLOSED;100000;147841.19;0;-147841.19;47841.19
15503;Cajero;"4/9/2026, 3:13:25 p. m.";"4/9/2026, 3:13:25 p. m.";CLOSED;100000;129008.8;0;-129008.8;29008.8
15502;Cajero;"4/9/2026, 3:13:25 p. m.";"4/9/2026, 3:13:25 p. m.";CLOSED;100000;100664.2;0;-100664.2;664.2
15501;Cajero;"4/9/2026, 3:13:25 p. m.";"4/9/2026, 3:13:25 p. m.";CLOSED;100000;144611.79;0;-144611.79;44611.79
15500;Cajero;"4/9/2026, 3:13:25 p. m.";"4/9/2026, 3:13:25 p. m.";CLOSED;100000;121077.1;0;-121077.1;21077.1
15499;Cajero;"4/9/2026, 3:13:25 p. m.";"4/9/2026, 3:13:25 p. m.";CLOSED;100000;146548.02;0;-146548.02;46548.02
15498;Cajero;"4/9/2026, 3:13:25 p. m.";"4/9/2026, 3:13:25 p. m.";CLOSED;100000;136098.31;0;-136098.31;36098.31
15497;Cajero;"4/9/2026, 3:13:25 p. m.";"4/9/2026, 3:13:25 p. m.";CLOSED;100000;127987.66;0;-127987.66;27987.66
15496;Cajero;"4/9/2026, 3:13:25 p. m.";"4/9/2026, 3:13:25 p. m.";CLOSED;100000;149579.69;0;-149579.69;49579.69
15495;Cajero;"4/9/2026, 3:13:25 p. m.";"4/9/2026, 3:13:25 p. m.";CLOSED;100000;164765.64;0;-164765.64;64765.64
15494;Cajero;"4/9/2026, 3:13:25 p. m.";"4/9/2026, 3:13:25 p. m.";CLOSED;100000;134216.23;0;-134216.23;34216.23
15493;Cajero;"4/9/2026, 3:13:25 p. m.";"4/9/2026, 3:13:25 p. m.";CLOSED;100000;144373.41;0;-144373.41;44373.41
15492;Cajero;"4/9/2026, 3:13:25 p. m.";"4/9/2026, 3:13:25 p. m.";CLOSED;100000;156362.59;0;-156362.59;56362.59
15491;Cajero;"4/9/2026, 3:13:25 p. m.";"4/9/2026, 3:13:25 p. m.";CLOSED;100000;110781.27;0;-110781.27;10781.27
15490;Cajero;"4/9/2026, 3:13:25 p. m.";"4/9/2026, 3:13:25 p. m.";CLOSED;100000;125730.48;0;-125730.48;25730.48
15489;Cajero;"4/9/2026, 3:13:25 p. m.";"4/9/2026, 3:13:25 p. m.";CLOSED;100000;168230.4;0;-168230.4;68230.4
15488;Cajero;"4/9/2026, 3:13:25 p. m.";"4/9/2026, 3:13:25 p. m.";CLOSED;100000;102627.94;0;-102627.94;2627.94
15487;Cajero;"4/9/2026, 3:13:25 p. m.";"4/9/2026, 3:13:25 p. m.";CLOSED;100000;124462.68;0;-124462.68;24462.68
15486;Cajero;"4/9/2026, 3:13:25 p. m.";"4/9/2026, 3:13:25 p. m.";CLOSED;100000;130413.6;0;-130413.6;30413.6
15485;Cajero;"4/9/2026, 3:13:25 p. m.";"4/9/2026, 3:13:25 p. m.";CLOSED;100000;139722.05;0;-139722.05;39722.05
15484;Cajero;"4/9/2026, 3:13:25 p. m.";"4/9/2026, 3:13:25 p. m.";CLOSED;100000;148761.05;0;-148761.05;48761.05
15483;Cajero;"4/9/2026, 3:13:25 p. m.";"4/9/2026, 3:13:25 p. m.";CLOSED;100000;130424.57;0;-130424.57;30424.57
15482;Cajero;"4/9/2026, 3:13:25 p. m.";"4/9/2026, 3:13:25 p. m.";CLOSED;100000;136039.97;0;-136039.97;36039.97
15481;Cajero;"4/9/2026, 3:13:24 p. m.";"4/9/2026, 3:13:25 p. m.";CLOSED;100000;114745.29000000001;0;-114745.29000000001;14745.29
15480;Cajero;"4/9/2026, 3:13:24 p. m.";"4/9/2026, 3:13:24 p. m.";CLOSED;100000;107669.7;0;-107669.7;7669.7
15479;Cajero;"4/9/2026, 3:13:24 p. m.";"4/9/2026, 3:13:24 p. m.";CLOSED;100000;178027.49;0;-178027.49;78027.49
15478;Cajero;"4/9/2026, 3:13:24 p. m.";"4/9/2026, 3:13:24 p. m.";CLOSED;100000;107154.86;0;-107154.86;7154.86
15477;Cajero;"4/9/2026, 3:13:24 p. m.";"4/9/2026, 3:13:24 p. m.";CLOSED;100000;106802.97;0;-106802.97;6802.97
15476;Cajero;"4/9/2026, 3:13:24 p. m.";"4/9/2026, 3:13:24 p. m.";CLOSED;100000;144359.69;0;-144359.69;44359.69
15475;Cajero;"4/9/2026, 3:13:24 p. m.";"4/9/2026, 3:13:24 p. m.";CLOSED;100000;183368.03;0;-183368.03;83368.03
15474;Cajero;"4/9/2026, 3:13:24 p. m.";"4/9/2026, 3:13:24 p. m.";CLOSED;100000;149381.01;0;-149381.01;49381.01
15473;Cajero;"4/9/2026, 3:13:24 p. m.";"4/9/2026, 3:13:24 p. m.";CLOSED;100000;139946.39;0;-139946.39;39946.39
15472;Cajero;"4/9/2026, 3:13:24 p. m.";"4/9/2026, 3:13:24 p. m.";CLOSED;100000;135342.66;0;-135342.66;35342.66
15471;Cajero;"4/9/2026, 3:13:24 p. m.";"4/9/2026, 3:13:24 p. m.";CLOSED;100000;153234.72;0;-153234.72;53234.72
15470;Cajero;"4/9/2026, 3:13:24 p. m.";"4/9/2026, 3:13:24 p. m.";CLOSED;100000;111388.14;0;-111388.14;11388.14
15469;Cajero;"4/9/2026, 3:13:24 p. m.";"4/9/2026, 3:13:24 p. m.";CLOSED;100000;164529.87;0;-164529.87;64529.87
15468;Cajero;"4/9/2026, 3:13:24 p. m.";"4/9/2026, 3:13:24 p. m.";CLOSED;100000;108878.24;0;-108878.24;8878.24
15467;Cajero;"4/9/2026, 3:13:24 p. m.";"4/9/2026, 3:13:24 p. m.";CLOSED;100000;140290.46;0;-140290.46;40290.46
15466;Cajero;"4/9/2026, 3:13:24 p. m.";"4/9/2026, 3:13:24 p. m.";CLOSED;100000;149204.38;0;-149204.38;49204.38
15465;Cajero;"4/9/2026, 3:13:24 p. m.";"4/9/2026, 3:13:24 p. m.";CLOSED;100000;160872.81;0;-160872.81;60872.81
15464;Cajero;"4/9/2026, 3:13:24 p. m.";"4/9/2026, 3:13:24 p. m.";CLOSED;100000;134178.27;0;-134178.27;34178.27
15463;Cajero;"4/9/2026, 3:13:24 p. m.";"4/9/2026, 3:13:24 p. m.";CLOSED;100000;190232.78;0;-190232.78;90232.78
15462;Cajero;"4/9/2026, 3:13:24 p. m.";"4/9/2026, 3:13:24 p. m.";CLOSED;100000;113663.39;0;-113663.39;13663.39
15461;Cajero;"4/9/2026, 3:13:24 p. m.";"4/9/2026, 3:13:24 p. m.";CLOSED;100000;127193.15;0;-127193.15;27193.15
15460;Cajero;"4/9/2026, 3:13:24 p. m.";"4/9/2026, 3:13:24 p. m.";CLOSED;100000;143105.62;0;-143105.62;43105.62
15459;Cajero;"4/9/2026, 3:13:24 p. m.";"4/9/2026, 3:13:24 p. m.";CLOSED;100000;147718.58000000002;0;-147718.58000000002;47718.58
15458;Cajero;"4/9/2026, 3:13:24 p. m.";"4/9/2026, 3:13:24 p. m.";CLOSED;100000;142311.16;0;-142311.16;42311.16
15457;Cajero;"4/9/2026, 3:13:24 p. m.";"4/9/2026, 3:13:24 p. m.";CLOSED;100000;111032.62;0;-111032.62;11032.62
15456;Cajero;"4/9/2026, 3:13:24 p. m.";"4/9/2026, 3:13:24 p. m.";CLOSED;100000;127511.55;0;-127511.55;27511.55
15455;Cajero;"4/9/2026, 3:13:24 p. m.";"4/9/2026, 3:13:24 p. m.";CLOSED;100000;133729.87;0;-133729.87;33729.87
15454;Cajero;"4/9/2026, 3:13:24 p. m.";"4/9/2026, 3:13:24 p. m.";CLOSED;100000;129860.75;0;-129860.75;29860.75
15453;Cajero;"4/9/2026, 3:13:24 p. m.";"4/9/2026, 3:13:24 p. m.";CLOSED;100000;154126.76;0;-154126.76;54126.76
15452;Cajero;"4/9/2026, 3:13:24 p. m.";"4/9/2026, 3:13:24 p. m.";CLOSED;100000;193312;0;-193312;93312
15451;Cajero;"4/9/2026, 3:13:24 p. m.";"4/9/2026, 3:13:24 p. m.";CLOSED;100000;129094.16;0;-129094.16;29094.16
15450;Cajero;"4/9/2026, 3:13:24 p. m.";"4/9/2026, 3:13:24 p. m.";CLOSED;100000;127148.57;0;-127148.57;27148.57
15449;Cajero;"4/9/2026, 3:13:24 p. m.";"4/9/2026, 3:13:24 p. m.";CLOSED;100000;141211.08000000002;0;-141211.08000000002;41211.08
15448;Cajero;"4/9/2026, 3:13:24 p. m.";"4/9/2026, 3:13:24 p. m.";CLOSED;100000;147069.46;0;-147069.46;47069.46
15447;Cajero;"4/9/2026, 3:13:24 p. m.";"4/9/2026, 3:13:24 p. m.";CLOSED;100000;161511.8;0;-161511.8;61511.8
15446;Cajero;"4/9/2026, 3:13:24 p. m.";"4/9/2026, 3:13:24 p. m.";CLOSED;100000;108734.70999999999;0;-108734.70999999999;8734.71
15445;Cajero;"4/9/2026, 3:13:24 p. m.";"4/9/2026, 3:13:24 p. m.";CLOSED;100000;124807.98;0;-124807.98;24807.98
15444;Cajero;"4/9/2026, 3:13:24 p. m.";"4/9/2026, 3:13:24 p. m.";CLOSED;100000;105291.63;0;-105291.63;5291.63
15443;Cajero;"4/9/2026, 3:13:24 p. m.";"4/9/2026, 3:13:24 p. m.";CLOSED;100000;184673.35;0;-184673.35;84673.35
15442;Cajero;"4/9/2026, 3:13:24 p. m.";"4/9/2026, 3:13:24 p. m.";CLOSED;100000;131918.09;0;-131918.09;31918.09
15441;Cajero;"4/9/2026, 3:13:24 p. m.";"4/9/2026, 3:13:24 p. m.";CLOSED;100000;134543.52;0;-134543.52;34543.52
15440;Cajero;"4/9/2026, 3:13:24 p. m.";"4/9/2026, 3:13:24 p. m.";CLOSED;100000;110142.25;0;-110142.25;10142.25
15439;Cajero;"4/9/2026, 3:13:24 p. m.";"4/9/2026, 3:13:24 p. m.";CLOSED;100000;184198.22;0;-184198.22;84198.22
15438;Cajero;"4/9/2026, 3:13:24 p. m.";"4/9/2026, 3:13:24 p. m.";CLOSED;100000;137823.99;0;-137823.99;37823.99
15437;Cajero;"4/9/2026, 3:13:24 p. m.";"4/9/2026, 3:13:24 p. m.";CLOSED;100000;110072;0;-110072;10072
15436;Cajero;"4/9/2026, 3:13:24 p. m.";"4/9/2026, 3:13:24 p. m.";CLOSED;100000;155590.08000000002;0;-155590.08000000002;55590.08
15435;Cajero;"4/9/2026, 3:13:24 p. m.";"4/9/2026, 3:13:24 p. m.";CLOSED;100000;141619.71;0;-141619.71;41619.71
15434;Cajero;"4/9/2026, 3:13:24 p. m.";"4/9/2026, 3:13:24 p. m.";CLOSED;100000;153482.78;0;-153482.78;53482.78
15433;Cajero;"4/9/2026, 3:13:24 p. m.";"4/9/2026, 3:13:24 p. m.";CLOSED;100000;109462.58;0;-109462.58;9462.58
15432;Cajero;"4/9/2026, 3:13:24 p. m.";"4/9/2026, 3:13:24 p. m.";CLOSED;100000;104414.47;0;-104414.47;4414.47
15431;Cajero;"4/9/2026, 3:13:24 p. m.";"4/9/2026, 3:13:24 p. m.";CLOSED;100000;195911.77000000002;0;-195911.77000000002;95911.77
15430;Cajero;"4/9/2026, 3:13:24 p. m.";"4/9/2026, 3:13:24 p. m.";CLOSED;100000;145205.39;0;-145205.39;45205.39
15429;Cajero;"4/9/2026, 3:13:24 p. m.";"4/9/2026, 3:13:24 p. m.";CLOSED;100000;146349.28;0;-146349.28;46349.28
15428;Cajero;"4/9/2026, 3:13:24 p. m.";"4/9/2026, 3:13:24 p. m.";CLOSED;100000;158212.91999999998;0;-158212.91999999998;58212.92
15427;Cajero;"4/9/2026, 3:13:24 p. m.";"4/9/2026, 3:13:24 p. m.";CLOSED;100000;134543.52;0;-134543.52;34543.52
15426;Cajero;"4/9/2026, 3:13:24 p. m.";"4/9/2026, 3:13:24 p. m.";CLOSED;100000;127829.4;0;-127829.4;27829.4
15425;Cajero;"4/9/2026, 3:13:24 p. m.";"4/9/2026, 3:13:24 p. m.";CLOSED;100000;149855.91;0;-149855.91;49855.91
15424;Cajero;"4/9/2026, 3:13:24 p. m.";"4/9/2026, 3:13:24 p. m.";CLOSED;100000;141977.49;0;-141977.49;41977.49
15423;Cajero;"4/9/2026, 3:13:24 p. m.";"4/9/2026, 3:13:24 p. m.";CLOSED;100000;148561.83000000002;0;-148561.83000000002;48561.83
15422;Cajero;"4/9/2026, 3:13:24 p. m.";"4/9/2026, 3:13:24 p. m.";CLOSED;100000;147396.48;0;-147396.48;47396.48
15421;Cajero;"4/9/2026, 3:13:24 p. m.";"4/9/2026, 3:13:24 p. m.";CLOSED;100000;148091.46;0;-148091.46;48091.46
15420;Cajero;"4/9/2026, 3:13:24 p. m.";"4/9/2026, 3:13:24 p. m.";CLOSED;100000;150810.97;0;-150810.97;50810.97
15419;Cajero;"4/9/2026, 3:13:24 p. m.";"4/9/2026, 3:13:24 p. m.";CLOSED;100000;101597.33;0;-101597.33;1597.33
15418;Cajero;"4/9/2026, 3:13:24 p. m.";"4/9/2026, 3:13:24 p. m.";CLOSED;100000;147624.85;0;-147624.85;47624.85
15417;Cajero;"4/9/2026, 3:13:24 p. m.";"4/9/2026, 3:13:24 p. m.";CLOSED;100000;131495.11;0;-131495.11;31495.11
15416;Cajero;"4/9/2026, 3:13:24 p. m.";"4/9/2026, 3:13:24 p. m.";CLOSED;100000;138001.96;0;-138001.96;38001.96
15415;Cajero;"4/9/2026, 3:13:24 p. m.";"4/9/2026, 3:13:24 p. m.";CLOSED;100000;111751.86;0;-111751.86;11751.86
15414;Cajero;"4/9/2026, 3:13:24 p. m.";"4/9/2026, 3:13:24 p. m.";CLOSED;100000;131635.06;0;-131635.06;31635.06
15413;Cajero;"4/9/2026, 3:13:24 p. m.";"4/9/2026, 3:13:24 p. m.";CLOSED;100000;121402.13;0;-121402.13;21402.13
15412;Cajero;"4/9/2026, 3:13:24 p. m.";"4/9/2026, 3:13:24 p. m.";CLOSED;100000;112307.70999999999;0;-112307.70999999999;12307.71
15411;Cajero;"4/9/2026, 3:13:24 p. m.";"4/9/2026, 3:13:24 p. m.";CLOSED;100000;153584.58000000002;0;-153584.58000000002;53584.58
15410;Cajero;"4/9/2026, 3:13:24 p. m.";"4/9/2026, 3:13:24 p. m.";CLOSED;100000;121355.56;0;-121355.56;21355.56
15409;Cajero;"4/9/2026, 3:13:24 p. m.";"4/9/2026, 3:13:24 p. m.";CLOSED;100000;132247.94;0;-132247.94;32247.94
15408;Cajero;"4/9/2026, 3:13:24 p. m.";"4/9/2026, 3:13:24 p. m.";CLOSED;100000;100835.74;0;-100835.74;835.74
15407;Cajero;"4/9/2026, 3:13:23 p. m.";"4/9/2026, 3:13:24 p. m.";CLOSED;100000;142002.64;0;-142002.64;42002.64
15406;Cajero;"4/9/2026, 3:13:23 p. m.";"4/9/2026, 3:13:23 p. m.";CLOSED;100000;196248.34;0;-196248.34;96248.34
15405;Cajero;"4/9/2026, 3:13:23 p. m.";"4/9/2026, 3:13:23 p. m.";CLOSED;100000;146850.11;0;-146850.11;46850.11
15404;Cajero;"4/9/2026, 3:13:23 p. m.";"4/9/2026, 3:13:23 p. m.";CLOSED;100000;110027.88;0;-110027.88;10027.88
15403;Cajero;"4/9/2026, 3:13:23 p. m.";"4/9/2026, 3:13:23 p. m.";CLOSED;100000;164098.41;0;-164098.41;64098.41
15402;Cajero;"4/9/2026, 3:13:23 p. m.";"4/9/2026, 3:13:23 p. m.";CLOSED;100000;139881.11;0;-139881.11;39881.11
15401;Cajero;"4/9/2026, 3:13:23 p. m.";"4/9/2026, 3:13:23 p. m.";CLOSED;100000;142426.68;0;-142426.68;42426.68
15400;Cajero;"4/9/2026, 3:13:23 p. m.";"4/9/2026, 3:13:23 p. m.";CLOSED;100000;127729.34;0;-127729.34;27729.34
15399;Cajero;"4/9/2026, 3:13:23 p. m.";"4/9/2026, 3:13:23 p. m.";CLOSED;100000;135883.44;0;-135883.44;35883.44
15398;Cajero;"4/9/2026, 3:13:23 p. m.";"4/9/2026, 3:13:23 p. m.";CLOSED;100000;119982.99;0;-119982.99;19982.99
15397;Cajero;"4/9/2026, 3:13:23 p. m.";"4/9/2026, 3:13:23 p. m.";CLOSED;100000;119140.47;0;-119140.47;19140.47
15396;Cajero;"4/9/2026, 3:13:23 p. m.";"4/9/2026, 3:13:23 p. m.";CLOSED;100000;101825.87;0;-101825.87;1825.87
15395;Cajero;"4/9/2026, 3:13:23 p. m.";"4/9/2026, 3:13:23 p. m.";CLOSED;100000;103298.2;0;-103298.2;3298.2
15394;Cajero;"4/9/2026, 3:13:23 p. m.";"4/9/2026, 3:13:23 p. m.";CLOSED;100000;116446.15;0;-116446.15;16446.15
15393;Cajero;"4/9/2026, 3:13:23 p. m.";"4/9/2026, 3:13:23 p. m.";CLOSED;100000;183118.72;0;-183118.72;83118.72
15392;Cajero;"4/9/2026, 3:13:23 p. m.";"4/9/2026, 3:13:23 p. m.";CLOSED;100000;156922.71;0;-156922.71;56922.71
15391;Cajero;"4/9/2026, 3:13:23 p. m.";"4/9/2026, 3:13:23 p. m.";CLOSED;100000;131674.41999999998;0;-131674.41999999998;31674.42
15390;Cajero;"4/9/2026, 3:13:23 p. m.";"4/9/2026, 3:13:23 p. m.";CLOSED;100000;108947.61;0;-108947.61;8947.61
15389;Cajero;"4/9/2026, 3:13:23 p. m.";"4/9/2026, 3:13:23 p. m.";CLOSED;100000;182218.74;0;-182218.74;82218.74
15388;Cajero;"4/9/2026, 3:13:23 p. m.";"4/9/2026, 3:13:23 p. m.";CLOSED;100000;139542.66999999998;0;-139542.66999999998;39542.67
15387;Cajero;"4/9/2026, 3:13:23 p. m.";"4/9/2026, 3:13:23 p. m.";CLOSED;100000;126174.85;0;-126174.85;26174.85
15386;Cajero;"4/9/2026, 3:13:23 p. m.";"4/9/2026, 3:13:23 p. m.";CLOSED;100000;112955.11;0;-112955.11;12955.11
15385;Cajero;"4/9/2026, 3:13:23 p. m.";"4/9/2026, 3:13:23 p. m.";CLOSED;100000;159728.27;0;-159728.27;59728.27
15384;Cajero;"4/9/2026, 3:13:23 p. m.";"4/9/2026, 3:13:23 p. m.";CLOSED;100000;141970.32;0;-141970.32;41970.32
15383;Cajero;"4/9/2026, 3:13:23 p. m.";"4/9/2026, 3:13:23 p. m.";CLOSED;100000;170390.14;0;-170390.14;70390.14
15382;Cajero;"4/9/2026, 3:13:23 p. m.";"4/9/2026, 3:13:23 p. m.";CLOSED;100000;148872.38;0;-148872.38;48872.38
15381;Cajero;"4/9/2026, 3:13:23 p. m.";"4/9/2026, 3:13:23 p. m.";CLOSED;100000;155935.7;0;-155935.7;55935.7
15380;Cajero;"4/9/2026, 3:13:23 p. m.";"4/9/2026, 3:13:23 p. m.";CLOSED;100000;142484.56;0;-142484.56;42484.56
15379;Cajero;"4/9/2026, 3:13:23 p. m.";"4/9/2026, 3:13:23 p. m.";CLOSED;100000;135767.34;0;-135767.34;35767.34
15378;Cajero;"4/9/2026, 3:13:23 p. m.";"4/9/2026, 3:13:23 p. m.";CLOSED;100000;131304.41;0;-131304.41;31304.41
15377;Cajero;"4/9/2026, 3:13:23 p. m.";"4/9/2026, 3:13:23 p. m.";CLOSED;100000;161051.4;0;-161051.4;61051.4
15376;Cajero;"4/9/2026, 3:13:23 p. m.";"4/9/2026, 3:13:23 p. m.";CLOSED;100000;115148.51;0;-115148.51;15148.51
15375;Cajero;"4/9/2026, 3:13:23 p. m.";"4/9/2026, 3:13:23 p. m.";CLOSED;100000;109113.49;0;-109113.49;9113.49
15374;Cajero;"4/9/2026, 3:13:23 p. m.";"4/9/2026, 3:13:23 p. m.";CLOSED;100000;112411.79000000001;0;-112411.79000000001;12411.79
15373;Cajero;"4/9/2026, 3:13:23 p. m.";"4/9/2026, 3:13:23 p. m.";CLOSED;100000;153251.6;0;-153251.6;53251.6
15372;Cajero;"4/9/2026, 3:13:23 p. m.";"4/9/2026, 3:13:23 p. m.";CLOSED;100000;135075.27;0;-135075.27;35075.27
15371;Cajero;"4/9/2026, 3:13:23 p. m.";"4/9/2026, 3:13:23 p. m.";CLOSED;100000;122398.22;0;-122398.22;22398.22
15370;Cajero;"4/9/2026, 3:13:23 p. m.";"4/9/2026, 3:13:23 p. m.";CLOSED;100000;106197.02;0;-106197.02;6197.02
15369;Cajero;"4/9/2026, 3:13:23 p. m.";"4/9/2026, 3:13:23 p. m.";CLOSED;100000;128842.42;0;-128842.42;28842.42
15368;Cajero;"4/9/2026, 3:13:23 p. m.";"4/9/2026, 3:13:23 p. m.";CLOSED;100000;189453.11;0;-189453.11;89453.11
15367;Cajero;"4/9/2026, 3:13:23 p. m.";"4/9/2026, 3:13:23 p. m.";CLOSED;100000;178052.78999999998;0;-178052.78999999998;78052.79
15366;Cajero;"4/9/2026, 3:13:23 p. m.";"4/9/2026, 3:13:23 p. m.";CLOSED;100000;156029.58000000002;0;-156029.58000000002;56029.58
15365;Cajero;"4/9/2026, 3:13:23 p. m.";"4/9/2026, 3:13:23 p. m.";CLOSED;100000;143419.54;0;-143419.54;43419.54
15364;Cajero;"4/9/2026, 3:13:23 p. m.";"4/9/2026, 3:13:23 p. m.";CLOSED;100000;138208.99;0;-138208.99;38208.99
15363;Cajero;"4/9/2026, 3:13:23 p. m.";"4/9/2026, 3:13:23 p. m.";CLOSED;100000;129494.69;0;-129494.69;29494.69
15362;Cajero;"4/9/2026, 3:13:23 p. m.";"4/9/2026, 3:13:23 p. m.";CLOSED;100000;132467.11;0;-132467.11;32467.11
15361;Cajero;"4/9/2026, 3:13:23 p. m.";"4/9/2026, 3:13:23 p. m.";CLOSED;100000;102760.74;0;-102760.74;2760.74
15360;Cajero;"4/9/2026, 3:13:23 p. m.";"4/9/2026, 3:13:23 p. m.";CLOSED;100000;147370.05;0;-147370.05;47370.05
15359;Cajero;"4/9/2026, 3:13:23 p. m.";"4/9/2026, 3:13:23 p. m.";CLOSED;100000;173193.18;0;-173193.18;73193.18
15358;Cajero;"4/9/2026, 3:13:23 p. m.";"4/9/2026, 3:13:23 p. m.";CLOSED;100000;138695.6;0;-138695.6;38695.6
15357;Cajero;"4/9/2026, 3:13:23 p. m.";"4/9/2026, 3:13:23 p. m.";CLOSED;100000;197076.15;0;-197076.15;97076.15
15356;Cajero;"4/9/2026, 3:13:23 p. m.";"4/9/2026, 3:13:23 p. m.";CLOSED;100000;105156.82;0;-105156.82;5156.82
15355;Cajero;"4/9/2026, 3:13:23 p. m.";"4/9/2026, 3:13:23 p. m.";CLOSED;100000;148388.38;0;-148388.38;48388.38
15354;Cajero;"4/9/2026, 3:13:23 p. m.";"4/9/2026, 3:13:23 p. m.";CLOSED;100000;104364.95;0;-104364.95;4364.95
15353;Cajero;"4/9/2026, 3:13:23 p. m.";"4/9/2026, 3:13:23 p. m.";CLOSED;100000;161509.64;0;-161509.64;61509.64
15352;Cajero;"4/9/2026, 3:13:23 p. m.";"4/9/2026, 3:13:23 p. m.";CLOSED;100000;198102.39;0;-198102.39;98102.39
15351;Cajero;"4/9/2026, 3:13:23 p. m.";"4/9/2026, 3:13:23 p. m.";CLOSED;100000;149641.48;0;-149641.48;49641.48
15350;Cajero;"4/9/2026, 3:13:23 p. m.";"4/9/2026, 3:13:23 p. m.";CLOSED;100000;139899.05;0;-139899.05;39899.05
15349;Cajero;"4/9/2026, 3:13:23 p. m.";"4/9/2026, 3:13:23 p. m.";CLOSED;100000;190635.91;0;-190635.91;90635.91
15348;Cajero;"4/9/2026, 3:13:23 p. m.";"4/9/2026, 3:13:23 p. m.";CLOSED;100000;112185.1;0;-112185.1;12185.1
15347;Cajero;"4/9/2026, 3:13:23 p. m.";"4/9/2026, 3:13:23 p. m.";CLOSED;100000;148693.66999999998;0;-148693.66999999998;48693.67
15346;Cajero;"4/9/2026, 3:13:23 p. m.";"4/9/2026, 3:13:23 p. m.";CLOSED;100000;146054.14;0;-146054.14;46054.14
15345;Cajero;"4/9/2026, 3:13:23 p. m.";"4/9/2026, 3:13:23 p. m.";CLOSED;100000;114255.20999999999;0;-114255.20999999999;14255.21
15344;Cajero;"4/9/2026, 3:13:23 p. m.";"4/9/2026, 3:13:23 p. m.";CLOSED;100000;145376.38;0;-145376.38;45376.38
15343;Cajero;"4/9/2026, 3:13:23 p. m.";"4/9/2026, 3:13:23 p. m.";CLOSED;100000;131041.42;0;-131041.42;31041.42
15342;Cajero;"4/9/2026, 3:13:23 p. m.";"4/9/2026, 3:13:23 p. m.";CLOSED;100000;105704.62;0;-105704.62;5704.62
15341;Cajero;"4/9/2026, 3:13:23 p. m.";"4/9/2026, 3:13:23 p. m.";CLOSED;100000;136655.11;0;-136655.11;36655.11
15340;Cajero;"4/9/2026, 3:13:23 p. m.";"4/9/2026, 3:13:23 p. m.";CLOSED;100000;144765.12;0;-144765.12;44765.12
15339;Cajero;"4/9/2026, 3:13:23 p. m.";"4/9/2026, 3:13:23 p. m.";CLOSED;100000;185802.28;0;-185802.28;85802.28
15338;Cajero;"4/9/2026, 3:13:23 p. m.";"4/9/2026, 3:13:23 p. m.";CLOSED;100000;136039.97;0;-136039.97;36039.97
15337;Cajero;"4/9/2026, 3:13:23 p. m.";"4/9/2026, 3:13:23 p. m.";CLOSED;100000;196759.14;0;-196759.14;96759.14
15336;Cajero;"4/9/2026, 3:13:23 p. m.";"4/9/2026, 3:13:23 p. m.";CLOSED;100000;132395.63;0;-132395.63;32395.63
15335;Cajero;"4/9/2026, 3:13:23 p. m.";"4/9/2026, 3:13:23 p. m.";CLOSED;100000;103599.95;0;-103599.95;3599.95
15334;Cajero;"4/9/2026, 3:13:23 p. m.";"4/9/2026, 3:13:23 p. m.";CLOSED;100000;119332.95999999999;0;-119332.95999999999;19332.96
15333;Cajero;"4/9/2026, 3:13:23 p. m.";"4/9/2026, 3:13:23 p. m.";CLOSED;100000;134845.63;0;-134845.63;34845.63
15332;Cajero;"4/9/2026, 3:13:23 p. m.";"4/9/2026, 3:13:23 p. m.";CLOSED;100000;116530.76;0;-116530.76;16530.76
15331;Cajero;"4/9/2026, 3:13:23 p. m.";"4/9/2026, 3:13:23 p. m.";CLOSED;100000;195745.66;0;-195745.66;95745.66
15330;Cajero;"4/9/2026, 3:13:23 p. m.";"4/9/2026, 3:13:23 p. m.";CLOSED;100000;123872.24;0;-123872.24;23872.24
15329;Cajero;"4/9/2026, 3:13:23 p. m.";"4/9/2026, 3:13:23 p. m.";CLOSED;100000;144917.02;0;-144917.02;44917.02
15328;Cajero;"4/9/2026, 3:13:23 p. m.";"4/9/2026, 3:13:23 p. m.";CLOSED;100000;110865.55;0;-110865.55;10865.55
15327;Cajero;"4/9/2026, 3:13:22 p. m.";"4/9/2026, 3:13:22 p. m.";CLOSED;100000;129123.28;0;-129123.28;29123.28
15326;Cajero;"4/9/2026, 3:13:22 p. m.";"4/9/2026, 3:13:22 p. m.";CLOSED;100000;118022.58;0;-118022.58;18022.58
15325;Cajero;"4/9/2026, 3:13:22 p. m.";"4/9/2026, 3:13:22 p. m.";CLOSED;100000;135872.32;0;-135872.32;35872.32
15324;Cajero;"4/9/2026, 3:13:22 p. m.";"4/9/2026, 3:13:22 p. m.";CLOSED;100000;137654.54;0;-137654.54;37654.54
15323;Cajero;"4/9/2026, 3:13:22 p. m.";"4/9/2026, 3:13:22 p. m.";CLOSED;100000;109624.02;0;-109624.02;9624.02
15322;Cajero;"4/9/2026, 3:13:22 p. m.";"4/9/2026, 3:13:22 p. m.";CLOSED;100000;140759.49;0;-140759.49;40759.49
15321;Cajero;"4/9/2026, 3:13:22 p. m.";"4/9/2026, 3:13:22 p. m.";CLOSED;100000;152544.97;0;-152544.97;52544.97
15320;Cajero;"4/9/2026, 3:13:22 p. m.";"4/9/2026, 3:13:22 p. m.";CLOSED;100000;127927.66;0;-127927.66;27927.66
15319;Cajero;"4/9/2026, 3:13:22 p. m.";"4/9/2026, 3:13:22 p. m.";CLOSED;100000;126862.16;0;-126862.16;26862.16
15318;Cajero;"4/9/2026, 3:13:22 p. m.";"4/9/2026, 3:13:22 p. m.";CLOSED;100000;139660.31;0;-139660.31;39660.31
15317;Cajero;"4/9/2026, 3:13:22 p. m.";"4/9/2026, 3:13:22 p. m.";CLOSED;100000;116933.20999999999;0;-116933.20999999999;16933.21
15316;Cajero;"4/9/2026, 3:13:22 p. m.";"4/9/2026, 3:13:22 p. m.";CLOSED;100000;110881.43;0;-110881.43;10881.43
15315;Cajero;"4/9/2026, 3:13:22 p. m.";"4/9/2026, 3:13:22 p. m.";CLOSED;100000;196759.14;0;-196759.14;96759.14
15314;Cajero;"4/9/2026, 3:13:22 p. m.";"4/9/2026, 3:13:22 p. m.";CLOSED;100000;118931.1;0;-118931.1;18931.1
15313;Cajero;"4/9/2026, 3:13:22 p. m.";"4/9/2026, 3:13:22 p. m.";CLOSED;100000;143174.51;0;-143174.51;43174.51
15312;Cajero;"4/9/2026, 3:13:22 p. m.";"4/9/2026, 3:13:22 p. m.";CLOSED;100000;159978.18;0;-159978.18;59978.18
15311;Cajero;"4/9/2026, 3:13:22 p. m.";"4/9/2026, 3:13:22 p. m.";CLOSED;100000;113102.95;0;-113102.95;13102.95
15310;Cajero;"4/9/2026, 3:13:22 p. m.";"4/9/2026, 3:13:22 p. m.";CLOSED;100000;198740.05;0;-198740.05;98740.05
15309;Cajero;"4/9/2026, 3:13:22 p. m.";"4/9/2026, 3:13:22 p. m.";CLOSED;100000;136700.91999999998;0;-136700.91999999998;36700.92
15308;Cajero;"4/9/2026, 3:13:22 p. m.";"4/9/2026, 3:13:22 p. m.";CLOSED;100000;105898.93;0;-105898.93;5898.93
15307;Cajero;"4/9/2026, 3:13:22 p. m.";"4/9/2026, 3:13:22 p. m.";CLOSED;100000;199084.12;0;-199084.12;99084.12
15306;Cajero;"4/9/2026, 3:13:22 p. m.";"4/9/2026, 3:13:22 p. m.";CLOSED;100000;197084.34;0;-197084.34;97084.34
15305;Cajero;"4/9/2026, 3:13:22 p. m.";"4/9/2026, 3:13:22 p. m.";CLOSED;100000;102107;0;-102107;2107
15304;Cajero;"4/9/2026, 3:13:22 p. m.";"4/9/2026, 3:13:22 p. m.";CLOSED;100000;114896.1;0;-114896.1;14896.1
15303;Cajero;"4/9/2026, 3:13:22 p. m.";"4/9/2026, 3:13:22 p. m.";CLOSED;100000;104469.37;0;-104469.37;4469.37
15302;Cajero;"4/9/2026, 3:13:22 p. m.";"4/9/2026, 3:13:22 p. m.";CLOSED;100000;144244.7;0;-144244.7;44244.7
15301;Cajero;"4/9/2026, 3:13:22 p. m.";"4/9/2026, 3:13:22 p. m.";CLOSED;100000;148561.83000000002;0;-148561.83000000002;48561.83
15300;Cajero;"4/9/2026, 3:13:22 p. m.";"4/9/2026, 3:13:22 p. m.";CLOSED;100000;199649.4;0;-199649.4;99649.4
15299;Cajero;"4/9/2026, 3:13:22 p. m.";"4/9/2026, 3:13:22 p. m.";CLOSED;100000;124341.93;0;-124341.93;24341.93
15298;Cajero;"4/9/2026, 3:13:22 p. m.";"4/9/2026, 3:13:22 p. m.";CLOSED;100000;142104.07;0;-142104.07;42104.07
15297;Cajero;"4/9/2026, 3:13:22 p. m.";"4/9/2026, 3:13:22 p. m.";CLOSED;100000;190249.4;0;-190249.4;90249.4
15296;Cajero;"4/9/2026, 3:13:22 p. m.";"4/9/2026, 3:13:22 p. m.";CLOSED;100000;106956.16;0;-106956.16;6956.16
15295;Cajero;"4/9/2026, 3:13:22 p. m.";"4/9/2026, 3:13:22 p. m.";CLOSED;100000;194642.97999999998;0;-194642.97999999998;94642.98
15294;Cajero;"4/9/2026, 3:13:22 p. m.";"4/9/2026, 3:13:22 p. m.";CLOSED;100000;148162.2;0;-148162.2;48162.2
15293;Cajero;"4/9/2026, 3:13:22 p. m.";"4/9/2026, 3:13:22 p. m.";CLOSED;100000;191248.87;0;-191248.87;91248.87
15292;Cajero;"4/9/2026, 3:13:22 p. m.";"4/9/2026, 3:13:22 p. m.";CLOSED;100000;118617.42;0;-118617.42;18617.42
15291;Cajero;"4/9/2026, 3:13:22 p. m.";"4/9/2026, 3:13:22 p. m.";CLOSED;100000;131245.12;0;-131245.12;31245.12
15290;Cajero;"4/9/2026, 3:13:22 p. m.";"4/9/2026, 3:13:22 p. m.";CLOSED;100000;148995.62;0;-148995.62;48995.62
15289;Cajero;"4/9/2026, 3:13:22 p. m.";"4/9/2026, 3:13:22 p. m.";CLOSED;100000;148209.77;0;-148209.77;48209.77
15288;Cajero;"4/9/2026, 3:13:22 p. m.";"4/9/2026, 3:13:22 p. m.";CLOSED;100000;142881.36;0;-142881.36;42881.36
15287;Cajero;"4/9/2026, 3:13:22 p. m.";"4/9/2026, 3:13:22 p. m.";CLOSED;100000;164503.16999999998;0;-164503.16999999998;64503.17
15286;Cajero;"4/9/2026, 3:13:22 p. m.";"4/9/2026, 3:13:22 p. m.";CLOSED;100000;121158.5;0;-121158.5;21158.5
15285;Cajero;"4/9/2026, 3:13:22 p. m.";"4/9/2026, 3:13:22 p. m.";CLOSED;100000;127251.72;0;-127251.72;27251.72
15284;Cajero;"4/9/2026, 3:13:22 p. m.";"4/9/2026, 3:13:22 p. m.";CLOSED;100000;159728.27;0;-159728.27;59728.27
15283;Cajero;"4/9/2026, 3:13:22 p. m.";"4/9/2026, 3:13:22 p. m.";CLOSED;100000;119976.19;0;-119976.19;19976.19
15282;Cajero;"4/9/2026, 3:13:22 p. m.";"4/9/2026, 3:13:22 p. m.";CLOSED;100000;105302.91;0;-105302.91;5302.91
15281;Cajero;"4/9/2026, 3:13:22 p. m.";"4/9/2026, 3:13:22 p. m.";CLOSED;100000;140756;0;-140756;40756
15280;Cajero;"4/9/2026, 3:13:22 p. m.";"4/9/2026, 3:13:22 p. m.";CLOSED;100000;116862.69;0;-116862.69;16862.69
15279;Cajero;"4/9/2026, 3:13:22 p. m.";"4/9/2026, 3:13:22 p. m.";CLOSED;100000;145612.28;0;-145612.28;45612.28
15278;Cajero;"4/9/2026, 3:13:22 p. m.";"4/9/2026, 3:13:22 p. m.";CLOSED;100000;106972.44;0;-106972.44;6972.44
15277;Cajero;"4/9/2026, 3:13:22 p. m.";"4/9/2026, 3:13:22 p. m.";CLOSED;100000;126399.73;0;-126399.73;26399.73
15276;Cajero;"4/9/2026, 3:13:22 p. m.";"4/9/2026, 3:13:22 p. m.";CLOSED;100000;142320.31;0;-142320.31;42320.31
15275;Cajero;"4/9/2026, 3:13:22 p. m.";"4/9/2026, 3:13:22 p. m.";CLOSED;100000;109596.97;0;-109596.97;9596.97
15274;Cajero;"4/9/2026, 3:13:22 p. m.";"4/9/2026, 3:13:22 p. m.";CLOSED;100000;102760.74;0;-102760.74;2760.74
15273;Cajero;"4/9/2026, 3:13:22 p. m.";"4/9/2026, 3:13:22 p. m.";CLOSED;100000;103739.96;0;-103739.96;3739.96
15272;Cajero;"4/9/2026, 3:13:22 p. m.";"4/9/2026, 3:13:22 p. m.";CLOSED;100000;141204.49;0;-141204.49;41204.49
15271;Cajero;"4/9/2026, 3:13:22 p. m.";"4/9/2026, 3:13:22 p. m.";CLOSED;100000;108525.17;0;-108525.17;8525.17
15270;Cajero;"4/9/2026, 3:13:22 p. m.";"4/9/2026, 3:13:22 p. m.";CLOSED;100000;147841.19;0;-147841.19;47841.19
15269;Cajero;"4/9/2026, 3:13:22 p. m.";"4/9/2026, 3:13:22 p. m.";CLOSED;100000;141795.57;0;-141795.57;41795.57
15268;Cajero;"4/9/2026, 3:13:22 p. m.";"4/9/2026, 3:13:22 p. m.";CLOSED;100000;148181.74;0;-148181.74;48181.74
15267;Cajero;"4/9/2026, 3:13:22 p. m.";"4/9/2026, 3:13:22 p. m.";CLOSED;100000;171540.88;0;-171540.88;71540.88
15266;Cajero;"4/9/2026, 3:13:22 p. m.";"4/9/2026, 3:13:22 p. m.";CLOSED;100000;110044.19;0;-110044.19;10044.19
15265;Cajero;"4/9/2026, 3:13:22 p. m.";"4/9/2026, 3:13:22 p. m.";CLOSED;100000;110293.91;0;-110293.91;10293.91
15264;Cajero;"4/9/2026, 3:13:22 p. m.";"4/9/2026, 3:13:22 p. m.";CLOSED;100000;160756.36;0;-160756.36;60756.36
15263;Cajero;"4/9/2026, 3:13:22 p. m.";"4/9/2026, 3:13:22 p. m.";CLOSED;100000;129465.20999999999;0;-129465.20999999999;29465.21
15262;Cajero;"4/9/2026, 3:13:22 p. m.";"4/9/2026, 3:13:22 p. m.";CLOSED;100000;140750.53;0;-140750.53;40750.53
15261;Cajero;"4/9/2026, 3:13:22 p. m.";"4/9/2026, 3:13:22 p. m.";CLOSED;100000;199222.58000000002;0;-199222.58000000002;99222.58
15260;Cajero;"4/9/2026, 3:13:22 p. m.";"4/9/2026, 3:13:22 p. m.";CLOSED;100000;121207.18;0;-121207.18;21207.18
15259;Cajero;"4/9/2026, 3:13:22 p. m.";"4/9/2026, 3:13:22 p. m.";CLOSED;100000;103922.8;0;-103922.8;3922.8
15258;Cajero;"4/9/2026, 3:13:22 p. m.";"4/9/2026, 3:13:22 p. m.";CLOSED;100000;132769.88;0;-132769.88;32769.88
15257;Cajero;"4/9/2026, 3:13:22 p. m.";"4/9/2026, 3:13:22 p. m.";CLOSED;100000;142097.16;0;-142097.16;42097.16
15256;Cajero;"4/9/2026, 3:13:22 p. m.";"4/9/2026, 3:13:22 p. m.";CLOSED;100000;104528.9;0;-104528.9;4528.9
15255;Cajero;"4/9/2026, 3:13:22 p. m.";"4/9/2026, 3:13:22 p. m.";CLOSED;100000;147841.19;0;-147841.19;47841.19
15254;Cajero;"4/9/2026, 3:13:22 p. m.";"4/9/2026, 3:13:22 p. m.";CLOSED;100000;153857.25;0;-153857.25;53857.25
15253;Cajero;"4/9/2026, 3:13:21 p. m.";"4/9/2026, 3:13:21 p. m.";CLOSED;100000;167514.94;0;-167514.94;67514.94
15252;Cajero;"4/9/2026, 3:13:21 p. m.";"4/9/2026, 3:13:21 p. m.";CLOSED;100000;102173.63;0;-102173.63;2173.63
15251;Cajero;"4/9/2026, 3:13:21 p. m.";"4/9/2026, 3:13:21 p. m.";CLOSED;100000;105778.42;0;-105778.42;5778.42
15250;Cajero;"4/9/2026, 3:13:21 p. m.";"4/9/2026, 3:13:21 p. m.";CLOSED;100000;175565.59;0;-175565.59;75565.59
15249;Cajero;"4/9/2026, 3:13:21 p. m.";"4/9/2026, 3:13:21 p. m.";CLOSED;100000;135511.94;0;-135511.94;35511.94
15248;Cajero;"4/9/2026, 3:13:21 p. m.";"4/9/2026, 3:13:21 p. m.";CLOSED;100000;142794.6;0;-142794.6;42794.6
15247;Cajero;"4/9/2026, 3:13:21 p. m.";"4/9/2026, 3:13:21 p. m.";CLOSED;100000;154820.84;0;-154820.84;54820.84
15246;Cajero;"4/9/2026, 3:13:21 p. m.";"4/9/2026, 3:13:21 p. m.";CLOSED;100000;104930.46;0;-104930.46;4930.46
15245;Cajero;"4/9/2026, 3:13:21 p. m.";"4/9/2026, 3:13:21 p. m.";CLOSED;100000;160153.64;0;-160153.64;60153.64
15244;Cajero;"4/9/2026, 3:13:21 p. m.";"4/9/2026, 3:13:21 p. m.";CLOSED;100000;114937.25;0;-114937.25;14937.25
15243;Cajero;"4/9/2026, 3:13:21 p. m.";"4/9/2026, 3:13:21 p. m.";CLOSED;100000;125153.52;0;-125153.52;25153.52
15242;Cajero;"4/9/2026, 3:13:21 p. m.";"4/9/2026, 3:13:21 p. m.";CLOSED;100000;127251.72;0;-127251.72;27251.72
15241;Cajero;"4/9/2026, 3:13:21 p. m.";"4/9/2026, 3:13:21 p. m.";CLOSED;100000;147527.73;0;-147527.73;47527.73
15240;Cajero;"4/9/2026, 3:13:21 p. m.";"4/9/2026, 3:13:21 p. m.";CLOSED;100000;151479.33000000002;0;-151479.33000000002;51479.33
15239;Cajero;"4/9/2026, 3:13:21 p. m.";"4/9/2026, 3:13:21 p. m.";CLOSED;100000;108393.13;0;-108393.13;8393.13
15238;Cajero;"4/9/2026, 3:13:21 p. m.";"4/9/2026, 3:13:21 p. m.";CLOSED;100000;113564.18;0;-113564.18;13564.18
15237;Cajero;"4/9/2026, 3:13:21 p. m.";"4/9/2026, 3:13:21 p. m.";CLOSED;100000;122035.15;0;-122035.15;22035.15
15236;Cajero;"4/9/2026, 3:13:21 p. m.";"4/9/2026, 3:13:21 p. m.";CLOSED;100000;168564.41;0;-168564.41;68564.41
15235;Cajero;"4/9/2026, 3:13:21 p. m.";"4/9/2026, 3:13:21 p. m.";CLOSED;100000;198878.28;0;-198878.28;98878.28
15234;Cajero;"4/9/2026, 3:13:21 p. m.";"4/9/2026, 3:13:21 p. m.";CLOSED;100000;108926.11;0;-108926.11;8926.11
15233;Cajero;"4/9/2026, 3:13:21 p. m.";"4/9/2026, 3:13:21 p. m.";CLOSED;100000;113858.69;0;-113858.69;13858.69
15232;Cajero;"4/9/2026, 3:13:21 p. m.";"4/9/2026, 3:13:21 p. m.";CLOSED;100000;110185.84;0;-110185.84;10185.84
15231;Cajero;"4/9/2026, 3:13:21 p. m.";"4/9/2026, 3:13:21 p. m.";CLOSED;100000;113169.5;0;-113169.5;13169.5
15230;Cajero;"4/9/2026, 3:13:21 p. m.";"4/9/2026, 3:13:21 p. m.";CLOSED;100000;147894.82;0;-147894.82;47894.82
15229;Cajero;"4/9/2026, 3:13:21 p. m.";"4/9/2026, 3:13:21 p. m.";CLOSED;100000;162231.1;0;-162231.1;62231.1
15228;Cajero;"4/9/2026, 3:13:21 p. m.";"4/9/2026, 3:13:21 p. m.";CLOSED;100000;131904.96;0;-131904.96;31904.96
15227;Cajero;"4/9/2026, 3:13:21 p. m.";"4/9/2026, 3:13:21 p. m.";CLOSED;100000;186521.76;0;-186521.76;86521.76
15226;Cajero;"4/9/2026, 3:13:21 p. m.";"4/9/2026, 3:13:21 p. m.";CLOSED;100000;144303.18;0;-144303.18;44303.18
15225;Cajero;"4/9/2026, 3:13:21 p. m.";"4/9/2026, 3:13:21 p. m.";CLOSED;100000;138427.31;0;-138427.31;38427.31
15224;Cajero;"4/9/2026, 3:13:21 p. m.";"4/9/2026, 3:13:21 p. m.";CLOSED;100000;109874.3;0;-109874.3;9874.3
15223;Cajero;"4/9/2026, 3:13:21 p. m.";"4/9/2026, 3:13:21 p. m.";CLOSED;100000;129970.55;0;-129970.55;29970.55
15222;Cajero;"4/9/2026, 3:13:21 p. m.";"4/9/2026, 3:13:21 p. m.";CLOSED;100000;123581.93;0;-123581.93;23581.93
15221;Cajero;"4/9/2026, 3:13:21 p. m.";"4/9/2026, 3:13:21 p. m.";CLOSED;100000;123863.22;0;-123863.22;23863.22
15220;Cajero;"4/9/2026, 3:13:21 p. m.";"4/9/2026, 3:13:21 p. m.";CLOSED;100000;149887.51;0;-149887.51;49887.51
15219;Cajero;"4/9/2026, 3:13:21 p. m.";"4/9/2026, 3:13:21 p. m.";CLOSED;100000;132376.91999999998;0;-132376.91999999998;32376.92
15218;Cajero;"4/9/2026, 3:13:21 p. m.";"4/9/2026, 3:13:21 p. m.";CLOSED;100000;109306.52;0;-109306.52;9306.52
15217;Cajero;"4/9/2026, 3:13:21 p. m.";"4/9/2026, 3:13:21 p. m.";CLOSED;100000;171049.91;0;-171049.91;71049.91
15216;Cajero;"4/9/2026, 3:13:21 p. m.";"4/9/2026, 3:13:21 p. m.";CLOSED;100000;165593.74;0;-165593.74;65593.74
15215;Cajero;"4/9/2026, 3:13:21 p. m.";"4/9/2026, 3:13:21 p. m.";CLOSED;100000;104248.03;0;-104248.03;4248.03
15214;Cajero;"4/9/2026, 3:13:21 p. m.";"4/9/2026, 3:13:21 p. m.";CLOSED;100000;144478.34;0;-144478.34;44478.34
15213;Cajero;"4/9/2026, 3:13:21 p. m.";"4/9/2026, 3:13:21 p. m.";CLOSED;100000;115016.31;0;-115016.31;15016.31
15212;Cajero;"4/9/2026, 3:13:21 p. m.";"4/9/2026, 3:13:21 p. m.";CLOSED;100000;187811.38;0;-187811.38;87811.38
15211;Cajero;"4/9/2026, 3:13:21 p. m.";"4/9/2026, 3:13:21 p. m.";CLOSED;100000;170872.51;0;-170872.51;70872.51
15210;Cajero;"4/9/2026, 3:13:21 p. m.";"4/9/2026, 3:13:21 p. m.";CLOSED;100000;143024.01;0;-143024.01;43024.01
15209;Cajero;"4/9/2026, 3:13:21 p. m.";"4/9/2026, 3:13:21 p. m.";CLOSED;100000;120899.34;0;-120899.34;20899.34
15208;Cajero;"4/9/2026, 3:13:21 p. m.";"4/9/2026, 3:13:21 p. m.";CLOSED;100000;116700.12;0;-116700.12;16700.12
15207;Cajero;"4/9/2026, 3:13:21 p. m.";"4/9/2026, 3:13:21 p. m.";CLOSED;100000;102583.32;0;-102583.32;2583.32
15206;Cajero;"4/9/2026, 3:13:21 p. m.";"4/9/2026, 3:13:21 p. m.";CLOSED;100000;125231.69;0;-125231.69;25231.69
15205;Cajero;"4/9/2026, 3:13:21 p. m.";"4/9/2026, 3:13:21 p. m.";CLOSED;100000;129220.56;0;-129220.56;29220.56
15204;Cajero;"4/9/2026, 3:13:21 p. m.";"4/9/2026, 3:13:21 p. m.";CLOSED;100000;105201.15;0;-105201.15;5201.15
15203;Cajero;"4/9/2026, 3:13:21 p. m.";"4/9/2026, 3:13:21 p. m.";CLOSED;100000;157263.43;0;-157263.43;57263.43
15202;Cajero;"4/9/2026, 3:13:21 p. m.";"4/9/2026, 3:13:21 p. m.";CLOSED;100000;190137.46000000002;0;-190137.46000000002;90137.46
15201;Cajero;"4/9/2026, 3:13:21 p. m.";"4/9/2026, 3:13:21 p. m.";CLOSED;100000;116862.69;0;-116862.69;16862.69
15200;Cajero;"4/9/2026, 3:13:21 p. m.";"4/9/2026, 3:13:21 p. m.";CLOSED;100000;106725.1;0;-106725.1;6725.1
15199;Cajero;"4/9/2026, 3:13:21 p. m.";"4/9/2026, 3:13:21 p. m.";CLOSED;100000;118147.53;0;-118147.53;18147.53
15198;Cajero;"4/9/2026, 3:13:21 p. m.";"4/9/2026, 3:13:21 p. m.";CLOSED;100000;135872.32;0;-135872.32;35872.32
15197;Cajero;"4/9/2026, 3:13:21 p. m.";"4/9/2026, 3:13:21 p. m.";CLOSED;100000;133739.79;0;-133739.79;33739.79
15196;Cajero;"4/9/2026, 3:13:21 p. m.";"4/9/2026, 3:13:21 p. m.";CLOSED;100000;103604.88;0;-103604.88;3604.88
15195;Cajero;"4/9/2026, 3:13:21 p. m.";"4/9/2026, 3:13:21 p. m.";CLOSED;100000;169599.91;0;-169599.91;69599.91
15194;Cajero;"4/9/2026, 3:13:21 p. m.";"4/9/2026, 3:13:21 p. m.";CLOSED;100000;118391.45999999999;0;-118391.45999999999;18391.46
15193;Cajero;"4/9/2026, 3:13:21 p. m.";"4/9/2026, 3:13:21 p. m.";CLOSED;100000;125843.98;0;-125843.98;25843.98
15192;Cajero;"4/9/2026, 3:13:21 p. m.";"4/9/2026, 3:13:21 p. m.";CLOSED;100000;120659.54000000001;0;-120659.54000000001;20659.54
15191;Cajero;"4/9/2026, 3:13:21 p. m.";"4/9/2026, 3:13:21 p. m.";CLOSED;100000;107627.8;0;-107627.8;7627.8
15190;Cajero;"4/9/2026, 3:13:21 p. m.";"4/9/2026, 3:13:21 p. m.";CLOSED;100000;168031.12;0;-168031.12;68031.12
15189;Cajero;"4/9/2026, 3:13:21 p. m.";"4/9/2026, 3:13:21 p. m.";CLOSED;100000;147370.05;0;-147370.05;47370.05
15188;Cajero;"4/9/2026, 3:13:21 p. m.";"4/9/2026, 3:13:21 p. m.";CLOSED;100000;139493.94;0;-139493.94;39493.94
15187;Cajero;"4/9/2026, 3:13:21 p. m.";"4/9/2026, 3:13:21 p. m.";CLOSED;100000;145579.21;0;-145579.21;45579.21
15186;Cajero;"4/9/2026, 3:13:21 p. m.";"4/9/2026, 3:13:21 p. m.";CLOSED;100000;139831.1;0;-139831.1;39831.1
15185;Cajero;"4/9/2026, 3:13:21 p. m.";"4/9/2026, 3:13:21 p. m.";CLOSED;100000;199084.12;0;-199084.12;99084.12
15184;Cajero;"4/9/2026, 3:13:21 p. m.";"4/9/2026, 3:13:21 p. m.";CLOSED;100000;124718.4;0;-124718.4;24718.4
15183;Cajero;"4/9/2026, 3:13:21 p. m.";"4/9/2026, 3:13:21 p. m.";CLOSED;100000;181540.07;0;-181540.07;81540.07
15182;Cajero;"4/9/2026, 3:13:21 p. m.";"4/9/2026, 3:13:21 p. m.";CLOSED;100000;101005.23;0;-101005.23;1005.23
15181;Cajero;"4/9/2026, 3:13:21 p. m.";"4/9/2026, 3:13:21 p. m.";CLOSED;100000;194171.26;0;-194171.26;94171.26
15180;Cajero;"4/9/2026, 3:13:21 p. m.";"4/9/2026, 3:13:21 p. m.";CLOSED;100000;132302.49;0;-132302.49;32302.49
15179;Cajero;"4/9/2026, 3:13:21 p. m.";"4/9/2026, 3:13:21 p. m.";CLOSED;100000;112070.74;0;-112070.74;12070.74
15178;Cajero;"4/9/2026, 3:13:21 p. m.";"4/9/2026, 3:13:21 p. m.";CLOSED;100000;180708.86;0;-180708.86;80708.86
15177;Cajero;"4/9/2026, 3:13:21 p. m.";"4/9/2026, 3:13:21 p. m.";CLOSED;100000;101723.99;0;-101723.99;1723.99
15176;Cajero;"4/9/2026, 3:13:21 p. m.";"4/9/2026, 3:13:21 p. m.";CLOSED;100000;115934.54000000001;0;-115934.54000000001;15934.54
15175;Cajero;"4/9/2026, 3:13:21 p. m.";"4/9/2026, 3:13:21 p. m.";CLOSED;100000;108944.56;0;-108944.56;8944.56
15174;Cajero;"4/9/2026, 3:13:21 p. m.";"4/9/2026, 3:13:21 p. m.";CLOSED;100000;149899.49;0;-149899.49;49899.49
15173;Cajero;"4/9/2026, 3:13:20 p. m.";"4/9/2026, 3:13:20 p. m.";CLOSED;100000;137661.33000000002;0;-137661.33000000002;37661.33
15172;Cajero;"4/9/2026, 3:13:20 p. m.";"4/9/2026, 3:13:20 p. m.";CLOSED;100000;197084.34;0;-197084.34;97084.34
15171;Cajero;"4/9/2026, 3:13:20 p. m.";"4/9/2026, 3:13:20 p. m.";CLOSED;100000;108499.33;0;-108499.33;8499.33
15170;Cajero;"4/9/2026, 3:13:20 p. m.";"4/9/2026, 3:13:20 p. m.";CLOSED;100000;161134.27;0;-161134.27;61134.27
15169;Cajero;"4/9/2026, 3:13:20 p. m.";"4/9/2026, 3:13:20 p. m.";CLOSED;100000;113257.85;0;-113257.85;13257.85
15168;Cajero;"4/9/2026, 3:13:20 p. m.";"4/9/2026, 3:13:20 p. m.";CLOSED;100000;102183.44;0;-102183.44;2183.44
15167;Cajero;"4/9/2026, 3:13:20 p. m.";"4/9/2026, 3:13:20 p. m.";CLOSED;100000;119891.05;0;-119891.05;19891.05
15166;Cajero;"4/9/2026, 3:13:20 p. m.";"4/9/2026, 3:13:20 p. m.";CLOSED;100000;139332.21;0;-139332.21;39332.21
15165;Cajero;"4/9/2026, 3:13:20 p. m.";"4/9/2026, 3:13:20 p. m.";CLOSED;100000;121698.43;0;-121698.43;21698.43
15164;Cajero;"4/9/2026, 3:13:20 p. m.";"4/9/2026, 3:13:20 p. m.";CLOSED;100000;119311.35;0;-119311.35;19311.35
15163;Cajero;"4/9/2026, 3:13:20 p. m.";"4/9/2026, 3:13:20 p. m.";CLOSED;100000;136129.56;0;-136129.56;36129.56
15162;Cajero;"4/9/2026, 3:13:20 p. m.";"4/9/2026, 3:13:20 p. m.";CLOSED;100000;149794.38;0;-149794.38;49794.38
15161;Cajero;"4/9/2026, 3:13:20 p. m.";"4/9/2026, 3:13:20 p. m.";CLOSED;100000;120547.85;0;-120547.85;20547.85
15160;Cajero;"4/9/2026, 3:13:20 p. m.";"4/9/2026, 3:13:20 p. m.";CLOSED;100000;131971.91999999998;0;-131971.91999999998;31971.92
15159;Cajero;"4/9/2026, 3:13:20 p. m.";"4/9/2026, 3:13:20 p. m.";CLOSED;100000;101971.11;0;-101971.11;1971.11
15158;Cajero;"4/9/2026, 3:13:20 p. m.";"4/9/2026, 3:13:20 p. m.";CLOSED;100000;172272.62;0;-172272.62;72272.62
15157;Cajero;"4/9/2026, 3:13:20 p. m.";"4/9/2026, 3:13:20 p. m.";CLOSED;100000;135604.6;0;-135604.6;35604.6
15156;Cajero;"4/9/2026, 3:13:20 p. m.";"4/9/2026, 3:13:20 p. m.";CLOSED;100000;161859.8;0;-161859.8;61859.8
15155;Cajero;"4/9/2026, 3:13:20 p. m.";"4/9/2026, 3:13:20 p. m.";CLOSED;100000;183900.13;0;-183900.13;83900.13
15154;Cajero;"4/9/2026, 3:13:20 p. m.";"4/9/2026, 3:13:20 p. m.";CLOSED;100000;147441.23;0;-147441.23;47441.23
15153;Cajero;"4/9/2026, 3:13:20 p. m.";"4/9/2026, 3:13:20 p. m.";CLOSED;100000;109460.17;0;-109460.17;9460.17
15152;Cajero;"4/9/2026, 3:13:20 p. m.";"4/9/2026, 3:13:20 p. m.";CLOSED;100000;149078.13;0;-149078.13;49078.13
15151;Cajero;"4/9/2026, 3:13:20 p. m.";"4/9/2026, 3:13:20 p. m.";CLOSED;100000;110816.28;0;-110816.28;10816.28
15150;Cajero;"4/9/2026, 3:13:20 p. m.";"4/9/2026, 3:13:20 p. m.";CLOSED;100000;129610.29000000001;0;-129610.29000000001;29610.29
15149;Cajero;"4/9/2026, 3:13:20 p. m.";"4/9/2026, 3:13:20 p. m.";CLOSED;100000;142319.99;0;-142319.99;42319.99
15148;Cajero;"4/9/2026, 3:13:20 p. m.";"4/9/2026, 3:13:20 p. m.";CLOSED;100000;145556.71;0;-145556.71;45556.71
15147;Cajero;"4/9/2026, 3:13:20 p. m.";"4/9/2026, 3:13:20 p. m.";CLOSED;100000;122222.25;0;-122222.25;22222.25
15146;Cajero;"4/9/2026, 3:13:20 p. m.";"4/9/2026, 3:13:20 p. m.";CLOSED;100000;193861.52000000002;0;-193861.52000000002;93861.52
15145;Cajero;"4/9/2026, 3:13:20 p. m.";"4/9/2026, 3:13:20 p. m.";CLOSED;100000;129010.54000000001;0;-129010.54000000001;29010.54
15144;Cajero;"4/9/2026, 3:13:20 p. m.";"4/9/2026, 3:13:20 p. m.";CLOSED;100000;144547.51;0;-144547.51;44547.51
15143;Cajero;"4/9/2026, 3:13:20 p. m.";"4/9/2026, 3:13:20 p. m.";CLOSED;100000;110347.79000000001;0;-110347.79000000001;10347.79
15142;Cajero;"4/9/2026, 3:13:20 p. m.";"4/9/2026, 3:13:20 p. m.";CLOSED;100000;153000.62;0;-153000.62;53000.62
15141;Cajero;"4/9/2026, 3:13:20 p. m.";"4/9/2026, 3:13:20 p. m.";CLOSED;100000;147155.95;0;-147155.95;47155.95
15140;Cajero;"4/9/2026, 3:13:20 p. m.";"4/9/2026, 3:13:20 p. m.";CLOSED;100000;171564.47;0;-171564.47;71564.47
15139;Cajero;"4/9/2026, 3:13:20 p. m.";"4/9/2026, 3:13:20 p. m.";CLOSED;100000;105334.99;0;-105334.99;5334.99
15138;Cajero;"4/9/2026, 3:13:20 p. m.";"4/9/2026, 3:13:20 p. m.";CLOSED;100000;122273.41;0;-122273.41;22273.41
15137;Cajero;"4/9/2026, 3:13:20 p. m.";"4/9/2026, 3:13:20 p. m.";CLOSED;100000;109831.2;0;-109831.2;9831.2
15136;Cajero;"4/9/2026, 3:13:20 p. m.";"4/9/2026, 3:13:20 p. m.";CLOSED;100000;116530.76;0;-116530.76;16530.76
15135;Cajero;"4/9/2026, 3:13:20 p. m.";"4/9/2026, 3:13:20 p. m.";CLOSED;100000;132376.91999999998;0;-132376.91999999998;32376.92
15134;Cajero;"4/9/2026, 3:13:20 p. m.";"4/9/2026, 3:13:20 p. m.";CLOSED;100000;147929.48;0;-147929.48;47929.48
15133;Cajero;"4/9/2026, 3:13:20 p. m.";"4/9/2026, 3:13:20 p. m.";CLOSED;100000;124797.17;0;-124797.17;24797.17
15132;Cajero;"4/9/2026, 3:13:20 p. m.";"4/9/2026, 3:13:20 p. m.";CLOSED;100000;130730.42;0;-130730.42;30730.42
15131;Cajero;"4/9/2026, 3:13:20 p. m.";"4/9/2026, 3:13:20 p. m.";CLOSED;100000;100805.73;0;-100805.73;805.73
15130;Cajero;"4/9/2026, 3:13:20 p. m.";"4/9/2026, 3:13:20 p. m.";CLOSED;100000;107190.81;0;-107190.81;7190.81
15129;Cajero;"4/9/2026, 3:13:20 p. m.";"4/9/2026, 3:13:20 p. m.";CLOSED;100000;125136.58;0;-125136.58;25136.58
15128;Cajero;"4/9/2026, 3:13:20 p. m.";"4/9/2026, 3:13:20 p. m.";CLOSED;100000;133700.24;0;-133700.24;33700.24
15127;Cajero;"4/9/2026, 3:13:20 p. m.";"4/9/2026, 3:13:20 p. m.";CLOSED;100000;184479.86;0;-184479.86;84479.86
15126;Cajero;"4/9/2026, 3:13:20 p. m.";"4/9/2026, 3:13:20 p. m.";CLOSED;100000;145379.59;0;-145379.59;45379.59
15125;Cajero;"4/9/2026, 3:13:20 p. m.";"4/9/2026, 3:13:20 p. m.";CLOSED;100000;122523.73;0;-122523.73;22523.73
15124;Cajero;"4/9/2026, 3:13:20 p. m.";"4/9/2026, 3:13:20 p. m.";CLOSED;100000;109071.11;0;-109071.11;9071.11
15123;Cajero;"4/9/2026, 3:13:20 p. m.";"4/9/2026, 3:13:20 p. m.";CLOSED;100000;181264.03999999998;0;-181264.03999999998;81264.04
15122;Cajero;"4/9/2026, 3:13:20 p. m.";"4/9/2026, 3:13:20 p. m.";CLOSED;100000;130832.22;0;-130832.22;30832.22
15121;Cajero;"4/9/2026, 3:13:20 p. m.";"4/9/2026, 3:13:20 p. m.";CLOSED;100000;177394.82;0;-177394.82;77394.82
15120;Cajero;"4/9/2026, 3:13:20 p. m.";"4/9/2026, 3:13:20 p. m.";CLOSED;100000;184051.69;0;-184051.69;84051.69
15119;Cajero;"4/9/2026, 3:13:20 p. m.";"4/9/2026, 3:13:20 p. m.";CLOSED;100000;105809.29;0;-105809.29;5809.29
15118;Cajero;"4/9/2026, 3:13:20 p. m.";"4/9/2026, 3:13:20 p. m.";CLOSED;100000;142062.8;0;-142062.8;42062.8
15117;Cajero;"4/9/2026, 3:13:20 p. m.";"4/9/2026, 3:13:20 p. m.";CLOSED;100000;129959.67;0;-129959.67;29959.67
15116;Cajero;"4/9/2026, 3:13:20 p. m.";"4/9/2026, 3:13:20 p. m.";CLOSED;100000;153778.39;0;-153778.39;53778.39
15115;Cajero;"4/9/2026, 3:13:20 p. m.";"4/9/2026, 3:13:20 p. m.";CLOSED;100000;135460.8;0;-135460.8;35460.8
15114;Cajero;"4/9/2026, 3:13:20 p. m.";"4/9/2026, 3:13:20 p. m.";CLOSED;100000;177197.82;0;-177197.82;77197.82
15113;Cajero;"4/9/2026, 3:13:20 p. m.";"4/9/2026, 3:13:20 p. m.";CLOSED;100000;111751.86;0;-111751.86;11751.86
15112;Cajero;"4/9/2026, 3:13:20 p. m.";"4/9/2026, 3:13:20 p. m.";CLOSED;100000;123707.95;0;-123707.95;23707.95
15111;Cajero;"4/9/2026, 3:13:20 p. m.";"4/9/2026, 3:13:20 p. m.";CLOSED;100000;195937.52000000002;0;-195937.52000000002;95937.52
15110;Cajero;"4/9/2026, 3:13:20 p. m.";"4/9/2026, 3:13:20 p. m.";CLOSED;100000;118587.79000000001;0;-118587.79000000001;18587.79
15109;Cajero;"4/9/2026, 3:13:20 p. m.";"4/9/2026, 3:13:20 p. m.";CLOSED;100000;100780.77;0;-100780.77;780.77
15108;Cajero;"4/9/2026, 3:13:20 p. m.";"4/9/2026, 3:13:20 p. m.";CLOSED;100000;143692.91999999998;0;-143692.91999999998;43692.92
15107;Cajero;"4/9/2026, 3:13:20 p. m.";"4/9/2026, 3:13:20 p. m.";CLOSED;100000;108001.08;0;-108001.08;8001.08
15106;Cajero;"4/9/2026, 3:13:20 p. m.";"4/9/2026, 3:13:20 p. m.";CLOSED;100000;135641.56;0;-135641.56;35641.56
15105;Cajero;"4/9/2026, 3:13:20 p. m.";"4/9/2026, 3:13:20 p. m.";CLOSED;100000;148361.27;0;-148361.27;48361.27
15104;Cajero;"4/9/2026, 3:13:20 p. m.";"4/9/2026, 3:13:20 p. m.";CLOSED;100000;139291.19;0;-139291.19;39291.19
15103;Cajero;"4/9/2026, 3:13:20 p. m.";"4/9/2026, 3:13:20 p. m.";CLOSED;100000;104528.9;0;-104528.9;4528.9
15102;Cajero;"4/9/2026, 3:13:20 p. m.";"4/9/2026, 3:13:20 p. m.";CLOSED;100000;107561;0;-107561;7561
15101;Cajero;"4/9/2026, 3:13:20 p. m.";"4/9/2026, 3:13:20 p. m.";CLOSED;100000;141204.49;0;-141204.49;41204.49
15100;Cajero;"4/9/2026, 3:13:20 p. m.";"4/9/2026, 3:13:20 p. m.";CLOSED;100000;185582.58000000002;0;-185582.58000000002;85582.58
15099;Cajero;"4/9/2026, 3:13:20 p. m.";"4/9/2026, 3:13:20 p. m.";CLOSED;100000;121135.33;0;-121135.33;21135.33
15098;Cajero;"4/9/2026, 3:13:20 p. m.";"4/9/2026, 3:13:20 p. m.";CLOSED;100000;111106.49;0;-111106.49;11106.49
15097;Cajero;"4/9/2026, 3:13:20 p. m.";"4/9/2026, 3:13:20 p. m.";CLOSED;100000;143175.95;0;-143175.95;43175.95
15096;Cajero;"4/9/2026, 3:13:20 p. m.";"4/9/2026, 3:13:20 p. m.";CLOSED;100000;112557.81;0;-112557.81;12557.81
15095;Cajero;"4/9/2026, 3:13:20 p. m.";"4/9/2026, 3:13:20 p. m.";CLOSED;100000;135872.32;0;-135872.32;35872.32
15094;Cajero;"4/9/2026, 3:13:20 p. m.";"4/9/2026, 3:13:20 p. m.";CLOSED;100000;103739.49;0;-103739.49;3739.49
15093;Cajero;"4/9/2026, 3:13:20 p. m.";"4/9/2026, 3:13:20 p. m.";CLOSED;100000;134216.23;0;-134216.23;34216.23
15092;Cajero;"4/9/2026, 3:13:20 p. m.";"4/9/2026, 3:13:20 p. m.";CLOSED;100000;172179.08000000002;0;-172179.08000000002;72179.08
15091;Cajero;"4/9/2026, 3:13:20 p. m.";"4/9/2026, 3:13:20 p. m.";CLOSED;100000;138506.29;0;-138506.29;38506.29
15090;Cajero;"4/9/2026, 3:13:20 p. m.";"4/9/2026, 3:13:20 p. m.";CLOSED;100000;123707.95;0;-123707.95;23707.95
15089;Cajero;"4/9/2026, 3:13:20 p. m.";"4/9/2026, 3:13:20 p. m.";CLOSED;100000;103467.52;0;-103467.52;3467.52
15088;Cajero;"4/9/2026, 3:13:19 p. m.";"4/9/2026, 3:13:20 p. m.";CLOSED;100000;132317.19;0;-132317.19;32317.19
15087;Cajero;"4/9/2026, 3:13:19 p. m.";"4/9/2026, 3:13:19 p. m.";CLOSED;100000;140942.66;0;-140942.66;40942.66
15086;Cajero;"4/9/2026, 3:13:19 p. m.";"4/9/2026, 3:13:19 p. m.";CLOSED;100000;109994.53;0;-109994.53;9994.53
15085;Cajero;"4/9/2026, 3:13:19 p. m.";"4/9/2026, 3:13:19 p. m.";CLOSED;100000;145285.04;0;-145285.04;45285.04
15084;Cajero;"4/9/2026, 3:13:19 p. m.";"4/9/2026, 3:13:19 p. m.";CLOSED;100000;143758.25;0;-143758.25;43758.25
15083;Cajero;"4/9/2026, 3:13:19 p. m.";"4/9/2026, 3:13:19 p. m.";CLOSED;100000;105445.39;0;-105445.39;5445.39
15082;Cajero;"4/9/2026, 3:13:19 p. m.";"4/9/2026, 3:13:19 p. m.";CLOSED;100000;105116.59;0;-105116.59;5116.59
15081;Cajero;"4/9/2026, 3:13:19 p. m.";"4/9/2026, 3:13:19 p. m.";CLOSED;100000;130431.47;0;-130431.47;30431.47
15080;Cajero;"4/9/2026, 3:13:19 p. m.";"4/9/2026, 3:13:19 p. m.";CLOSED;100000;170471.59;0;-170471.59;70471.59
15079;Cajero;"4/9/2026, 3:13:19 p. m.";"4/9/2026, 3:13:19 p. m.";CLOSED;100000;124803.03;0;-124803.03;24803.03
15078;Cajero;"4/9/2026, 3:13:19 p. m.";"4/9/2026, 3:13:19 p. m.";CLOSED;100000;100958.25;0;-100958.25;958.25
15077;Cajero;"4/9/2026, 3:13:19 p. m.";"4/9/2026, 3:13:19 p. m.";CLOSED;100000;114181.72;0;-114181.72;14181.72
15076;Cajero;"4/9/2026, 3:13:19 p. m.";"4/9/2026, 3:13:19 p. m.";CLOSED;100000;144535.86;0;-144535.86;44535.86
15075;Cajero;"4/9/2026, 3:13:19 p. m.";"4/9/2026, 3:13:19 p. m.";CLOSED;100000;111214.67;0;-111214.67;11214.67
15074;Cajero;"4/9/2026, 3:13:19 p. m.";"4/9/2026, 3:13:19 p. m.";CLOSED;100000;130579.59;0;-130579.59;30579.59
15073;Cajero;"4/9/2026, 3:13:19 p. m.";"4/9/2026, 3:13:19 p. m.";CLOSED;100000;169953.58000000002;0;-169953.58000000002;69953.58
15072;Cajero;"4/9/2026, 3:13:19 p. m.";"4/9/2026, 3:13:19 p. m.";CLOSED;100000;140897.99;0;-140897.99;40897.99
15071;Cajero;"4/9/2026, 3:13:19 p. m.";"4/9/2026, 3:13:19 p. m.";CLOSED;100000;112093.4;0;-112093.4;12093.4
15070;Cajero;"4/9/2026, 3:13:19 p. m.";"4/9/2026, 3:13:19 p. m.";CLOSED;100000;128367.54000000001;0;-128367.54000000001;28367.54
15069;Cajero;"4/9/2026, 3:13:19 p. m.";"4/9/2026, 3:13:19 p. m.";CLOSED;100000;117997.09;0;-117997.09;17997.09
15068;Cajero;"4/9/2026, 3:13:19 p. m.";"4/9/2026, 3:13:19 p. m.";CLOSED;100000;151502.62;0;-151502.62;51502.62
15067;Cajero;"4/9/2026, 3:13:19 p. m.";"4/9/2026, 3:13:19 p. m.";CLOSED;100000;115358.54000000001;0;-115358.54000000001;15358.54
15066;Cajero;"4/9/2026, 3:13:19 p. m.";"4/9/2026, 3:13:19 p. m.";CLOSED;100000;145790.27;0;-145790.27;45790.27
15065;Cajero;"4/9/2026, 3:13:19 p. m.";"4/9/2026, 3:13:19 p. m.";CLOSED;100000;196759.14;0;-196759.14;96759.14
15064;Cajero;"4/9/2026, 3:13:19 p. m.";"4/9/2026, 3:13:19 p. m.";CLOSED;100000;109624.02;0;-109624.02;9624.02
15063;Cajero;"4/9/2026, 3:13:19 p. m.";"4/9/2026, 3:13:19 p. m.";CLOSED;100000;146978.73;0;-146978.73;46978.73
15062;Cajero;"4/9/2026, 3:13:19 p. m.";"4/9/2026, 3:13:19 p. m.";CLOSED;100000;113955.93;0;-113955.93;13955.93
15061;Cajero;"4/9/2026, 3:13:19 p. m.";"4/9/2026, 3:13:19 p. m.";CLOSED;100000;148162.2;0;-148162.2;48162.2
15060;Cajero;"4/9/2026, 3:13:19 p. m.";"4/9/2026, 3:13:19 p. m.";CLOSED;100000;116785.17;0;-116785.17;16785.17
15059;Cajero;"4/9/2026, 3:13:19 p. m.";"4/9/2026, 3:13:19 p. m.";CLOSED;100000;119982.99;0;-119982.99;19982.99
15058;Cajero;"4/9/2026, 3:13:19 p. m.";"4/9/2026, 3:13:19 p. m.";CLOSED;100000;145638.46;0;-145638.46;45638.46
15057;Cajero;"4/9/2026, 3:13:19 p. m.";"4/9/2026, 3:13:19 p. m.";CLOSED;100000;102255.87;0;-102255.87;2255.87
15056;Cajero;"4/9/2026, 3:13:19 p. m.";"4/9/2026, 3:13:19 p. m.";CLOSED;100000;142978.05;0;-142978.05;42978.05
15055;Cajero;"4/9/2026, 3:13:19 p. m.";"4/9/2026, 3:13:19 p. m.";CLOSED;100000;198280.25;0;-198280.25;98280.25
15054;Cajero;"4/9/2026, 3:13:19 p. m.";"4/9/2026, 3:13:19 p. m.";CLOSED;100000;111056.76;0;-111056.76;11056.76
15053;Cajero;"4/9/2026, 3:13:19 p. m.";"4/9/2026, 3:13:19 p. m.";CLOSED;100000;120733.49;0;-120733.49;20733.49
15052;Cajero;"4/9/2026, 3:13:19 p. m.";"4/9/2026, 3:13:19 p. m.";CLOSED;100000;131935.88;0;-131935.88;31935.88
15051;Cajero;"4/9/2026, 3:13:19 p. m.";"4/9/2026, 3:13:19 p. m.";CLOSED;100000;102863.7;0;-102863.7;2863.7
15050;Cajero;"4/9/2026, 3:13:19 p. m.";"4/9/2026, 3:13:19 p. m.";CLOSED;100000;116435.15;0;-116435.15;16435.15
15049;Cajero;"4/9/2026, 3:13:19 p. m.";"4/9/2026, 3:13:19 p. m.";CLOSED;100000;166461.38;0;-166461.38;66461.38
15048;Cajero;"4/9/2026, 3:13:19 p. m.";"4/9/2026, 3:13:19 p. m.";CLOSED;100000;116066.75;0;-116066.75;16066.75
15047;Cajero;"4/9/2026, 3:13:19 p. m.";"4/9/2026, 3:13:19 p. m.";CLOSED;100000;128260.03;0;-128260.03;28260.03
15046;Cajero;"4/9/2026, 3:13:19 p. m.";"4/9/2026, 3:13:19 p. m.";CLOSED;100000;152714.55;0;-152714.55;52714.55
15045;Cajero;"4/9/2026, 3:13:19 p. m.";"4/9/2026, 3:13:19 p. m.";CLOSED;100000;126655.4;0;-126655.4;26655.4
15044;Cajero;"4/9/2026, 3:13:19 p. m.";"4/9/2026, 3:13:19 p. m.";CLOSED;100000;158945.98;0;-158945.98;58945.98
15043;Cajero;"4/9/2026, 3:13:19 p. m.";"4/9/2026, 3:13:19 p. m.";CLOSED;100000;130119.26;0;-130119.26;30119.26
15042;Cajero;"4/9/2026, 3:13:19 p. m.";"4/9/2026, 3:13:19 p. m.";CLOSED;100000;121305.45999999999;0;-121305.45999999999;21305.46
15041;Cajero;"4/9/2026, 3:13:19 p. m.";"4/9/2026, 3:13:19 p. m.";CLOSED;100000;161168.41999999998;0;-161168.41999999998;61168.42
15040;Cajero;"4/9/2026, 3:13:19 p. m.";"4/9/2026, 3:13:19 p. m.";CLOSED;100000;111864.72;0;-111864.72;11864.72
15039;Cajero;"4/9/2026, 3:13:19 p. m.";"4/9/2026, 3:13:19 p. m.";CLOSED;100000;143799.99;0;-143799.99;43799.99
15038;Cajero;"4/9/2026, 3:13:19 p. m.";"4/9/2026, 3:13:19 p. m.";CLOSED;100000;123973.12;0;-123973.12;23973.12
15037;Cajero;"4/9/2026, 3:13:19 p. m.";"4/9/2026, 3:13:19 p. m.";CLOSED;100000;167053.75;0;-167053.75;67053.75
15036;Cajero;"4/9/2026, 3:13:19 p. m.";"4/9/2026, 3:13:19 p. m.";CLOSED;100000;140751.65;0;-140751.65;40751.65
15035;Cajero;"4/9/2026, 3:13:19 p. m.";"4/9/2026, 3:13:19 p. m.";CLOSED;100000;144047.25;0;-144047.25;44047.25
15034;Cajero;"4/9/2026, 3:13:19 p. m.";"4/9/2026, 3:13:19 p. m.";CLOSED;100000;175098.62;0;-175098.62;75098.62
15033;Cajero;"4/9/2026, 3:13:19 p. m.";"4/9/2026, 3:13:19 p. m.";CLOSED;100000;119679.42;0;-119679.42;19679.42
15032;Cajero;"4/9/2026, 3:13:19 p. m.";"4/9/2026, 3:13:19 p. m.";CLOSED;100000;137356.76;0;-137356.76;37356.76
15031;Cajero;"4/9/2026, 3:13:19 p. m.";"4/9/2026, 3:13:19 p. m.";CLOSED;100000;148760.38;0;-148760.38;48760.38
15030;Cajero;"4/9/2026, 3:13:19 p. m.";"4/9/2026, 3:13:19 p. m.";CLOSED;100000;122031.81;0;-122031.81;22031.81
15029;Cajero;"4/9/2026, 3:13:19 p. m.";"4/9/2026, 3:13:19 p. m.";CLOSED;100000;128380.38;0;-128380.38;28380.38
15028;Cajero;"4/9/2026, 3:13:19 p. m.";"4/9/2026, 3:13:19 p. m.";CLOSED;100000;134041.54;0;-134041.54;34041.54
15027;Cajero;"4/9/2026, 3:13:19 p. m.";"4/9/2026, 3:13:19 p. m.";CLOSED;100000;144765.12;0;-144765.12;44765.12
15026;Cajero;"4/9/2026, 3:13:19 p. m.";"4/9/2026, 3:13:19 p. m.";CLOSED;100000;175584.41999999998;0;-175584.41999999998;75584.42
15025;Cajero;"4/9/2026, 3:13:19 p. m.";"4/9/2026, 3:13:19 p. m.";CLOSED;100000;143048.43;0;-143048.43;43048.43
15024;Cajero;"4/9/2026, 3:13:19 p. m.";"4/9/2026, 3:13:19 p. m.";CLOSED;100000;164917.69;0;-164917.69;64917.69
15023;Cajero;"4/9/2026, 3:13:19 p. m.";"4/9/2026, 3:13:19 p. m.";CLOSED;100000;119982.99;0;-119982.99;19982.99
15022;Cajero;"4/9/2026, 3:13:19 p. m.";"4/9/2026, 3:13:19 p. m.";CLOSED;100000;101844.22;0;-101844.22;1844.22
15021;Cajero;"4/9/2026, 3:13:18 p. m.";"4/9/2026, 3:13:18 p. m.";CLOSED;100000;127660.02;0;-127660.02;27660.02
15020;Cajero;"4/9/2026, 3:13:18 p. m.";"4/9/2026, 3:13:18 p. m.";CLOSED;100000;139722.05;0;-139722.05;39722.05
15019;Cajero;"4/9/2026, 3:13:18 p. m.";"4/9/2026, 3:13:18 p. m.";CLOSED;100000;121861.20999999999;0;-121861.20999999999;21861.21
15018;Cajero;"4/9/2026, 3:13:18 p. m.";"4/9/2026, 3:13:18 p. m.";CLOSED;100000;131075.98;0;-131075.98;31075.98
15017;Cajero;"4/9/2026, 3:13:18 p. m.";"4/9/2026, 3:13:18 p. m.";CLOSED;100000;124451.99;0;-124451.99;24451.99
15016;Cajero;"4/9/2026, 3:13:18 p. m.";"4/9/2026, 3:13:18 p. m.";CLOSED;100000;127143.64;0;-127143.64;27143.64
15015;Cajero;"4/9/2026, 3:13:18 p. m.";"4/9/2026, 3:13:18 p. m.";CLOSED;100000;130315.18;0;-130315.18;30315.18
15014;Cajero;"4/9/2026, 3:13:18 p. m.";"4/9/2026, 3:13:18 p. m.";CLOSED;100000;145011.87;0;-145011.87;45011.87
15013;Cajero;"4/9/2026, 3:13:18 p. m.";"4/9/2026, 3:13:18 p. m.";CLOSED;100000;141204.49;0;-141204.49;41204.49
15012;Cajero;"4/9/2026, 3:13:18 p. m.";"4/9/2026, 3:13:18 p. m.";CLOSED;100000;113412.7;0;-113412.7;13412.7
15011;Cajero;"4/9/2026, 3:13:18 p. m.";"4/9/2026, 3:13:18 p. m.";CLOSED;100000;173497.52000000002;0;-173497.52000000002;73497.52
15010;Cajero;"4/9/2026, 3:13:18 p. m.";"4/9/2026, 3:13:18 p. m.";CLOSED;100000;183369.46000000002;0;-183369.46000000002;83369.46
15009;Cajero;"4/9/2026, 3:13:18 p. m.";"4/9/2026, 3:13:18 p. m.";CLOSED;100000;108226.63;0;-108226.63;8226.63
15008;Cajero;"4/9/2026, 3:13:18 p. m.";"4/9/2026, 3:13:18 p. m.";CLOSED;100000;146588.88;0;-146588.88;46588.88
15007;Cajero;"4/9/2026, 3:13:18 p. m.";"4/9/2026, 3:13:18 p. m.";CLOSED;100000;141290.63;0;-141290.63;41290.63
15006;Cajero;"4/9/2026, 3:13:18 p. m.";"4/9/2026, 3:13:18 p. m.";CLOSED;100000;103901.06;0;-103901.06;3901.06
15005;Cajero;"4/9/2026, 3:13:18 p. m.";"4/9/2026, 3:13:18 p. m.";CLOSED;100000;101094.34;0;-101094.34;1094.34
15004;Cajero;"4/9/2026, 3:13:18 p. m.";"4/9/2026, 3:13:18 p. m.";CLOSED;100000;165700.06;0;-165700.06;65700.06
15003;Cajero;"4/9/2026, 3:13:18 p. m.";"4/9/2026, 3:13:18 p. m.";CLOSED;100000;121781.65;0;-121781.65;21781.65
15002;Cajero;"4/9/2026, 3:13:18 p. m.";"4/9/2026, 3:13:18 p. m.";CLOSED;100000;121698.02;0;-121698.02;21698.02
15001;Cajero;"4/9/2026, 3:13:18 p. m.";"4/9/2026, 3:13:18 p. m.";CLOSED;100000;109850.95999999999;0;-109850.95999999999;9850.96
15000;Cajero;"4/9/2026, 3:13:18 p. m.";"4/9/2026, 3:13:18 p. m.";CLOSED;100000;149877.65;0;-149877.65;49877.65
14999;Cajero;"4/9/2026, 3:13:18 p. m.";"4/9/2026, 3:13:18 p. m.";CLOSED;100000;144069.15;0;-144069.15;44069.15
14998;Cajero;"4/9/2026, 3:13:18 p. m.";"4/9/2026, 3:13:18 p. m.";CLOSED;100000;148939.08000000002;0;-148939.08000000002;48939.08
14997;Cajero;"4/9/2026, 3:13:18 p. m.";"4/9/2026, 3:13:18 p. m.";CLOSED;100000;147931.04;0;-147931.04;47931.04
14996;Cajero;"4/9/2026, 3:13:18 p. m.";"4/9/2026, 3:13:18 p. m.";CLOSED;100000;120947.18;0;-120947.18;20947.18
14995;Cajero;"4/9/2026, 3:13:18 p. m.";"4/9/2026, 3:13:18 p. m.";CLOSED;100000;133014.81;0;-133014.81;33014.81
14994;Cajero;"4/9/2026, 3:13:18 p. m.";"4/9/2026, 3:13:18 p. m.";CLOSED;100000;161598.08000000002;0;-161598.08000000002;61598.08
14993;Cajero;"4/9/2026, 3:13:18 p. m.";"4/9/2026, 3:13:18 p. m.";CLOSED;100000;133579.45;0;-133579.45;33579.45
14992;Cajero;"4/9/2026, 3:13:18 p. m.";"4/9/2026, 3:13:18 p. m.";CLOSED;100000;117121.03;0;-117121.03;17121.03
14991;Cajero;"4/9/2026, 3:13:18 p. m.";"4/9/2026, 3:13:18 p. m.";CLOSED;100000;101283.9;0;-101283.9;1283.9
14990;Cajero;"4/9/2026, 3:13:18 p. m.";"4/9/2026, 3:13:18 p. m.";CLOSED;100000;122211.98;0;-122211.98;22211.98
14989;Cajero;"4/9/2026, 3:13:18 p. m.";"4/9/2026, 3:13:18 p. m.";CLOSED;100000;126579.59;0;-126579.59;26579.59
14988;Cajero;"4/9/2026, 3:13:18 p. m.";"4/9/2026, 3:13:18 p. m.";CLOSED;100000;126452.01;0;-126452.01;26452.01
14987;Cajero;"4/9/2026, 3:13:18 p. m.";"4/9/2026, 3:13:18 p. m.";CLOSED;100000;139022.3;0;-139022.3;39022.3
14986;Cajero;"4/9/2026, 3:13:18 p. m.";"4/9/2026, 3:13:18 p. m.";CLOSED;100000;102714.58;0;-102714.58;2714.58
14985;Cajero;"4/9/2026, 3:13:18 p. m.";"4/9/2026, 3:13:18 p. m.";CLOSED;100000;159978.18;0;-159978.18;59978.18
14984;Cajero;"4/9/2026, 3:13:18 p. m.";"4/9/2026, 3:13:18 p. m.";CLOSED;100000;140290.46;0;-140290.46;40290.46
14983;Cajero;"4/9/2026, 3:13:18 p. m.";"4/9/2026, 3:13:18 p. m.";CLOSED;100000;181703.06;0;-181703.06;81703.06
14982;Cajero;"4/9/2026, 3:13:18 p. m.";"4/9/2026, 3:13:18 p. m.";CLOSED;100000;146083.29;0;-146083.29;46083.29
14981;Cajero;"4/9/2026, 3:13:18 p. m.";"4/9/2026, 3:13:18 p. m.";CLOSED;100000;113766.09;0;-113766.09;13766.09
14980;Cajero;"4/9/2026, 3:13:18 p. m.";"4/9/2026, 3:13:18 p. m.";CLOSED;100000;169451.77000000002;0;-169451.77000000002;69451.77
14979;Cajero;"4/9/2026, 3:13:18 p. m.";"4/9/2026, 3:13:18 p. m.";CLOSED;100000;106630.39;0;-106630.39;6630.39
14978;Cajero;"4/9/2026, 3:13:18 p. m.";"4/9/2026, 3:13:18 p. m.";CLOSED;100000;143783.48;0;-143783.48;43783.48
14977;Cajero;"4/9/2026, 3:13:18 p. m.";"4/9/2026, 3:13:18 p. m.";CLOSED;100000;101189.91;0;-101189.91;1189.91
14976;Cajero;"4/9/2026, 3:13:18 p. m.";"4/9/2026, 3:13:18 p. m.";CLOSED;100000;112648.99;0;-112648.99;12648.99
14975;Cajero;"4/9/2026, 3:13:18 p. m.";"4/9/2026, 3:13:18 p. m.";CLOSED;100000;132137.41999999998;0;-132137.41999999998;32137.42
14974;Cajero;"4/9/2026, 3:13:18 p. m.";"4/9/2026, 3:13:18 p. m.";CLOSED;100000;152961.89;0;-152961.89;52961.89
14973;Cajero;"4/9/2026, 3:13:18 p. m.";"4/9/2026, 3:13:18 p. m.";CLOSED;100000;101356.19;0;-101356.19;1356.19
14972;Cajero;"4/9/2026, 3:13:18 p. m.";"4/9/2026, 3:13:18 p. m.";CLOSED;100000;125969.3;0;-125969.3;25969.3
14971;Cajero;"4/9/2026, 3:13:18 p. m.";"4/9/2026, 3:13:18 p. m.";CLOSED;100000;104536.5;0;-104536.5;4536.5
14970;Cajero;"4/9/2026, 3:13:18 p. m.";"4/9/2026, 3:13:18 p. m.";CLOSED;100000;116083.49;0;-116083.49;16083.49
14969;Cajero;"4/9/2026, 3:13:18 p. m.";"4/9/2026, 3:13:18 p. m.";CLOSED;100000;134741.84;0;-134741.84;34741.84
14968;Cajero;"4/9/2026, 3:13:18 p. m.";"4/9/2026, 3:13:18 p. m.";CLOSED;100000;197222.31;0;-197222.31;97222.31
14967;Cajero;"4/9/2026, 3:13:18 p. m.";"4/9/2026, 3:13:18 p. m.";CLOSED;100000;129796.32;0;-129796.32;29796.32
14966;Cajero;"4/9/2026, 3:13:18 p. m.";"4/9/2026, 3:13:18 p. m.";CLOSED;100000;186447.28999999998;0;-186447.28999999998;86447.29
14965;Cajero;"4/9/2026, 3:13:18 p. m.";"4/9/2026, 3:13:18 p. m.";CLOSED;100000;113468.33;0;-113468.33;13468.33
14964;Cajero;"4/9/2026, 3:13:18 p. m.";"4/9/2026, 3:13:18 p. m.";CLOSED;100000;169301.97;0;-169301.97;69301.97
14963;Cajero;"4/9/2026, 3:13:18 p. m.";"4/9/2026, 3:13:18 p. m.";CLOSED;100000;134820.08000000002;0;-134820.08000000002;34820.08
14962;Cajero;"4/9/2026, 3:13:18 p. m.";"4/9/2026, 3:13:18 p. m.";CLOSED;100000;110519.03;0;-110519.03;10519.03
14961;Cajero;"4/9/2026, 3:13:18 p. m.";"4/9/2026, 3:13:18 p. m.";CLOSED;100000;113580.51;0;-113580.51;13580.51
14960;Cajero;"4/9/2026, 3:13:18 p. m.";"4/9/2026, 3:13:18 p. m.";CLOSED;100000;170445.28;0;-170445.28;70445.28
14959;Cajero;"4/9/2026, 3:13:18 p. m.";"4/9/2026, 3:13:18 p. m.";CLOSED;100000;187368.66999999998;0;-187368.66999999998;87368.67
14958;Cajero;"4/9/2026, 3:13:18 p. m.";"4/9/2026, 3:13:18 p. m.";CLOSED;100000;134583.46;0;-134583.46;34583.46
14957;Cajero;"4/9/2026, 3:13:18 p. m.";"4/9/2026, 3:13:18 p. m.";CLOSED;100000;150225.77;0;-150225.77;50225.77
14956;Cajero;"4/9/2026, 3:13:18 p. m.";"4/9/2026, 3:13:18 p. m.";CLOSED;100000;116112.6;0;-116112.6;16112.6
14955;Cajero;"4/9/2026, 3:13:18 p. m.";"4/9/2026, 3:13:18 p. m.";CLOSED;100000;144071.25;0;-144071.25;44071.25
14954;Cajero;"4/9/2026, 3:13:18 p. m.";"4/9/2026, 3:13:18 p. m.";CLOSED;100000;103808.77;0;-103808.77;3808.77
14953;Cajero;"4/9/2026, 3:13:18 p. m.";"4/9/2026, 3:13:18 p. m.";CLOSED;100000;133383.64;0;-133383.64;33383.64
14952;Cajero;"4/9/2026, 3:13:18 p. m.";"4/9/2026, 3:13:18 p. m.";CLOSED;100000;197823.43;0;-197823.43;97823.43
14951;Cajero;"4/9/2026, 3:13:18 p. m.";"4/9/2026, 3:13:18 p. m.";CLOSED;100000;135487.69;0;-135487.69;35487.69
14950;Cajero;"4/9/2026, 3:13:18 p. m.";"4/9/2026, 3:13:18 p. m.";CLOSED;100000;173571.83000000002;0;-173571.83000000002;73571.83
14949;Cajero;"4/9/2026, 3:13:18 p. m.";"4/9/2026, 3:13:18 p. m.";CLOSED;100000;107857.41;0;-107857.41;7857.41
14948;Cajero;"4/9/2026, 3:13:18 p. m.";"4/9/2026, 3:13:18 p. m.";CLOSED;100000;118139.08;0;-118139.08;18139.08
14947;Cajero;"4/9/2026, 3:13:18 p. m.";"4/9/2026, 3:13:18 p. m.";CLOSED;100000;143829.23;0;-143829.23;43829.23
14946;Cajero;"4/9/2026, 3:13:18 p. m.";"4/9/2026, 3:13:18 p. m.";CLOSED;100000;114852.18;0;-114852.18;14852.18
14945;Cajero;"4/9/2026, 3:13:18 p. m.";"4/9/2026, 3:13:18 p. m.";CLOSED;100000;122193.97;0;-122193.97;22193.97
14944;Cajero;"4/9/2026, 3:13:18 p. m.";"4/9/2026, 3:13:18 p. m.";CLOSED;100000;103660.53;0;-103660.53;3660.53
14943;Cajero;"4/9/2026, 3:13:18 p. m.";"4/9/2026, 3:13:18 p. m.";CLOSED;100000;146560.15;0;-146560.15;46560.15
14942;Cajero;"4/9/2026, 3:13:18 p. m.";"4/9/2026, 3:13:18 p. m.";CLOSED;100000;143958.16999999998;0;-143958.16999999998;43958.17
14941;Cajero;"4/9/2026, 3:13:17 p. m.";"4/9/2026, 3:13:18 p. m.";CLOSED;100000;115101.61;0;-115101.61;15101.61
14940;Cajero;"4/9/2026, 3:13:17 p. m.";"4/9/2026, 3:13:17 p. m.";CLOSED;100000;119140.47;0;-119140.47;19140.47
14939;Cajero;"4/9/2026, 3:13:17 p. m.";"4/9/2026, 3:13:17 p. m.";CLOSED;100000;114808.4;0;-114808.4;14808.4
14938;Cajero;"4/9/2026, 3:13:17 p. m.";"4/9/2026, 3:13:17 p. m.";CLOSED;100000;148728.29;0;-148728.29;48728.29
14937;Cajero;"4/9/2026, 3:13:17 p. m.";"4/9/2026, 3:13:17 p. m.";CLOSED;100000;117245.2;0;-117245.2;17245.2
14936;Cajero;"4/9/2026, 3:13:17 p. m.";"4/9/2026, 3:13:17 p. m.";CLOSED;100000;124807.98;0;-124807.98;24807.98
14935;Cajero;"4/9/2026, 3:13:17 p. m.";"4/9/2026, 3:13:17 p. m.";CLOSED;100000;153625.93;0;-153625.93;53625.93
14934;Cajero;"4/9/2026, 3:13:17 p. m.";"4/9/2026, 3:13:17 p. m.";CLOSED;100000;119418.5;0;-119418.5;19418.5
14933;Cajero;"4/9/2026, 3:13:17 p. m.";"4/9/2026, 3:13:17 p. m.";CLOSED;100000;140279.52;0;-140279.52;40279.52
14932;Cajero;"4/9/2026, 3:13:17 p. m.";"4/9/2026, 3:13:17 p. m.";CLOSED;100000;128792.68;0;-128792.68;28792.68
14931;Cajero;"4/9/2026, 3:13:17 p. m.";"4/9/2026, 3:13:17 p. m.";CLOSED;100000;135083.69;0;-135083.69;35083.69
14930;Cajero;"4/9/2026, 3:13:17 p. m.";"4/9/2026, 3:13:17 p. m.";CLOSED;100000;115268.81;0;-115268.81;15268.81
14929;Cajero;"4/9/2026, 3:13:17 p. m.";"4/9/2026, 3:13:17 p. m.";CLOSED;100000;127573.06;0;-127573.06;27573.06
14928;Cajero;"4/9/2026, 3:13:17 p. m.";"4/9/2026, 3:13:17 p. m.";CLOSED;100000;145847.43;0;-145847.43;45847.43
14927;Cajero;"4/9/2026, 3:13:17 p. m.";"4/9/2026, 3:13:17 p. m.";CLOSED;100000;143419.54;0;-143419.54;43419.54
14926;Cajero;"4/9/2026, 3:13:17 p. m.";"4/9/2026, 3:13:17 p. m.";CLOSED;100000;144547.51;0;-144547.51;44547.51
14925;Cajero;"4/9/2026, 3:13:17 p. m.";"4/9/2026, 3:13:17 p. m.";CLOSED;100000;104258.38;0;-104258.38;4258.38
14924;Cajero;"4/9/2026, 3:13:17 p. m.";"4/9/2026, 3:13:17 p. m.";CLOSED;100000;141168.54;0;-141168.54;41168.54
14923;Cajero;"4/9/2026, 3:13:17 p. m.";"4/9/2026, 3:13:17 p. m.";CLOSED;100000;139542.66999999998;0;-139542.66999999998;39542.67
14922;Cajero;"4/9/2026, 3:13:17 p. m.";"4/9/2026, 3:13:17 p. m.";CLOSED;100000;138635.1;0;-138635.1;38635.1
14921;Cajero;"4/9/2026, 3:13:17 p. m.";"4/9/2026, 3:13:17 p. m.";CLOSED;100000;184467.05;0;-184467.05;84467.05
14920;Cajero;"4/9/2026, 3:13:17 p. m.";"4/9/2026, 3:13:17 p. m.";CLOSED;100000;101644.9;0;-101644.9;1644.9
14919;Cajero;"4/9/2026, 3:13:17 p. m.";"4/9/2026, 3:13:17 p. m.";CLOSED;100000;160533.9;0;-160533.9;60533.9
14918;Cajero;"4/9/2026, 3:13:17 p. m.";"4/9/2026, 3:13:17 p. m.";CLOSED;100000;145435.33000000002;0;-145435.33000000002;45435.33
14917;Cajero;"4/9/2026, 3:13:17 p. m.";"4/9/2026, 3:13:17 p. m.";CLOSED;100000;173643.85;0;-173643.85;73643.85
14916;Cajero;"4/9/2026, 3:13:17 p. m.";"4/9/2026, 3:13:17 p. m.";CLOSED;100000;127452.15;0;-127452.15;27452.15
14915;Cajero;"4/9/2026, 3:13:17 p. m.";"4/9/2026, 3:13:17 p. m.";CLOSED;100000;108100.73;0;-108100.73;8100.73
14914;Cajero;"4/9/2026, 3:13:17 p. m.";"4/9/2026, 3:13:17 p. m.";CLOSED;100000;122615.95999999999;0;-122615.95999999999;22615.96
14913;Cajero;"4/9/2026, 3:13:17 p. m.";"4/9/2026, 3:13:17 p. m.";CLOSED;100000;188120.25;0;-188120.25;88120.25
14912;Cajero;"4/9/2026, 3:13:17 p. m.";"4/9/2026, 3:13:17 p. m.";CLOSED;100000;123473.31;0;-123473.31;23473.31
14911;Cajero;"4/9/2026, 3:13:17 p. m.";"4/9/2026, 3:13:17 p. m.";CLOSED;100000;129610.29000000001;0;-129610.29000000001;29610.29
14910;Cajero;"4/9/2026, 3:13:17 p. m.";"4/9/2026, 3:13:17 p. m.";CLOSED;100000;140906.15;0;-140906.15;40906.15
14909;Cajero;"4/9/2026, 3:13:17 p. m.";"4/9/2026, 3:13:17 p. m.";CLOSED;100000;133452.13;0;-133452.13;33452.13
14908;Cajero;"4/9/2026, 3:13:17 p. m.";"4/9/2026, 3:13:17 p. m.";CLOSED;100000;106861.13;0;-106861.13;6861.13
14907;Cajero;"4/9/2026, 3:13:17 p. m.";"4/9/2026, 3:13:17 p. m.";CLOSED;100000;108572.28;0;-108572.28;8572.28
14906;Cajero;"4/9/2026, 3:13:17 p. m.";"4/9/2026, 3:13:17 p. m.";CLOSED;100000;128887.76;0;-128887.76;28887.76
14905;Cajero;"4/9/2026, 3:13:17 p. m.";"4/9/2026, 3:13:17 p. m.";CLOSED;100000;108001.08;0;-108001.08;8001.08
14904;Cajero;"4/9/2026, 3:13:17 p. m.";"4/9/2026, 3:13:17 p. m.";CLOSED;100000;143758.25;0;-143758.25;43758.25
14903;Cajero;"4/9/2026, 3:13:17 p. m.";"4/9/2026, 3:13:17 p. m.";CLOSED;100000;144752.48;0;-144752.48;44752.48
14902;Cajero;"4/9/2026, 3:13:17 p. m.";"4/9/2026, 3:13:17 p. m.";CLOSED;100000;171564.47;0;-171564.47;71564.47
14901;Cajero;"4/9/2026, 3:13:17 p. m.";"4/9/2026, 3:13:17 p. m.";CLOSED;100000;124114.16;0;-124114.16;24114.16
14900;Cajero;"4/9/2026, 3:13:17 p. m.";"4/9/2026, 3:13:17 p. m.";CLOSED;100000;185626.34;0;-185626.34;85626.34
14899;Cajero;"4/9/2026, 3:13:17 p. m.";"4/9/2026, 3:13:17 p. m.";CLOSED;100000;100674.86;0;-100674.86;674.86
14898;Cajero;"4/9/2026, 3:13:17 p. m.";"4/9/2026, 3:13:17 p. m.";CLOSED;100000;170088.61;0;-170088.61;70088.61
14897;Cajero;"4/9/2026, 3:13:17 p. m.";"4/9/2026, 3:13:17 p. m.";CLOSED;100000;101119.01;0;-101119.01;1119.01
14896;Cajero;"4/9/2026, 3:13:17 p. m.";"4/9/2026, 3:13:17 p. m.";CLOSED;100000;132895.52;0;-132895.52;32895.52
14895;Cajero;"4/9/2026, 3:13:17 p. m.";"4/9/2026, 3:13:17 p. m.";CLOSED;100000;126871.02;0;-126871.02;26871.02
14894;Cajero;"4/9/2026, 3:13:17 p. m.";"4/9/2026, 3:13:17 p. m.";CLOSED;100000;106002.75;0;-106002.75;6002.75
14893;Cajero;"4/9/2026, 3:13:17 p. m.";"4/9/2026, 3:13:17 p. m.";CLOSED;100000;133015.66;0;-133015.66;33015.66
14892;Cajero;"4/9/2026, 3:13:17 p. m.";"4/9/2026, 3:13:17 p. m.";CLOSED;100000;175996.22;0;-175996.22;75996.22
14891;Cajero;"4/9/2026, 3:13:17 p. m.";"4/9/2026, 3:13:17 p. m.";CLOSED;100000;127573.06;0;-127573.06;27573.06
14890;Cajero;"4/9/2026, 3:13:17 p. m.";"4/9/2026, 3:13:17 p. m.";CLOSED;100000;128396.17;0;-128396.17;28396.17
14889;Cajero;"4/9/2026, 3:13:17 p. m.";"4/9/2026, 3:13:17 p. m.";CLOSED;100000;120870.9;0;-120870.9;20870.9
14888;Cajero;"4/9/2026, 3:13:17 p. m.";"4/9/2026, 3:13:17 p. m.";CLOSED;100000;111904.98;0;-111904.98;11904.98
14887;Cajero;"4/9/2026, 3:13:17 p. m.";"4/9/2026, 3:13:17 p. m.";CLOSED;100000;150810.97;0;-150810.97;50810.97
14886;Cajero;"4/9/2026, 3:13:17 p. m.";"4/9/2026, 3:13:17 p. m.";CLOSED;100000;143571.63;0;-143571.63;43571.63
14885;Cajero;"4/9/2026, 3:13:17 p. m.";"4/9/2026, 3:13:17 p. m.";CLOSED;100000;101261.9;0;-101261.9;1261.9
14884;Cajero;"4/9/2026, 3:13:17 p. m.";"4/9/2026, 3:13:17 p. m.";CLOSED;100000;191595.64;0;-191595.64;91595.64
14883;Cajero;"4/9/2026, 3:13:17 p. m.";"4/9/2026, 3:13:17 p. m.";CLOSED;100000;195593.35;0;-195593.35;95593.35
14882;Cajero;"4/9/2026, 3:13:17 p. m.";"4/9/2026, 3:13:17 p. m.";CLOSED;100000;198739.9;0;-198739.9;98739.9
14881;Cajero;"4/9/2026, 3:13:17 p. m.";"4/9/2026, 3:13:17 p. m.";CLOSED;100000;126745.24;0;-126745.24;26745.24
14880;Cajero;"4/9/2026, 3:13:17 p. m.";"4/9/2026, 3:13:17 p. m.";CLOSED;100000;122275.04000000001;0;-122275.04000000001;22275.04
14879;Cajero;"4/9/2026, 3:13:17 p. m.";"4/9/2026, 3:13:17 p. m.";CLOSED;100000;147514.06;0;-147514.06;47514.06
14878;Cajero;"4/9/2026, 3:13:17 p. m.";"4/9/2026, 3:13:17 p. m.";CLOSED;100000;101193.69;0;-101193.69;1193.69
14877;Cajero;"4/9/2026, 3:13:17 p. m.";"4/9/2026, 3:13:17 p. m.";CLOSED;100000;195937.52000000002;0;-195937.52000000002;95937.52
14876;Cajero;"4/9/2026, 3:13:17 p. m.";"4/9/2026, 3:13:17 p. m.";CLOSED;100000;174149.15;0;-174149.15;74149.15
14875;Cajero;"4/9/2026, 3:13:17 p. m.";"4/9/2026, 3:13:17 p. m.";CLOSED;100000;147826.66999999998;0;-147826.66999999998;47826.67
14874;Cajero;"4/9/2026, 3:13:17 p. m.";"4/9/2026, 3:13:17 p. m.";CLOSED;100000;128055.88;0;-128055.88;28055.88
14873;Cajero;"4/9/2026, 3:13:17 p. m.";"4/9/2026, 3:13:17 p. m.";CLOSED;100000;102269.44;0;-102269.44;2269.44
14872;Cajero;"4/9/2026, 3:13:17 p. m.";"4/9/2026, 3:13:17 p. m.";CLOSED;100000;120309.81;0;-120309.81;20309.81
14871;Cajero;"4/9/2026, 3:13:17 p. m.";"4/9/2026, 3:13:17 p. m.";CLOSED;100000;124684;0;-124684;24684
14870;Cajero;"4/9/2026, 3:13:17 p. m.";"4/9/2026, 3:13:17 p. m.";CLOSED;100000;117581.43;0;-117581.43;17581.43
14869;Cajero;"4/9/2026, 3:13:17 p. m.";"4/9/2026, 3:13:17 p. m.";CLOSED;100000;148780.64;0;-148780.64;48780.64
14868;Cajero;"4/9/2026, 3:13:17 p. m.";"4/9/2026, 3:13:17 p. m.";CLOSED;100000;142551.47;0;-142551.47;42551.47
14867;Cajero;"4/9/2026, 3:13:17 p. m.";"4/9/2026, 3:13:17 p. m.";CLOSED;100000;192710.65;0;-192710.65;92710.65
14866;Cajero;"4/9/2026, 3:13:17 p. m.";"4/9/2026, 3:13:17 p. m.";CLOSED;100000;120742.53;0;-120742.53;20742.53
14865;Cajero;"4/9/2026, 3:13:17 p. m.";"4/9/2026, 3:13:17 p. m.";CLOSED;100000;101193.69;0;-101193.69;1193.69
14864;Cajero;"4/9/2026, 3:13:17 p. m.";"4/9/2026, 3:13:17 p. m.";CLOSED;100000;124551.41;0;-124551.41;24551.41
14863;Cajero;"4/9/2026, 3:13:17 p. m.";"4/9/2026, 3:13:17 p. m.";CLOSED;100000;106579.65;0;-106579.65;6579.65
14862;Cajero;"4/9/2026, 3:13:17 p. m.";"4/9/2026, 3:13:17 p. m.";CLOSED;100000;121915.4;0;-121915.4;21915.4
14861;Cajero;"4/9/2026, 3:13:17 p. m.";"4/9/2026, 3:13:17 p. m.";CLOSED;100000;107241.99;0;-107241.99;7241.99
14860;Cajero;"4/9/2026, 3:13:17 p. m.";"4/9/2026, 3:13:17 p. m.";CLOSED;100000;125969.3;0;-125969.3;25969.3
14859;Cajero;"4/9/2026, 3:13:17 p. m.";"4/9/2026, 3:13:17 p. m.";CLOSED;100000;167753;0;-167753;67753
14858;Cajero;"4/9/2026, 3:13:17 p. m.";"4/9/2026, 3:13:17 p. m.";CLOSED;100000;143890.63;0;-143890.63;43890.63
14857;Cajero;"4/9/2026, 3:13:16 p. m.";"4/9/2026, 3:13:16 p. m.";CLOSED;100000;147078.76;0;-147078.76;47078.76
14856;Cajero;"4/9/2026, 3:13:16 p. m.";"4/9/2026, 3:13:16 p. m.";CLOSED;100000;138839.03;0;-138839.03;38839.03
14855;Cajero;"4/9/2026, 3:13:16 p. m.";"4/9/2026, 3:13:16 p. m.";CLOSED;100000;170445.28;0;-170445.28;70445.28
14854;Cajero;"4/9/2026, 3:13:16 p. m.";"4/9/2026, 3:13:16 p. m.";CLOSED;100000;119278.79000000001;0;-119278.79000000001;19278.79
14853;Cajero;"4/9/2026, 3:13:16 p. m.";"4/9/2026, 3:13:16 p. m.";CLOSED;100000;118601.8;0;-118601.8;18601.8
14852;Cajero;"4/9/2026, 3:13:16 p. m.";"4/9/2026, 3:13:16 p. m.";CLOSED;100000;151966.78;0;-151966.78;51966.78
14851;Cajero;"4/9/2026, 3:13:16 p. m.";"4/9/2026, 3:13:16 p. m.";CLOSED;100000;128098.89;0;-128098.89;28098.89
14850;Cajero;"4/9/2026, 3:13:16 p. m.";"4/9/2026, 3:13:16 p. m.";CLOSED;100000;107241.18;0;-107241.18;7241.18
14849;Cajero;"4/9/2026, 3:13:16 p. m.";"4/9/2026, 3:13:16 p. m.";CLOSED;100000;140246.68;0;-140246.68;40246.68
14848;Cajero;"4/9/2026, 3:13:16 p. m.";"4/9/2026, 3:13:16 p. m.";CLOSED;100000;131734.27;0;-131734.27;31734.27
14847;Cajero;"4/9/2026, 3:13:16 p. m.";"4/9/2026, 3:13:16 p. m.";CLOSED;100000;139849.57;0;-139849.57;39849.57
14846;Cajero;"4/9/2026, 3:13:16 p. m.";"4/9/2026, 3:13:16 p. m.";CLOSED;100000;107663.69;0;-107663.69;7663.69
14845;Cajero;"4/9/2026, 3:13:16 p. m.";"4/9/2026, 3:13:16 p. m.";CLOSED;100000;176470.11;0;-176470.11;76470.11
14844;Cajero;"4/9/2026, 3:13:16 p. m.";"4/9/2026, 3:13:16 p. m.";CLOSED;100000;112901.47;0;-112901.47;12901.47
14843;Cajero;"4/9/2026, 3:13:16 p. m.";"4/9/2026, 3:13:16 p. m.";CLOSED;100000;126495.03;0;-126495.03;26495.03
14842;Cajero;"4/9/2026, 3:13:16 p. m.";"4/9/2026, 3:13:16 p. m.";CLOSED;100000;152544.97;0;-152544.97;52544.97
14841;Cajero;"4/9/2026, 3:13:16 p. m.";"4/9/2026, 3:13:16 p. m.";CLOSED;100000;116956.57;0;-116956.57;16956.57
14840;Cajero;"4/9/2026, 3:13:16 p. m.";"4/9/2026, 3:13:16 p. m.";CLOSED;100000;138075.77;0;-138075.77;38075.77
14839;Cajero;"4/9/2026, 3:13:16 p. m.";"4/9/2026, 3:13:16 p. m.";CLOSED;100000;143178.81;0;-143178.81;43178.81
14838;Cajero;"4/9/2026, 3:13:16 p. m.";"4/9/2026, 3:13:16 p. m.";CLOSED;100000;166892.39;0;-166892.39;66892.39
14837;Cajero;"4/9/2026, 3:13:16 p. m.";"4/9/2026, 3:13:16 p. m.";CLOSED;100000;107635.7;0;-107635.7;7635.7
14836;Cajero;"4/9/2026, 3:13:16 p. m.";"4/9/2026, 3:13:16 p. m.";CLOSED;100000;116292.35;0;-116292.35;16292.35
14835;Cajero;"4/9/2026, 3:13:16 p. m.";"4/9/2026, 3:13:16 p. m.";CLOSED;100000;150641.9;0;-150641.9;50641.9
14834;Cajero;"4/9/2026, 3:13:16 p. m.";"4/9/2026, 3:13:16 p. m.";CLOSED;100000;128383.32;0;-128383.32;28383.32
14833;Cajero;"4/9/2026, 3:13:16 p. m.";"4/9/2026, 3:13:16 p. m.";CLOSED;100000;137654.54;0;-137654.54;37654.54
14832;Cajero;"4/9/2026, 3:13:16 p. m.";"4/9/2026, 3:13:16 p. m.";CLOSED;100000;104125.32;0;-104125.32;4125.32
14831;Cajero;"4/9/2026, 3:13:16 p. m.";"4/9/2026, 3:13:16 p. m.";CLOSED;100000;141179.28;0;-141179.28;41179.28
14830;Cajero;"4/9/2026, 3:13:16 p. m.";"4/9/2026, 3:13:16 p. m.";CLOSED;100000;163734.31;0;-163734.31;63734.31
14829;Cajero;"4/9/2026, 3:13:16 p. m.";"4/9/2026, 3:13:16 p. m.";CLOSED;100000;192800.97;0;-192800.97;92800.97
14828;Cajero;"4/9/2026, 3:13:16 p. m.";"4/9/2026, 3:13:16 p. m.";CLOSED;100000;111751.86;0;-111751.86;11751.86
14827;Cajero;"4/9/2026, 3:13:16 p. m.";"4/9/2026, 3:13:16 p. m.";CLOSED;100000;111741.49;0;-111741.49;11741.49
14826;Cajero;"4/9/2026, 3:13:16 p. m.";"4/9/2026, 3:13:16 p. m.";CLOSED;100000;132524.99;0;-132524.99;32524.99
14825;Cajero;"4/9/2026, 3:13:16 p. m.";"4/9/2026, 3:13:16 p. m.";CLOSED;100000;185978.66999999998;0;-185978.66999999998;85978.67
14824;Cajero;"4/9/2026, 3:13:16 p. m.";"4/9/2026, 3:13:16 p. m.";CLOSED;100000;120656.28;0;-120656.28;20656.28
14823;Cajero;"4/9/2026, 3:13:16 p. m.";"4/9/2026, 3:13:16 p. m.";CLOSED;100000;125338.15;0;-125338.15;25338.15
14822;Cajero;"4/9/2026, 3:13:16 p. m.";"4/9/2026, 3:13:16 p. m.";CLOSED;100000;123761.66;0;-123761.66;23761.66
14821;Cajero;"4/9/2026, 3:13:16 p. m.";"4/9/2026, 3:13:16 p. m.";CLOSED;100000;122034.11;0;-122034.11;22034.11
14820;Cajero;"4/9/2026, 3:13:16 p. m.";"4/9/2026, 3:13:16 p. m.";CLOSED;100000;112307.70999999999;0;-112307.70999999999;12307.71
14819;Cajero;"4/9/2026, 3:13:16 p. m.";"4/9/2026, 3:13:16 p. m.";CLOSED;100000;115311.68;0;-115311.68;15311.68
14818;Cajero;"4/9/2026, 3:13:16 p. m.";"4/9/2026, 3:13:16 p. m.";CLOSED;100000;149689.45;0;-149689.45;49689.45
14817;Cajero;"4/9/2026, 3:13:16 p. m.";"4/9/2026, 3:13:16 p. m.";CLOSED;100000;102483.64;0;-102483.64;2483.64
14816;Cajero;"4/9/2026, 3:13:16 p. m.";"4/9/2026, 3:13:16 p. m.";CLOSED;100000;121619.86;0;-121619.86;21619.86
14815;Cajero;"4/9/2026, 3:13:16 p. m.";"4/9/2026, 3:13:16 p. m.";CLOSED;100000;133302.96;0;-133302.96;33302.96
14814;Cajero;"4/9/2026, 3:13:16 p. m.";"4/9/2026, 3:13:16 p. m.";CLOSED;100000;116935.20999999999;0;-116935.20999999999;16935.21
14813;Cajero;"4/9/2026, 3:13:16 p. m.";"4/9/2026, 3:13:16 p. m.";CLOSED;100000;136401.34;0;-136401.34;36401.34
14812;Cajero;"4/9/2026, 3:13:16 p. m.";"4/9/2026, 3:13:16 p. m.";CLOSED;100000;145002.19;0;-145002.19;45002.19
14811;Cajero;"4/9/2026, 3:13:16 p. m.";"4/9/2026, 3:13:16 p. m.";CLOSED;100000;138632.32;0;-138632.32;38632.32
14810;Cajero;"4/9/2026, 3:13:16 p. m.";"4/9/2026, 3:13:16 p. m.";CLOSED;100000;153992.43;0;-153992.43;53992.43
14809;Cajero;"4/9/2026, 3:13:16 p. m.";"4/9/2026, 3:13:16 p. m.";CLOSED;100000;148377.68;0;-148377.68;48377.68
14808;Cajero;"4/9/2026, 3:13:16 p. m.";"4/9/2026, 3:13:16 p. m.";CLOSED;100000;191137;0;-191137;91137
14807;Cajero;"4/9/2026, 3:13:16 p. m.";"4/9/2026, 3:13:16 p. m.";CLOSED;100000;143142.84;0;-143142.84;43142.84
14806;Cajero;"4/9/2026, 3:13:16 p. m.";"4/9/2026, 3:13:16 p. m.";CLOSED;100000;137697.83000000002;0;-137697.83000000002;37697.83
14805;Cajero;"4/9/2026, 3:13:16 p. m.";"4/9/2026, 3:13:16 p. m.";CLOSED;100000;195118.14;0;-195118.14;95118.14
14804;Cajero;"4/9/2026, 3:13:16 p. m.";"4/9/2026, 3:13:16 p. m.";CLOSED;100000;148574.86;0;-148574.86;48574.86
14803;Cajero;"4/9/2026, 3:13:16 p. m.";"4/9/2026, 3:13:16 p. m.";CLOSED;100000;185543.51;0;-185543.51;85543.51
14802;Cajero;"4/9/2026, 3:13:16 p. m.";"4/9/2026, 3:13:16 p. m.";CLOSED;100000;164637.3;0;-164637.3;64637.3
14801;Cajero;"4/9/2026, 3:13:16 p. m.";"4/9/2026, 3:13:16 p. m.";CLOSED;100000;140830.18;0;-140830.18;40830.18
14800;Cajero;"4/9/2026, 3:13:16 p. m.";"4/9/2026, 3:13:16 p. m.";CLOSED;100000;197871.15;0;-197871.15;97871.15
14799;Cajero;"4/9/2026, 3:13:16 p. m.";"4/9/2026, 3:13:16 p. m.";CLOSED;100000;121577.5;0;-121577.5;21577.5
14798;Cajero;"4/9/2026, 3:13:16 p. m.";"4/9/2026, 3:13:16 p. m.";CLOSED;100000;145476.66999999998;0;-145476.66999999998;45476.67
14797;Cajero;"4/9/2026, 3:13:16 p. m.";"4/9/2026, 3:13:16 p. m.";CLOSED;100000;179949.37;0;-179949.37;79949.37
14796;Cajero;"4/9/2026, 3:13:16 p. m.";"4/9/2026, 3:13:16 p. m.";CLOSED;100000;148694.09;0;-148694.09;48694.09
14795;Cajero;"4/9/2026, 3:13:16 p. m.";"4/9/2026, 3:13:16 p. m.";CLOSED;100000;134446.76;0;-134446.76;34446.76
14794;Cajero;"4/9/2026, 3:13:16 p. m.";"4/9/2026, 3:13:16 p. m.";CLOSED;100000;133235.1;0;-133235.1;33235.1
14793;Cajero;"4/9/2026, 3:13:16 p. m.";"4/9/2026, 3:13:16 p. m.";CLOSED;100000;136106.33000000002;0;-136106.33000000002;36106.33
14792;Cajero;"4/9/2026, 3:13:16 p. m.";"4/9/2026, 3:13:16 p. m.";CLOSED;100000;133452.13;0;-133452.13;33452.13
14791;Cajero;"4/9/2026, 3:13:16 p. m.";"4/9/2026, 3:13:16 p. m.";CLOSED;100000;190769.61;0;-190769.61;90769.61
14790;Cajero;"4/9/2026, 3:13:16 p. m.";"4/9/2026, 3:13:16 p. m.";CLOSED;100000;102651.37;0;-102651.37;2651.37
14789;Cajero;"4/9/2026, 3:13:16 p. m.";"4/9/2026, 3:13:16 p. m.";CLOSED;100000;125463.81;0;-125463.81;25463.81
14788;Cajero;"4/9/2026, 3:13:16 p. m.";"4/9/2026, 3:13:16 p. m.";CLOSED;100000;111159.37;0;-111159.37;11159.37
14787;Cajero;"4/9/2026, 3:13:16 p. m.";"4/9/2026, 3:13:16 p. m.";CLOSED;100000;175218.14;0;-175218.14;75218.14
14786;Cajero;"4/9/2026, 3:13:16 p. m.";"4/9/2026, 3:13:16 p. m.";CLOSED;100000;142834.78;0;-142834.78;42834.78
14785;Cajero;"4/9/2026, 3:13:16 p. m.";"4/9/2026, 3:13:16 p. m.";CLOSED;100000;119311.35;0;-119311.35;19311.35
14784;Cajero;"4/9/2026, 3:13:16 p. m.";"4/9/2026, 3:13:16 p. m.";CLOSED;100000;128347.57;0;-128347.57;28347.57
14783;Cajero;"4/9/2026, 3:13:16 p. m.";"4/9/2026, 3:13:16 p. m.";CLOSED;100000;134064.48;0;-134064.48;34064.48
14782;Cajero;"4/9/2026, 3:13:16 p. m.";"4/9/2026, 3:13:16 p. m.";CLOSED;100000;157364;0;-157364;57364
14781;Cajero;"4/9/2026, 3:13:16 p. m.";"4/9/2026, 3:13:16 p. m.";CLOSED;100000;112532.54000000001;0;-112532.54000000001;12532.54
14780;Cajero;"4/9/2026, 3:13:16 p. m.";"4/9/2026, 3:13:16 p. m.";CLOSED;100000;121305.45999999999;0;-121305.45999999999;21305.46
14779;Cajero;"4/9/2026, 3:13:16 p. m.";"4/9/2026, 3:13:16 p. m.";CLOSED;100000;169592.3;0;-169592.3;69592.3
14778;Cajero;"4/9/2026, 3:13:16 p. m.";"4/9/2026, 3:13:16 p. m.";CLOSED;100000;100709.92;0;-100709.92;709.92
14777;Cajero;"4/9/2026, 3:13:16 p. m.";"4/9/2026, 3:13:16 p. m.";CLOSED;100000;148694.09;0;-148694.09;48694.09
14776;Cajero;"4/9/2026, 3:13:15 p. m.";"4/9/2026, 3:13:16 p. m.";CLOSED;100000;106964.51;0;-106964.51;6964.51
14775;Cajero;"4/9/2026, 3:13:15 p. m.";"4/9/2026, 3:13:15 p. m.";CLOSED;100000;132524.99;0;-132524.99;32524.99
14774;Cajero;"4/9/2026, 3:13:15 p. m.";"4/9/2026, 3:13:15 p. m.";CLOSED;100000;196266.99;0;-196266.99;96266.99
14773;Cajero;"4/9/2026, 3:13:15 p. m.";"4/9/2026, 3:13:15 p. m.";CLOSED;100000;151893.24;0;-151893.24;51893.24
14772;Cajero;"4/9/2026, 3:13:15 p. m.";"4/9/2026, 3:13:15 p. m.";CLOSED;100000;162672.54;0;-162672.54;62672.54
14771;Cajero;"4/9/2026, 3:13:15 p. m.";"4/9/2026, 3:13:15 p. m.";CLOSED;100000;118854;0;-118854;18854
14770;Cajero;"4/9/2026, 3:13:15 p. m.";"4/9/2026, 3:13:15 p. m.";CLOSED;100000;109574.56;0;-109574.56;9574.56
14769;Cajero;"4/9/2026, 3:13:15 p. m.";"4/9/2026, 3:13:15 p. m.";CLOSED;100000;138627.23;0;-138627.23;38627.23
14768;Cajero;"4/9/2026, 3:13:15 p. m.";"4/9/2026, 3:13:15 p. m.";CLOSED;100000;107171.65;0;-107171.65;7171.65
14767;Cajero;"4/9/2026, 3:13:15 p. m.";"4/9/2026, 3:13:15 p. m.";CLOSED;100000;104722.83;0;-104722.83;4722.83
14766;Cajero;"4/9/2026, 3:13:15 p. m.";"4/9/2026, 3:13:15 p. m.";CLOSED;100000;124890.79000000001;0;-124890.79000000001;24890.79
14765;Cajero;"4/9/2026, 3:13:15 p. m.";"4/9/2026, 3:13:15 p. m.";CLOSED;100000;120088.2;0;-120088.2;20088.2
14764;Cajero;"4/9/2026, 3:13:15 p. m.";"4/9/2026, 3:13:15 p. m.";CLOSED;100000;137739.64;0;-137739.64;37739.64
14763;Cajero;"4/9/2026, 3:13:15 p. m.";"4/9/2026, 3:13:15 p. m.";CLOSED;100000;132654.22;0;-132654.22;32654.22
14762;Cajero;"4/9/2026, 3:13:15 p. m.";"4/9/2026, 3:13:15 p. m.";CLOSED;100000;155749.58000000002;0;-155749.58000000002;55749.58
14761;Cajero;"4/9/2026, 3:13:15 p. m.";"4/9/2026, 3:13:15 p. m.";CLOSED;100000;111086.31;0;-111086.31;11086.31
14760;Cajero;"4/9/2026, 3:13:15 p. m.";"4/9/2026, 3:13:15 p. m.";CLOSED;100000;106972.44;0;-106972.44;6972.44
14759;Cajero;"4/9/2026, 3:13:15 p. m.";"4/9/2026, 3:13:15 p. m.";CLOSED;100000;124535.51;0;-124535.51;24535.51
14758;Cajero;"4/9/2026, 3:13:15 p. m.";"4/9/2026, 3:13:15 p. m.";CLOSED;100000;120644.81;0;-120644.81;20644.81
14757;Cajero;"4/9/2026, 3:13:15 p. m.";"4/9/2026, 3:13:15 p. m.";CLOSED;100000;110790.61;0;-110790.61;10790.61
14756;Cajero;"4/9/2026, 3:13:15 p. m.";"4/9/2026, 3:13:15 p. m.";CLOSED;100000;123107.11;0;-123107.11;23107.11
14755;Cajero;"4/9/2026, 3:13:15 p. m.";"4/9/2026, 3:13:15 p. m.";CLOSED;100000;109206.32;0;-109206.32;9206.32
14754;Cajero;"4/9/2026, 3:13:15 p. m.";"4/9/2026, 3:13:15 p. m.";CLOSED;100000;103372.47;0;-103372.47;3372.47
14753;Cajero;"4/9/2026, 3:13:15 p. m.";"4/9/2026, 3:13:15 p. m.";CLOSED;100000;105849.37;0;-105849.37;5849.37
14752;Cajero;"4/9/2026, 3:13:15 p. m.";"4/9/2026, 3:13:15 p. m.";CLOSED;100000;103849.03;0;-103849.03;3849.03
14751;Cajero;"4/9/2026, 3:13:15 p. m.";"4/9/2026, 3:13:15 p. m.";CLOSED;100000;175098.62;0;-175098.62;75098.62
14750;Cajero;"4/9/2026, 3:13:15 p. m.";"4/9/2026, 3:13:15 p. m.";CLOSED;100000;124774.79000000001;0;-124774.79000000001;24774.79
14749;Cajero;"4/9/2026, 3:13:15 p. m.";"4/9/2026, 3:13:15 p. m.";CLOSED;100000;111636.41;0;-111636.41;11636.41
14748;Cajero;"4/9/2026, 3:13:15 p. m.";"4/9/2026, 3:13:15 p. m.";CLOSED;100000;192203.66;0;-192203.66;92203.66
14747;Cajero;"4/9/2026, 3:13:15 p. m.";"4/9/2026, 3:13:15 p. m.";CLOSED;100000;196549.56;0;-196549.56;96549.56
14746;Cajero;"4/9/2026, 3:13:15 p. m.";"4/9/2026, 3:13:15 p. m.";CLOSED;100000;185802.28;0;-185802.28;85802.28
14745;Cajero;"4/9/2026, 3:13:15 p. m.";"4/9/2026, 3:13:15 p. m.";CLOSED;100000;128085.26;0;-128085.26;28085.26
14744;Cajero;"4/9/2026, 3:13:15 p. m.";"4/9/2026, 3:13:15 p. m.";CLOSED;100000;110458.89;0;-110458.89;10458.89
14743;Cajero;"4/9/2026, 3:13:15 p. m.";"4/9/2026, 3:13:15 p. m.";CLOSED;100000;102760.74;0;-102760.74;2760.74
14742;Cajero;"4/9/2026, 3:13:15 p. m.";"4/9/2026, 3:13:15 p. m.";CLOSED;100000;140570.54;0;-140570.54;40570.54
14741;Cajero;"4/9/2026, 3:13:15 p. m.";"4/9/2026, 3:13:15 p. m.";CLOSED;100000;153465.97;0;-153465.97;53465.97
14740;Cajero;"4/9/2026, 3:13:15 p. m.";"4/9/2026, 3:13:15 p. m.";CLOSED;100000;130703.63;0;-130703.63;30703.63
14739;Cajero;"4/9/2026, 3:13:15 p. m.";"4/9/2026, 3:13:15 p. m.";CLOSED;100000;135376.98;0;-135376.98;35376.98
14738;Cajero;"4/9/2026, 3:13:15 p. m.";"4/9/2026, 3:13:15 p. m.";CLOSED;100000;136867.65;0;-136867.65;36867.65
14737;Cajero;"4/9/2026, 3:13:15 p. m.";"4/9/2026, 3:13:15 p. m.";CLOSED;100000;121213.93;0;-121213.93;21213.93
14736;Cajero;"4/9/2026, 3:13:15 p. m.";"4/9/2026, 3:13:15 p. m.";CLOSED;100000;109768.26;0;-109768.26;9768.26
14735;Cajero;"4/9/2026, 3:13:15 p. m.";"4/9/2026, 3:13:15 p. m.";CLOSED;100000;144626.93;0;-144626.93;44626.93
14734;Cajero;"4/9/2026, 3:13:15 p. m.";"4/9/2026, 3:13:15 p. m.";CLOSED;100000;132961.46;0;-132961.46;32961.46
14733;Cajero;"4/9/2026, 3:13:15 p. m.";"4/9/2026, 3:13:15 p. m.";CLOSED;100000;149183.74;0;-149183.74;49183.74
14732;Cajero;"4/9/2026, 3:13:15 p. m.";"4/9/2026, 3:13:15 p. m.";CLOSED;100000;125890.86;0;-125890.86;25890.86
14731;Cajero;"4/9/2026, 3:13:15 p. m.";"4/9/2026, 3:13:15 p. m.";CLOSED;100000;103549.78;0;-103549.78;3549.78
14730;Cajero;"4/9/2026, 3:13:15 p. m.";"4/9/2026, 3:13:15 p. m.";CLOSED;100000;158829.81;0;-158829.81;58829.81
14729;Cajero;"4/9/2026, 3:13:15 p. m.";"4/9/2026, 3:13:15 p. m.";CLOSED;100000;129493.65;0;-129493.65;29493.65
14728;Cajero;"4/9/2026, 3:13:15 p. m.";"4/9/2026, 3:13:15 p. m.";CLOSED;100000;146741.57;0;-146741.57;46741.57
14727;Cajero;"4/9/2026, 3:13:15 p. m.";"4/9/2026, 3:13:15 p. m.";CLOSED;100000;143344.57;0;-143344.57;43344.57
14726;Cajero;"4/9/2026, 3:13:15 p. m.";"4/9/2026, 3:13:15 p. m.";CLOSED;100000;119635.89;0;-119635.89;19635.89
14725;Cajero;"4/9/2026, 3:13:15 p. m.";"4/9/2026, 3:13:15 p. m.";CLOSED;100000;141947.04;0;-141947.04;41947.04
14724;Cajero;"4/9/2026, 3:13:15 p. m.";"4/9/2026, 3:13:15 p. m.";CLOSED;100000;177761.12;0;-177761.12;77761.12
14723;Cajero;"4/9/2026, 3:13:15 p. m.";"4/9/2026, 3:13:15 p. m.";CLOSED;100000;145046.69;0;-145046.69;45046.69
14722;Cajero;"4/9/2026, 3:13:15 p. m.";"4/9/2026, 3:13:15 p. m.";CLOSED;100000;158235.13;0;-158235.13;58235.13
14721;Cajero;"4/9/2026, 3:13:15 p. m.";"4/9/2026, 3:13:15 p. m.";CLOSED;100000;167514.94;0;-167514.94;67514.94
14720;Cajero;"4/9/2026, 3:13:15 p. m.";"4/9/2026, 3:13:15 p. m.";CLOSED;100000;131290.63;0;-131290.63;31290.63
14719;Cajero;"4/9/2026, 3:13:15 p. m.";"4/9/2026, 3:13:15 p. m.";CLOSED;100000;145821.78;0;-145821.78;45821.78
14718;Cajero;"4/9/2026, 3:13:15 p. m.";"4/9/2026, 3:13:15 p. m.";CLOSED;100000;111860;0;-111860;11860
14717;Cajero;"4/9/2026, 3:13:15 p. m.";"4/9/2026, 3:13:15 p. m.";CLOSED;100000;136787.37;0;-136787.37;36787.37
14716;Cajero;"4/9/2026, 3:13:15 p. m.";"4/9/2026, 3:13:15 p. m.";CLOSED;100000;131704.6;0;-131704.6;31704.6
14715;Cajero;"4/9/2026, 3:13:15 p. m.";"4/9/2026, 3:13:15 p. m.";CLOSED;100000;145315.24;0;-145315.24;45315.24
14714;Cajero;"4/9/2026, 3:13:15 p. m.";"4/9/2026, 3:13:15 p. m.";CLOSED;100000;168480.74;0;-168480.74;68480.74
14713;Cajero;"4/9/2026, 3:13:15 p. m.";"4/9/2026, 3:13:15 p. m.";CLOSED;100000;103760.78;0;-103760.78;3760.78
14712;Cajero;"4/9/2026, 3:13:15 p. m.";"4/9/2026, 3:13:15 p. m.";CLOSED;100000;134980.2;0;-134980.2;34980.2
14711;Cajero;"4/9/2026, 3:13:15 p. m.";"4/9/2026, 3:13:15 p. m.";CLOSED;100000;199471.36;0;-199471.36;99471.36
14710;Cajero;"4/9/2026, 3:13:15 p. m.";"4/9/2026, 3:13:15 p. m.";CLOSED;100000;173284.22999999998;0;-173284.22999999998;73284.23
14709;Cajero;"4/9/2026, 3:13:15 p. m.";"4/9/2026, 3:13:15 p. m.";CLOSED;100000;133481.86;0;-133481.86;33481.86
14708;Cajero;"4/9/2026, 3:13:15 p. m.";"4/9/2026, 3:13:15 p. m.";CLOSED;100000;119078.86;0;-119078.86;19078.86
14707;Cajero;"4/9/2026, 3:13:15 p. m.";"4/9/2026, 3:13:15 p. m.";CLOSED;100000;149964.61;0;-149964.61;49964.61
14706;Cajero;"4/9/2026, 3:13:15 p. m.";"4/9/2026, 3:13:15 p. m.";CLOSED;100000;127713.85;0;-127713.85;27713.85
14705;Cajero;"4/9/2026, 3:13:15 p. m.";"4/9/2026, 3:13:15 p. m.";CLOSED;100000;131814.56;0;-131814.56;31814.56
14704;Cajero;"4/9/2026, 3:13:15 p. m.";"4/9/2026, 3:13:15 p. m.";CLOSED;100000;125156.69;0;-125156.69;25156.69
14703;Cajero;"4/9/2026, 3:13:15 p. m.";"4/9/2026, 3:13:15 p. m.";CLOSED;100000;118077.19;0;-118077.19;18077.19
14702;Cajero;"4/9/2026, 3:13:15 p. m.";"4/9/2026, 3:13:15 p. m.";CLOSED;100000;105740.67;0;-105740.67;5740.67
14701;Cajero;"4/9/2026, 3:13:15 p. m.";"4/9/2026, 3:13:15 p. m.";CLOSED;100000;108567.32;0;-108567.32;8567.32
14700;Cajero;"4/9/2026, 3:11:58 p. m.";"4/9/2026, 3:11:58 p. m.";CLOSED;200000;200000;0;-200000;33782.2
14699;Cajero;"4/9/2026, 3:11:58 p. m.";"4/9/2026, 3:11:58 p. m.";CLOSED;200000;200000;0;-200000;40029.23
14698;Cajero;"4/9/2026, 3:11:58 p. m.";"4/9/2026, 3:11:58 p. m.";CLOSED;200000;200000;0;-200000;35433.43
14697;Cajero;"4/9/2026, 3:11:58 p. m.";"4/9/2026, 3:11:58 p. m.";CLOSED;200000;200000;0;-200000;31526.87
14696;Cajero;"4/9/2026, 3:11:58 p. m.";"4/9/2026, 3:11:58 p. m.";CLOSED;200000;200000;0;-200000;71187.83
14695;Cajero;"4/9/2026, 3:11:58 p. m.";"4/9/2026, 3:11:58 p. m.";CLOSED;200000;200000;0;-200000;22022.05
14694;Cajero;"4/9/2026, 3:11:58 p. m.";"4/9/2026, 3:11:58 p. m.";CLOSED;200000;200000;0;-200000;66892.39
14693;Cajero;"4/9/2026, 3:11:58 p. m.";"4/9/2026, 3:11:58 p. m.";CLOSED;200000;200000;0;-200000;46068.38
14692;Cajero;"4/9/2026, 3:11:58 p. m.";"4/9/2026, 3:11:58 p. m.";CLOSED;200000;200000;0;-200000;39929.54
14691;Cajero;"4/9/2026, 3:11:58 p. m.";"4/9/2026, 3:11:58 p. m.";CLOSED;200000;200000;0;-200000;38144.08
14690;Cajero;"4/9/2026, 3:11:58 p. m.";"4/9/2026, 3:11:58 p. m.";CLOSED;200000;200000;0;-200000;30533.47
14689;Cajero;"4/9/2026, 3:11:58 p. m.";"4/9/2026, 3:11:58 p. m.";CLOSED;200000;200000;0;-200000;43467.99
14688;Cajero;"4/9/2026, 3:11:58 p. m.";"4/9/2026, 3:11:58 p. m.";CLOSED;200000;200000;0;-200000;98310.16
14687;Cajero;"4/9/2026, 3:11:57 p. m.";"4/9/2026, 3:11:58 p. m.";CLOSED;200000;200000;0;-200000;16622.84
14686;Cajero;"4/9/2026, 3:11:57 p. m.";"4/9/2026, 3:11:57 p. m.";CLOSED;200000;200000;0;-200000;30466.07
14685;Cajero;"4/9/2026, 3:11:57 p. m.";"4/9/2026, 3:11:57 p. m.";CLOSED;200000;200000;0;-200000;40661.35
14684;Cajero;"4/9/2026, 3:11:57 p. m.";"4/9/2026, 3:11:57 p. m.";CLOSED;200000;200000;0;-200000;35422.16
14683;Cajero;"4/9/2026, 3:11:57 p. m.";"4/9/2026, 3:11:57 p. m.";CLOSED;200000;200000;0;-200000;27985.49
14682;Cajero;"4/9/2026, 3:11:57 p. m.";"4/9/2026, 3:11:57 p. m.";CLOSED;200000;200000;0;-200000;27588.5
14681;Cajero;"4/9/2026, 3:11:57 p. m.";"4/9/2026, 3:11:57 p. m.";CLOSED;200000;200000;0;-200000;80415.33
14680;Cajero;"4/9/2026, 3:11:57 p. m.";"4/9/2026, 3:11:57 p. m.";CLOSED;200000;200000;0;-200000;8679.75
14679;Cajero;"4/9/2026, 3:11:57 p. m.";"4/9/2026, 3:11:57 p. m.";CLOSED;200000;200000;0;-200000;20884.51
14678;Cajero;"4/9/2026, 3:11:57 p. m.";"4/9/2026, 3:11:57 p. m.";CLOSED;200000;200000;0;-200000;8778.8
14677;Cajero;"4/9/2026, 3:11:57 p. m.";"4/9/2026, 3:11:57 p. m.";CLOSED;200000;200000;0;-200000;90221.97
14676;Cajero;"4/9/2026, 3:11:57 p. m.";"4/9/2026, 3:11:57 p. m.";CLOSED;200000;200000;0;-200000;20928.71
14675;Cajero;"4/9/2026, 3:11:57 p. m.";"4/9/2026, 3:11:57 p. m.";CLOSED;200000;200000;0;-200000;16153.87
14674;Cajero;"4/9/2026, 3:11:57 p. m.";"4/9/2026, 3:11:57 p. m.";CLOSED;200000;200000;0;-200000;27985.49
14673;Cajero;"4/9/2026, 3:11:57 p. m.";"4/9/2026, 3:11:57 p. m.";CLOSED;200000;200000;0;-200000;24380.56
14672;Cajero;"4/9/2026, 3:11:57 p. m.";"4/9/2026, 3:11:57 p. m.";CLOSED;200000;200000;0;-200000;56466.94
14671;Cajero;"4/9/2026, 3:11:57 p. m.";"4/9/2026, 3:11:57 p. m.";CLOSED;200000;200000;0;-200000;14096.67
14670;Cajero;"4/9/2026, 3:11:57 p. m.";"4/9/2026, 3:11:57 p. m.";CLOSED;200000;200000;0;-200000;65700.06
14669;Cajero;"4/9/2026, 3:11:57 p. m.";"4/9/2026, 3:11:57 p. m.";CLOSED;200000;200000;0;-200000;90222.24
14668;Cajero;"4/9/2026, 3:11:57 p. m.";"4/9/2026, 3:11:57 p. m.";CLOSED;200000;200000;0;-200000;20091.44
14667;Cajero;"4/9/2026, 3:11:56 p. m.";"4/9/2026, 3:11:57 p. m.";CLOSED;200000;200000;0;-200000;90769.61
14666;Cajero;"4/9/2026, 3:11:56 p. m.";"4/9/2026, 3:11:56 p. m.";CLOSED;200000;200000;0;-200000;7477.6
14665;Cajero;"4/9/2026, 3:11:56 p. m.";"4/9/2026, 3:11:56 p. m.";CLOSED;200000;200000;0;-200000;44155.95
14664;Cajero;"4/9/2026, 3:11:56 p. m.";"4/9/2026, 3:11:56 p. m.";CLOSED;200000;200000;0;-200000;805.73
14663;Cajero;"4/9/2026, 3:11:56 p. m.";"4/9/2026, 3:11:56 p. m.";CLOSED;200000;200000;0;-200000;53584.58
14662;Cajero;"4/9/2026, 3:11:56 p. m.";"4/9/2026, 3:11:56 p. m.";CLOSED;200000;200000;0;-200000;2255.87
14661;Cajero;"4/9/2026, 3:11:56 p. m.";"4/9/2026, 3:11:56 p. m.";CLOSED;200000;200000;0;-200000;32712.46
14660;Cajero;"4/9/2026, 3:11:56 p. m.";"4/9/2026, 3:11:56 p. m.";CLOSED;200000;200000;0;-200000;40750.53
14659;Cajero;"4/9/2026, 3:11:56 p. m.";"4/9/2026, 3:11:56 p. m.";CLOSED;200000;200000;0;-200000;31088.03
14658;Cajero;"4/9/2026, 3:11:56 p. m.";"4/9/2026, 3:11:56 p. m.";CLOSED;200000;200000;0;-200000;42002.64
14657;Cajero;"4/9/2026, 3:11:56 p. m.";"4/9/2026, 3:11:56 p. m.";CLOSED;200000;200000;0;-200000;36801.07
14656;Cajero;"4/9/2026, 3:11:56 p. m.";"4/9/2026, 3:11:56 p. m.";CLOSED;200000;200000;0;-200000;32769.88
14655;Cajero;"4/9/2026, 3:11:56 p. m.";"4/9/2026, 3:11:56 p. m.";CLOSED;200000;200000;0;-200000;12176.79
14654;Cajero;"4/9/2026, 3:11:56 p. m.";"4/9/2026, 3:11:56 p. m.";CLOSED;200000;200000;0;-200000;82376.01
14653;Cajero;"4/9/2026, 3:11:56 p. m.";"4/9/2026, 3:11:56 p. m.";CLOSED;200000;200000;0;-200000;93704.03
14652;Cajero;"4/9/2026, 3:11:56 p. m.";"4/9/2026, 3:11:56 p. m.";CLOSED;200000;200000;0;-200000;48693.67
14651;Cajero;"4/9/2026, 3:11:56 p. m.";"4/9/2026, 3:11:56 p. m.";CLOSED;200000;200000;0;-200000;33304.52
14650;Cajero;"4/9/2026, 3:11:56 p. m.";"4/9/2026, 3:11:56 p. m.";CLOSED;200000;200000;0;-200000;17293
14649;Cajero;"4/9/2026, 3:11:56 p. m.";"4/9/2026, 3:11:56 p. m.";CLOSED;200000;200000;0;-200000;89037.11
14648;Cajero;"4/9/2026, 3:11:56 p. m.";"4/9/2026, 3:11:56 p. m.";CLOSED;200000;200000;0;-200000;45821.78
14647;Cajero;"4/9/2026, 3:11:56 p. m.";"4/9/2026, 3:11:56 p. m.";CLOSED;200000;200000;0;-200000;28113.71
14646;Cajero;"4/9/2026, 3:11:56 p. m.";"4/9/2026, 3:11:56 p. m.";CLOSED;200000;200000;0;-200000;41268.83
14645;Cajero;"4/9/2026, 3:11:55 p. m.";"4/9/2026, 3:11:55 p. m.";CLOSED;200000;200000;0;-200000;76743.37
14644;Cajero;"4/9/2026, 3:11:55 p. m.";"4/9/2026, 3:11:55 p. m.";CLOSED;200000;200000;0;-200000;21355.56
14643;Cajero;"4/9/2026, 3:11:55 p. m.";"4/9/2026, 3:11:55 p. m.";CLOSED;200000;200000;0;-200000;4957.39
14642;Cajero;"4/9/2026, 3:11:55 p. m.";"4/9/2026, 3:11:55 p. m.";CLOSED;200000;200000;0;-200000;49309.87
14641;Cajero;"4/9/2026, 3:11:55 p. m.";"4/9/2026, 3:11:55 p. m.";CLOSED;200000;200000;0;-200000;31935.88
14640;Cajero;"4/9/2026, 3:11:55 p. m.";"4/9/2026, 3:11:55 p. m.";CLOSED;200000;200000;0;-200000;10566.15
14639;Cajero;"4/9/2026, 3:11:55 p. m.";"4/9/2026, 3:11:55 p. m.";CLOSED;200000;200000;0;-200000;47391.4
14638;Cajero;"4/9/2026, 3:11:55 p. m.";"4/9/2026, 3:11:55 p. m.";CLOSED;200000;200000;0;-200000;45563.43
14637;Cajero;"4/9/2026, 3:11:55 p. m.";"4/9/2026, 3:11:55 p. m.";CLOSED;200000;200000;0;-200000;27829.4
14636;Cajero;"4/9/2026, 3:11:55 p. m.";"4/9/2026, 3:11:55 p. m.";CLOSED;200000;200000;0;-200000;45181.3
14635;Cajero;"4/9/2026, 3:11:55 p. m.";"4/9/2026, 3:11:55 p. m.";CLOSED;200000;200000;0;-200000;4871.18
14634;Cajero;"4/9/2026, 3:11:55 p. m.";"4/9/2026, 3:11:55 p. m.";CLOSED;200000;200000;0;-200000;34926.51
14633;Cajero;"4/9/2026, 3:11:55 p. m.";"4/9/2026, 3:11:55 p. m.";CLOSED;200000;200000;0;-200000;88037.49
14632;Cajero;"4/9/2026, 3:11:55 p. m.";"4/9/2026, 3:11:55 p. m.";CLOSED;200000;200000;0;-200000;34216.23
14631;Cajero;"4/9/2026, 3:11:55 p. m.";"4/9/2026, 3:11:55 p. m.";CLOSED;200000;200000;0;-200000;15261.24
14630;Cajero;"4/9/2026, 3:11:55 p. m.";"4/9/2026, 3:11:55 p. m.";CLOSED;200000;200000;0;-200000;46049.94
14629;Cajero;"4/9/2026, 3:11:55 p. m.";"4/9/2026, 3:11:55 p. m.";CLOSED;200000;200000;0;-200000;18970.22
14628;Cajero;"4/9/2026, 3:11:55 p. m.";"4/9/2026, 3:11:55 p. m.";CLOSED;200000;200000;0;-200000;40047.56
14627;Cajero;"4/9/2026, 3:11:55 p. m.";"4/9/2026, 3:11:55 p. m.";CLOSED;200000;200000;0;-200000;27688.35
14626;Cajero;"4/9/2026, 3:11:55 p. m.";"4/9/2026, 3:11:55 p. m.";CLOSED;200000;200000;0;-200000;41610.67
14625;Cajero;"4/9/2026, 3:11:54 p. m.";"4/9/2026, 3:11:54 p. m.";CLOSED;200000;200000;0;-200000;17047.51
14624;Cajero;"4/9/2026, 3:11:54 p. m.";"4/9/2026, 3:11:54 p. m.";CLOSED;200000;200000;0;-200000;67995.75
14623;Cajero;"4/9/2026, 3:11:54 p. m.";"4/9/2026, 3:11:54 p. m.";CLOSED;200000;200000;0;-200000;47680.6
14622;Cajero;"4/9/2026, 3:11:54 p. m.";"4/9/2026, 3:11:54 p. m.";CLOSED;200000;200000;0;-200000;34727.66
14621;Cajero;"4/9/2026, 3:11:54 p. m.";"4/9/2026, 3:11:54 p. m.";CLOSED;200000;200000;0;-200000;50641.9
14620;Cajero;"4/9/2026, 3:11:54 p. m.";"4/9/2026, 3:11:54 p. m.";CLOSED;200000;200000;0;-200000;11101.21
14619;Cajero;"4/9/2026, 3:11:54 p. m.";"4/9/2026, 3:11:54 p. m.";CLOSED;200000;200000;0;-200000;7971.04
14618;Cajero;"4/9/2026, 3:11:54 p. m.";"4/9/2026, 3:11:54 p. m.";CLOSED;200000;200000;0;-200000;4280.51
14617;Cajero;"4/9/2026, 3:11:54 p. m.";"4/9/2026, 3:11:54 p. m.";CLOSED;200000;200000;0;-200000;64351.42
14616;Cajero;"4/9/2026, 3:11:54 p. m.";"4/9/2026, 3:11:54 p. m.";CLOSED;200000;200000;0;-200000;50109.08
14615;Cajero;"4/9/2026, 3:11:54 p. m.";"4/9/2026, 3:11:54 p. m.";CLOSED;200000;200000;0;-200000;31026.74
14614;Cajero;"4/9/2026, 3:11:54 p. m.";"4/9/2026, 3:11:54 p. m.";CLOSED;200000;200000;0;-200000;32767.23
14613;Cajero;"4/9/2026, 3:11:54 p. m.";"4/9/2026, 3:11:54 p. m.";CLOSED;200000;200000;0;-200000;8251.02
14612;Cajero;"4/9/2026, 3:11:54 p. m.";"4/9/2026, 3:11:54 p. m.";CLOSED;200000;200000;0;-200000;33222.84
14611;Cajero;"4/9/2026, 3:11:54 p. m.";"4/9/2026, 3:11:54 p. m.";CLOSED;200000;200000;0;-200000;34741.84
14610;Cajero;"4/9/2026, 3:11:54 p. m.";"4/9/2026, 3:11:54 p. m.";CLOSED;200000;200000;0;-200000;86521.76
14609;Cajero;"4/9/2026, 3:11:54 p. m.";"4/9/2026, 3:11:54 p. m.";CLOSED;200000;200000;0;-200000;82376.01
14608;Cajero;"4/9/2026, 3:11:54 p. m.";"4/9/2026, 3:11:54 p. m.";CLOSED;200000;200000;0;-200000;76404.1
14607;Cajero;"4/9/2026, 3:11:54 p. m.";"4/9/2026, 3:11:54 p. m.";CLOSED;200000;200000;0;-200000;9325.31
14606;Cajero;"4/9/2026, 3:11:53 p. m.";"4/9/2026, 3:11:54 p. m.";CLOSED;200000;200000;0;-200000;69301.97
14605;Cajero;"4/9/2026, 3:11:53 p. m.";"4/9/2026, 3:11:53 p. m.";CLOSED;200000;200000;0;-200000;7172.06
14604;Cajero;"4/9/2026, 3:11:53 p. m.";"4/9/2026, 3:11:53 p. m.";CLOSED;200000;200000;0;-200000;71694.48
14603;Cajero;"4/9/2026, 3:11:53 p. m.";"4/9/2026, 3:11:53 p. m.";CLOSED;200000;200000;0;-200000;5704.62
14602;Cajero;"4/9/2026, 3:11:53 p. m.";"4/9/2026, 3:11:53 p. m.";CLOSED;200000;200000;0;-200000;69804.7
14601;Cajero;"4/9/2026, 3:11:53 p. m.";"4/9/2026, 3:11:53 p. m.";CLOSED;200000;200000;0;-200000;8705.18
14600;Cajero;"4/9/2026, 3:11:53 p. m.";"4/9/2026, 3:11:53 p. m.";CLOSED;200000;200000;0;-200000;55463.21
14599;Cajero;"4/9/2026, 3:11:53 p. m.";"4/9/2026, 3:11:53 p. m.";CLOSED;200000;200000;0;-200000;33679.86
14598;Cajero;"4/9/2026, 3:11:53 p. m.";"4/9/2026, 3:11:53 p. m.";CLOSED;200000;200000;0;-200000;39052.22
14597;Cajero;"4/9/2026, 3:11:53 p. m.";"4/9/2026, 3:11:53 p. m.";CLOSED;200000;200000;0;-200000;31698.87
14596;Cajero;"4/9/2026, 3:11:53 p. m.";"4/9/2026, 3:11:53 p. m.";CLOSED;200000;200000;0;-200000;91248.87
14595;Cajero;"4/9/2026, 3:11:53 p. m.";"4/9/2026, 3:11:53 p. m.";CLOSED;200000;200000;0;-200000;22766.27
14594;Cajero;"4/9/2026, 3:11:53 p. m.";"4/9/2026, 3:11:53 p. m.";CLOSED;200000;200000;0;-200000;3849.03
14593;Cajero;"4/9/2026, 3:11:53 p. m.";"4/9/2026, 3:11:53 p. m.";CLOSED;200000;200000;0;-200000;85582.58
14592;Cajero;"4/9/2026, 3:11:53 p. m.";"4/9/2026, 3:11:53 p. m.";CLOSED;200000;200000;0;-200000;45228.98
14591;Cajero;"4/9/2026, 3:11:53 p. m.";"4/9/2026, 3:11:53 p. m.";CLOSED;200000;200000;0;-200000;40913.47
14590;Cajero;"4/9/2026, 3:11:53 p. m.";"4/9/2026, 3:11:53 p. m.";CLOSED;200000;200000;0;-200000;38623.15
14589;Cajero;"4/9/2026, 3:11:53 p. m.";"4/9/2026, 3:11:53 p. m.";CLOSED;200000;200000;0;-200000;73052.78
14588;Cajero;"4/9/2026, 3:11:53 p. m.";"4/9/2026, 3:11:53 p. m.";CLOSED;200000;200000;0;-200000;25165.76
14587;Cajero;"4/9/2026, 3:11:52 p. m.";"4/9/2026, 3:11:53 p. m.";CLOSED;200000;200000;0;-200000;48162.2
14586;Cajero;"4/9/2026, 3:11:52 p. m.";"4/9/2026, 3:11:52 p. m.";CLOSED;200000;200000;0;-200000;25485.81
14585;Cajero;"4/9/2026, 3:11:52 p. m.";"4/9/2026, 3:11:52 p. m.";CLOSED;200000;200000;0;-200000;26869.55
14584;Cajero;"4/9/2026, 3:11:52 p. m.";"4/9/2026, 3:11:52 p. m.";CLOSED;200000;200000;0;-200000;13208.86
14583;Cajero;"4/9/2026, 3:11:52 p. m.";"4/9/2026, 3:11:52 p. m.";CLOSED;200000;200000;0;-200000;2792.33
14582;Cajero;"4/9/2026, 3:11:52 p. m.";"4/9/2026, 3:11:52 p. m.";CLOSED;200000;200000;0;-200000;44051.36
14581;Cajero;"4/9/2026, 3:11:52 p. m.";"4/9/2026, 3:11:52 p. m.";CLOSED;200000;200000;0;-200000;34018.36
14580;Cajero;"4/9/2026, 3:11:52 p. m.";"4/9/2026, 3:11:52 p. m.";CLOSED;200000;200000;0;-200000;9313.85
14579;Cajero;"4/9/2026, 3:11:52 p. m.";"4/9/2026, 3:11:52 p. m.";CLOSED;200000;200000;0;-200000;30383.18
14578;Cajero;"4/9/2026, 3:11:52 p. m.";"4/9/2026, 3:11:52 p. m.";CLOSED;200000;200000;0;-200000;8886.87
14577;Cajero;"4/9/2026, 3:11:52 p. m.";"4/9/2026, 3:11:52 p. m.";CLOSED;200000;200000;0;-200000;46092.6
14576;Cajero;"4/9/2026, 3:11:52 p. m.";"4/9/2026, 3:11:52 p. m.";CLOSED;200000;200000;0;-200000;96350.01
14575;Cajero;"4/9/2026, 3:11:52 p. m.";"4/9/2026, 3:11:52 p. m.";CLOSED;200000;200000;0;-200000;7629.03
14574;Cajero;"4/9/2026, 3:11:52 p. m.";"4/9/2026, 3:11:52 p. m.";CLOSED;200000;200000;0;-200000;85802.28
14573;Cajero;"4/9/2026, 3:11:52 p. m.";"4/9/2026, 3:11:52 p. m.";CLOSED;200000;200000;0;-200000;36008.01
14572;Cajero;"4/9/2026, 3:11:52 p. m.";"4/9/2026, 3:11:52 p. m.";CLOSED;200000;200000;0;-200000;32800.75
14571;Cajero;"4/9/2026, 3:11:52 p. m.";"4/9/2026, 3:11:52 p. m.";CLOSED;200000;200000;0;-200000;42060.56
14570;Cajero;"4/9/2026, 3:11:52 p. m.";"4/9/2026, 3:11:52 p. m.";CLOSED;200000;200000;0;-200000;20288.78
14569;Cajero;"4/9/2026, 3:11:52 p. m.";"4/9/2026, 3:11:52 p. m.";CLOSED;200000;200000;0;-200000;7036.85
14568;Cajero;"4/9/2026, 3:11:51 p. m.";"4/9/2026, 3:11:52 p. m.";CLOSED;200000;200000;0;-200000;41894.53
14567;Cajero;"4/9/2026, 3:11:51 p. m.";"4/9/2026, 3:11:51 p. m.";CLOSED;200000;200000;0;-200000;99886.01
14566;Cajero;"4/9/2026, 3:11:51 p. m.";"4/9/2026, 3:11:51 p. m.";CLOSED;200000;200000;0;-200000;63782.36
14565;Cajero;"4/9/2026, 3:11:51 p. m.";"4/9/2026, 3:11:51 p. m.";CLOSED;200000;200000;0;-200000;33326.08
14564;Cajero;"4/9/2026, 3:11:51 p. m.";"4/9/2026, 3:11:51 p. m.";CLOSED;200000;200000;0;-200000;44593.75
14563;Cajero;"4/9/2026, 3:11:51 p. m.";"4/9/2026, 3:11:51 p. m.";CLOSED;200000;200000;0;-200000;19642.2
14562;Cajero;"4/9/2026, 3:11:51 p. m.";"4/9/2026, 3:11:51 p. m.";CLOSED;200000;200000;0;-200000;23264.92
14561;Cajero;"4/9/2026, 3:11:51 p. m.";"4/9/2026, 3:11:51 p. m.";CLOSED;200000;200000;0;-200000;25073.32
14560;Cajero;"4/9/2026, 3:11:51 p. m.";"4/9/2026, 3:11:51 p. m.";CLOSED;200000;200000;0;-200000;96636.92
14559;Cajero;"4/9/2026, 3:11:51 p. m.";"4/9/2026, 3:11:51 p. m.";CLOSED;200000;200000;0;-200000;9034.11
14558;Cajero;"4/9/2026, 3:11:51 p. m.";"4/9/2026, 3:11:51 p. m.";CLOSED;200000;200000;0;-200000;90500.24
14557;Cajero;"4/9/2026, 3:11:51 p. m.";"4/9/2026, 3:11:51 p. m.";CLOSED;200000;200000;0;-200000;4871.18
14556;Cajero;"4/9/2026, 3:11:51 p. m.";"4/9/2026, 3:11:51 p. m.";CLOSED;200000;200000;0;-200000;15957
14555;Cajero;"4/9/2026, 3:11:51 p. m.";"4/9/2026, 3:11:51 p. m.";CLOSED;200000;200000;0;-200000;46163.26
14554;Cajero;"4/9/2026, 3:11:51 p. m.";"4/9/2026, 3:11:51 p. m.";CLOSED;200000;200000;0;-200000;31189.15
14553;Cajero;"4/9/2026, 3:11:51 p. m.";"4/9/2026, 3:11:51 p. m.";CLOSED;200000;200000;0;-200000;8801.21
14552;Cajero;"4/9/2026, 3:11:51 p. m.";"4/9/2026, 3:11:51 p. m.";CLOSED;200000;200000;0;-200000;6661.55
14551;Cajero;"4/9/2026, 3:11:51 p. m.";"4/9/2026, 3:11:51 p. m.";CLOSED;200000;200000;0;-200000;37301.17
14550;Cajero;"4/9/2026, 3:11:51 p. m.";"4/9/2026, 3:11:51 p. m.";CLOSED;200000;200000;0;-200000;21507.7
14549;Cajero;"4/9/2026, 3:11:50 p. m.";"4/9/2026, 3:11:51 p. m.";CLOSED;200000;200000;0;-200000;76199.12
14548;Cajero;"4/9/2026, 3:11:50 p. m.";"4/9/2026, 3:11:50 p. m.";CLOSED;200000;200000;0;-200000;3557.71
14547;Cajero;"4/9/2026, 3:11:50 p. m.";"4/9/2026, 3:11:50 p. m.";CLOSED;200000;200000;0;-200000;37959.18
14546;Cajero;"4/9/2026, 3:11:50 p. m.";"4/9/2026, 3:11:50 p. m.";CLOSED;200000;200000;0;-200000;27828.69
14545;Cajero;"4/9/2026, 3:11:50 p. m.";"4/9/2026, 3:11:50 p. m.";CLOSED;200000;200000;0;-200000;24024.54
14544;Cajero;"4/9/2026, 3:11:50 p. m.";"4/9/2026, 3:11:50 p. m.";CLOSED;200000;200000;0;-200000;27163.6
14543;Cajero;"4/9/2026, 3:11:50 p. m.";"4/9/2026, 3:11:50 p. m.";CLOSED;200000;200000;0;-200000;71540.88
14542;Cajero;"4/9/2026, 3:11:50 p. m.";"4/9/2026, 3:11:50 p. m.";CLOSED;200000;200000;0;-200000;70809.73
14541;Cajero;"4/9/2026, 3:11:50 p. m.";"4/9/2026, 3:11:50 p. m.";CLOSED;200000;200000;0;-200000;48269.77
14540;Cajero;"4/9/2026, 3:11:50 p. m.";"4/9/2026, 3:11:50 p. m.";CLOSED;200000;200000;0;-200000;14943.33
14539;Cajero;"4/9/2026, 3:11:50 p. m.";"4/9/2026, 3:11:50 p. m.";CLOSED;200000;200000;0;-200000;62610.16
14538;Cajero;"4/9/2026, 3:11:50 p. m.";"4/9/2026, 3:11:50 p. m.";CLOSED;200000;200000;0;-200000;20870.9
14537;Cajero;"4/9/2026, 3:11:50 p. m.";"4/9/2026, 3:11:50 p. m.";CLOSED;200000;200000;0;-200000;32311.51
14536;Cajero;"4/9/2026, 3:11:50 p. m.";"4/9/2026, 3:11:50 p. m.";CLOSED;200000;200000;0;-200000;43033.81
14535;Cajero;"4/9/2026, 3:11:50 p. m.";"4/9/2026, 3:11:50 p. m.";CLOSED;200000;200000;0;-200000;27588.5
14534;Cajero;"4/9/2026, 3:11:50 p. m.";"4/9/2026, 3:11:50 p. m.";CLOSED;200000;200000;0;-200000;92491.72
14533;Cajero;"4/9/2026, 3:11:50 p. m.";"4/9/2026, 3:11:50 p. m.";CLOSED;200000;200000;0;-200000;48160.51
14532;Cajero;"4/9/2026, 3:11:50 p. m.";"4/9/2026, 3:11:50 p. m.";CLOSED;200000;200000;0;-200000;10198.06
14531;Cajero;"4/9/2026, 3:11:50 p. m.";"4/9/2026, 3:11:50 p. m.";CLOSED;200000;200000;0;-200000;78639.77
14530;Cajero;"4/9/2026, 3:11:50 p. m.";"4/9/2026, 3:11:50 p. m.";CLOSED;200000;200000;0;-200000;20596.95
14529;Cajero;"4/9/2026, 3:11:49 p. m.";"4/9/2026, 3:11:50 p. m.";CLOSED;200000;200000;0;-200000;6194.35
14528;Cajero;"4/9/2026, 3:11:49 p. m.";"4/9/2026, 3:11:49 p. m.";CLOSED;200000;200000;0;-200000;49183.74
14527;Cajero;"4/9/2026, 3:11:49 p. m.";"4/9/2026, 3:11:49 p. m.";CLOSED;200000;200000;0;-200000;19163.25
14526;Cajero;"4/9/2026, 3:11:49 p. m.";"4/9/2026, 3:11:49 p. m.";CLOSED;200000;200000;0;-200000;82601.03
14525;Cajero;"4/9/2026, 3:11:49 p. m.";"4/9/2026, 3:11:49 p. m.";CLOSED;200000;200000;0;-200000;91219.49
14524;Cajero;"4/9/2026, 3:11:49 p. m.";"4/9/2026, 3:11:49 p. m.";CLOSED;200000;200000;0;-200000;31332.01
14523;Cajero;"4/9/2026, 3:11:49 p. m.";"4/9/2026, 3:11:49 p. m.";CLOSED;200000;200000;0;-200000;32552.01
14522;Cajero;"4/9/2026, 3:11:49 p. m.";"4/9/2026, 3:11:49 p. m.";CLOSED;200000;200000;0;-200000;860.87
14521;Cajero;"4/9/2026, 3:11:49 p. m.";"4/9/2026, 3:11:49 p. m.";CLOSED;200000;200000;0;-200000;8926.11
14520;Cajero;"4/9/2026, 3:11:49 p. m.";"4/9/2026, 3:11:49 p. m.";CLOSED;200000;200000;0;-200000;71490.86
14519;Cajero;"4/9/2026, 3:11:49 p. m.";"4/9/2026, 3:11:49 p. m.";CLOSED;200000;200000;0;-200000;25217.34
14518;Cajero;"4/9/2026, 3:11:49 p. m.";"4/9/2026, 3:11:49 p. m.";CLOSED;200000;200000;0;-200000;7892.65
14517;Cajero;"4/9/2026, 3:11:49 p. m.";"4/9/2026, 3:11:49 p. m.";CLOSED;200000;200000;0;-200000;8324.22
14516;Cajero;"4/9/2026, 3:11:49 p. m.";"4/9/2026, 3:11:49 p. m.";CLOSED;200000;200000;0;-200000;40656.62
14515;Cajero;"4/9/2026, 3:11:49 p. m.";"4/9/2026, 3:11:49 p. m.";CLOSED;200000;200000;0;-200000;36107.19
14514;Cajero;"4/9/2026, 3:11:49 p. m.";"4/9/2026, 3:11:49 p. m.";CLOSED;200000;200000;0;-200000;30081.24
14513;Cajero;"4/9/2026, 3:11:49 p. m.";"4/9/2026, 3:11:49 p. m.";CLOSED;200000;200000;0;-200000;28536.04
14512;Cajero;"4/9/2026, 3:11:48 p. m.";"4/9/2026, 3:11:49 p. m.";CLOSED;200000;200000;0;-200000;63219.29
14511;Cajero;"4/9/2026, 3:11:48 p. m.";"4/9/2026, 3:11:48 p. m.";CLOSED;200000;200000;0;-200000;35217.13
14510;Cajero;"4/9/2026, 3:11:48 p. m.";"4/9/2026, 3:11:48 p. m.";CLOSED;200000;200000;0;-200000;70809.73
14509;Cajero;"4/9/2026, 3:11:48 p. m.";"4/9/2026, 3:11:48 p. m.";CLOSED;200000;200000;0;-200000;11523.22
14508;Cajero;"4/9/2026, 3:11:48 p. m.";"4/9/2026, 3:11:48 p. m.";CLOSED;200000;200000;0;-200000;46763.03
14507;Cajero;"4/9/2026, 3:11:48 p. m.";"4/9/2026, 3:11:48 p. m.";CLOSED;200000;200000;0;-200000;11345.09
14506;Cajero;"4/9/2026, 3:11:48 p. m.";"4/9/2026, 3:11:48 p. m.";CLOSED;200000;200000;0;-200000;32774.77
14505;Cajero;"4/9/2026, 3:11:48 p. m.";"4/9/2026, 3:11:48 p. m.";CLOSED;200000;200000;0;-200000;10368.69
14504;Cajero;"4/9/2026, 3:11:48 p. m.";"4/9/2026, 3:11:48 p. m.";CLOSED;200000;200000;0;-200000;11601.97
14503;Cajero;"4/9/2026, 3:11:48 p. m.";"4/9/2026, 3:11:48 p. m.";CLOSED;200000;200000;0;-200000;19655.05
14502;Cajero;"4/9/2026, 3:11:48 p. m.";"4/9/2026, 3:11:48 p. m.";CLOSED;200000;200000;0;-200000;46548.02
14501;Cajero;"4/9/2026, 3:11:48 p. m.";"4/9/2026, 3:11:48 p. m.";CLOSED;200000;200000;0;-200000;45911.73
14500;Cajero;"4/9/2026, 3:11:48 p. m.";"4/9/2026, 3:11:48 p. m.";CLOSED;200000;200000;0;-200000;7241.18
14499;Cajero;"4/9/2026, 3:11:48 p. m.";"4/9/2026, 3:11:48 p. m.";CLOSED;200000;200000;0;-200000;65836
14498;Cajero;"4/9/2026, 3:11:48 p. m.";"4/9/2026, 3:11:48 p. m.";CLOSED;200000;200000;0;-200000;40187.05
14497;Cajero;"4/9/2026, 3:11:48 p. m.";"4/9/2026, 3:11:48 p. m.";CLOSED;200000;200000;0;-200000;36865.88
14496;Cajero;"4/9/2026, 3:11:48 p. m.";"4/9/2026, 3:11:48 p. m.";CLOSED;200000;200000;0;-200000;1359.79
14495;Cajero;"4/9/2026, 3:11:48 p. m.";"4/9/2026, 3:11:48 p. m.";CLOSED;200000;200000;0;-200000;56862.5
14494;Cajero;"4/9/2026, 3:11:48 p. m.";"4/9/2026, 3:11:48 p. m.";CLOSED;200000;200000;0;-200000;39127.1
14493;Cajero;"4/9/2026, 3:11:48 p. m.";"4/9/2026, 3:11:48 p. m.";CLOSED;200000;200000;0;-200000;18147.53
14492;Cajero;"4/9/2026, 3:11:47 p. m.";"4/9/2026, 3:11:48 p. m.";CLOSED;200000;200000;0;-200000;32107.17
14491;Cajero;"4/9/2026, 3:11:47 p. m.";"4/9/2026, 3:11:47 p. m.";CLOSED;200000;200000;0;-200000;21062.64
14490;Cajero;"4/9/2026, 3:11:47 p. m.";"4/9/2026, 3:11:47 p. m.";CLOSED;200000;200000;0;-200000;91332.3
14489;Cajero;"4/9/2026, 3:11:47 p. m.";"4/9/2026, 3:11:47 p. m.";CLOSED;200000;200000;0;-200000;42760.3
14488;Cajero;"4/9/2026, 3:11:47 p. m.";"4/9/2026, 3:11:47 p. m.";CLOSED;200000;200000;0;-200000;21915.4
14487;Cajero;"4/9/2026, 3:11:47 p. m.";"4/9/2026, 3:11:47 p. m.";CLOSED;200000;200000;0;-200000;5185.06
14486;Cajero;"4/9/2026, 3:11:47 p. m.";"4/9/2026, 3:11:47 p. m.";CLOSED;200000;200000;0;-200000;49065.57
14485;Cajero;"4/9/2026, 3:11:47 p. m.";"4/9/2026, 3:11:47 p. m.";CLOSED;200000;200000;0;-200000;42074.4
14484;Cajero;"4/9/2026, 3:11:47 p. m.";"4/9/2026, 3:11:47 p. m.";CLOSED;200000;200000;0;-200000;43700.47
14483;Cajero;"4/9/2026, 3:11:47 p. m.";"4/9/2026, 3:11:47 p. m.";CLOSED;200000;200000;0;-200000;96359.31
14482;Cajero;"4/9/2026, 3:11:47 p. m.";"4/9/2026, 3:11:47 p. m.";CLOSED;200000;200000;0;-200000;19595.94
14481;Cajero;"4/9/2026, 3:11:47 p. m.";"4/9/2026, 3:11:47 p. m.";CLOSED;200000;200000;0;-200000;42134.43
14480;Cajero;"4/9/2026, 3:11:47 p. m.";"4/9/2026, 3:11:47 p. m.";CLOSED;200000;200000;0;-200000;92217.13
14479;Cajero;"4/9/2026, 3:11:47 p. m.";"4/9/2026, 3:11:47 p. m.";CLOSED;200000;200000;0;-200000;51683.93
14478;Cajero;"4/9/2026, 3:11:47 p. m.";"4/9/2026, 3:11:47 p. m.";CLOSED;200000;200000;0;-200000;22126.45
14477;Cajero;"4/9/2026, 3:11:47 p. m.";"4/9/2026, 3:11:47 p. m.";CLOSED;200000;200000;0;-200000;63713.05
14476;Cajero;"4/9/2026, 3:11:47 p. m.";"4/9/2026, 3:11:47 p. m.";CLOSED;200000;200000;0;-200000;32218.5
14475;Cajero;"4/9/2026, 3:11:47 p. m.";"4/9/2026, 3:11:47 p. m.";CLOSED;200000;200000;0;-200000;42002.64
14474;Cajero;"4/9/2026, 3:11:47 p. m.";"4/9/2026, 3:11:47 p. m.";CLOSED;200000;200000;0;-200000;19533.24
14473;Cajero;"4/9/2026, 3:11:47 p. m.";"4/9/2026, 3:11:47 p. m.";CLOSED;200000;200000;0;-200000;61807.29
14472;Cajero;"4/9/2026, 3:11:46 p. m.";"4/9/2026, 3:11:47 p. m.";CLOSED;200000;200000;0;-200000;34075.8
14471;Cajero;"4/9/2026, 3:11:46 p. m.";"4/9/2026, 3:11:46 p. m.";CLOSED;200000;200000;0;-200000;38945.94
14470;Cajero;"4/9/2026, 3:11:46 p. m.";"4/9/2026, 3:11:46 p. m.";CLOSED;200000;200000;0;-200000;77053.62
14469;Cajero;"4/9/2026, 3:11:46 p. m.";"4/9/2026, 3:11:46 p. m.";CLOSED;200000;200000;0;-200000;32196.46
14468;Cajero;"4/9/2026, 3:11:46 p. m.";"4/9/2026, 3:11:46 p. m.";CLOSED;200000;200000;0;-200000;43700.47
14467;Cajero;"4/9/2026, 3:11:46 p. m.";"4/9/2026, 3:11:46 p. m.";CLOSED;200000;200000;0;-200000;31405.94
14466;Cajero;"4/9/2026, 3:11:46 p. m.";"4/9/2026, 3:11:46 p. m.";CLOSED;200000;200000;0;-200000;33739.79
14465;Cajero;"4/9/2026, 3:11:46 p. m.";"4/9/2026, 3:11:46 p. m.";CLOSED;200000;200000;0;-200000;47143.03
14464;Cajero;"4/9/2026, 3:11:46 p. m.";"4/9/2026, 3:11:46 p. m.";CLOSED;200000;200000;0;-200000;18404.89
14463;Cajero;"4/9/2026, 3:11:46 p. m.";"4/9/2026, 3:11:46 p. m.";CLOSED;200000;200000;0;-200000;28688.62
14462;Cajero;"4/9/2026, 3:11:46 p. m.";"4/9/2026, 3:11:46 p. m.";CLOSED;200000;200000;0;-200000;28847.7
14461;Cajero;"4/9/2026, 3:11:46 p. m.";"4/9/2026, 3:11:46 p. m.";CLOSED;200000;200000;0;-200000;53441.63
14460;Cajero;"4/9/2026, 3:11:46 p. m.";"4/9/2026, 3:11:46 p. m.";CLOSED;200000;200000;0;-200000;13450.65
14459;Cajero;"4/9/2026, 3:11:46 p. m.";"4/9/2026, 3:11:46 p. m.";CLOSED;200000;200000;0;-200000;34863.21
14458;Cajero;"4/9/2026, 3:11:46 p. m.";"4/9/2026, 3:11:46 p. m.";CLOSED;200000;200000;0;-200000;95235.91
14457;Cajero;"4/9/2026, 3:11:46 p. m.";"4/9/2026, 3:11:46 p. m.";CLOSED;200000;200000;0;-200000;79153.87
14456;Cajero;"4/9/2026, 3:11:46 p. m.";"4/9/2026, 3:11:46 p. m.";CLOSED;200000;200000;0;-200000;14732.12
14455;Cajero;"4/9/2026, 3:11:46 p. m.";"4/9/2026, 3:11:46 p. m.";CLOSED;200000;200000;0;-200000;4630.94
14454;Cajero;"4/9/2026, 3:11:46 p. m.";"4/9/2026, 3:11:46 p. m.";CLOSED;200000;200000;0;-200000;5615.55
14453;Cajero;"4/9/2026, 3:11:45 p. m.";"4/9/2026, 3:11:46 p. m.";CLOSED;200000;200000;0;-200000;5438.95
14452;Cajero;"4/9/2026, 3:11:45 p. m.";"4/9/2026, 3:11:45 p. m.";CLOSED;200000;200000;0;-200000;780.77
14451;Cajero;"4/9/2026, 3:11:45 p. m.";"4/9/2026, 3:11:45 p. m.";CLOSED;200000;200000;0;-200000;31075.98
14450;Cajero;"4/9/2026, 3:11:45 p. m.";"4/9/2026, 3:11:45 p. m.";CLOSED;200000;200000;0;-200000;64844.78
14449;Cajero;"4/9/2026, 3:11:45 p. m.";"4/9/2026, 3:11:45 p. m.";CLOSED;200000;200000;0;-200000;728.01
14448;Cajero;"4/9/2026, 3:11:45 p. m.";"4/9/2026, 3:11:45 p. m.";CLOSED;200000;200000;0;-200000;72493.93
14447;Cajero;"4/9/2026, 3:11:45 p. m.";"4/9/2026, 3:11:45 p. m.";CLOSED;200000;200000;0;-200000;23404.41
14446;Cajero;"4/9/2026, 3:11:45 p. m.";"4/9/2026, 3:11:45 p. m.";CLOSED;200000;200000;0;-200000;13438.76
14445;Cajero;"4/9/2026, 3:11:45 p. m.";"4/9/2026, 3:11:45 p. m.";CLOSED;200000;200000;0;-200000;33739.79
14444;Cajero;"4/9/2026, 3:11:45 p. m.";"4/9/2026, 3:11:45 p. m.";CLOSED;200000;200000;0;-200000;37582.08
14443;Cajero;"4/9/2026, 3:11:45 p. m.";"4/9/2026, 3:11:45 p. m.";CLOSED;200000;200000;0;-200000;14896.1
14442;Cajero;"4/9/2026, 3:11:45 p. m.";"4/9/2026, 3:11:45 p. m.";CLOSED;200000;200000;0;-200000;35556.9
14441;Cajero;"4/9/2026, 3:11:45 p. m.";"4/9/2026, 3:11:45 p. m.";CLOSED;200000;200000;0;-200000;43958.17
14440;Cajero;"4/9/2026, 3:11:45 p. m.";"4/9/2026, 3:11:45 p. m.";CLOSED;200000;200000;0;-200000;7915.59
14439;Cajero;"4/9/2026, 3:11:45 p. m.";"4/9/2026, 3:11:45 p. m.";CLOSED;200000;200000;0;-200000;26435.64
14438;Cajero;"4/9/2026, 3:11:45 p. m.";"4/9/2026, 3:11:45 p. m.";CLOSED;200000;200000;0;-200000;97310.18
14437;Cajero;"4/9/2026, 3:11:45 p. m.";"4/9/2026, 3:11:45 p. m.";CLOSED;200000;200000;0;-200000;9275.46
14436;Cajero;"4/9/2026, 3:11:44 p. m.";"4/9/2026, 3:11:45 p. m.";CLOSED;200000;200000;0;-200000;16244.12
14435;Cajero;"4/9/2026, 3:11:44 p. m.";"4/9/2026, 3:11:44 p. m.";CLOSED;200000;200000;0;-200000;1784.56
14434;Cajero;"4/9/2026, 3:11:44 p. m.";"4/9/2026, 3:11:44 p. m.";CLOSED;200000;200000;0;-200000;91604.25
14433;Cajero;"4/9/2026, 3:11:44 p. m.";"4/9/2026, 3:11:44 p. m.";CLOSED;200000;200000;0;-200000;14140.55
14432;Cajero;"4/9/2026, 3:11:44 p. m.";"4/9/2026, 3:11:44 p. m.";CLOSED;200000;200000;0;-200000;49332.49
14431;Cajero;"4/9/2026, 3:11:44 p. m.";"4/9/2026, 3:11:44 p. m.";CLOSED;200000;200000;0;-200000;36239.5
14430;Cajero;"4/9/2026, 3:11:44 p. m.";"4/9/2026, 3:11:44 p. m.";CLOSED;200000;200000;0;-200000;37403.05
14429;Cajero;"4/9/2026, 3:11:44 p. m.";"4/9/2026, 3:11:44 p. m.";CLOSED;200000;200000;0;-200000;10067.37
14428;Cajero;"4/9/2026, 3:11:44 p. m.";"4/9/2026, 3:11:44 p. m.";CLOSED;200000;200000;0;-200000;24927.81
14427;Cajero;"4/9/2026, 3:11:44 p. m.";"4/9/2026, 3:11:44 p. m.";CLOSED;200000;200000;0;-200000;62876.64
14426;Cajero;"4/9/2026, 3:11:44 p. m.";"4/9/2026, 3:11:44 p. m.";CLOSED;200000;200000;0;-200000;18868.77
14425;Cajero;"4/9/2026, 3:11:44 p. m.";"4/9/2026, 3:11:44 p. m.";CLOSED;200000;200000;0;-200000;654.15
14424;Cajero;"4/9/2026, 3:11:44 p. m.";"4/9/2026, 3:11:44 p. m.";CLOSED;200000;200000;0;-200000;59193.8
14423;Cajero;"4/9/2026, 3:11:44 p. m.";"4/9/2026, 3:11:44 p. m.";CLOSED;200000;200000;0;-200000;54980.5
14422;Cajero;"4/9/2026, 3:11:44 p. m.";"4/9/2026, 3:11:44 p. m.";CLOSED;200000;200000;0;-200000;9071
14421;Cajero;"4/9/2026, 3:11:44 p. m.";"4/9/2026, 3:11:44 p. m.";CLOSED;200000;200000;0;-200000;75891.21
14420;Cajero;"4/9/2026, 3:11:44 p. m.";"4/9/2026, 3:11:44 p. m.";CLOSED;200000;200000;0;-200000;891.23
14419;Cajero;"4/9/2026, 3:11:44 p. m.";"4/9/2026, 3:11:44 p. m.";CLOSED;200000;200000;0;-200000;31935.88
14418;Cajero;"4/9/2026, 3:11:43 p. m.";"4/9/2026, 3:11:44 p. m.";CLOSED;200000;200000;0;-200000;4061.81
14417;Cajero;"4/9/2026, 3:11:43 p. m.";"4/9/2026, 3:11:43 p. m.";CLOSED;200000;200000;0;-200000;70119.32
14416;Cajero;"4/9/2026, 3:11:43 p. m.";"4/9/2026, 3:11:43 p. m.";CLOSED;200000;200000;0;-200000;5490.69
14415;Cajero;"4/9/2026, 3:11:43 p. m.";"4/9/2026, 3:11:43 p. m.";CLOSED;200000;200000;0;-200000;22332.35
14414;Cajero;"4/9/2026, 3:11:43 p. m.";"4/9/2026, 3:11:43 p. m.";CLOSED;200000;200000;0;-200000;52308.7
14413;Cajero;"4/9/2026, 3:11:43 p. m.";"4/9/2026, 3:11:43 p. m.";CLOSED;200000;200000;0;-200000;86694.11
14412;Cajero;"4/9/2026, 3:11:43 p. m.";"4/9/2026, 3:11:43 p. m.";CLOSED;200000;200000;0;-200000;19388.36
14411;Cajero;"4/9/2026, 3:11:43 p. m.";"4/9/2026, 3:11:43 p. m.";CLOSED;200000;200000;0;-200000;12093.4
14410;Cajero;"4/9/2026, 3:11:43 p. m.";"4/9/2026, 3:11:43 p. m.";CLOSED;200000;200000;0;-200000;976.59
14409;Cajero;"4/9/2026, 3:11:43 p. m.";"4/9/2026, 3:11:43 p. m.";CLOSED;200000;200000;0;-200000;33851.9
14408;Cajero;"4/9/2026, 3:11:43 p. m.";"4/9/2026, 3:11:43 p. m.";CLOSED;200000;200000;0;-200000;48749.74
14407;Cajero;"4/9/2026, 3:11:43 p. m.";"4/9/2026, 3:11:43 p. m.";CLOSED;200000;200000;0;-200000;13336.7
14406;Cajero;"4/9/2026, 3:11:43 p. m.";"4/9/2026, 3:11:43 p. m.";CLOSED;200000;200000;0;-200000;27814.2
14405;Cajero;"4/9/2026, 3:11:43 p. m.";"4/9/2026, 3:11:43 p. m.";CLOSED;200000;200000;0;-200000;40851.77
14404;Cajero;"4/9/2026, 3:11:43 p. m.";"4/9/2026, 3:11:43 p. m.";CLOSED;200000;200000;0;-200000;12326.52
14403;Cajero;"4/9/2026, 3:11:43 p. m.";"4/9/2026, 3:11:43 p. m.";CLOSED;200000;200000;0;-200000;85988.96
14402;Cajero;"4/9/2026, 3:11:43 p. m.";"4/9/2026, 3:11:43 p. m.";CLOSED;200000;200000;0;-200000;35641.56
14401;Cajero;"4/9/2026, 3:11:43 p. m.";"4/9/2026, 3:11:43 p. m.";CLOSED;200000;200000;0;-200000;12008.62
14400;Cajero;"4/9/2026, 3:11:43 p. m.";"4/9/2026, 3:11:43 p. m.";CLOSED;200000;200000;0;-200000;42464.86
14399;Cajero;"4/9/2026, 3:11:42 p. m.";"4/9/2026, 3:11:43 p. m.";CLOSED;200000;200000;0;-200000;46487.87
14398;Cajero;"4/9/2026, 3:11:42 p. m.";"4/9/2026, 3:11:42 p. m.";CLOSED;200000;200000;0;-200000;38206.96
14397;Cajero;"4/9/2026, 3:11:42 p. m.";"4/9/2026, 3:11:42 p. m.";CLOSED;200000;200000;0;-200000;13655.05
14396;Cajero;"4/9/2026, 3:11:42 p. m.";"4/9/2026, 3:11:42 p. m.";CLOSED;200000;200000;0;-200000;29506.32
14395;Cajero;"4/9/2026, 3:11:42 p. m.";"4/9/2026, 3:11:42 p. m.";CLOSED;200000;200000;0;-200000;62166.38
14394;Cajero;"4/9/2026, 3:11:42 p. m.";"4/9/2026, 3:11:42 p. m.";CLOSED;200000;200000;0;-200000;30680.22
14393;Cajero;"4/9/2026, 3:11:42 p. m.";"4/9/2026, 3:11:42 p. m.";CLOSED;200000;200000;0;-200000;43072.76
14392;Cajero;"4/9/2026, 3:11:42 p. m.";"4/9/2026, 3:11:42 p. m.";CLOSED;200000;200000;0;-200000;48287.59
14391;Cajero;"4/9/2026, 3:11:42 p. m.";"4/9/2026, 3:11:42 p. m.";CLOSED;200000;200000;0;-200000;44062.02
14390;Cajero;"4/9/2026, 3:11:42 p. m.";"4/9/2026, 3:11:42 p. m.";CLOSED;200000;200000;0;-200000;69888.01
14389;Cajero;"4/9/2026, 3:11:42 p. m.";"4/9/2026, 3:11:42 p. m.";CLOSED;200000;200000;0;-200000;9071.11
14388;Cajero;"4/9/2026, 3:11:42 p. m.";"4/9/2026, 3:11:42 p. m.";CLOSED;200000;200000;0;-200000;9383.37
14387;Cajero;"4/9/2026, 3:11:42 p. m.";"4/9/2026, 3:11:42 p. m.";CLOSED;200000;200000;0;-200000;60400.72
14386;Cajero;"4/9/2026, 3:11:42 p. m.";"4/9/2026, 3:11:42 p. m.";CLOSED;200000;200000;0;-200000;43142.84
14385;Cajero;"4/9/2026, 3:11:42 p. m.";"4/9/2026, 3:11:42 p. m.";CLOSED;200000;200000;0;-200000;98280.25
14384;Cajero;"4/9/2026, 3:11:42 p. m.";"4/9/2026, 3:11:42 p. m.";CLOSED;200000;200000;0;-200000;35980.39
14383;Cajero;"4/9/2026, 3:11:42 p. m.";"4/9/2026, 3:11:42 p. m.";CLOSED;200000;200000;0;-200000;21381.47
14382;Cajero;"4/9/2026, 3:11:41 p. m.";"4/9/2026, 3:11:42 p. m.";CLOSED;200000;200000;0;-200000;32542.44
14381;Cajero;"4/9/2026, 3:11:41 p. m.";"4/9/2026, 3:11:41 p. m.";CLOSED;200000;200000;0;-200000;53482.78
14380;Cajero;"4/9/2026, 3:11:41 p. m.";"4/9/2026, 3:11:41 p. m.";CLOSED;200000;200000;0;-200000;7930.4
14379;Cajero;"4/9/2026, 3:11:41 p. m.";"4/9/2026, 3:11:41 p. m.";CLOSED;200000;200000;0;-200000;56862.5
14378;Cajero;"4/9/2026, 3:11:41 p. m.";"4/9/2026, 3:11:41 p. m.";CLOSED;200000;200000;0;-200000;34842.07
14377;Cajero;"4/9/2026, 3:11:41 p. m.";"4/9/2026, 3:11:41 p. m.";CLOSED;200000;200000;0;-200000;32188.22
14376;Cajero;"4/9/2026, 3:11:41 p. m.";"4/9/2026, 3:11:41 p. m.";CLOSED;200000;200000;0;-200000;45554.19
14375;Cajero;"4/9/2026, 3:11:41 p. m.";"4/9/2026, 3:11:41 p. m.";CLOSED;200000;200000;0;-200000;43809.07
14374;Cajero;"4/9/2026, 3:11:41 p. m.";"4/9/2026, 3:11:41 p. m.";CLOSED;200000;200000;0;-200000;30315.18
14373;Cajero;"4/9/2026, 3:11:41 p. m.";"4/9/2026, 3:11:41 p. m.";CLOSED;200000;200000;0;-200000;30440.98
14372;Cajero;"4/9/2026, 3:11:41 p. m.";"4/9/2026, 3:11:41 p. m.";CLOSED;200000;200000;0;-200000;6956.16
14371;Cajero;"4/9/2026, 3:11:41 p. m.";"4/9/2026, 3:11:41 p. m.";CLOSED;200000;200000;0;-200000;21340.78
14370;Cajero;"4/9/2026, 3:11:41 p. m.";"4/9/2026, 3:11:41 p. m.";CLOSED;200000;200000;0;-200000;28347.57
14369;Cajero;"4/9/2026, 3:11:41 p. m.";"4/9/2026, 3:11:41 p. m.";CLOSED;200000;200000;0;-200000;11787.12
14368;Cajero;"4/9/2026, 3:11:41 p. m.";"4/9/2026, 3:11:41 p. m.";CLOSED;200000;200000;0;-200000;31574.82
14367;Cajero;"4/9/2026, 3:11:41 p. m.";"4/9/2026, 3:11:41 p. m.";CLOSED;200000;200000;0;-200000;44752.48
14366;Cajero;"4/9/2026, 3:11:41 p. m.";"4/9/2026, 3:11:41 p. m.";CLOSED;200000;200000;0;-200000;29091.41
14365;Cajero;"4/9/2026, 3:11:41 p. m.";"4/9/2026, 3:11:41 p. m.";CLOSED;200000;200000;0;-200000;7036.85
14364;Cajero;"4/9/2026, 3:11:40 p. m.";"4/9/2026, 3:11:41 p. m.";CLOSED;200000;200000;0;-200000;27578.14
14363;Cajero;"4/9/2026, 3:11:40 p. m.";"4/9/2026, 3:11:40 p. m.";CLOSED;200000;200000;0;-200000;4328.37
14362;Cajero;"4/9/2026, 3:11:40 p. m.";"4/9/2026, 3:11:40 p. m.";CLOSED;200000;200000;0;-200000;31298.41
14361;Cajero;"4/9/2026, 3:11:40 p. m.";"4/9/2026, 3:11:40 p. m.";CLOSED;200000;200000;0;-200000;39200.69
14360;Cajero;"4/9/2026, 3:11:40 p. m.";"4/9/2026, 3:11:40 p. m.";CLOSED;200000;200000;0;-200000;10014.89
14359;Cajero;"4/9/2026, 3:11:40 p. m.";"4/9/2026, 3:11:40 p. m.";CLOSED;200000;200000;0;-200000;11415.17
14358;Cajero;"4/9/2026, 3:11:40 p. m.";"4/9/2026, 3:11:40 p. m.";CLOSED;200000;200000;0;-200000;35599.09
14357;Cajero;"4/9/2026, 3:11:40 p. m.";"4/9/2026, 3:11:40 p. m.";CLOSED;200000;200000;0;-200000;26090.05
14356;Cajero;"4/9/2026, 3:11:40 p. m.";"4/9/2026, 3:11:40 p. m.";CLOSED;200000;200000;0;-200000;34216.23
14355;Cajero;"4/9/2026, 3:11:40 p. m.";"4/9/2026, 3:11:40 p. m.";CLOSED;200000;200000;0;-200000;13093.07
14354;Cajero;"4/9/2026, 3:11:40 p. m.";"4/9/2026, 3:11:40 p. m.";CLOSED;200000;200000;0;-200000;30259.48
14353;Cajero;"4/9/2026, 3:11:40 p. m.";"4/9/2026, 3:11:40 p. m.";CLOSED;200000;200000;0;-200000;30353.2
14352;Cajero;"4/9/2026, 3:11:40 p. m.";"4/9/2026, 3:11:40 p. m.";CLOSED;200000;200000;0;-200000;36261.75
14351;Cajero;"4/9/2026, 3:11:40 p. m.";"4/9/2026, 3:11:40 p. m.";CLOSED;200000;200000;0;-200000;24419.22
14350;Cajero;"4/9/2026, 3:11:40 p. m.";"4/9/2026, 3:11:40 p. m.";CLOSED;200000;200000;0;-200000;71747.32
14349;Cajero;"4/9/2026, 3:11:40 p. m.";"4/9/2026, 3:11:40 p. m.";CLOSED;200000;200000;0;-200000;73288.16
14348;Cajero;"4/9/2026, 3:11:39 p. m.";"4/9/2026, 3:11:40 p. m.";CLOSED;200000;200000;0;-200000;73350.36
14347;Cajero;"4/9/2026, 3:11:39 p. m.";"4/9/2026, 3:11:39 p. m.";CLOSED;200000;200000;0;-200000;6424.84
14346;Cajero;"4/9/2026, 3:11:39 p. m.";"4/9/2026, 3:11:39 p. m.";CLOSED;200000;200000;0;-200000;43226.7
14345;Cajero;"4/9/2026, 3:11:39 p. m.";"4/9/2026, 3:11:39 p. m.";CLOSED;200000;200000;0;-200000;27621.54
14344;Cajero;"4/9/2026, 3:11:39 p. m.";"4/9/2026, 3:11:39 p. m.";CLOSED;200000;200000;0;-200000;83355.99
14343;Cajero;"4/9/2026, 3:11:39 p. m.";"4/9/2026, 3:11:39 p. m.";CLOSED;200000;200000;0;-200000;43227.1
14342;Cajero;"4/9/2026, 3:11:39 p. m.";"4/9/2026, 3:11:39 p. m.";CLOSED;200000;200000;0;-200000;23995.24
14341;Cajero;"4/9/2026, 3:11:39 p. m.";"4/9/2026, 3:11:39 p. m.";CLOSED;200000;200000;0;-200000;49381.01
14340;Cajero;"4/9/2026, 3:11:39 p. m.";"4/9/2026, 3:11:39 p. m.";CLOSED;200000;200000;0;-200000;48900
14339;Cajero;"4/9/2026, 3:11:39 p. m.";"4/9/2026, 3:11:39 p. m.";CLOSED;200000;200000;0;-200000;7557.21
14338;Cajero;"4/9/2026, 3:11:39 p. m.";"4/9/2026, 3:11:39 p. m.";CLOSED;200000;200000;0;-200000;45275.44
14337;Cajero;"4/9/2026, 3:11:39 p. m.";"4/9/2026, 3:11:39 p. m.";CLOSED;200000;200000;0;-200000;16523.46
14336;Cajero;"4/9/2026, 3:11:39 p. m.";"4/9/2026, 3:11:39 p. m.";CLOSED;200000;200000;0;-200000;47881.72
14335;Cajero;"4/9/2026, 3:11:39 p. m.";"4/9/2026, 3:11:39 p. m.";CLOSED;200000;200000;0;-200000;6341.54
14334;Cajero;"4/9/2026, 3:11:39 p. m.";"4/9/2026, 3:11:39 p. m.";CLOSED;200000;200000;0;-200000;41433.97
14333;Cajero;"4/9/2026, 3:11:39 p. m.";"4/9/2026, 3:11:39 p. m.";CLOSED;200000;200000;0;-200000;39365.67
14332;Cajero;"4/9/2026, 3:11:39 p. m.";"4/9/2026, 3:11:39 p. m.";CLOSED;200000;200000;0;-200000;42652.95
14331;Cajero;"4/9/2026, 3:11:39 p. m.";"4/9/2026, 3:11:39 p. m.";CLOSED;200000;200000;0;-200000;32421.43
14330;Cajero;"4/9/2026, 3:11:38 p. m.";"4/9/2026, 3:11:39 p. m.";CLOSED;200000;200000;0;-200000;42581.61
14329;Cajero;"4/9/2026, 3:11:38 p. m.";"4/9/2026, 3:11:38 p. m.";CLOSED;200000;200000;0;-200000;14904.97
14328;Cajero;"4/9/2026, 3:11:38 p. m.";"4/9/2026, 3:11:38 p. m.";CLOSED;200000;200000;0;-200000;88659.5
14327;Cajero;"4/9/2026, 3:11:38 p. m.";"4/9/2026, 3:11:38 p. m.";CLOSED;200000;200000;0;-200000;32039.35
14326;Cajero;"4/9/2026, 3:11:38 p. m.";"4/9/2026, 3:11:38 p. m.";CLOSED;200000;200000;0;-200000;22766.27
14325;Cajero;"4/9/2026, 3:11:38 p. m.";"4/9/2026, 3:11:38 p. m.";CLOSED;200000;200000;0;-200000;1614.47
14324;Cajero;"4/9/2026, 3:11:38 p. m.";"4/9/2026, 3:11:38 p. m.";CLOSED;200000;200000;0;-200000;33560.15
14323;Cajero;"4/9/2026, 3:11:38 p. m.";"4/9/2026, 3:11:38 p. m.";CLOSED;200000;200000;0;-200000;27689.47
14322;Cajero;"4/9/2026, 3:11:38 p. m.";"4/9/2026, 3:11:38 p. m.";CLOSED;200000;200000;0;-200000;11189.18
14321;Cajero;"4/9/2026, 3:11:38 p. m.";"4/9/2026, 3:11:38 p. m.";CLOSED;200000;200000;0;-200000;80447.86
14320;Cajero;"4/9/2026, 3:11:38 p. m.";"4/9/2026, 3:11:38 p. m.";CLOSED;200000;200000;0;-200000;26587.61
14319;Cajero;"4/9/2026, 3:11:38 p. m.";"4/9/2026, 3:11:38 p. m.";CLOSED;200000;200000;0;-200000;35980.39
14318;Cajero;"4/9/2026, 3:11:38 p. m.";"4/9/2026, 3:11:38 p. m.";CLOSED;200000;200000;0;-200000;93175.77
14317;Cajero;"4/9/2026, 3:11:38 p. m.";"4/9/2026, 3:11:38 p. m.";CLOSED;200000;200000;0;-200000;31674.42
14316;Cajero;"4/9/2026, 3:11:38 p. m.";"4/9/2026, 3:11:38 p. m.";CLOSED;200000;200000;0;-200000;68821.23
14315;Cajero;"4/9/2026, 3:11:38 p. m.";"4/9/2026, 3:11:38 p. m.";CLOSED;200000;200000;0;-200000;78726.44
14314;Cajero;"4/9/2026, 3:11:38 p. m.";"4/9/2026, 3:11:38 p. m.";CLOSED;200000;200000;0;-200000;13586.88
14313;Cajero;"4/9/2026, 3:11:38 p. m.";"4/9/2026, 3:11:38 p. m.";CLOSED;200000;200000;0;-200000;25760.65
14312;Cajero;"4/9/2026, 3:11:38 p. m.";"4/9/2026, 3:11:38 p. m.";CLOSED;200000;200000;0;-200000;75787.36
14311;Cajero;"4/9/2026, 3:11:37 p. m.";"4/9/2026, 3:11:38 p. m.";CLOSED;200000;200000;0;-200000;37724.98
14310;Cajero;"4/9/2026, 3:11:37 p. m.";"4/9/2026, 3:11:37 p. m.";CLOSED;200000;200000;0;-200000;27242.66
14309;Cajero;"4/9/2026, 3:11:37 p. m.";"4/9/2026, 3:11:37 p. m.";CLOSED;200000;200000;0;-200000;16874.44
14308;Cajero;"4/9/2026, 3:11:37 p. m.";"4/9/2026, 3:11:37 p. m.";CLOSED;200000;200000;0;-200000;2248.96
14307;Cajero;"4/9/2026, 3:11:37 p. m.";"4/9/2026, 3:11:37 p. m.";CLOSED;200000;200000;0;-200000;24504.77
14306;Cajero;"4/9/2026, 3:11:37 p. m.";"4/9/2026, 3:11:37 p. m.";CLOSED;200000;200000;0;-200000;11692.03
14305;Cajero;"4/9/2026, 3:11:37 p. m.";"4/9/2026, 3:11:37 p. m.";CLOSED;200000;200000;0;-200000;34294.75
14304;Cajero;"4/9/2026, 3:11:37 p. m.";"4/9/2026, 3:11:37 p. m.";CLOSED;200000;200000;0;-200000;15975.51
14303;Cajero;"4/9/2026, 3:11:37 p. m.";"4/9/2026, 3:11:37 p. m.";CLOSED;200000;200000;0;-200000;9503.44
14302;Cajero;"4/9/2026, 3:11:37 p. m.";"4/9/2026, 3:11:37 p. m.";CLOSED;200000;200000;0;-200000;54291.7
14301;Cajero;"4/9/2026, 3:11:37 p. m.";"4/9/2026, 3:11:37 p. m.";CLOSED;200000;200000;0;-200000;52490.22
14300;Cajero;"4/9/2026, 3:11:37 p. m.";"4/9/2026, 3:11:37 p. m.";CLOSED;200000;200000;0;-200000;9195.74
14299;Cajero;"4/9/2026, 3:11:37 p. m.";"4/9/2026, 3:11:37 p. m.";CLOSED;200000;200000;0;-200000;6932.58
14298;Cajero;"4/9/2026, 3:11:37 p. m.";"4/9/2026, 3:11:37 p. m.";CLOSED;200000;200000;0;-200000;16739.14
14297;Cajero;"4/9/2026, 3:11:37 p. m.";"4/9/2026, 3:11:37 p. m.";CLOSED;200000;200000;0;-200000;26605.12
14296;Cajero;"4/9/2026, 3:11:37 p. m.";"4/9/2026, 3:11:37 p. m.";CLOSED;200000;200000;0;-200000;46118.37
14295;Cajero;"4/9/2026, 3:11:37 p. m.";"4/9/2026, 3:11:37 p. m.";CLOSED;200000;200000;0;-200000;49141.76
14294;Cajero;"4/9/2026, 3:11:37 p. m.";"4/9/2026, 3:11:37 p. m.";CLOSED;200000;200000;0;-200000;96350.01
14293;Cajero;"4/9/2026, 3:11:36 p. m.";"4/9/2026, 3:11:37 p. m.";CLOSED;200000;200000;0;-200000;58792.82
14292;Cajero;"4/9/2026, 3:11:36 p. m.";"4/9/2026, 3:11:36 p. m.";CLOSED;200000;200000;0;-200000;51606.12
14291;Cajero;"4/9/2026, 3:11:36 p. m.";"4/9/2026, 3:11:36 p. m.";CLOSED;200000;200000;0;-200000;75708.75
14290;Cajero;"4/9/2026, 3:11:36 p. m.";"4/9/2026, 3:11:36 p. m.";CLOSED;200000;200000;0;-200000;44303.18
14289;Cajero;"4/9/2026, 3:11:36 p. m.";"4/9/2026, 3:11:36 p. m.";CLOSED;200000;200000;0;-200000;49064.36
14288;Cajero;"4/9/2026, 3:11:36 p. m.";"4/9/2026, 3:11:36 p. m.";CLOSED;200000;200000;0;-200000;42146.38
14287;Cajero;"4/9/2026, 3:11:36 p. m.";"4/9/2026, 3:11:36 p. m.";CLOSED;200000;200000;0;-200000;39458.69
14286;Cajero;"4/9/2026, 3:11:36 p. m.";"4/9/2026, 3:11:36 p. m.";CLOSED;200000;200000;0;-200000;85543.51
14285;Cajero;"4/9/2026, 3:11:36 p. m.";"4/9/2026, 3:11:36 p. m.";CLOSED;200000;200000;0;-200000;38803.59
14284;Cajero;"4/9/2026, 3:11:36 p. m.";"4/9/2026, 3:11:36 p. m.";CLOSED;200000;200000;0;-200000;39929.54
14283;Cajero;"4/9/2026, 3:11:36 p. m.";"4/9/2026, 3:11:36 p. m.";CLOSED;200000;200000;0;-200000;28059.97
14282;Cajero;"4/9/2026, 3:11:36 p. m.";"4/9/2026, 3:11:36 p. m.";CLOSED;200000;200000;0;-200000;73571.83
14281;Cajero;"4/9/2026, 3:11:36 p. m.";"4/9/2026, 3:11:36 p. m.";CLOSED;200000;200000;0;-200000;13881.27
14280;Cajero;"4/9/2026, 3:11:36 p. m.";"4/9/2026, 3:11:36 p. m.";CLOSED;200000;200000;0;-200000;49104.22
14279;Cajero;"4/9/2026, 3:11:36 p. m.";"4/9/2026, 3:11:36 p. m.";CLOSED;200000;200000;0;-200000;2330.46
14278;Cajero;"4/9/2026, 3:11:36 p. m.";"4/9/2026, 3:11:36 p. m.";CLOSED;200000;200000;0;-200000;31629.1
14277;Cajero;"4/9/2026, 3:11:36 p. m.";"4/9/2026, 3:11:36 p. m.";CLOSED;200000;200000;0;-200000;31075.98
14276;Cajero;"4/9/2026, 3:11:36 p. m.";"4/9/2026, 3:11:36 p. m.";CLOSED;200000;200000;0;-200000;34987.92
14275;Cajero;"4/9/2026, 3:11:36 p. m.";"4/9/2026, 3:11:36 p. m.";CLOSED;200000;200000;0;-200000;36159.22
14274;Cajero;"4/9/2026, 3:11:36 p. m.";"4/9/2026, 3:11:36 p. m.";CLOSED;200000;200000;0;-200000;28319.24
14273;Cajero;"4/9/2026, 3:11:36 p. m.";"4/9/2026, 3:11:36 p. m.";CLOSED;200000;200000;0;-200000;29533.63
14272;Cajero;"4/9/2026, 3:11:35 p. m.";"4/9/2026, 3:11:36 p. m.";CLOSED;200000;200000;0;-200000;27713.85
14271;Cajero;"4/9/2026, 3:11:35 p. m.";"4/9/2026, 3:11:35 p. m.";CLOSED;200000;200000;0;-200000;28319.24
14270;Cajero;"4/9/2026, 3:11:35 p. m.";"4/9/2026, 3:11:35 p. m.";CLOSED;200000;200000;0;-200000;31232.75
14269;Cajero;"4/9/2026, 3:11:35 p. m.";"4/9/2026, 3:11:35 p. m.";CLOSED;200000;200000;0;-200000;28396.17
14268;Cajero;"4/9/2026, 3:11:35 p. m.";"4/9/2026, 3:11:35 p. m.";CLOSED;200000;200000;0;-200000;13091.02
14267;Cajero;"4/9/2026, 3:11:35 p. m.";"4/9/2026, 3:11:35 p. m.";CLOSED;200000;200000;0;-200000;20899.34
14266;Cajero;"4/9/2026, 3:11:35 p. m.";"4/9/2026, 3:11:35 p. m.";CLOSED;200000;200000;0;-200000;1613.91
14265;Cajero;"4/9/2026, 3:11:35 p. m.";"4/9/2026, 3:11:35 p. m.";CLOSED;200000;200000;0;-200000;7254.95
14264;Cajero;"4/9/2026, 3:11:35 p. m.";"4/9/2026, 3:11:35 p. m.";CLOSED;200000;200000;0;-200000;51177.14
14263;Cajero;"4/9/2026, 3:11:35 p. m.";"4/9/2026, 3:11:35 p. m.";CLOSED;200000;200000;0;-200000;584.11
14262;Cajero;"4/9/2026, 3:11:35 p. m.";"4/9/2026, 3:11:35 p. m.";CLOSED;200000;200000;0;-200000;47932.08
14261;Cajero;"4/9/2026, 3:11:35 p. m.";"4/9/2026, 3:11:35 p. m.";CLOSED;200000;200000;0;-200000;74229.97
14260;Cajero;"4/9/2026, 3:11:35 p. m.";"4/9/2026, 3:11:35 p. m.";CLOSED;200000;200000;0;-200000;52361.76
14259;Cajero;"4/9/2026, 3:11:35 p. m.";"4/9/2026, 3:11:35 p. m.";CLOSED;200000;200000;0;-200000;28529.33
14258;Cajero;"4/9/2026, 3:11:35 p. m.";"4/9/2026, 3:11:35 p. m.";CLOSED;200000;200000;0;-200000;71840.79
14257;Cajero;"4/9/2026, 3:11:35 p. m.";"4/9/2026, 3:11:35 p. m.";CLOSED;200000;200000;0;-200000;1439.89
14256;Cajero;"4/9/2026, 3:11:35 p. m.";"4/9/2026, 3:11:35 p. m.";CLOSED;200000;200000;0;-200000;21856.39
14255;Cajero;"4/9/2026, 3:11:35 p. m.";"4/9/2026, 3:11:35 p. m.";CLOSED;200000;200000;0;-200000;8811.65
14254;Cajero;"4/9/2026, 3:11:35 p. m.";"4/9/2026, 3:11:35 p. m.";CLOSED;200000;200000;0;-200000;17577.35
14253;Cajero;"4/9/2026, 3:11:35 p. m.";"4/9/2026, 3:11:35 p. m.";CLOSED;200000;200000;0;-200000;22316.53
14252;Cajero;"4/9/2026, 3:11:34 p. m.";"4/9/2026, 3:11:35 p. m.";CLOSED;200000;200000;0;-200000;37273.01
14251;Cajero;"4/9/2026, 3:11:34 p. m.";"4/9/2026, 3:11:34 p. m.";CLOSED;200000;200000;0;-200000;82601.03
14250;Cajero;"4/9/2026, 3:11:34 p. m.";"4/9/2026, 3:11:34 p. m.";CLOSED;200000;200000;0;-200000;10142.82
14249;Cajero;"4/9/2026, 3:11:34 p. m.";"4/9/2026, 3:11:34 p. m.";CLOSED;200000;200000;0;-200000;53245.36
14248;Cajero;"4/9/2026, 3:11:34 p. m.";"4/9/2026, 3:11:34 p. m.";CLOSED;200000;200000;0;-200000;10881.43
14247;Cajero;"4/9/2026, 3:11:34 p. m.";"4/9/2026, 3:11:34 p. m.";CLOSED;200000;200000;0;-200000;1340.04
14246;Cajero;"4/9/2026, 3:11:34 p. m.";"4/9/2026, 3:11:34 p. m.";CLOSED;200000;200000;0;-200000;83520.55
14245;Cajero;"4/9/2026, 3:11:34 p. m.";"4/9/2026, 3:11:34 p. m.";CLOSED;200000;200000;0;-200000;78726.44
14244;Cajero;"4/9/2026, 3:11:34 p. m.";"4/9/2026, 3:11:34 p. m.";CLOSED;200000;200000;0;-200000;28721.97
14243;Cajero;"4/9/2026, 3:11:34 p. m.";"4/9/2026, 3:11:34 p. m.";CLOSED;200000;200000;0;-200000;31971.92
14242;Cajero;"4/9/2026, 3:11:34 p. m.";"4/9/2026, 3:11:34 p. m.";CLOSED;200000;200000;0;-200000;32655.98
14241;Cajero;"4/9/2026, 3:11:34 p. m.";"4/9/2026, 3:11:34 p. m.";CLOSED;200000;200000;0;-200000;30253.71
14240;Cajero;"4/9/2026, 3:11:34 p. m.";"4/9/2026, 3:11:34 p. m.";CLOSED;200000;200000;0;-200000;68922.02
14239;Cajero;"4/9/2026, 3:11:34 p. m.";"4/9/2026, 3:11:34 p. m.";CLOSED;200000;200000;0;-200000;27665.42
14238;Cajero;"4/9/2026, 3:11:34 p. m.";"4/9/2026, 3:11:34 p. m.";CLOSED;200000;200000;0;-200000;41172.71
14237;Cajero;"4/9/2026, 3:11:34 p. m.";"4/9/2026, 3:11:34 p. m.";CLOSED;200000;200000;0;-200000;39357.48
14236;Cajero;"4/9/2026, 3:11:34 p. m.";"4/9/2026, 3:11:34 p. m.";CLOSED;200000;200000;0;-200000;29841.87
14235;Cajero;"4/9/2026, 3:11:34 p. m.";"4/9/2026, 3:11:34 p. m.";CLOSED;200000;200000;0;-200000;81400.96
14234;Cajero;"4/9/2026, 3:11:34 p. m.";"4/9/2026, 3:11:34 p. m.";CLOSED;200000;200000;0;-200000;48181.74
14233;Cajero;"4/9/2026, 3:11:34 p. m.";"4/9/2026, 3:11:34 p. m.";CLOSED;200000;200000;0;-200000;27065.33
14232;Cajero;"4/9/2026, 3:11:33 p. m.";"4/9/2026, 3:11:34 p. m.";CLOSED;200000;200000;0;-200000;85543.51
14231;Cajero;"4/9/2026, 3:11:33 p. m.";"4/9/2026, 3:11:33 p. m.";CLOSED;200000;200000;0;-200000;74167.07
14230;Cajero;"4/9/2026, 3:11:33 p. m.";"4/9/2026, 3:11:33 p. m.";CLOSED;200000;200000;0;-200000;21698.02
14229;Cajero;"4/9/2026, 3:11:33 p. m.";"4/9/2026, 3:11:33 p. m.";CLOSED;200000;200000;0;-200000;11382.45
14228;Cajero;"4/9/2026, 3:11:33 p. m.";"4/9/2026, 3:11:33 p. m.";CLOSED;200000;200000;0;-200000;32496.84
14227;Cajero;"4/9/2026, 3:11:33 p. m.";"4/9/2026, 3:11:33 p. m.";CLOSED;200000;200000;0;-200000;5831.99
14226;Cajero;"4/9/2026, 3:11:33 p. m.";"4/9/2026, 3:11:33 p. m.";CLOSED;200000;200000;0;-200000;43161.22
14225;Cajero;"4/9/2026, 3:11:33 p. m.";"4/9/2026, 3:11:33 p. m.";CLOSED;200000;200000;0;-200000;9138.66
14224;Cajero;"4/9/2026, 3:11:33 p. m.";"4/9/2026, 3:11:33 p. m.";CLOSED;200000;200000;0;-200000;97871.15
14223;Cajero;"4/9/2026, 3:11:33 p. m.";"4/9/2026, 3:11:33 p. m.";CLOSED;200000;200000;0;-200000;53234.72
14222;Cajero;"4/9/2026, 3:11:33 p. m.";"4/9/2026, 3:11:33 p. m.";CLOSED;200000;200000;0;-200000;45638.46
14221;Cajero;"4/9/2026, 3:11:33 p. m.";"4/9/2026, 3:11:33 p. m.";CLOSED;200000;200000;0;-200000;83841.6
14220;Cajero;"4/9/2026, 3:11:33 p. m.";"4/9/2026, 3:11:33 p. m.";CLOSED;200000;200000;0;-200000;40623.47
14219;Cajero;"4/9/2026, 3:11:33 p. m.";"4/9/2026, 3:11:33 p. m.";CLOSED;200000;200000;0;-200000;3604.88
14218;Cajero;"4/9/2026, 3:11:33 p. m.";"4/9/2026, 3:11:33 p. m.";CLOSED;200000;200000;0;-200000;5198.17
14217;Cajero;"4/9/2026, 3:11:33 p. m.";"4/9/2026, 3:11:33 p. m.";CLOSED;200000;200000;0;-200000;8751.08
14216;Cajero;"4/9/2026, 3:11:33 p. m.";"4/9/2026, 3:11:33 p. m.";CLOSED;200000;200000;0;-200000;24595.99
14215;Cajero;"4/9/2026, 3:11:33 p. m.";"4/9/2026, 3:11:33 p. m.";CLOSED;200000;200000;0;-200000;21455.3
14214;Cajero;"4/9/2026, 3:11:33 p. m.";"4/9/2026, 3:11:33 p. m.";CLOSED;200000;200000;0;-200000;73828.43
14213;Cajero;"4/9/2026, 3:11:33 p. m.";"4/9/2026, 3:11:33 p. m.";CLOSED;200000;200000;0;-200000;18931.1
14212;Cajero;"4/9/2026, 3:11:32 p. m.";"4/9/2026, 3:11:33 p. m.";CLOSED;200000;200000;0;-200000;37301.17
14211;Cajero;"4/9/2026, 3:11:32 p. m.";"4/9/2026, 3:11:32 p. m.";CLOSED;200000;200000;0;-200000;37524.35
14210;Cajero;"4/9/2026, 3:11:32 p. m.";"4/9/2026, 3:11:32 p. m.";CLOSED;200000;200000;0;-200000;69078.27
14209;Cajero;"4/9/2026, 3:11:32 p. m.";"4/9/2026, 3:11:32 p. m.";CLOSED;200000;200000;0;-200000;6751.03
14208;Cajero;"4/9/2026, 3:11:32 p. m.";"4/9/2026, 3:11:32 p. m.";CLOSED;200000;200000;0;-200000;47277.45
14207;Cajero;"4/9/2026, 3:11:32 p. m.";"4/9/2026, 3:11:32 p. m.";CLOSED;200000;200000;0;-200000;14937.25
14206;Cajero;"4/9/2026, 3:11:32 p. m.";"4/9/2026, 3:11:32 p. m.";CLOSED;200000;200000;0;-200000;70445.28
14205;Cajero;"4/9/2026, 3:11:32 p. m.";"4/9/2026, 3:11:32 p. m.";CLOSED;200000;200000;0;-200000;27148.57
14204;Cajero;"4/9/2026, 3:11:32 p. m.";"4/9/2026, 3:11:32 p. m.";CLOSED;200000;200000;0;-200000;8778.8
14203;Cajero;"4/9/2026, 3:11:32 p. m.";"4/9/2026, 3:11:32 p. m.";CLOSED;200000;200000;0;-200000;34385.28
14202;Cajero;"4/9/2026, 3:11:32 p. m.";"4/9/2026, 3:11:32 p. m.";CLOSED;200000;200000;0;-200000;48584.73
14201;Cajero;"4/9/2026, 3:11:32 p. m.";"4/9/2026, 3:11:32 p. m.";CLOSED;200000;200000;0;-200000;52122.14
