Código;Código Barras;Nombre;Categoría;Precio;Costo;Stock;Stock Mínimo;Stock Crítico;IVA %;Unidad;Activo;Ubicación;Vencimiento
NEW-1788552193797-0-0;7702770182;Bulk 0-0;Nueva Cat;33465.65;11453.18;422;5;2;0;UNIT;Sí;;
NEW-1788552193797-0-1;;Bulk 0-1;Snacks;30684.45;17154.78;158;5;2;0;UNIT;Sí;;
NEW-1788552193797-0-4;7704837249;Bulk 0-4;Snacks;46126.62;10880.94;157;5;2;0;UNIT;Sí;;
NEW-1788552193797-0-5;7702483463;Bulk 0-5;Snacks;8215.29;8428.69;204;5;2;0;UNIT;Sí;;
NEW-1788552193797-0-6;7703036322;Bulk 0-6;Nueva Cat;33782.2;17769.43;100;5;2;0;UNIT;Sí;;
NEW-1788552193806-1-0;;Bulk 1-0;Lacteos;48160.51;10490.55;466;5;2;0;UNIT;Sí;;
NEW-1788552193858-10-0;;Bulk 10-0;Lacteos;8491.63;1573.16;123;5;2;0;UNIT;Sí;;2026-12-31
NEW-1788552193858-10-3;;Bulk 10-3;Nueva Cat;13334;24938.87;236;5;2;0;UNIT;Sí;;
NEW-1788552194103-100-0;7701243851;Bulk 100-0;Bebidas;27588.5;6060.67;326;5;2;0;UNIT;Sí;;2026-12-31
NEW-1788552194104-101-0;7701366818;Bulk 101-0;Nueva Cat;2545.94;2478.38;419;5;2;0;UNIT;Sí;;
NEW-1788552194104-101-2;7702909450;Bulk 101-2;Snacks;6670.51;21815.58;356;5;2;0;UNIT;Sí;;
NEW-1788552194104-101-3;;Bulk 101-3;Snacks;25604.01;4350.52;194;5;2;0;UNIT;Sí;;
NEW-1788552194104-101-5;7706273638;Bulk 101-5;Bebidas;25843.98;26929.53;47;5;2;0;UNIT;Sí;;2026-12-31
NEW-1788552194106-102-2;7703453393;Bulk 102-2;Lacteos;23255.48;11265.48;143;5;2;0;UNIT;Sí;;
NEW-1788552194106-102-5;7705258888;Bulk 102-5;Nueva Cat;49325.71;13057.66;47;5;2;0;UNIT;Sí;;2026-12-31
NEW-1788552194108-103-2;;Bulk 103-2;Lacteos;19879.15;26850.05;45;5;2;0;UNIT;Sí;;
NEW-1788552194108-103-3;7708822085;Bulk 103-3;Nueva Cat;9313.5;13910.99;45;5;2;0;UNIT;Sí;;
NEW-1788552194108-103-4;7702956463;Bulk 103-4;Lacteos;35112.55;4028.88;142;5;2;0;UNIT;Sí;;
NEW-1788552194108-103-9;;Bulk 103-9;Snacks;44427.98;1371.55;510;5;2;0;UNIT;Sí;;
NEW-1788552194111-104-3;;Bulk 104-3;Nueva Cat;1151.91;13880.1;145;5;2;0;UNIT;Sí;;
NEW-1788552194112-105-2;7702906692;Bulk 105-2;Snacks;45358.74;4673.33;212;5;2;0;UNIT;Sí;;
NEW-1788552194112-105-3;;Bulk 105-3;Nueva Cat;22076.81;5733.27;486;5;2;0;UNIT;Sí;;
NEW-1788552194112-105-4;;Bulk 105-4;Snacks;31991.26;14971.83;372;5;2;0;UNIT;Sí;;
NEW-1788552194112-105-5;7704885148;Bulk 105-5;Bebidas;15558.17;11055.97;310;5;2;0;UNIT;Sí;;2026-12-31
NEW-1788552194112-105-6;7708029711;Bulk 105-6;Nueva Cat;47963.46;24296.24;248;5;2;0;UNIT;Sí;;2026-12-31
NEW-1788552194112-105-7;7709691742;Bulk 105-7;Nueva Cat;4536.5;337.89;409;5;2;0;UNIT;Sí;;2026-12-31
NEW-1788552194112-105-8;7706325514;Bulk 105-8;Lacteos;4730.59;16977.73;164;5;2;0;UNIT;Sí;;
NEW-1788552194119-106-2;7702729119;Bulk 106-2;Bebidas;44642.28;310.59;274;5;2;0;UNIT;Sí;;
NEW-1788552194119-106-3;7708286042;Bulk 106-3;Lacteos;45934.44;8975.79;70;5;2;0;UNIT;Sí;;
NEW-1788552194119-106-4;7704967168;Bulk 106-4;Bebidas;26190.64;16127.86;149;5;2;0;UNIT;Sí;;2026-12-31
NEW-1788552194119-106-5;7706870478;Bulk 106-5;Bebidas;45492.94;16813.65;228;5;2;0;UNIT;Sí;;
NEW-1788552194119-106-6;;Bulk 106-6;Bebidas;45358.66;5343.97;323;5;2;0;UNIT;Sí;;
NEW-1788552194122-107-0;7702909233;Bulk 107-0;Lacteos;18355.2;26217.77;225;5;2;0;UNIT;Sí;;
NEW-1788552194122-107-3;7706780593;Bulk 107-3;Nueva Cat;45911.73;4433.66;120;5;2;0;UNIT;Sí;;
NEW-1788552194125-108-0;7707533851;Bulk 108-0;Nueva Cat;28391.54;7801.13;350;5;2;0;UNIT;Sí;;
NEW-1788552194125-108-2;7703473904;Bulk 108-2;Nueva Cat;29329.02;28479.96;485;5;2;0;UNIT;Sí;;2026-12-31
NEW-1788552194126-109-2;7702597365;Bulk 109-2;Lacteos;5741.87;19551.25;144;5;2;0;UNIT;Sí;;
NEW-1788552194126-109-3;7704923124;Bulk 109-3;Bebidas;5128.53;18455.29;483;5;2;0;UNIT;Sí;;2026-12-31
NEW-1788552193864-11-0;7708064822;Bulk 11-0;Snacks;36401.34;28956.32;278;5;2;0;UNIT;Sí;;
NEW-1788552193864-11-2;7707238878;Bulk 11-2;Nueva Cat;16112.6;17979.44;127;5;2;0;UNIT;Sí;;
NEW-1788552193864-11-3;7707542212;Bulk 11-3;Lacteos;2036.19;22963.32;461;5;2;0;UNIT;Sí;;
NEW-1788552194128-111-1;7709805533;Bulk 111-1;Snacks;7085.3;29068.83;285;5;2;0;UNIT;Sí;;
NEW-1788552194128-111-2;;Bulk 111-2;Snacks;18139.08;8454.11;142;5;2;0;UNIT;Sí;;
NEW-1788552194128-111-3;7702718918;Bulk 111-3;Bebidas;29082.16;21181.71;220;5;2;0;UNIT;Sí;;
NEW-1788552194131-112-0;7708362926;Bulk 112-0;Snacks;27163.6;14936.26;84;5;2;0;UNIT;Sí;;2026-12-31
NEW-1788552194131-112-1;;Bulk 112-1;Nueva Cat;42319.99;16384.75;266;5;2;0;UNIT;Sí;;2026-12-31
NEW-1788552194131-112-2;7704641207;Bulk 112-2;Bebidas;42104.07;10761.49;92;5;2;0;UNIT;Sí;;
NEW-1788552194155-113-1;7704944499;Bulk 113-1;Nueva Cat;15198.67;21425.58;112;5;2;0;UNIT;Sí;;
NEW-1788552194155-113-3;7704187468;Bulk 113-3;Lacteos;24733.01;7621.2;483;5;2;0;UNIT;Sí;;
NEW-1788552194157-114-0;7703753649;Bulk 114-0;Snacks;23872.24;13664.04;285;5;2;0;UNIT;Sí;;
NEW-1788552194157-114-2;7708753368;Bulk 114-2;Snacks;29623.59;7490.17;67;5;2;0;UNIT;Sí;;
NEW-1788552194160-115-1;7709579479;Bulk 115-1;Lacteos;38885.03;12651.8;307;5;2;0;UNIT;Sí;;
NEW-1788552194160-115-2;7701042497;Bulk 115-2;Lacteos;6949.35;9636.93;454;5;2;0;UNIT;Sí;;2026-12-31
NEW-1788552194160-115-3;7704173204;Bulk 115-3;Snacks;39278.66;313.64;325;5;2;0;UNIT;Sí;;
NEW-1788552194162-116-1;;Bulk 116-1;Nueva Cat;49762.22;18855.9;46;5;2;0;UNIT;Sí;;
NEW-1788552194162-116-2;7709067895;Bulk 116-2;Bebidas;9424.09;13796.93;253;5;2;0;UNIT;Sí;;
NEW-1788552194162-116-4;7709504964;Bulk 116-4;Snacks;36404.16;2343.2;378;5;2;0;UNIT;Sí;;
NEW-1788552194162-116-8;;Bulk 116-8;Lacteos;29478.73;27907.41;449;5;2;0;UNIT;Sí;;
NEW-1788552194168-117-0;7707380478;Bulk 117-0;Nueva Cat;24092.26;11624.18;237;5;2;0;UNIT;Sí;;
NEW-1788552194168-117-2;;Bulk 117-2;Lacteos;41776.68;5149.09;381;5;2;0;UNIT;Sí;;
NEW-1788552194168-117-4;7704321140;Bulk 117-4;Nueva Cat;21325.14;14331.29;202;5;2;0;UNIT;Sí;;
NEW-1788552194168-117-5;;Bulk 117-5;Bebidas;14435.43;538.83;382;5;2;0;UNIT;Sí;;
NEW-1788552194172-118-0;7704107461;Bulk 118-0;Snacks;37823.99;18028.51;349;5;2;0;UNIT;Sí;;
NEW-1788552194172-118-2;;Bulk 118-2;Lacteos;45756.55;26165.27;62;5;2;0;UNIT;Sí;;2026-12-31
NEW-1788552194172-118-3;7703751462;Bulk 118-3;Bebidas;5808.59;4682.43;462;5;2;0;UNIT;Sí;;
NEW-1788552194172-118-7;;Bulk 118-7;Nueva Cat;24114.16;10767.15;46;5;2;0;UNIT;Sí;;
NEW-1788552194172-118-8;7707872336;Bulk 118-8;Nueva Cat;21733.3;17380.21;180;5;2;0;UNIT;Sí;;
NEW-1788552193870-12-2;;Bulk 12-2;Lacteos;6023.28;15342.02;380;5;2;0;UNIT;Sí;;2026-12-31
NEW-1788552193870-12-3;7706773160;Bulk 12-3;Nueva Cat;26869.55;17294.19;54;5;2;0;UNIT;Sí;;
NEW-1788552194175-120-0;7703676129;Bulk 120-0;Nueva Cat;39846.33;29178.94;463;5;2;0;UNIT;Sí;;
NEW-1788552194177-121-0;;Bulk 121-0;Bebidas;25773.37;27068.07;431;5;2;0;UNIT;Sí;;
NEW-1788552194177-121-1;7702872160;Bulk 121-1;Nueva Cat;13564.18;21361.49;106;5;2;0;UNIT;Sí;;2026-12-31
NEW-1788552194177-121-2;7701206309;Bulk 121-2;Nueva Cat;5156.83;18500.13;275;5;2;0;UNIT;Sí;;
NEW-1788552194177-121-3;7705825141;Bulk 121-3;Snacks;42690.75;27617.56;362;5;2;0;UNIT;Sí;;2026-12-31
NEW-1788552194177-121-5;7707469670;Bulk 121-5;Lacteos;24535.51;6150.35;98;5;2;0;UNIT;Sí;;
NEW-1788552194177-121-6;7708934843;Bulk 121-6;Snacks;35342.66;29046.48;295;5;2;0;UNIT;Sí;;
NEW-1788552194184-122-1;7706084000;Bulk 122-1;Snacks;1613.91;19130.66;35;5;2;0;UNIT;Sí;;
NEW-1788552194184-122-2;7708649419;Bulk 122-2;Lacteos;20356.48;2040.88;207;5;2;0;UNIT;Sí;;
NEW-1788552194186-123-0;7709490710;Bulk 123-0;Bebidas;29075.71;20104.69;110;5;2;0;UNIT;Sí;;
NEW-1788552194186-123-2;;Bulk 123-2;Bebidas;47555.17;10757.11;305;5;2;0;UNIT;Sí;;
NEW-1788552194186-123-3;7702754286;Bulk 123-3;Snacks;4715.46;13904.09;49;5;2;0;UNIT;Sí;;
NEW-1788552194186-123-5;7706939364;Bulk 123-5;Nueva Cat;25538.7;14141.73;45;5;2;0;UNIT;Sí;;
NEW-1788552194190-125-0;7701851436;Bulk 125-0;Nueva Cat;19891.05;4717.03;443;5;2;0;UNIT;Sí;;
NEW-1788552194191-126-0;7702818274;Bulk 126-0;Snacks;43957;4568.79;126;5;2;0;UNIT;Sí;;
NEW-1788552194191-126-1;;Bulk 126-1;Nueva Cat;11289.18;11025.47;319;5;2;0;UNIT;Sí;;
NEW-1788552194191-126-2;;Bulk 126-2;Bebidas;33604.77;10803.07;454;5;2;0;UNIT;Sí;;
NEW-1788552194192-127-0;7703399151;Bulk 127-0;Lacteos;20393.94;3163.69;456;5;2;0;UNIT;Sí;;
NEW-1788552194193-128-2;7701082331;Bulk 128-2;Snacks;21778.68;29209.8;47;5;2;0;UNIT;Sí;;
NEW-1788552194194-129-0;;Bulk 129-0;Lacteos;29719.46;28014;175;5;2;0;UNIT;Sí;;2026-12-31
NEW-1788552194194-129-1;;Bulk 129-1;Lacteos;9248.32;28338.73;72;5;2;0;UNIT;Sí;;
NEW-1788552193874-13-0;7706194701;Bulk 13-0;Bebidas;32386.2;21438.5;284;5;2;0;UNIT;Sí;;2026-12-31
NEW-1788552193874-13-5;7704093915;Bulk 13-5;Snacks;18020.33;22318.93;510;5;2;0;UNIT;Sí;;
NEW-1788552193874-13-7;7708128407;Bulk 13-7;Nueva Cat;13895.84;14020.41;54;5;2;0;UNIT;Sí;;
NEW-1788552194195-130-0;;Bulk 130-0;Snacks;48017.3;25325.11;176;5;2;0;UNIT;Sí;;2026-12-31
NEW-1788552194195-130-2;;Bulk 130-2;Nueva Cat;11179.26;15711.95;76;5;2;0;UNIT;Sí;;
NEW-1788552194195-130-3;7705171823;Bulk 130-3;Nueva Cat;47841.19;28430.49;188;5;2;0;UNIT;Sí;;2026-12-31
NEW-1788552194195-130-5;;Bulk 130-5;Lacteos;40153.67;25722.68;436;5;2;0;UNIT;Sí;;
NEW-1788552194195-130-6;7709966846;Bulk 130-6;Bebidas;14852.18;7245.33;47;5;2;0;UNIT;Sí;;2026-12-31
NEW-1788552194200-131-1;;Bulk 131-1;Bebidas;6740.82;12790.3;153;5;2;0;UNIT;Sí;;
NEW-1788552194200-131-2;7706939562;Bulk 131-2;Snacks;13183;22424.3;417;5;2;0;UNIT;Sí;;
NEW-1788552194200-131-5;;Bulk 131-5;Nueva Cat;27688.35;7321.58;229;5;2;0;UNIT;Sí;;
NEW-1788552194200-131-6;;Bulk 131-6;Nueva Cat;18591.15;16835.01;307;5;2;0;UNIT;Sí;;
NEW-1788552194200-131-9;7709150371;Bulk 131-9;Nueva Cat;20616.27;29858.39;443;5;2;0;UNIT;Sí;;
NEW-1788552194204-132-0;7706036032;Bulk 132-0;Bebidas;34178.27;11615.98;283;5;2;0;UNIT;Sí;;
NEW-1788552194204-132-1;7705224941;Bulk 132-1;Snacks;39496.5;25445.95;441;5;2;0;UNIT;Sí;;
NEW-1788552194205-133-1;7703293964;Bulk 133-1;Bebidas;24971.04;940.07;358;5;2;0;UNIT;Sí;;
NEW-1788552194206-134-0;;Bulk 134-0;Snacks;18617.42;21722.86;319;5;2;0;UNIT;Sí;;2026-12-31
NEW-1788552194206-134-1;7705060430;Bulk 134-1;Lacteos;22139.9;22265.25;206;5;2;0;UNIT;Sí;;
NEW-1788552194206-134-3;7708854557;Bulk 134-3;Bebidas;7273.67;25855.91;124;5;2;0;UNIT;Sí;;
NEW-1788552194209-136-3;7705184302;Bulk 136-3;Nueva Cat;29587.32;5693.07;281;5;2;0;UNIT;Sí;;
NEW-1788552194211-138-0;7708501529;Bulk 138-0;Bebidas;3523.67;22850.86;136;5;2;0;UNIT;Sí;;2026-12-31
NEW-1788552194211-139-1;;Bulk 139-1;Snacks;12401.97;1861.56;142;5;2;0;UNIT;Sí;;
NEW-1788552193877-14-0;7709644551;Bulk 14-0;Snacks;47018.96;17828.24;180;5;2;0;UNIT;Sí;;
NEW-1788552193877-14-3;7704171659;Bulk 14-3;Lacteos;6956.16;16245.91;416;5;2;0;UNIT;Sí;;
NEW-1788552194213-141-1;7706648710;Bulk 141-1;Lacteos;4258.38;2194.98;46;5;2;0;UNIT;Sí;;
NEW-1788552194213-141-5;7707160504;Bulk 141-5;Lacteos;40290.46;6258.46;114;5;2;0;UNIT;Sí;;
NEW-1788552194213-141-6;;Bulk 141-6;Snacks;42476.58;2943.58;428;5;2;0;UNIT;Sí;;
NEW-1788552194213-141-8;7709346022;Bulk 141-8;Snacks;8567.32;4822.15;424;5;2;0;UNIT;Sí;;2026-12-31
NEW-1788552194217-142-1;;Bulk 142-1;Snacks;33579.45;29963.59;94;5;2;0;UNIT;Sí;;
NEW-1788552194218-143-0;;Bulk 143-0;Bebidas;22222.25;22077.92;142;5;2;0;UNIT;Sí;;
NEW-1788552194219-144-1;;Bulk 144-1;Lacteos;30297.93;14193.59;406;5;2;0;UNIT;Sí;;
NEW-1788552194220-145-0;7701582569;Bulk 145-0;Nueva Cat;23685.14;4630.67;303;5;2;0;UNIT;Sí;;
NEW-1788552194220-145-2;;Bulk 145-2;Lacteos;32129.54;10538.06;464;5;2;0;UNIT;Sí;;
NEW-1788552194220-145-4;7702166824;Bulk 145-4;Bebidas;33781.68;3304.03;170;5;2;0;UNIT;Sí;;
NEW-1788552194220-145-5;7706109070;Bulk 145-5;Snacks;19880.87;8115.12;49;5;2;0;UNIT;Sí;;
NEW-1788552194226-146-0;7709448647;Bulk 146-0;Lacteos;35161.48;14305.77;135;5;2;0;UNIT;Sí;;
NEW-1788552194227-148-0;7703629624;Bulk 148-0;Snacks;14674.46;17800.82;118;5;2;0;UNIT;Sí;;
NEW-1788552194227-148-3;;Bulk 148-3;Snacks;25332.19;28036.69;481;5;2;0;UNIT;Sí;;
NEW-1788552194227-148-4;;Bulk 148-4;Bebidas;13780.78;7712.66;428;5;2;0;UNIT;Sí;;
NEW-1788552194227-148-5;7707552334;Bulk 148-5;Lacteos;24345.45;4551.99;219;5;2;0;UNIT;Sí;;
NEW-1788552194227-148-6;7709344529;Bulk 148-6;Bebidas;12000.17;21912.31;444;5;2;0;UNIT;Sí;;
NEW-1788552194227-148-9;7703734032;Bulk 148-9;Lacteos;33563.12;13774.96;192;5;2;0;UNIT;Sí;;2026-12-31
NEW-1788552194231-149-0;;Bulk 149-0;Lacteos;7241.18;25095.82;124;5;2;0;UNIT;Sí;;
NEW-1788552193880-15-3;7701498962;Bulk 15-3;Bebidas;9385.64;24622.02;328;5;2;0;UNIT;Sí;;
NEW-1788552194233-150-6;7706210724;Bulk 150-6;Nueva Cat;46778.92;5926.69;292;5;2;0;UNIT;Sí;;2026-12-31
NEW-1788552194236-151-0;;Bulk 151-0;Lacteos;30849.39;21431.63;435;5;2;0;UNIT;Sí;;
NEW-1788552194236-151-3;7706081645;Bulk 151-3;Bebidas;43969.63;13197.07;149;5;2;0;UNIT;Sí;;
NEW-1788552194236-151-4;;Bulk 151-4;Lacteos;47680.6;15835.59;42;5;2;0;UNIT;Sí;;
NEW-1788552194236-151-5;7701279881;Bulk 151-5;Lacteos;13913.07;29980.32;357;5;2;0;UNIT;Sí;;2026-12-31
NEW-1788552194236-151-9;7702202505;Bulk 151-9;Bebidas;1335.69;29557.1;370;5;2;0;UNIT;Sí;;
NEW-1788552194240-152-2;7704740222;Bulk 152-2;Bebidas;48222.45;29241.53;297;5;2;0;UNIT;Sí;;
NEW-1788552194240-152-3;7708958329;Bulk 152-3;Lacteos;43419.54;4119.42;65;5;2;0;UNIT;Sí;;
NEW-1788552194240-152-4;7708959011;Bulk 152-4;Lacteos;42652.95;29293.16;385;5;2;0;UNIT;Sí;;
NEW-1788552194240-152-5;7704193435;Bulk 152-5;Bebidas;35229.39;6205.43;45;5;2;0;UNIT;Sí;;2026-12-31
NEW-1788552194242-153-0;7707124232;Bulk 153-0;Snacks;24458.39;1962.37;231;5;2;0;UNIT;Sí;;
NEW-1788552194242-153-1;7707638207;Bulk 153-1;Nueva Cat;3446.04;1895.68;510;5;2;0;UNIT;Sí;;
NEW-1788552194244-154-0;7703770027;Bulk 154-0;Bebidas;13450.65;17382.76;384;5;2;0;UNIT;Sí;;
NEW-1788552194244-154-1;7703868507;Bulk 154-1;Bebidas;48046.45;17060.18;238;5;2;0;UNIT;Sí;;
NEW-1788552194244-154-2;7704472087;Bulk 154-2;Bebidas;38405.16;26389.82;57;5;2;0;UNIT;Sí;;
NEW-1788552194244-154-5;7705066818;Bulk 154-5;Snacks;27050.81;17667.31;202;5;2;0;UNIT;Sí;;2026-12-31
NEW-1788552194244-154-7;7706580948;Bulk 154-7;Snacks;18443.13;24694.46;66;5;2;0;UNIT;Sí;;
NEW-1788552194247-155-1;;Bulk 155-1;Snacks;49877.65;7900.69;134;5;2;0;UNIT;Sí;;
NEW-1788552194247-155-2;;Bulk 155-2;Nueva Cat;13440.98;18071.9;461;5;2;0;UNIT;Sí;;
NEW-1788552194249-156-1;7701451378;Bulk 156-1;Nueva Cat;5788.54;4003.06;162;5;2;0;UNIT;Sí;;
NEW-1788552194249-156-2;7701201587;Bulk 156-2;Lacteos;18854;5198.55;271;5;2;0;UNIT;Sí;;2026-12-31
NEW-1788552194249-156-9;7706661913;Bulk 156-9;Snacks;45955.19;18563.66;456;5;2;0;UNIT;Sí;;
NEW-1788552194252-157-2;;Bulk 157-2;Lacteos;3040.15;24464.47;69;5;2;0;UNIT;Sí;;
NEW-1788552194252-157-3;7702775425;Bulk 157-3;Bebidas;22086.92;24951.29;173;5;2;0;UNIT;Sí;;2026-12-31
NEW-1788552194252-157-5;;Bulk 157-5;Lacteos;14177.2;10201.82;60;5;2;0;UNIT;Sí;;
NEW-1788552194255-158-1;;Bulk 158-1;Lacteos;16616;17789.04;207;5;2;0;UNIT;Sí;;
NEW-1788552194255-158-3;;Bulk 158-3;Nueva Cat;6846.41;6227.36;429;5;2;0;UNIT;Sí;;
NEW-1788552194255-158-6;7708974175;Bulk 158-6;Snacks;4040.84;15025.7;349;5;2;0;UNIT;Sí;;2026-12-31
NEW-1788552194255-158-7;7701530193;Bulk 158-7;Nueva Cat;19163.25;27824.68;48;5;2;0;UNIT;Sí;;
NEW-1788552194255-158-8;7705504510;Bulk 158-8;Lacteos;46154.45;5261.8;49;5;2;0;UNIT;Sí;;
NEW-1788552194259-159-0;;Bulk 159-0;Lacteos;45178.21;23085.04;555;5;2;0;UNIT;Sí;;2026-12-31
NEW-1788552194259-159-3;7704463407;Bulk 159-3;Bebidas;35382.01;15314.74;123;5;2;0;UNIT;Sí;;
NEW-1788552194259-159-5;7704555897;Bulk 159-5;Lacteos;26877.81;11570.84;137;5;2;0;UNIT;Sí;;
NEW-1788552193883-16-0;7708479425;Bulk 16-0;Bebidas;25485.81;19299.53;45;5;2;0;UNIT;Sí;;2026-12-31
NEW-1788552193883-16-1;7703629192;Bulk 16-1;Lacteos;18442.37;15306.51;340;5;2;0;UNIT;Sí;;
NEW-1788552193883-16-3;;Bulk 16-3;Snacks;8115.35;1541.63;286;5;2;0;UNIT;Sí;;
NEW-1788552193883-16-4;7702454884;Bulk 16-4;Lacteos;38526.75;16249.95;192;5;2;0;UNIT;Sí;;
NEW-1788552193883-16-6;7708177110;Bulk 16-6;Nueva Cat;22211.98;23422.66;51;5;2;0;UNIT;Sí;;
NEW-1788552193883-16-7;;Bulk 16-7;Lacteos;2917.25;2414.05;338;5;2;0;UNIT;Sí;;
NEW-1788552193883-16-8;7706404407;Bulk 16-8;Lacteos;40979.93;26302.66;329;5;2;0;UNIT;Sí;;
NEW-1788552193883-16-9;7707376438;Bulk 16-9;Nueva Cat;4435.02;8600.34;85;5;2;0;UNIT;Sí;;
NEW-1788552194261-160-0;7704370330;Bulk 160-0;Bebidas;28688.62;16569.63;249;5;2;0;UNIT;Sí;;
NEW-1788552194261-160-2;;Bulk 160-2;Lacteos;8658.44;1542.75;574;5;2;0;UNIT;Sí;;
NEW-1788552194261-160-3;7703450349;Bulk 160-3;Lacteos;27826.03;15284.14;129;5;2;0;UNIT;Sí;;
NEW-1788552194261-160-4;7709466101;Bulk 160-4;Bebidas;19856.29;26028.05;82;5;2;0;UNIT;Sí;;
NEW-1788552194261-160-5;;Bulk 160-5;Lacteos;5896.73;24228.54;62;5;2;0;UNIT;Sí;;
NEW-1788552194261-160-7;;Bulk 160-7;Lacteos;38981.87;29257.02;110;5;2;0;UNIT;Sí;;
NEW-1788552194261-160-8;;Bulk 160-8;Nueva Cat;18868.77;26464.42;294;5;2;0;UNIT;Sí;;
NEW-1788552194261-160-9;7704746044;Bulk 160-9;Snacks;33962.01;18038.27;464;5;2;0;UNIT;Sí;;
NEW-1788552194265-161-0;7707599447;Bulk 161-0;Snacks;48083.42;1882.09;270;5;2;0;UNIT;Sí;;
NEW-1788552194265-161-1;7707353500;Bulk 161-1;Snacks;42117.32;29820.07;360;5;2;0;UNIT;Sí;;2026-12-31
NEW-1788552194265-161-3;;Bulk 161-3;Lacteos;13586.88;18270.6;481;5;2;0;UNIT;Sí;;
NEW-1788552194265-161-4;;Bulk 161-4;Bebidas;34583.46;19592.3;64;5;2;0;UNIT;Sí;;
NEW-1788552194265-161-6;7709213044;Bulk 161-6;Snacks;24017.75;22366.33;117;5;2;0;UNIT;Sí;;
NEW-1788552194265-161-7;7706782280;Bulk 161-7;Snacks;39874.55;5461.08;131;5;2;0;UNIT;Sí;;
NEW-1788552194268-162-0;7705004059;Bulk 162-0;Lacteos;12018.41;22048.39;537;5;2;0;UNIT;Sí;;2026-12-31
NEW-1788552194268-162-1;;Bulk 162-1;Snacks;25629.88;4851.15;489;5;2;0;UNIT;Sí;;2026-12-31
NEW-1788552194268-162-3;7707213729;Bulk 162-3;Bebidas;31656.98;376.12;65;5;2;0;UNIT;Sí;;
NEW-1788552194268-162-5;;Bulk 162-5;Bebidas;46345.22;10799.46;197;5;2;0;UNIT;Sí;;
NEW-1788552194268-162-8;;Bulk 162-8;Snacks;34842.07;17352.88;364;5;2;0;UNIT;Sí;;
NEW-1788552194274-163-0;7703439067;Bulk 163-0;Bebidas;47878.56;22155.08;256;5;2;0;UNIT;Sí;;
NEW-1788552194276-164-3;7705971052;Bulk 164-3;Nueva Cat;30388.94;17418.98;79;5;2;0;UNIT;Sí;;
NEW-1788552194276-164-5;7704914150;Bulk 164-5;Nueva Cat;1875.72;621.88;456;5;2;0;UNIT;Sí;;
NEW-1788552194276-164-6;;Bulk 164-6;Nueva Cat;7962.18;14168.24;174;5;2;0;UNIT;Sí;;
NEW-1788552194279-166-1;7708881116;Bulk 166-1;Nueva Cat;18842.9;6690.07;159;5;2;0;UNIT;Sí;;
NEW-1788552194279-166-4;;Bulk 166-4;Lacteos;34854.72;5764.08;317;5;2;0;UNIT;Sí;;
NEW-1788552194279-166-7;7704106410;Bulk 166-7;Snacks;19245.93;3750.94;196;5;2;0;UNIT;Sí;;
NEW-1788552194283-167-0;7706910754;Bulk 167-0;Snacks;34075.8;5177.65;188;5;2;0;UNIT;Sí;;
NEW-1788552194283-167-2;;Bulk 167-2;Snacks;38956.08;26493.31;129;5;2;0;UNIT;Sí;;2026-12-31
NEW-1788552194283-167-3;7708111459;Bulk 167-3;Snacks;22766.27;11830.94;415;5;2;0;UNIT;Sí;;
NEW-1788552194285-168-0;7701198115;Bulk 168-0;Snacks;12093.4;19084.05;93;5;2;0;UNIT;Sí;;
NEW-1788552194290-169-0;7707083097;Bulk 169-0;Lacteos;7980.7;284.46;142;5;2;0;UNIT;Sí;;
NEW-1788552194290-169-2;;Bulk 169-2;Nueva Cat;24871.09;22500.07;317;5;2;0;UNIT;Sí;;
NEW-1788552194290-169-3;7706404641;Bulk 169-3;Bebidas;14523.4;9789.39;450;5;2;0;UNIT;Sí;;
NEW-1788552193888-17-0;;Bulk 17-0;Snacks;9874.3;16909.59;294;5;2;0;UNIT;Sí;;
NEW-1788552194292-170-0;7708477685;Bulk 170-0;Bebidas;16874.44;29006.59;48;5;2;0;UNIT;Sí;;
NEW-1788552194292-170-1;;Bulk 170-1;Lacteos;29010.54;14727.69;122;5;2;0;UNIT;Sí;;
NEW-1788552194292-170-4;7706517053;Bulk 170-4;Bebidas;41383.64;11143.78;179;5;2;0;UNIT;Sí;;
NEW-1788552194295-171-1;7703841484;Bulk 171-1;Lacteos;32132.04;926.99;45;5;2;0;UNIT;Sí;;
NEW-1788552194295-171-3;;Bulk 171-3;Nueva Cat;24865.78;4319.32;250;5;2;0;UNIT;Sí;;
NEW-1788552194297-172-1;7704128819;Bulk 172-1;Snacks;16898.45;13256.28;273;5;2;0;UNIT;Sí;;
NEW-1788552194297-172-3;7702492708;Bulk 172-3;Lacteos;1512.34;23323.28;50;5;2;0;UNIT;Sí;;
NEW-1788552194301-174-1;7708962329;Bulk 174-1;Lacteos;44858.22;10879.57;85;5;2;0;UNIT;Sí;;2026-12-31
NEW-1788552194301-174-2;;Bulk 174-2;Snacks;7832.82;18979.55;225;5;2;0;UNIT;Sí;;2026-12-31
NEW-1788552194304-175-6;7705380719;Bulk 175-6;Bebidas;32643.03;22049.88;268;5;2;0;UNIT;Sí;;
NEW-1788552194304-175-7;7708130304;Bulk 175-7;Snacks;17297.64;10181.87;405;5;2;0;UNIT;Sí;;
NEW-1788552194310-176-0;7707708139;Bulk 176-0;Lacteos;1277.12;6140.36;492;5;2;0;UNIT;Sí;;
NEW-1788552194310-176-1;;Bulk 176-1;Nueva Cat;37399.24;5156.86;67;5;2;0;UNIT;Sí;;2026-12-31
NEW-1788552194312-177-0;7704314063;Bulk 177-0;Snacks;16083.5;11201.26;219;5;2;0;UNIT;Sí;;
NEW-1788552194312-177-1;7705319999;Bulk 177-1;Nueva Cat;29124.87;11087.56;142;5;2;0;UNIT;Sí;;
NEW-1788552194312-177-2;7707911606;Bulk 177-2;Bebidas;6958.18;16747.68;82;5;2;0;UNIT;Sí;;
NEW-1788552194312-177-4;7708903361;Bulk 177-4;Lacteos;7015.42;15789.41;491;5;2;0;UNIT;Sí;;
NEW-1788552194312-177-7;7704212068;Bulk 177-7;Nueva Cat;39633.39;1682.61;321;5;2;0;UNIT;Sí;;
NEW-1788552194312-177-8;7702430615;Bulk 177-8;Bebidas;9648.31;7280.35;46;5;2;0;UNIT;Sí;;
NEW-1788552194312-177-9;;Bulk 177-9;Snacks;16329.8;23376.18;49;5;2;0;UNIT;Sí;;
NEW-1788552194325-178-2;7708531373;Bulk 178-2;Bebidas;4152.02;16266.94;420;5;2;0;UNIT;Sí;;
NEW-1788552194325-178-4;;Bulk 178-4;Snacks;5311.57;5356.9;152;5;2;0;UNIT;Sí;;
NEW-1788552194325-178-8;7707231761;Bulk 178-8;Lacteos;9723.86;25739.6;176;5;2;0;UNIT;Sí;;
NEW-1788552194330-179-0;7703411227;Bulk 179-0;Bebidas;9232.61;23674.82;410;5;2;0;UNIT;Sí;;2026-12-31
NEW-1788552194330-179-1;;Bulk 179-1;Snacks;24690.18;24586.98;443;5;2;0;UNIT;Sí;;
NEW-1788552194330-179-6;7705464792;Bulk 179-6;Nueva Cat;49182.86;26018.46;55;5;2;0;UNIT;Sí;;
NEW-1788552193889-18-3;7701752447;Bulk 18-3;Nueva Cat;21861.21;6425.74;378;5;2;0;UNIT;Sí;;
NEW-1788552193889-18-4;7702440156;Bulk 18-4;Nueva Cat;27573.72;26054.85;124;5;2;0;UNIT;Sí;;
NEW-1788552193889-18-5;7703613194;Bulk 18-5;Lacteos;44524.13;9373.2;297;5;2;0;UNIT;Sí;;
NEW-1788552193889-18-7;7705657541;Bulk 18-7;Snacks;5507.75;27784.69;385;5;2;0;UNIT;Sí;;
NEW-1788552194335-180-4;7706181852;Bulk 180-4;Nueva Cat;32769.9;23997.34;225;5;2;0;UNIT;Sí;;
NEW-1788552194335-180-5;7705040725;Bulk 180-5;Snacks;34497.52;26939.93;190;5;2;0;UNIT;Sí;;
NEW-1788552194335-180-6;7705074430;Bulk 180-6;Snacks;37035.37;25247.21;302;5;2;0;UNIT;Sí;;
NEW-1788552194335-180-7;7704268343;Bulk 180-7;Bebidas;26768.29;18328.92;312;5;2;0;UNIT;Sí;;
NEW-1788552194337-181-0;7708688609;Bulk 181-0;Bebidas;7586.36;19778.69;47;5;2;0;UNIT;Sí;;
NEW-1788552194339-182-0;7702580203;Bulk 182-0;Lacteos;9831.2;12943.26;366;5;2;0;UNIT;Sí;;
NEW-1788552194339-182-2;7708125284;Bulk 182-2;Snacks;26942.25;27721.14;228;5;2;0;UNIT;Sí;;
NEW-1788552194341-183-0;7703095344;Bulk 183-0;Bebidas;14783.7;11458.8;194;5;2;0;UNIT;Sí;;
NEW-1788552194341-183-2;7703762295;Bulk 183-2;Lacteos;35460.8;19800.78;92;5;2;0;UNIT;Sí;;
NEW-1788552194341-183-3;;Bulk 183-3;Bebidas;27821.5;5073.82;511;5;2;0;UNIT;Sí;;
NEW-1788552194341-183-4;;Bulk 183-4;Snacks;19311.35;8007.73;139;5;2;0;UNIT;Sí;;
NEW-1788552194341-183-6;7703611612;Bulk 183-6;Lacteos;10289.39;18740.23;209;5;2;0;UNIT;Sí;;2026-12-31
NEW-1788552194341-183-8;;Bulk 183-8;Nueva Cat;14808.4;9665.24;345;5;2;0;UNIT;Sí;;
NEW-1788552194344-184-1;7704055385;Bulk 184-1;Bebidas;16727.38;3130.8;332;5;2;0;UNIT;Sí;;
NEW-1788552194346-185-1;7707463594;Bulk 185-1;Lacteos;23154.46;19932.21;176;5;2;0;UNIT;Sí;;
NEW-1788552194346-185-2;7701384642;Bulk 185-2;Snacks;20332.63;12515.28;271;5;2;0;UNIT;Sí;;
NEW-1788552194349-186-2;7709865314;Bulk 186-2;Nueva Cat;16066.3;24049.22;373;5;2;0;UNIT;Sí;;
NEW-1788552194349-186-3;7703881879;Bulk 186-3;Nueva Cat;39127.1;21805.6;264;5;2;0;UNIT;Sí;;
NEW-1788552194351-187-1;7706820552;Bulk 187-1;Nueva Cat;36428.04;23004.39;345;5;2;0;UNIT;Sí;;2026-12-31
NEW-1788552194351-187-4;7701185834;Bulk 187-4;Nueva Cat;43369.23;9448.64;359;5;2;0;UNIT;Sí;;
NEW-1788552194351-187-5;7709209491;Bulk 187-5;Bebidas;10347.79;19542.22;472;5;2;0;UNIT;Sí;;2026-12-31
NEW-1788552194351-187-7;7708400356;Bulk 187-7;Snacks;28572.05;9001.25;498;5;2;0;UNIT;Sí;;
NEW-1788552194354-188-0;7709274340;Bulk 188-0;Nueva Cat;44752.48;7404.81;494;5;2;0;UNIT;Sí;;
NEW-1788552194354-188-1;7709316063;Bulk 188-1;Lacteos;42794.6;8302.61;106;5;2;0;UNIT;Sí;;
NEW-1788552194354-188-3;7702866127;Bulk 188-3;Snacks;12561.9;21240;462;5;2;0;UNIT;Sí;;
NEW-1788552194356-189-0;7707443811;Bulk 189-0;Lacteos;17304.29;2422.39;408;5;2;0;UNIT;Sí;;
NEW-1788552193892-19-0;;Bulk 19-0;Bebidas;39779.24;10808.94;366;5;2;0;UNIT;Sí;;
NEW-1788552193892-19-1;7705798108;Bulk 19-1;Nueva Cat;30822.16;17921.84;356;5;2;0;UNIT;Sí;;
NEW-1788552193892-19-5;7702518447;Bulk 19-5;Lacteos;3100.69;24646.43;46;5;2;0;UNIT;Sí;;
NEW-1788552193892-19-7;7701432669;Bulk 19-7;Lacteos;21594.75;17464.34;48;5;2;0;UNIT;Sí;;2026-12-31
NEW-1788552194357-190-0;7701790522;Bulk 190-0;Lacteos;42505.42;16821.86;338;5;2;0;UNIT;Sí;;2026-12-31
NEW-1788552194357-190-2;7709561959;Bulk 190-2;Bebidas;34615.94;17084.6;421;5;2;0;UNIT;Sí;;2026-12-31
NEW-1788552194357-190-4;7703210383;Bulk 190-4;Nueva Cat;24024.54;27763.86;233;5;2;0;UNIT;Sí;;
NEW-1788552194357-190-5;7709805870;Bulk 190-5;Nueva Cat;41574.3;1303.12;154;5;2;0;UNIT;Sí;;2026-12-31
NEW-1788552194359-191-0;7702713874;Bulk 191-0;Lacteos;41179.28;9615.54;322;5;2;0;UNIT;Sí;;
NEW-1788552194359-191-2;7707888488;Bulk 191-2;Snacks;25170.74;5271.46;266;5;2;0;UNIT;Sí;;
NEW-1788552194359-191-4;;Bulk 191-4;Snacks;28195.34;27285.51;62;5;2;0;UNIT;Sí;;
NEW-1788552194359-191-5;7707285557;Bulk 191-5;Snacks;32186.08;12126.94;550;5;2;0;UNIT;Sí;;
NEW-1788552194362-193-4;7708236952;Bulk 193-4;Snacks;32805.95;12908.9;47;5;2;0;UNIT;Sí;;
NEW-1788552194362-193-5;7704718672;Bulk 193-5;Lacteos;41375.14;5563.56;325;5;2;0;UNIT;Sí;;
NEW-1788552194362-193-6;7703734135;Bulk 193-6;Lacteos;38793.08;15622.11;223;5;2;0;UNIT;Sí;;2026-12-31
NEW-1788552194362-193-7;;Bulk 193-7;Lacteos;37137.8;11445.52;47;5;2;0;UNIT;Sí;;
NEW-1788552194362-193-8;7701112369;Bulk 193-8;Snacks;36326.76;11367.19;297;5;2;0;UNIT;Sí;;2026-12-31
NEW-1788552194367-194-0;7706081634;Bulk 194-0;Bebidas;18747.24;22400.92;471;5;2;0;UNIT;Sí;;
NEW-1788552194370-196-1;7708786554;Bulk 196-1;Snacks;2130.25;11896.45;197;5;2;0;UNIT;Sí;;
NEW-1788552194371-197-1;7704373821;Bulk 197-1;Snacks;9460.17;510.34;199;5;2;0;UNIT;Sí;;
NEW-1788552194371-197-5;7704168008;Bulk 197-5;Bebidas;16931.9;5482.29;114;5;2;0;UNIT;Sí;;
NEW-1788552194371-197-8;7709707718;Bulk 197-8;Nueva Cat;17202.69;13528.62;194;5;2;0;UNIT;Sí;;
NEW-1788552194374-198-1;;Bulk 198-1;Nueva Cat;25134.77;8878.24;449;5;2;0;UNIT;Sí;;
NEW-1788552194374-198-3;;Bulk 198-3;Snacks;29576.27;13016.38;170;5;2;0;UNIT;Sí;;
NEW-1788552194374-198-7;7707481227;Bulk 198-7;Bebidas;38839.03;23951.64;137;5;2;0;UNIT;Sí;;
NEW-1788552194376-199-0;7704082811;Bulk 199-0;Lacteos;30832.22;10740.7;42;5;2;0;UNIT;Sí;;
NEW-1788552194376-199-2;7707470165;Bulk 199-2;Nueva Cat;1902;5830.44;252;5;2;0;UNIT;Sí;;
NEW-1788552194376-199-3;7706597963;Bulk 199-3;Bebidas;34811.47;23307.38;246;5;2;0;UNIT;Sí;;
NEW-1788552194376-199-6;;Bulk 199-6;Nueva Cat;46606.85;10574.67;249;5;2;0;UNIT;Sí;;
NEW-1788552194376-199-9;7708266739;Bulk 199-9;Snacks;39579.55;4794.97;114;5;2;0;UNIT;Sí;;
NEW-1788552193807-2-0;7703635610;Bulk 2-0;Nueva Cat;16684.55;23734.93;282;5;2;0;UNIT;Sí;;
NEW-1788552193895-20-0;7708028170;Bulk 20-0;Snacks;32895.52;15884.71;129;5;2;0;UNIT;Sí;;
NEW-1788552193895-20-1;7703424250;Bulk 20-1;Snacks;22864.89;5264.39;422;5;2;0;UNIT;Sí;;
NEW-1788552193895-20-2;;Bulk 20-2;Snacks;47557.72;12320.44;363;5;2;0;UNIT;Sí;;
NEW-1788552193895-20-4;7705528113;Bulk 20-4;Snacks;8329.53;17786.54;384;5;2;0;UNIT;Sí;;
NEW-1788552194384-200-1;7705199732;Bulk 200-1;Lacteos;38097.99;4841.45;260;5;2;0;UNIT;Sí;;2026-12-31
NEW-1788552194384-200-2;7707822116;Bulk 200-2;Nueva Cat;21223.89;9596.29;465;5;2;0;UNIT;Sí;;
NEW-1788552194386-201-0;;Bulk 201-0;Snacks;38879.71;26996.64;104;5;2;0;UNIT;Sí;;
NEW-1788552194386-201-1;7704971452;Bulk 201-1;Nueva Cat;41954.55;15025.35;201;5;2;0;UNIT;Sí;;
NEW-1788552194388-202-0;7707518559;Bulk 202-0;Nueva Cat;7393.18;17511.2;181;5;2;0;UNIT;Sí;;
NEW-1788552194388-202-1;;Bulk 202-1;Snacks;23953.83;3267.76;309;5;2;0;UNIT;Sí;;
NEW-1788552194388-202-2;7708107917;Bulk 202-2;Snacks;33799.13;25482.71;407;5;2;0;UNIT;Sí;;
NEW-1788552194388-202-4;7702131633;Bulk 202-4;Snacks;43938.12;22760.88;264;5;2;0;UNIT;Sí;;
NEW-1788552194392-203-0;7704925009;Bulk 203-0;Nueva Cat;4093.7;26846.52;191;5;2;0;UNIT;Sí;;
NEW-1788552194392-203-1;;Bulk 203-1;Nueva Cat;23875.43;29132.96;267;5;2;0;UNIT;Sí;;
NEW-1788552194394-204-0;7709692095;Bulk 204-0;Nueva Cat;8775.43;25431.75;446;5;2;0;UNIT;Sí;;
NEW-1788552194396-205-0;7705497228;Bulk 205-0;Lacteos;16515.79;7403.44;380;5;2;0;UNIT;Sí;;
NEW-1788552194398-206-3;7702940853;Bulk 206-3;Snacks;11989.92;15126.39;469;5;2;0;UNIT;Sí;;
NEW-1788552194401-207-1;7704121818;Bulk 207-1;Lacteos;36933.86;10996.43;342;5;2;0;UNIT;Sí;;
NEW-1788552194401-207-3;7708616537;Bulk 207-3;Lacteos;2173.63;7189.69;323;5;2;0;UNIT;Sí;;
NEW-1788552194401-207-5;7706459430;Bulk 207-5;Lacteos;25837.89;18193.25;45;5;2;0;UNIT;Sí;;2026-12-31
NEW-1788552194401-207-8;;Bulk 207-8;Lacteos;34868.59;6410.47;425;5;2;0;UNIT;Sí;;2026-12-31
NEW-1788552194405-208-0;;Bulk 208-0;Snacks;6257.74;28413.55;442;5;2;0;UNIT;Sí;;
NEW-1788552193898-21-1;7701520080;Bulk 21-1;Nueva Cat;6751.03;813.24;186;5;2;0;UNIT;Sí;;
NEW-1788552193898-21-2;;Bulk 21-2;Snacks;19415.36;6605.48;165;5;2;0;UNIT;Sí;;
NEW-1788552194409-210-1;7703039590;Bulk 210-1;Bebidas;31266.05;21302.74;438;5;2;0;UNIT;Sí;;2026-12-31
NEW-1788552194409-210-2;7705738745;Bulk 210-2;Nueva Cat;47776.3;24502.59;390;5;2;0;UNIT;Sí;;
NEW-1788552194409-210-3;7702696013;Bulk 210-3;Snacks;37273.01;4630.42;293;5;2;0;UNIT;Sí;;
NEW-1788552194409-210-5;7704007034;Bulk 210-5;Lacteos;46098.65;636.56;322;5;2;0;UNIT;Sí;;2026-12-31
NEW-1788552194419-211-1;7707023987;Bulk 211-1;Nueva Cat;47588.83;13864.41;221;5;2;0;UNIT;Sí;;
NEW-1788552194420-212-0;7704331514;Bulk 212-0;Bebidas;29549.96;10800.52;463;5;2;0;UNIT;Sí;;
NEW-1788552194420-212-1;7708594958;Bulk 212-1;Snacks;46765.08;28761.49;207;5;2;0;UNIT;Sí;;
NEW-1788552194420-212-3;7708973111;Bulk 212-3;Snacks;44808.96;29399.68;191;5;2;0;UNIT;Sí;;2026-12-31
NEW-1788552194420-212-5;7708622205;Bulk 212-5;Nueva Cat;27567.2;561.49;134;5;2;0;UNIT;Sí;;2026-12-31
NEW-1788552194422-213-2;;Bulk 213-2;Snacks;38259.7;10907.3;147;5;2;0;UNIT;Sí;;
NEW-1788552194422-213-3;7709910267;Bulk 213-3;Snacks;22124.23;28739.42;147;5;2;0;UNIT;Sí;;
NEW-1788552194422-213-5;7705606387;Bulk 213-5;Bebidas;29598.83;11701.33;260;5;2;0;UNIT;Sí;;
NEW-1788552194422-213-7;;Bulk 213-7;Lacteos;7561;19186.16;52;5;2;0;UNIT;Sí;;2026-12-31
NEW-1788552194425-214-0;7702820800;Bulk 214-0;Lacteos;5176.87;17425.24;449;5;2;0;UNIT;Sí;;
NEW-1788552194425-214-1;7705310328;Bulk 214-1;Lacteos;39542.67;28853.15;522;5;2;0;UNIT;Sí;;
NEW-1788552194425-214-2;7707916709;Bulk 214-2;Bebidas;35454.36;20769.33;382;5;2;0;UNIT;Sí;;2026-12-31
NEW-1788552194425-214-5;7703564123;Bulk 214-5;Nueva Cat;1261.9;2918.12;306;5;2;0;UNIT;Sí;;2026-12-31
NEW-1788552194425-214-6;;Bulk 214-6;Nueva Cat;33205.97;6497.78;374;5;2;0;UNIT;Sí;;
NEW-1788552194425-214-7;7708433449;Bulk 214-7;Lacteos;7291.56;17062.11;455;5;2;0;UNIT;Sí;;
NEW-1788552194428-215-0;;Bulk 215-0;Bebidas;19567.4;24403.08;251;5;2;0;UNIT;Sí;;
NEW-1788552194428-215-1;7705909924;Bulk 215-1;Snacks;757.39;12865.92;476;5;2;0;UNIT;Sí;;
NEW-1788552194428-215-2;7706197473;Bulk 215-2;Nueva Cat;1211.11;29477.44;47;5;2;0;UNIT;Sí;;2026-12-31
NEW-1788552194428-215-3;7709519130;Bulk 215-3;Bebidas;24039.31;28128.77;289;5;2;0;UNIT;Sí;;
NEW-1788552194428-215-6;;Bulk 215-6;Bebidas;5146.3;17166.27;420;5;2;0;UNIT;Sí;;
NEW-1788552194432-216-1;7704806004;Bulk 216-1;Nueva Cat;6998.54;8037.24;436;5;2;0;UNIT;Sí;;2026-12-31
NEW-1788552194433-217-0;;Bulk 217-0;Bebidas;821.88;16453.91;45;5;2;0;UNIT;Sí;;
NEW-1788552194433-217-3;7701914464;Bulk 217-3;Snacks;19778.47;1543.49;360;5;2;0;UNIT;Sí;;
NEW-1788552194435-218-1;7705429872;Bulk 218-1;Nueva Cat;41254.67;5931.43;373;5;2;0;UNIT;Sí;;
NEW-1788552194435-218-2;7701260341;Bulk 218-2;Bebidas;1344.82;27013.21;88;5;2;0;UNIT;Sí;;
NEW-1788552194436-219-0;7705800317;Bulk 219-0;Bebidas;20451.19;9631.11;331;5;2;0;UNIT;Sí;;2026-12-31
NEW-1788552194436-219-1;;Bulk 219-1;Bebidas;34980.2;23765.28;307;5;2;0;UNIT;Sí;;
NEW-1788552194436-219-2;;Bulk 219-2;Lacteos;35160.21;14336.41;73;5;2;0;UNIT;Sí;;
NEW-1788552194436-219-3;7709147033;Bulk 219-3;Lacteos;32182.39;25798.93;327;5;2;0;UNIT;Sí;;
NEW-1788552194436-219-4;7707494856;Bulk 219-4;Lacteos;43799.99;27924.63;133;5;2;0;UNIT;Sí;;
NEW-1788552194436-219-5;7703541525;Bulk 219-5;Snacks;46053.33;16089.33;89;5;2;0;UNIT;Sí;;
NEW-1788552194436-219-6;7703439233;Bulk 219-6;Nueva Cat;11692.03;22936.02;163;5;2;0;UNIT;Sí;;
NEW-1788552193900-22-0;7702851143;Bulk 22-0;Nueva Cat;29319.35;16434.69;284;5;2;0;UNIT;Sí;;
NEW-1788552193900-22-1;7706062076;Bulk 22-1;Nueva Cat;40692.03;7512.03;45;5;2;0;UNIT;Sí;;
NEW-1788552193900-22-2;7709997868;Bulk 22-2;Bebidas;35525.74;19549.97;225;5;2;0;UNIT;Sí;;
NEW-1788552193900-22-3;7701577526;Bulk 22-3;Nueva Cat;43829.23;14025.78;45;5;2;0;UNIT;Sí;;
NEW-1788552194439-220-0;7702620618;Bulk 220-0;Nueva Cat;5445.39;26635.46;184;5;2;0;UNIT;Sí;;
NEW-1788552194439-220-3;7707013932;Bulk 220-3;Snacks;9624.02;20970.51;468;5;2;0;UNIT;Sí;;
NEW-1788552194439-220-5;7704932611;Bulk 220-5;Nueva Cat;42826.52;23600.02;259;5;2;0;UNIT;Sí;;
NEW-1788552194439-220-6;7702745606;Bulk 220-6;Snacks;15908.68;9493.87;479;5;2;0;UNIT;Sí;;
NEW-1788552194439-220-7;;Bulk 220-7;Bebidas;36008.01;26788.25;306;5;2;0;UNIT;Sí;;
NEW-1788552194443-221-0;7706337278;Bulk 221-0;Bebidas;27879.25;29969.32;268;5;2;0;UNIT;Sí;;
NEW-1788552194444-222-1;;Bulk 222-1;Snacks;40492.86;5286.92;223;5;2;0;UNIT;Sí;;
NEW-1788552194444-222-3;7705038283;Bulk 222-3;Lacteos;16374.63;28112.12;311;5;2;0;UNIT;Sí;;
NEW-1788552194469-223-1;7705706895;Bulk 223-1;Snacks;36630.48;15214.63;320;5;2;0;UNIT;Sí;;2026-12-31
NEW-1788552194469-223-2;;Bulk 223-2;Bebidas;13994.94;29264.33;331;5;2;0;UNIT;Sí;;
NEW-1788552194469-223-3;7708977488;Bulk 223-3;Bebidas;32126.84;14832.52;417;5;2;0;UNIT;Sí;;2026-12-31
NEW-1788552194469-223-4;;Bulk 223-4;Bebidas;38030.32;11838.46;317;5;2;0;UNIT;Sí;;
NEW-1788552194469-223-5;7706346620;Bulk 223-5;Bebidas;3307.43;17016.84;320;5;2;0;UNIT;Sí;;
NEW-1788552194469-223-6;7707027850;Bulk 223-6;Nueva Cat;10279.02;26050.85;260;5;2;0;UNIT;Sí;;
NEW-1788552194477-224-0;7702824957;Bulk 224-0;Snacks;22507.39;260.88;48;5;2;0;UNIT;Sí;;
NEW-1788552194480-225-0;7702935729;Bulk 225-0;Snacks;27178.87;5932.88;164;5;2;0;UNIT;Sí;;
NEW-1788552194483-226-0;7701323765;Bulk 226-0;Bebidas;10067.37;18050.89;230;5;2;0;UNIT;Sí;;
NEW-1788552194485-227-0;7706945204;Bulk 227-0;Lacteos;36401.1;28180.79;300;5;2;0;UNIT;Sí;;
NEW-1788552194486-228-2;7701376042;Bulk 228-2;Snacks;24030.24;14341.64;133;5;2;0;UNIT;Sí;;
NEW-1788552194489-229-1;7708180531;Bulk 229-1;Bebidas;4869.53;13422.44;116;5;2;0;UNIT;Sí;;
NEW-1788552193903-23-0;7706464460;Bulk 23-0;Lacteos;14786.73;15496.45;101;5;2;0;UNIT;Sí;;2026-12-31
NEW-1788552194492-230-1;7708180727;Bulk 230-1;Nueva Cat;31904.96;3164.12;620;5;2;0;UNIT;Sí;;2026-12-31
NEW-1788552194495-231-0;7701989639;Bulk 231-0;Bebidas;40757.95;25450.1;288;5;2;0;UNIT;Sí;;
NEW-1788552194495-231-1;;Bulk 231-1;Snacks;37014.38;13573.46;46;5;2;0;UNIT;Sí;;
NEW-1788552194495-231-2;7709203390;Bulk 231-2;Nueva Cat;5655.18;16954.17;313;5;2;0;UNIT;Sí;;
NEW-1788552194499-232-3;;Bulk 232-3;Nueva Cat;2992.4;26574.9;430;5;2;0;UNIT;Sí;;2026-12-31
NEW-1788552194502-233-1;7706407100;Bulk 233-1;Lacteos;6127.68;26966.17;116;5;2;0;UNIT;Sí;;
NEW-1788552194505-234-0;;Bulk 234-0;Lacteos;19587.03;13002.48;451;5;2;0;UNIT;Sí;;
NEW-1788552194505-234-1;7708096367;Bulk 234-1;Snacks;3392.48;1958.17;455;5;2;0;UNIT;Sí;;
NEW-1788552194505-234-3;7709358947;Bulk 234-3;Snacks;46157.44;17839.45;317;5;2;0;UNIT;Sí;;
NEW-1788552194509-235-0;7708643419;Bulk 235-0;Lacteos;39122.29;3115.57;193;5;2;0;UNIT;Sí;;
NEW-1788552194509-235-1;;Bulk 235-1;Snacks;37403.05;9298.11;47;5;2;0;UNIT;Sí;;2026-12-31
NEW-1788552194509-235-2;;Bulk 235-2;Snacks;30575.23;3909.82;355;5;2;0;UNIT;Sí;;
NEW-1788552194509-235-3;7704618280;Bulk 235-3;Lacteos;43174.51;1626.33;47;5;2;0;UNIT;Sí;;
NEW-1788552194512-236-0;7705202830;Bulk 236-0;Snacks;21821.58;14990.37;51;5;2;0;UNIT;Sí;;
NEW-1788552194515-237-1;;Bulk 237-1;Bebidas;40656.62;20668.17;395;5;2;0;UNIT;Sí;;
NEW-1788552194515-237-4;7708433236;Bulk 237-4;Lacteos;32542.44;18705.82;101;5;2;0;UNIT;Sí;;
NEW-1788552194515-237-8;;Bulk 237-8;Bebidas;19622.57;6184.73;284;5;2;0;UNIT;Sí;;
NEW-1788552194515-237-9;7709762770;Bulk 237-9;Nueva Cat;21615.37;7973.76;189;5;2;0;UNIT;Sí;;2026-12-31
NEW-1788552194526-238-0;7704549620;Bulk 238-0;Snacks;48875.58;4976.19;227;5;2;0;UNIT;Sí;;
NEW-1788552194526-238-1;7706679938;Bulk 238-1;Nueva Cat;15922.79;8664.57;552;5;2;0;UNIT;Sí;;
NEW-1788552194526-238-3;;Bulk 238-3;Lacteos;20821.68;3574.58;400;5;2;0;UNIT;Sí;;
NEW-1788552194526-238-4;;Bulk 238-4;Lacteos;9304.02;5398.24;148;5;2;0;UNIT;Sí;;
NEW-1788552194526-238-5;7708523399;Bulk 238-5;Snacks;19078.86;18748.27;136;5;2;0;UNIT;Sí;;
NEW-1788552193906-24-0;;Bulk 24-0;Bebidas;27003.22;20870.95;379;5;2;0;UNIT;Sí;;
NEW-1788552193906-24-2;;Bulk 24-2;Snacks;38024.33;6840.59;219;5;2;0;UNIT;Sí;;
NEW-1788552193906-24-4;7709625378;Bulk 24-4;Bebidas;45579.21;12349.2;290;5;2;0;UNIT;Sí;;
NEW-1788552193906-24-9;;Bulk 24-9;Bebidas;48338.94;4526.24;455;5;2;0;UNIT;Sí;;
NEW-1788552194535-240-0;;Bulk 240-0;Nueva Cat;46262.27;20748.4;212;5;2;0;UNIT;Sí;;
NEW-1788552194535-240-2;;Bulk 240-2;Snacks;15311.68;22934.87;116;5;2;0;UNIT;Sí;;
NEW-1788552194537-241-0;7707996946;Bulk 241-0;Snacks;44028.11;12458.71;506;5;2;0;UNIT;Sí;;
NEW-1788552194537-241-3;;Bulk 241-3;Nueva Cat;30804.36;25715.12;56;5;2;0;UNIT;Sí;;2026-12-31
NEW-1788552194537-241-4;;Bulk 241-4;Nueva Cat;25708.89;11199.61;42;5;2;0;UNIT;Sí;;
NEW-1788552194538-241-6;7703282536;Bulk 241-6;Bebidas;28700.94;23117.55;199;5;2;0;UNIT;Sí;;
NEW-1788552194540-242-0;;Bulk 242-0;Lacteos;12356.49;13451.14;127;5;2;0;UNIT;Sí;;
NEW-1788552194540-242-5;;Bulk 242-5;Lacteos;22973.54;12130.64;64;5;2;0;UNIT;Sí;;
NEW-1788552194544-244-1;7706783383;Bulk 244-1;Nueva Cat;31151.91;11249.62;479;5;2;0;UNIT;Sí;;
NEW-1788552194545-245-1;7708703514;Bulk 245-1;Nueva Cat;16503.3;2651.43;67;5;2;0;UNIT;Sí;;
NEW-1788552194545-245-2;7703218507;Bulk 245-2;Lacteos;7154.86;5761.45;42;5;2;0;UNIT;Sí;;
NEW-1788552194548-248-1;;Bulk 248-1;Nueva Cat;24673.88;21916.94;47;5;2;0;UNIT;Sí;;
NEW-1788552194548-248-2;;Bulk 248-2;Snacks;35960.3;22106.27;343;5;2;0;UNIT;Sí;;
NEW-1788552194548-248-3;7703519213;Bulk 248-3;Snacks;9043.48;9762.1;221;5;2;0;UNIT;Sí;;
NEW-1788552194548-248-4;7705154117;Bulk 248-4;Bebidas;20596.95;18149.83;271;5;2;0;UNIT;Sí;;
NEW-1788552194548-248-6;7701114039;Bulk 248-6;Nueva Cat;4593.55;19844.62;489;5;2;0;UNIT;Sí;;
NEW-1788552194548-248-7;7706634193;Bulk 248-7;Snacks;47929.48;17702.25;472;5;2;0;UNIT;Sí;;
NEW-1788552194555-249-0;7709704444;Bulk 249-0;Lacteos;27329.7;15180.74;46;5;2;0;UNIT;Sí;;
NEW-1788552193910-25-1;7705118704;Bulk 25-1;Lacteos;9365.57;16504.49;159;5;2;0;UNIT;Sí;;2026-12-31
NEW-1788552194556-250-0;7702101791;Bulk 250-0;Nueva Cat;32800.75;24790.6;393;5;2;0;UNIT;Sí;;
NEW-1788552194556-250-3;7704257479;Bulk 250-3;Nueva Cat;19441.46;21243.93;49;5;2;0;UNIT;Sí;;
NEW-1788552194560-251-0;7706288162;Bulk 251-0;Snacks;40623.47;386.31;165;5;2;0;UNIT;Sí;;
NEW-1788552194561-252-2;7701170069;Bulk 252-2;Snacks;49193.19;13068.28;202;5;2;0;UNIT;Sí;;
NEW-1788552194561-252-3;7703274751;Bulk 252-3;Nueva Cat;7557.21;29060.52;144;5;2;0;UNIT;Sí;;
NEW-1788552194565-254-0;;Bulk 254-0;Lacteos;2611.16;25176.44;296;5;2;0;UNIT;Sí;;2026-12-31
NEW-1788552194565-254-1;;Bulk 254-1;Nueva Cat;38182.05;23641;201;5;2;0;UNIT;Sí;;
NEW-1788552194567-255-0;;Bulk 255-0;Lacteos;41853.78;635.32;223;5;2;0;UNIT;Sí;;2026-12-31
NEW-1788552194567-255-5;7706039977;Bulk 255-5;Lacteos;16429.2;14653.41;393;5;2;0;UNIT;Sí;;
NEW-1788552194567-255-6;7708663128;Bulk 255-6;Nueva Cat;39970.39;10975.95;347;5;2;0;UNIT;Sí;;
NEW-1788552194567-255-7;7707944662;Bulk 255-7;Nueva Cat;25177.79;27863.14;169;5;2;0;UNIT;Sí;;
NEW-1788552194571-256-0;7704943679;Bulk 256-0;Lacteos;12646.08;25847.41;605;5;2;0;UNIT;Sí;;
NEW-1788552194571-256-3;;Bulk 256-3;Snacks;44373.41;12213.03;160;5;2;0;UNIT;Sí;;
NEW-1788552194571-256-4;;Bulk 256-4;Snacks;17835.07;13358.41;47;5;2;0;UNIT;Sí;;
NEW-1788552194571-256-5;7709892921;Bulk 256-5;Nueva Cat;15934.5;26547.18;148;5;2;0;UNIT;Sí;;
NEW-1788552194574-257-0;;Bulk 257-0;Lacteos;20669.43;13980.46;151;5;2;0;UNIT;Sí;;
NEW-1788552194574-257-4;7706217258;Bulk 257-4;Bebidas;40242.56;7762.83;325;5;2;0;UNIT;Sí;;2026-12-31
NEW-1788552194574-257-5;;Bulk 257-5;Snacks;36014.54;20648.37;106;5;2;0;UNIT;Sí;;
NEW-1788552194574-257-7;7709408055;Bulk 257-7;Lacteos;10395.51;9931.3;274;5;2;0;UNIT;Sí;;
NEW-1788552194577-259-0;;Bulk 259-0;Snacks;31794.98;27995.6;177;5;2;0;UNIT;Sí;;
NEW-1788552194577-259-1;7704920589;Bulk 259-1;Nueva Cat;22824.64;15789.14;256;5;2;0;UNIT;Sí;;
NEW-1788552194577-259-6;7702390224;Bulk 259-6;Nueva Cat;37212.66;4887.28;49;5;2;0;UNIT;Sí;;2026-12-31
NEW-1788552194577-259-9;;Bulk 259-9;Lacteos;37524.35;21052.02;315;5;2;0;UNIT;Sí;;
NEW-1788552193911-26-0;7706471613;Bulk 26-0;Snacks;22289.99;15226.93;119;5;2;0;UNIT;Sí;;
NEW-1788552193911-26-2;;Bulk 26-2;Nueva Cat;22025.57;3734.55;329;5;2;0;UNIT;Sí;;2026-12-31
NEW-1788552194580-260-0;;Bulk 260-0;Nueva Cat;28305.07;7282.88;256;5;2;0;UNIT;Sí;;
NEW-1788552194580-260-1;7709842982;Bulk 260-1;Snacks;10092.96;22522.28;417;5;2;0;UNIT;Sí;;
NEW-1788552194580-260-2;7709694528;Bulk 260-2;Snacks;31495.6;8039.33;53;5;2;0;UNIT;Sí;;
NEW-1788552194580-260-4;;Bulk 260-4;Snacks;43264.05;29297.8;394;5;2;0;UNIT;Sí;;2026-12-31
NEW-1788552194580-260-5;7706289359;Bulk 260-5;Bebidas;4930.46;25803.22;521;5;2;0;UNIT;Sí;;
NEW-1788552194580-260-6;;Bulk 260-6;Lacteos;45011.59;8077.12;557;5;2;0;UNIT;Sí;;
NEW-1788552194580-260-7;7705611229;Bulk 260-7;Bebidas;1742.86;26995.86;438;5;2;0;UNIT;Sí;;2026-12-31
NEW-1788552194586-261-0;;Bulk 261-0;Lacteos;42729.9;28528.39;284;5;2;0;UNIT;Sí;;
NEW-1788552194586-261-4;7705944915;Bulk 261-4;Bebidas;26563.86;251.08;210;5;2;0;UNIT;Sí;;
NEW-1788552194586-261-6;;Bulk 261-6;Nueva Cat;41163.77;22911.19;112;5;2;0;UNIT;Sí;;2026-12-31
NEW-1788552194586-261-7;7702636653;Bulk 261-7;Lacteos;38075.77;21466.81;155;5;2;0;UNIT;Sí;;
NEW-1788552194589-262-0;7702291391;Bulk 262-0;Snacks;30135.15;6714.17;45;5;2;0;UNIT;Sí;;
NEW-1788552194589-262-2;7707709838;Bulk 262-2;Bebidas;9520.38;10978.16;477;5;2;0;UNIT;Sí;;
NEW-1788552194589-262-4;7701686761;Bulk 262-4;Snacks;43207.67;22655.01;329;5;2;0;UNIT;Sí;;
NEW-1788552194589-262-6;;Bulk 262-6;Nueva Cat;14909.14;9220.29;211;5;2;0;UNIT;Sí;;
NEW-1788552194589-262-8;;Bulk 262-8;Bebidas;40246.68;8431.44;91;5;2;0;UNIT;Sí;;
NEW-1788552194593-263-0;;Bulk 263-0;Snacks;22022.05;12140.13;49;5;2;0;UNIT;Sí;;
NEW-1788552194593-264-0;;Bulk 264-0;Bebidas;33222.84;19710.13;111;5;2;0;UNIT;Sí;;
NEW-1788552194593-264-1;7701266456;Bulk 264-1;Bebidas;35883.44;20877.11;409;5;2;0;UNIT;Sí;;
NEW-1788552194593-264-4;7704858730;Bulk 264-4;Bebidas;1277.72;24063.22;154;5;2;0;UNIT;Sí;;
NEW-1788552194593-264-5;7707069633;Bulk 264-5;Snacks;46092.6;24103.46;309;5;2;0;UNIT;Sí;;
NEW-1788552194593-264-6;7704396682;Bulk 264-6;Nueva Cat;24121.18;10073.29;184;5;2;0;UNIT;Sí;;
NEW-1788552194593-264-7;;Bulk 264-7;Bebidas;39660.31;23428.86;99;5;2;0;UNIT;Sí;;2026-12-31
NEW-1788552194593-264-8;7705471908;Bulk 264-8;Snacks;45040.84;13573.55;475;5;2;0;UNIT;Sí;;
NEW-1788552194597-265-1;;Bulk 265-1;Nueva Cat;10622.24;18507.89;151;5;2;0;UNIT;Sí;;2026-12-31
NEW-1788552194597-265-5;7707542980;Bulk 265-5;Lacteos;20203.5;24201.41;419;5;2;0;UNIT;Sí;;2026-12-31
NEW-1788552194597-265-7;7709680131;Bulk 265-7;Snacks;4469.37;701.55;402;5;2;0;UNIT;Sí;;
NEW-1788552194601-266-0;;Bulk 266-0;Bebidas;32576.01;17272;437;5;2;0;UNIT;Sí;;
NEW-1788552194601-266-2;7707282142;Bulk 266-2;Nueva Cat;25294.1;10578.26;128;5;2;0;UNIT;Sí;;
NEW-1788552194601-266-3;7702850305;Bulk 266-3;Bebidas;47131.09;20501.28;77;5;2;0;UNIT;Sí;;
NEW-1788552194601-266-4;7709532605;Bulk 266-4;Lacteos;42718.54;15224.52;261;5;2;0;UNIT;Sí;;
NEW-1788552194601-266-8;;Bulk 266-8;Nueva Cat;37746.18;16287.66;179;5;2;0;UNIT;Sí;;
NEW-1788552194605-267-0;;Bulk 267-0;Lacteos;33481.86;28231.01;42;5;2;0;UNIT;Sí;;
NEW-1788552194605-267-3;7704270022;Bulk 267-3;Lacteos;1009.98;12950.17;426;5;2;0;UNIT;Sí;;
NEW-1788552194605-267-5;;Bulk 267-5;Bebidas;3699.13;12115.94;461;5;2;0;UNIT;Sí;;2026-12-31
NEW-1788552194608-268-0;7704011602;Bulk 268-0;Bebidas;48196.97;9161.63;270;5;2;0;UNIT;Sí;;
NEW-1788552194608-268-1;7701201275;Bulk 268-1;Bebidas;42229;12109.07;49;5;2;0;UNIT;Sí;;
NEW-1788552194608-268-3;7704171912;Bulk 268-3;Nueva Cat;17878.75;13115.52;421;5;2;0;UNIT;Sí;;
NEW-1788552194608-268-5;7707086890;Bulk 268-5;Lacteos;42861.61;22460.17;353;5;2;0;UNIT;Sí;;
NEW-1788552194610-269-0;;Bulk 269-0;Bebidas;48185.73;12109.01;452;5;2;0;UNIT;Sí;;
NEW-1788552194610-269-4;;Bulk 269-4;Snacks;1119.01;9529.25;419;5;2;0;UNIT;Sí;;
NEW-1788552194610-269-6;7702822142;Bulk 269-6;Lacteos;31245.12;9904.13;454;5;2;0;UNIT;Sí;;
NEW-1788552193913-27-0;7709033561;Bulk 27-0;Snacks;49247.54;12347.85;408;5;2;0;UNIT;Sí;;
NEW-1788552193913-27-1;7707866434;Bulk 27-1;Lacteos;15836.49;22619.96;449;5;2;0;UNIT;Sí;;
NEW-1788552193913-27-2;;Bulk 27-2;Bebidas;25688.89;7952.79;43;5;2;0;UNIT;Sí;;
NEW-1788552194615-270-1;7704007006;Bulk 270-1;Bebidas;7254.95;29721.29;228;5;2;0;UNIT;Sí;;
NEW-1788552194617-271-0;7706591271;Bulk 271-0;Bebidas;44742.71;978.58;196;5;2;0;UNIT;Sí;;
NEW-1788552194617-271-1;;Bulk 271-1;Lacteos;45013.85;4447.92;214;5;2;0;UNIT;Sí;;
NEW-1788552194617-271-2;7702322853;Bulk 271-2;Nueva Cat;13166.89;22210.19;449;5;2;0;UNIT;Sí;;2026-12-31
NEW-1788552194619-272-0;7703029426;Bulk 272-0;Bebidas;21250.86;9876.82;339;5;2;0;UNIT;Sí;;2026-12-31
NEW-1788552194619-272-1;;Bulk 272-1;Snacks;26051.29;5218.46;380;5;2;0;UNIT;Sí;;2026-12-31
NEW-1788552194619-272-2;7703477621;Bulk 272-2;Bebidas;7290.05;4801.29;157;5;2;0;UNIT;Sí;;
NEW-1788552194619-272-4;7704527116;Bulk 272-4;Lacteos;23965.79;1247.74;156;5;2;0;UNIT;Sí;;
NEW-1788552194619-272-6;7703012672;Bulk 272-6;Snacks;7962.54;22291.91;43;5;2;0;UNIT;Sí;;
NEW-1788552194619-272-7;;Bulk 272-7;Bebidas;11266.47;8673.26;54;5;2;0;UNIT;Sí;;
NEW-1788552194619-272-8;7707589396;Bulk 272-8;Lacteos;30693.7;29349.61;276;5;2;0;UNIT;Sí;;
NEW-1788552194624-273-1;;Bulk 273-1;Bebidas;2561.68;8943.91;328;5;2;0;UNIT;Sí;;
NEW-1788552194624-273-2;7701778564;Bulk 273-2;Nueva Cat;9233.05;27492.91;427;5;2;0;UNIT;Sí;;
NEW-1788552194626-274-1;;Bulk 274-1;Bebidas;49524.03;3284.33;106;5;2;0;UNIT;Sí;;
NEW-1788552194627-275-2;7709560624;Bulk 275-2;Bebidas;8498.03;21877.41;122;5;2;0;UNIT;Sí;;
NEW-1788552194629-276-0;7705976489;Bulk 276-0;Snacks;27873.64;15331.61;404;5;2;0;UNIT;Sí;;2026-12-31
NEW-1788552194629-276-1;7707604577;Bulk 276-1;Bebidas;30081.24;15038.41;354;5;2;0;UNIT;Sí;;
NEW-1788552194629-276-5;7707328684;Bulk 276-5;Bebidas;19642.2;23758.43;199;5;2;0;UNIT;Sí;;
NEW-1788552194629-276-7;7702009786;Bulk 276-7;Bebidas;18020.16;24295.26;203;5;2;0;UNIT;Sí;;
NEW-1788552194636-277-0;;Bulk 277-0;Snacks;24755.12;18365.15;305;5;2;0;UNIT;Sí;;2026-12-31
NEW-1788552194636-277-3;7709299406;Bulk 277-3;Lacteos;16350.05;17684.6;117;5;2;0;UNIT;Sí;;
NEW-1788552194638-278-1;7705983072;Bulk 278-1;Nueva Cat;23754.82;21489.14;141;5;2;0;UNIT;Sí;;
NEW-1788552194638-278-2;;Bulk 278-2;Lacteos;2345.08;2835.48;47;5;2;0;UNIT;Sí;;
NEW-1788552194638-278-3;7709848162;Bulk 278-3;Lacteos;14669.14;1927.1;475;5;2;0;UNIT;Sí;;
NEW-1788552194663-279-0;;Bulk 279-0;Nueva Cat;9462.58;15648.18;200;5;2;0;UNIT;Sí;;
NEW-1788552193916-28-1;7704210921;Bulk 28-1;Bebidas;29457.39;3543.96;173;5;2;0;UNIT;Sí;;
NEW-1788552193916-28-2;7703579141;Bulk 28-2;Lacteos;39142.02;10788.8;318;5;2;0;UNIT;Sí;;2026-12-31
NEW-1788552193916-28-5;7705848941;Bulk 28-5;Lacteos;17532.72;23776.13;48;5;2;0;UNIT;Sí;;
NEW-1788552193916-28-9;;Bulk 28-9;Snacks;9772.37;23913.97;380;5;2;0;UNIT;Sí;;
NEW-1788552194665-280-0;7705244999;Bulk 280-0;Nueva Cat;27850.87;16417.11;203;5;2;0;UNIT;Sí;;
NEW-1788552194665-280-6;7708425915;Bulk 280-6;Nueva Cat;43169.04;15724.56;426;5;2;0;UNIT;Sí;;
NEW-1788552194675-281-3;7708999073;Bulk 281-3;Nueva Cat;42273.56;19473.61;397;5;2;0;UNIT;Sí;;2026-12-31
NEW-1788552194675-281-4;7708539785;Bulk 281-4;Lacteos;47670.41;19841.96;458;5;2;0;UNIT;Sí;;
NEW-1788552194675-281-5;7705286171;Bulk 281-5;Nueva Cat;39722.05;9902.28;138;5;2;0;UNIT;Sí;;2026-12-31
NEW-1788552194675-281-6;7701172684;Bulk 281-6;Snacks;34294.75;6239.62;466;5;2;0;UNIT;Sí;;
NEW-1788552194675-281-7;7701434658;Bulk 281-7;Nueva Cat;42099.44;26658.24;591;5;2;0;UNIT;Sí;;
NEW-1788552194675-281-9;7704880337;Bulk 281-9;Nueva Cat;27999.36;4656;48;5;2;0;UNIT;Sí;;
NEW-1788552194685-283-4;;Bulk 283-4;Nueva Cat;16581.88;14223.58;71;5;2;0;UNIT;Sí;;2026-12-31
NEW-1788552194689-284-6;;Bulk 284-6;Snacks;16762.21;4878.89;182;5;2;0;UNIT;Sí;;2026-12-31
NEW-1788552194689-284-7;7708666089;Bulk 284-7;Bebidas;44313.41;29135.09;149;5;2;0;UNIT;Sí;;
NEW-1788552194695-285-0;;Bulk 285-0;Nueva Cat;18102.24;17468.08;222;5;2;0;UNIT;Sí;;
NEW-1788552194695-285-3;7705256477;Bulk 285-3;Bebidas;10072;17487.75;400;5;2;0;UNIT;Sí;;
NEW-1788552194695-285-5;7704485052;Bulk 285-5;Bebidas;44359.69;6562.29;105;5;2;0;UNIT;Sí;;
NEW-1788552194699-286-0;7706857240;Bulk 286-0;Bebidas;4547.64;7970.44;217;5;2;0;UNIT;Sí;;
NEW-1788552194700-287-0;7701746211;Bulk 287-0;Lacteos;4137.94;17863.75;48;5;2;0;UNIT;Sí;;
NEW-1788552194700-287-1;7704637038;Bulk 287-1;Snacks;33851.9;14364.37;443;5;2;0;UNIT;Sí;;
NEW-1788552194700-287-5;7705140767;Bulk 287-5;Nueva Cat;14992.66;18437.19;207;5;2;0;UNIT;Sí;;
NEW-1788552194700-287-6;7703389634;Bulk 287-6;Bebidas;9202.5;17107.82;145;5;2;0;UNIT;Sí;;
NEW-1788552194700-287-7;7701415187;Bulk 287-7;Snacks;14628.73;27763.57;304;5;2;0;UNIT;Sí;;
NEW-1788552194704-288-0;;Bulk 288-0;Bebidas;29855.28;3868.19;314;5;2;0;UNIT;Sí;;
NEW-1788552194704-288-2;7705460037;Bulk 288-2;Bebidas;967.54;7064.86;113;5;2;0;UNIT;Sí;;
NEW-1788552194704-288-3;7707872470;Bulk 288-3;Nueva Cat;43072.76;17617.19;405;5;2;0;UNIT;Sí;;
NEW-1788552194704-288-4;;Bulk 288-4;Nueva Cat;16935.8;14762.22;325;5;2;0;UNIT;Sí;;
NEW-1788552194708-289-0;7702819744;Bulk 289-0;Nueva Cat;34041.54;22211.28;472;5;2;0;UNIT;Sí;;
NEW-1788552193919-29-0;;Bulk 29-0;Lacteos;25586.35;8155.62;254;5;2;0;UNIT;Sí;;
NEW-1788552193919-29-1;7702125608;Bulk 29-1;Lacteos;49287.93;28331.16;291;5;2;0;UNIT;Sí;;
NEW-1788552193919-29-2;;Bulk 29-2;Snacks;3273.55;11019.13;234;5;2;0;UNIT;Sí;;2026-12-31
NEW-1788552193919-29-3;;Bulk 29-3;Lacteos;33679.86;29254.78;69;5;2;0;UNIT;Sí;;
NEW-1788552194710-290-0;7702443701;Bulk 290-0;Snacks;11261.71;27153.45;305;5;2;0;UNIT;Sí;;
NEW-1788552194710-290-1;7707068842;Bulk 290-1;Snacks;22457.82;5827.59;47;5;2;0;UNIT;Sí;;
NEW-1788552194710-290-2;;Bulk 290-2;Lacteos;9599.67;8927.42;16;5;2;0;UNIT;Sí;;
NEW-1788552194710-290-3;;Bulk 290-3;Snacks;7056.95;6762.96;249;5;2;0;UNIT;Sí;;
NEW-1788552194710-290-5;7703257851;Bulk 290-5;Lacteos;38681.43;29265.29;158;5;2;0;UNIT;Sí;;
NEW-1788552194710-290-6;;Bulk 290-6;Nueva Cat;2241.42;10633.22;45;5;2;0;UNIT;Sí;;
NEW-1788552194715-291-1;7708590242;Bulk 291-1;Snacks;15645.61;5521.93;125;5;2;0;UNIT;Sí;;2026-12-31
NEW-1788552194715-291-9;7706433210;Bulk 291-9;Snacks;43600.92;10914.43;409;5;2;0;UNIT;Sí;;2026-12-31
NEW-1788552194719-292-2;7702240922;Bulk 292-2;Lacteos;23761.66;27300.62;134;5;2;0;UNIT;Sí;;2026-12-31
NEW-1788552194719-292-4;7703127746;Bulk 292-4;Nueva Cat;28136.31;19452.17;461;5;2;0;UNIT;Sí;;
NEW-1788552194719-292-5;7701105045;Bulk 292-5;Nueva Cat;21063.32;16367.19;185;5;2;0;UNIT;Sí;;
NEW-1788552194719-292-6;7709193233;Bulk 292-6;Snacks;24341.93;15998.74;179;5;2;0;UNIT;Sí;;
NEW-1788552194719-292-7;7707545807;Bulk 292-7;Snacks;44766.98;5890.55;260;5;2;0;UNIT;Sí;;
NEW-1788552194719-292-8;7701319572;Bulk 292-8;Bebidas;32301.3;14175;212;5;2;0;UNIT;Sí;;
NEW-1788552194724-294-0;7704975131;Bulk 294-0;Lacteos;29956.55;3292.15;492;5;2;0;UNIT;Sí;;
NEW-1788552194724-294-1;;Bulk 294-1;Snacks;35721.03;1002.08;142;5;2;0;UNIT;Sí;;
NEW-1788552194725-295-0;7706644379;Bulk 295-0;Lacteos;39434.38;12987.3;133;5;2;0;UNIT;Sí;;
NEW-1788552194725-295-2;;Bulk 295-2;Snacks;11952.17;14825.28;336;5;2;0;UNIT;Sí;;
NEW-1788552194725-295-5;7709155025;Bulk 295-5;Bebidas;23544.13;4408.84;205;5;2;0;UNIT;Sí;;
NEW-1788552194725-295-7;;Bulk 295-7;Nueva Cat;41513.49;7460.12;46;5;2;0;UNIT;Sí;;
NEW-1788552194729-297-2;7704950517;Bulk 297-2;Nueva Cat;44444.55;28042.44;449;5;2;0;UNIT;Sí;;2026-12-31
NEW-1788552194731-298-0;7709125840;Bulk 298-0;Nueva Cat;31997.62;19534.74;434;5;2;0;UNIT;Sí;;2026-12-31
NEW-1788552194731-298-1;;Bulk 298-1;Bebidas;18931.1;26332.46;471;5;2;0;UNIT;Sí;;2026-12-31
NEW-1788552194731-298-2;;Bulk 298-2;Lacteos;915.09;26508.41;543;5;2;0;UNIT;Sí;;2026-12-31
NEW-1788552194731-298-4;;Bulk 298-4;Bebidas;47625.39;14065.79;308;5;2;0;UNIT;Sí;;
NEW-1788552194734-299-0;;Bulk 299-0;Nueva Cat;7348.94;20081.35;631;5;2;0;UNIT;Sí;;2026-12-31
NEW-1788552194734-299-4;;Bulk 299-4;Snacks;9768.26;19779.88;309;5;2;0;UNIT;Sí;;
NEW-1788552194734-299-6;7705164148;Bulk 299-6;Snacks;24807.98;1314.47;219;5;2;0;UNIT;Sí;;
NEW-1788552194734-299-9;7709106729;Bulk 299-9;Lacteos;46519.26;20674.68;330;5;2;0;UNIT;Sí;;2026-12-31
NEW-1788552193811-3-4;;Bulk 3-4;Snacks;43052.08;19260.18;230;5;2;0;UNIT;Sí;;
NEW-1788552193811-3-8;7702772041;Bulk 3-8;Lacteos;31493.04;19473.31;407;5;2;0;UNIT;Sí;;2026-12-31
NEW-1788552193921-30-2;7701149869;Bulk 30-2;Lacteos;22419.87;19337.34;322;5;2;0;UNIT;Sí;;
NEW-1788552193921-30-4;;Bulk 30-4;Nueva Cat;47154.47;17589.61;422;5;2;0;UNIT;Sí;;
NEW-1788552193921-30-5;7701438484;Bulk 30-5;Snacks;47562.97;29525.08;388;5;2;0;UNIT;Sí;;
NEW-1788552193921-30-6;7708659259;Bulk 30-6;Bebidas;8862.92;16005.64;174;5;2;0;UNIT;Sí;;
NEW-1788552194737-300-1;7701554780;Bulk 300-1;Nueva Cat;41211.08;25664.85;179;5;2;0;UNIT;Sí;;
NEW-1788552194738-301-0;7701618051;Bulk 301-0;Snacks;17845.4;18209.21;199;5;2;0;UNIT;Sí;;2026-12-31
NEW-1788552194738-301-1;7704193431;Bulk 301-1;Bebidas;8360.71;15077.4;159;5;2;0;UNIT;Sí;;
NEW-1788552194738-301-2;7709533156;Bulk 301-2;Snacks;21846.15;20797.71;407;5;2;0;UNIT;Sí;;2026-12-31
NEW-1788552194738-301-3;;Bulk 301-3;Bebidas;43357.38;22645.63;371;5;2;0;UNIT;Sí;;
NEW-1788552194738-301-4;7703442368;Bulk 301-4;Bebidas;36911.91;17699.22;462;5;2;0;UNIT;Sí;;
NEW-1788552194745-303-2;;Bulk 303-2;Nueva Cat;5910.99;13164.34;46;5;2;0;UNIT;Sí;;
NEW-1788552194745-303-3;7708497102;Bulk 303-3;Bebidas;38632.32;16435.25;283;5;2;0;UNIT;Sí;;
NEW-1788552194746-304-2;7709522284;Bulk 304-2;Lacteos;13983.45;20827.78;47;5;2;0;UNIT;Sí;;2026-12-31
NEW-1788552194746-304-4;;Bulk 304-4;Lacteos;48955.59;563.82;159;5;2;0;UNIT;Sí;;
NEW-1788552194746-304-5;7704267898;Bulk 304-5;Bebidas;9881.45;25181.42;192;5;2;0;UNIT;Sí;;
NEW-1788552194750-305-1;7706660935;Bulk 305-1;Bebidas;13315.14;24442.91;68;5;2;0;UNIT;Sí;;
NEW-1788552194750-305-3;7706685557;Bulk 305-3;Nueva Cat;23276.09;14942.59;491;5;2;0;UNIT;Sí;;
NEW-1788552194751-306-0;;Bulk 306-0;Snacks;15309.02;27450.49;47;5;2;0;UNIT;Sí;;2026-12-31
NEW-1788552194751-306-1;;Bulk 306-1;Snacks;10351.16;27926.35;185;5;2;0;UNIT;Sí;;2026-12-31
NEW-1788552194751-306-3;;Bulk 306-3;Nueva Cat;27546.49;3019.24;212;5;2;0;UNIT;Sí;;
NEW-1788552194755-307-0;7701465641;Bulk 307-0;Nueva Cat;11409.26;9169.07;446;5;2;0;UNIT;Sí;;2026-12-31
NEW-1788552194755-307-1;;Bulk 307-1;Nueva Cat;40560.89;5059.7;48;5;2;0;UNIT;Sí;;2026-12-31
NEW-1788552194755-307-3;7707082904;Bulk 307-3;Lacteos;38635.1;25645.51;458;5;2;0;UNIT;Sí;;
NEW-1788552194755-307-4;7709413493;Bulk 307-4;Lacteos;38802.04;7837.95;300;5;2;0;UNIT;Sí;;
NEW-1788552194758-308-3;;Bulk 308-3;Nueva Cat;23462.61;20035.89;422;5;2;0;UNIT;Sí;;2026-12-31
NEW-1788552194758-308-7;7704458452;Bulk 308-7;Bebidas;12847.06;26103.27;464;5;2;0;UNIT;Sí;;
NEW-1788552194758-308-8;;Bulk 308-8;Snacks;24849.23;7809.12;186;5;2;0;UNIT;Sí;;
NEW-1788552194758-308-9;7702359720;Bulk 308-9;Lacteos;43635.19;23796.95;221;5;2;0;UNIT;Sí;;
NEW-1788552194761-309-0;;Bulk 309-0;Nueva Cat;11032.94;4909.62;280;5;2;0;UNIT;Sí;;
NEW-1788552194761-309-4;7702492057;Bulk 309-4;Bebidas;6407.76;5512.69;231;5;2;0;UNIT;Sí;;2026-12-31
NEW-1788552194761-309-5;7705297158;Bulk 309-5;Lacteos;9275.46;21983.69;185;5;2;0;UNIT;Sí;;
NEW-1788552194761-309-6;7708350530;Bulk 309-6;Bebidas;24615.83;29757.4;175;5;2;0;UNIT;Sí;;2026-12-31
NEW-1788552193924-31-0;7709192114;Bulk 31-0;Snacks;29650.28;9213.22;104;5;2;0;UNIT;Sí;;
NEW-1788552193924-31-1;;Bulk 31-1;Nueva Cat;40279.52;16273.05;264;5;2;0;UNIT;Sí;;
NEW-1788552193924-31-4;7708230907;Bulk 31-4;Bebidas;36167.89;13895.04;213;5;2;0;UNIT;Sí;;
NEW-1788552193924-31-6;;Bulk 31-6;Lacteos;28319.24;16508.98;569;5;2;0;UNIT;Sí;;
NEW-1788552194765-310-1;7701133489;Bulk 310-1;Lacteos;1303.88;26773.21;135;5;2;0;UNIT;Sí;;
NEW-1788552194765-310-3;;Bulk 310-3;Nueva Cat;46818.72;15060.85;304;5;2;0;UNIT;Sí;;
NEW-1788552194765-310-4;7703644120;Bulk 310-4;Lacteos;26452.01;12976.48;355;5;2;0;UNIT;Sí;;
NEW-1788552194765-310-8;;Bulk 310-8;Lacteos;42509.73;2519.63;48;5;2;0;UNIT;Sí;;
NEW-1788552194768-311-0;7702052831;Bulk 311-0;Nueva Cat;37905.43;3078.72;78;5;2;0;UNIT;Sí;;2026-12-31
NEW-1788552194768-311-1;7706333673;Bulk 311-1;Bebidas;9307.28;7642.85;185;5;2;0;UNIT;Sí;;
NEW-1788552194768-311-2;7706842497;Bulk 311-2;Lacteos;32477.62;6005.94;51;5;2;0;UNIT;Sí;;
NEW-1788552194772-312-0;;Bulk 312-0;Snacks;18054.26;1851.55;623;5;2;0;UNIT;Sí;;
NEW-1788552194772-312-1;;Bulk 312-1;Bebidas;18220.67;6271.1;209;5;2;0;UNIT;Sí;;
NEW-1788552194772-312-2;7703861626;Bulk 312-2;Bebidas;29841.87;7281.84;154;5;2;0;UNIT;Sí;;2026-12-31
NEW-1788552194772-312-3;7703115688;Bulk 312-3;Nueva Cat;25156.69;7369.9;44;5;2;0;UNIT;Sí;;2026-12-31
NEW-1788552194772-312-4;7709558430;Bulk 312-4;Snacks;5198.17;19230.27;244;5;2;0;UNIT;Sí;;
NEW-1788552194772-312-5;7706702992;Bulk 312-5;Lacteos;32524.99;1088.35;214;5;2;0;UNIT;Sí;;
NEW-1788552194772-312-7;7706234238;Bulk 312-7;Snacks;2251.6;23089.27;127;5;2;0;UNIT;Sí;;2026-12-31
NEW-1788552194780-313-0;7703599045;Bulk 313-0;Bebidas;22044.24;17237.71;280;5;2;0;UNIT;Sí;;
NEW-1788552194780-313-1;;Bulk 313-1;Snacks;1058.39;19999.32;426;5;2;0;UNIT;Sí;;
NEW-1788552194780-313-2;;Bulk 313-2;Snacks;34858.33;1979.08;173;5;2;0;UNIT;Sí;;
NEW-1788552194780-313-3;;Bulk 313-3;Nueva Cat;10176.5;26367.09;369;5;2;0;UNIT;Sí;;
NEW-1788552194780-313-5;7703890600;Bulk 313-5;Snacks;16211.46;18155.38;397;5;2;0;UNIT;Sí;;
NEW-1788552194790-315-0;7702627467;Bulk 315-0;Nueva Cat;41828.62;11748.84;234;5;2;0;UNIT;Sí;;
NEW-1788552194790-315-1;7704958012;Bulk 315-1;Snacks;6081.25;17465.17;220;5;2;0;UNIT;Sí;;
NEW-1788552194790-315-4;7705517550;Bulk 315-4;Lacteos;26871.02;24509.75;184;5;2;0;UNIT;Sí;;2026-12-31
NEW-1788552194793-316-0;7708096324;Bulk 316-0;Bebidas;36458.47;20506.03;282;5;2;0;UNIT;Sí;;
NEW-1788552194793-316-3;7703980478;Bulk 316-3;Bebidas;5716.92;14292.85;493;5;2;0;UNIT;Sí;;
NEW-1788552194793-316-4;;Bulk 316-4;Bebidas;5507.74;27581.04;328;5;2;0;UNIT;Sí;;
NEW-1788552194797-317-2;;Bulk 317-2;Bebidas;11139.3;29944.99;501;5;2;0;UNIT;Sí;;
NEW-1788552194797-317-4;;Bulk 317-4;Bebidas;46539.29;3088.07;473;5;2;0;UNIT;Sí;;2026-12-31
NEW-1788552194797-317-5;7707802699;Bulk 317-5;Bebidas;25963.89;25317.48;260;5;2;0;UNIT;Sí;;
NEW-1788552194797-317-7;7707095042;Bulk 317-7;Snacks;9071.11;2147.85;445;5;2;0;UNIT;Sí;;
NEW-1788552194797-317-8;;Bulk 317-8;Snacks;5587.32;25957.11;126;5;2;0;UNIT;Sí;;2026-12-31
NEW-1788552194805-318-0;;Bulk 318-0;Snacks;17483.89;27816.85;316;5;2;0;UNIT;Sí;;
NEW-1788552194805-319-3;7707551722;Bulk 319-3;Lacteos;44535.86;16328.18;148;5;2;0;UNIT;Sí;;
NEW-1788552194805-319-4;7709625904;Bulk 319-4;Nueva Cat;15778.37;7266.36;361;5;2;0;UNIT;Sí;;2026-12-31
NEW-1788552193926-32-0;7709186081;Bulk 32-0;Snacks;22754.76;3083.01;45;5;2;0;UNIT;Sí;;
NEW-1788552193926-32-3;;Bulk 32-3;Lacteos;38206.96;23254.08;358;5;2;0;UNIT;Sí;;
NEW-1788552193926-32-4;7703082630;Bulk 32-4;Lacteos;26276.93;28448.42;488;5;2;0;UNIT;Sí;;
NEW-1788552193926-32-7;7709720463;Bulk 32-7;Bebidas;10400.99;20218.59;449;5;2;0;UNIT;Sí;;
NEW-1788552193926-32-8;;Bulk 32-8;Nueva Cat;28681.24;13106.08;353;5;2;0;UNIT;Sí;;
NEW-1788552194808-321-0;7701308076;Bulk 321-0;Lacteos;23942.95;10356.01;172;5;2;0;UNIT;Sí;;
NEW-1788552194808-321-1;7704582872;Bulk 321-1;Snacks;3742.33;2094.69;47;5;2;0;UNIT;Sí;;2026-12-31
NEW-1788552194808-321-2;7701468428;Bulk 321-2;Lacteos;19255.72;22988.49;401;5;2;0;UNIT;Sí;;
NEW-1788552194810-322-3;7707407693;Bulk 322-3;Snacks;11900.91;6868.87;344;5;2;0;UNIT;Sí;;2026-12-31
NEW-1788552194810-322-6;;Bulk 322-6;Snacks;10984.62;21337.13;429;5;2;0;UNIT;Sí;;
NEW-1788552194810-322-8;;Bulk 322-8;Bebidas;36587.66;15177.67;253;5;2;0;UNIT;Sí;;
NEW-1788552194817-324-0;7703997568;Bulk 324-0;Snacks;34160.18;29779.47;90;5;2;0;UNIT;Sí;;
NEW-1788552194817-324-2;;Bulk 324-2;Snacks;11401.08;15162.46;90;5;2;0;UNIT;Sí;;
NEW-1788552194820-325-2;7704890458;Bulk 325-2;Snacks;26849.34;13311.48;115;5;2;0;UNIT;Sí;;
NEW-1788552194820-325-3;;Bulk 325-3;Bebidas;13214.59;24867.35;179;5;2;0;UNIT;Sí;;
NEW-1788552194820-325-4;;Bulk 325-4;Lacteos;11816.03;18806.32;447;5;2;0;UNIT;Sí;;
NEW-1788552194820-325-7;7705315019;Bulk 325-7;Bebidas;6743.34;4500.2;202;5;2;0;UNIT;Sí;;
NEW-1788552194824-326-2;7707275175;Bulk 326-2;Lacteos;30538.92;200.06;127;5;2;0;UNIT;Sí;;
NEW-1788552194824-326-3;7706251420;Bulk 326-3;Snacks;28059.97;16852.56;254;5;2;0;UNIT;Sí;;2026-12-31
NEW-1788552194824-326-4;;Bulk 326-4;Nueva Cat;24884.9;15498.89;178;5;2;0;UNIT;Sí;;
NEW-1788552194828-327-0;;Bulk 327-0;Snacks;29349.7;27672.21;100;5;2;0;UNIT;Sí;;
NEW-1788552194828-327-2;7708256692;Bulk 327-2;Lacteos;12989.15;28245.23;191;5;2;0;UNIT;Sí;;
NEW-1788552194829-328-0;7704851279;Bulk 328-0;Nueva Cat;18846.56;14797.26;383;5;2;0;UNIT;Sí;;
NEW-1788552194829-328-2;7702863216;Bulk 328-2;Bebidas;19196.12;17979.56;109;5;2;0;UNIT;Sí;;2026-12-31
NEW-1788552194829-328-3;;Bulk 328-3;Nueva Cat;49401.71;15300.65;208;5;2;0;UNIT;Sí;;2026-12-31
NEW-1788552194829-328-8;7704088438;Bulk 328-8;Snacks;29367.21;14933.62;490;5;2;0;UNIT;Sí;;
NEW-1788552194857-329-0;;Bulk 329-0;Snacks;29771.01;13407.27;219;5;2;0;UNIT;Sí;;
NEW-1788552194859-330-1;7708070382;Bulk 330-1;Lacteos;20560.33;9246.15;86;5;2;0;UNIT;Sí;;
NEW-1788552194859-330-2;7709729487;Bulk 330-2;Bebidas;4382.08;9047.38;221;5;2;0;UNIT;Sí;;
NEW-1788552194859-330-3;7709552661;Bulk 330-3;Lacteos;19572.17;23750.85;48;5;2;0;UNIT;Sí;;
NEW-1788552194859-330-5;7703695995;Bulk 330-5;Nueva Cat;39295.1;13233.83;322;5;2;0;UNIT;Sí;;
NEW-1788552194859-330-7;7704897685;Bulk 330-7;Bebidas;8163.83;3319.91;181;5;2;0;UNIT;Sí;;
NEW-1788552194859-330-9;;Bulk 330-9;Snacks;38695.6;10791.05;476;5;2;0;UNIT;Sí;;
NEW-1788552194870-332-1;;Bulk 332-1;Lacteos;43641.19;21045.45;332;5;2;0;UNIT;Sí;;
NEW-1788552194870-332-2;;Bulk 332-2;Bebidas;25445.19;26763.52;169;5;2;0;UNIT;Sí;;
NEW-1788552194870-332-3;7704108621;Bulk 332-3;Nueva Cat;32311.51;7083;237;5;2;0;UNIT;Sí;;
NEW-1788552194870-332-5;;Bulk 332-5;Nueva Cat;16292.35;11908.05;134;5;2;0;UNIT;Sí;;
NEW-1788552194870-332-9;7705421313;Bulk 332-9;Nueva Cat;48694.09;27589.16;149;5;2;0;UNIT;Sí;;
NEW-1788552194874-333-1;7706518973;Bulk 333-1;Bebidas;42335.04;28948.22;151;5;2;0;UNIT;Sí;;2026-12-31
NEW-1788552194874-333-2;;Bulk 333-2;Snacks;37397.72;13239.69;39;5;2;0;UNIT;Sí;;2026-12-31
NEW-1788552194876-334-0;7706175652;Bulk 334-0;Bebidas;10757.26;18709.97;135;5;2;0;UNIT;Sí;;
NEW-1788552194876-334-1;7709917149;Bulk 334-1;Snacks;33302.96;7315.4;191;5;2;0;UNIT;Sí;;
NEW-1788552194876-334-2;7709446099;Bulk 334-2;Bebidas;46829;3733.5;159;5;2;0;UNIT;Sí;;
NEW-1788552194876-334-5;7701008871;Bulk 334-5;Bebidas;6209.88;10548.44;54;5;2;0;UNIT;Sí;;
NEW-1788552194880-335-0;;Bulk 335-0;Bebidas;20966.35;15354.5;459;5;2;0;UNIT;Sí;;
NEW-1788552194880-335-3;7701728652;Bulk 335-3;Bebidas;6102.71;21642.45;421;5;2;0;UNIT;Sí;;2026-12-31
NEW-1788552194880-335-5;;Bulk 335-5;Bebidas;42891.81;13608.94;529;5;2;0;UNIT;Sí;;
NEW-1788552194880-335-7;7708778206;Bulk 335-7;Snacks;27044.89;25361.18;491;5;2;0;UNIT;Sí;;
NEW-1788552194880-335-8;7702134525;Bulk 335-8;Snacks;9492.23;29914.67;139;5;2;0;UNIT;Sí;;
NEW-1788552194880-335-9;7709252851;Bulk 335-9;Nueva Cat;31294.62;23428.54;188;5;2;0;UNIT;Sí;;
NEW-1788552194888-336-0;7708213128;Bulk 336-0;Snacks;27511.55;14255.06;233;5;2;0;UNIT;Sí;;
NEW-1788552194888-336-1;7709255196;Bulk 336-1;Nueva Cat;39406.39;9943.99;131;5;2;0;UNIT;Sí;;
NEW-1788552194888-336-2;7705087260;Bulk 336-2;Bebidas;38923.59;5906.4;339;5;2;0;UNIT;Sí;;
NEW-1788552194890-337-0;;Bulk 337-0;Snacks;20427.79;25320.2;449;5;2;0;UNIT;Sí;;
NEW-1788552194890-337-2;7707549976;Bulk 337-2;Snacks;29553.18;17726.27;228;5;2;0;UNIT;Sí;;
NEW-1788552194892-338-1;7707987412;Bulk 338-1;Nueva Cat;30467.71;3481.41;110;5;2;0;UNIT;Sí;;
NEW-1788552194892-338-4;7703994362;Bulk 338-4;Snacks;28529.33;3024.04;407;5;2;0;UNIT;Sí;;
NEW-1788552194892-338-5;7704966232;Bulk 338-5;Lacteos;12497.37;16804.57;461;5;2;0;UNIT;Sí;;
NEW-1788552194892-338-6;;Bulk 338-6;Bebidas;25927.29;14159.39;97;5;2;0;UNIT;Sí;;
NEW-1788552194892-338-7;7708969258;Bulk 338-7;Bebidas;32769.88;23213.05;403;5;2;0;UNIT;Sí;;
NEW-1788552194898-339-0;7709533634;Bulk 339-0;Lacteos;48469.94;11240.31;147;5;2;0;UNIT;Sí;;
NEW-1788552194898-339-4;7703016029;Bulk 339-4;Snacks;34446.76;6206.56;210;5;2;0;UNIT;Sí;;
NEW-1788552194898-339-5;7703243221;Bulk 339-5;Nueva Cat;8918.14;6073.26;191;5;2;0;UNIT;Sí;;
NEW-1788552193929-34-0;7701488870;Bulk 34-0;Lacteos;39458.69;6065.51;514;5;2;0;UNIT;Sí;;
NEW-1788552193929-34-2;7703119710;Bulk 34-2;Bebidas;14510.17;25137.78;122;5;2;0;UNIT;Sí;;
NEW-1788552193929-34-4;7707726115;Bulk 34-4;Bebidas;16112.44;10116.83;198;5;2;0;UNIT;Sí;;
NEW-1788552193929-34-5;7706853102;Bulk 34-5;Lacteos;11101.21;19491.68;85;5;2;0;UNIT;Sí;;2026-12-31
NEW-1788552193929-34-6;;Bulk 34-6;Bebidas;21062.64;24017.95;17;5;2;0;UNIT;Sí;;
NEW-1788552194905-341-1;7704509095;Bulk 341-1;Snacks;25463.81;5226.78;501;5;2;0;UNIT;Sí;;
NEW-1788552194905-341-3;7702773126;Bulk 341-3;Snacks;7313.65;10309.92;105;5;2;0;UNIT;Sí;;2026-12-31
NEW-1788552194905-341-4;7702023590;Bulk 341-4;Nueva Cat;25073.32;21195.36;46;5;2;0;UNIT;Sí;;
NEW-1788552194918-342-0;7703603575;Bulk 342-0;Bebidas;42095.21;5983.8;474;5;2;0;UNIT;Sí;;
NEW-1788552194918-342-1;7705908196;Bulk 342-1;Snacks;20886.29;18453.22;223;5;2;0;UNIT;Sí;;
NEW-1788552194918-342-2;7704917779;Bulk 342-2;Snacks;9716.05;8209.66;212;5;2;0;UNIT;Sí;;
NEW-1788552194918-342-3;7703136045;Bulk 342-3;Bebidas;35154.67;6433.51;243;5;2;0;UNIT;Sí;;
NEW-1788552194918-342-4;7709537381;Bulk 342-4;Lacteos;43751.64;20501.08;324;5;2;0;UNIT;Sí;;
NEW-1788552194922-343-2;7708468297;Bulk 343-2;Nueva Cat;9206.09;13638.12;203;5;2;0;UNIT;Sí;;
NEW-1788552194922-343-5;7706867404;Bulk 343-5;Bebidas;7105.46;3745.55;242;5;2;0;UNIT;Sí;;2026-12-31
NEW-1788552194937-345-0;;Bulk 345-0;Bebidas;20088.2;4610.23;378;5;2;0;UNIT;Sí;;2026-12-31
NEW-1788552194937-345-1;7708131437;Bulk 345-1;Bebidas;7477.6;2120.93;314;5;2;0;UNIT;Sí;;
NEW-1788552194937-345-2;7703468111;Bulk 345-2;Bebidas;37697.83;20627.72;7;5;2;0;UNIT;Sí;;
NEW-1788552194946-346-1;7709686316;Bulk 346-1;Bebidas;2199.17;17509.84;154;5;2;0;UNIT;Sí;;
NEW-1788552194946-346-2;7709713835;Bulk 346-2;Bebidas;33497.94;20552.79;405;5;2;0;UNIT;Sí;;
NEW-1788552194946-346-3;7709568291;Bulk 346-3;Nueva Cat;11805.85;24310.78;208;5;2;0;UNIT;Sí;;
NEW-1788552194946-346-4;7708346109;Bulk 346-4;Bebidas;30056.54;3150.68;432;5;2;0;UNIT;Sí;;
NEW-1788552194946-346-5;7708578520;Bulk 346-5;Snacks;6442.11;6225.89;47;5;2;0;UNIT;Sí;;
NEW-1788552194955-347-0;;Bulk 347-0;Lacteos;47881.72;18661.91;395;5;2;0;UNIT;Sí;;
NEW-1788552194955-347-1;7702523591;Bulk 347-1;Lacteos;22333.32;16627.48;83;5;2;0;UNIT;Sí;;
NEW-1788552194955-347-2;7702319981;Bulk 347-2;Bebidas;8720.02;24640.64;157;5;2;0;UNIT;Sí;;
NEW-1788552194955-347-3;7701532194;Bulk 347-3;Bebidas;28267.62;25091.68;86;5;2;0;UNIT;Sí;;
NEW-1788552194957-348-3;;Bulk 348-3;Nueva Cat;9830.14;9129.5;206;5;2;0;UNIT;Sí;;
NEW-1788552194957-348-5;7705916279;Bulk 348-5;Bebidas;6194.35;3305.31;483;5;2;0;UNIT;Sí;;
NEW-1788552194957-348-6;7706990856;Bulk 348-6;Nueva Cat;46653.46;11313.17;45;5;2;0;UNIT;Sí;;
NEW-1788552194957-348-7;;Bulk 348-7;Nueva Cat;29487.21;12626.61;41;5;2;0;UNIT;Sí;;
NEW-1788552194961-349-0;7709234314;Bulk 349-0;Nueva Cat;3744.64;17183.08;315;5;2;0;UNIT;Sí;;
NEW-1788552194961-349-1;7706217326;Bulk 349-1;Snacks;14191.64;5844.25;425;5;2;0;UNIT;Sí;;
NEW-1788552194961-349-5;7701678926;Bulk 349-5;Nueva Cat;4248.03;12861.96;387;5;2;0;UNIT;Sí;;2026-12-31
NEW-1788552194961-349-6;;Bulk 349-6;Lacteos;33283.11;19482.5;280;5;2;0;UNIT;Sí;;2026-12-31
NEW-1788552193933-35-0;7708038917;Bulk 35-0;Nueva Cat;2460.96;14608.41;102;5;2;0;UNIT;Sí;;
NEW-1788552193933-35-2;7701609686;Bulk 35-2;Bebidas;16446.15;7152.97;372;5;2;0;UNIT;Sí;;2026-12-31
NEW-1788552193933-35-4;;Bulk 35-4;Nueva Cat;44958.06;3155.84;452;5;2;0;UNIT;Sí;;
NEW-1788552193933-35-5;;Bulk 35-5;Snacks;13102.95;24321.33;414;5;2;0;UNIT;Sí;;
NEW-1788552193933-35-7;7701252880;Bulk 35-7;Bebidas;26094.04;5092.82;438;5;2;0;UNIT;Sí;;
NEW-1788552194964-350-0;7709416597;Bulk 350-0;Snacks;44176.25;4883.87;64;5;2;0;UNIT;Sí;;
NEW-1788552194967-352-4;7708100047;Bulk 352-4;Bebidas;46067.97;26483.91;87;5;2;0;UNIT;Sí;;
NEW-1788552194967-352-6;7704239295;Bulk 352-6;Lacteos;19481.2;13504.14;122;5;2;0;UNIT;Sí;;
NEW-1788552194969-353-0;7705764938;Bulk 353-0;Lacteos;6173.15;2193.19;436;5;2;0;UNIT;Sí;;
NEW-1788552194969-353-1;;Bulk 353-1;Lacteos;10064.4;7412.98;260;5;2;0;UNIT;Sí;;
NEW-1788552194969-353-2;;Bulk 353-2;Bebidas;18881.09;24727.44;112;5;2;0;UNIT;Sí;;
NEW-1788552194972-355-0;7704266030;Bulk 355-0;Nueva Cat;8677.34;21200.74;47;5;2;0;UNIT;Sí;;
NEW-1788552194972-355-1;;Bulk 355-1;Snacks;4940.12;22076.32;447;5;2;0;UNIT;Sí;;2026-12-31
NEW-1788552194972-355-2;7709530065;Bulk 355-2;Nueva Cat;24703.24;19667.7;73;5;2;0;UNIT;Sí;;
NEW-1788552194972-355-3;;Bulk 355-3;Nueva Cat;45600.73;16207.82;100;5;2;0;UNIT;Sí;;
NEW-1788552194972-355-5;7704139114;Bulk 355-5;Bebidas;43630.94;8816.54;362;5;2;0;UNIT;Sí;;
NEW-1788552194976-356-1;;Bulk 356-1;Nueva Cat;16581.54;3971.34;386;5;2;0;UNIT;Sí;;
NEW-1788552194976-356-3;7704270785;Bulk 356-3;Bebidas;35728.82;16249.81;258;5;2;0;UNIT;Sí;;
NEW-1788552194978-357-1;;Bulk 357-1;Lacteos;6093.92;1384.24;359;5;2;0;UNIT;Sí;;2026-12-31
NEW-1788552194979-358-2;7702078279;Bulk 358-2;Lacteos;21783.51;8027.9;339;5;2;0;UNIT;Sí;;2026-12-31
NEW-1788552194979-358-4;7706876414;Bulk 358-4;Bebidas;4875.07;3285.32;379;5;2;0;UNIT;Sí;;2026-12-31
NEW-1788552194982-359-2;7707148467;Bulk 359-2;Bebidas;27205.96;16591.28;236;5;2;0;UNIT;Sí;;
NEW-1788552193936-36-1;7702787411;Bulk 36-1;Lacteos;14583.93;29462.03;61;5;2;0;UNIT;Sí;;2026-12-31
NEW-1788552193936-36-2;7704071897;Bulk 36-2;Bebidas;34563.69;29667.47;485;5;2;0;UNIT;Sí;;
NEW-1788552193936-36-3;;Bulk 36-3;Nueva Cat;43048.43;4368.72;424;5;2;0;UNIT;Sí;;2026-12-31
NEW-1788552193936-36-5;7709245661;Bulk 36-5;Snacks;8152.25;28725.86;551;5;2;0;UNIT;Sí;;
NEW-1788552194983-360-0;7708451249;Bulk 360-0;Lacteos;32574.34;16767.48;280;5;2;0;UNIT;Sí;;2026-12-31
NEW-1788552194983-360-3;7703108833;Bulk 360-3;Lacteos;48116.8;20225.88;450;5;2;0;UNIT;Sí;;
NEW-1788552194985-361-0;7707265074;Bulk 361-0;Bebidas;7971.04;15728.25;394;5;2;0;UNIT;Sí;;
NEW-1788552194986-362-3;7703011736;Bulk 362-3;Snacks;19637.99;25463.69;113;5;2;0;UNIT;Sí;;2026-12-31
NEW-1788552194986-362-4;7707447076;Bulk 362-4;Snacks;1727.71;29741.86;280;5;2;0;UNIT;Sí;;
NEW-1788552194988-364-1;7701586482;Bulk 364-1;Lacteos;31980.93;6221.82;337;5;2;0;UNIT;Sí;;
NEW-1788552194988-364-4;7706312205;Bulk 364-4;Bebidas;44942.94;14269.92;318;5;2;0;UNIT;Sí;;
NEW-1788552194988-364-5;7708931695;Bulk 364-5;Bebidas;6802.97;3573.46;463;5;2;0;UNIT;Sí;;
NEW-1788552194991-365-0;7707496672;Bulk 365-0;Lacteos;28951.43;13809.71;460;5;2;0;UNIT;Sí;;
NEW-1788552194991-365-1;7706350636;Bulk 365-1;Lacteos;32662.48;14712.92;129;5;2;0;UNIT;Sí;;2026-12-31
NEW-1788552194991-365-2;7703360311;Bulk 365-2;Nueva Cat;35340.09;28842.79;361;5;2;0;UNIT;Sí;;
NEW-1788552194991-365-3;7709287490;Bulk 365-3;Lacteos;44276.7;19330.89;45;5;2;0;UNIT;Sí;;
NEW-1788552194991-365-5;7709318133;Bulk 365-5;Lacteos;48181.74;11305.05;424;5;2;0;UNIT;Sí;;
NEW-1788552194991-365-7;;Bulk 365-7;Lacteos;4550.65;19793.66;112;5;2;0;UNIT;Sí;;
NEW-1788552194991-365-8;7701820298;Bulk 365-8;Snacks;36329.22;22182.53;151;5;2;0;UNIT;Sí;;
NEW-1788552194995-366-0;;Bulk 366-0;Nueva Cat;11421.36;8840.44;196;5;2;0;UNIT;Sí;;
NEW-1788552194995-366-2;7706308916;Bulk 366-2;Bebidas;37331.25;8807.23;71;5;2;0;UNIT;Sí;;
NEW-1788552194995-366-4;7701495604;Bulk 366-4;Bebidas;37625.51;17184.93;457;5;2;0;UNIT;Sí;;
NEW-1788552194995-366-5;7701305925;Bulk 366-5;Lacteos;1433.99;7263.57;412;5;2;0;UNIT;Sí;;
NEW-1788552194995-366-6;;Bulk 366-6;Nueva Cat;42377.81;12562.72;337;5;2;0;UNIT;Sí;;
NEW-1788552194995-366-7;;Bulk 366-7;Nueva Cat;42985.56;7968.22;349;5;2;0;UNIT;Sí;;
NEW-1788552194999-367-1;;Bulk 367-1;Snacks;8100.73;12184.03;149;5;2;0;UNIT;Sí;;
NEW-1788552194999-367-2;7707231723;Bulk 367-2;Snacks;34232.55;16922.72;135;5;2;0;UNIT;Sí;;2026-12-31
NEW-1788552195001-368-0;7702602063;Bulk 368-0;Bebidas;42760.3;9979.23;418;5;2;0;UNIT;Sí;;2026-12-31
NEW-1788552195001-368-1;7708469879;Bulk 368-1;Nueva Cat;46174.34;20882.34;439;5;2;0;UNIT;Sí;;
NEW-1788552195001-368-3;;Bulk 368-3;Lacteos;29498.57;11816.79;286;5;2;0;UNIT;Sí;;2026-12-31
NEW-1788552195001-368-5;7706156629;Bulk 368-5;Nueva Cat;7635.7;29978.35;146;5;2;0;UNIT;Sí;;
NEW-1788552195001-368-6;;Bulk 368-6;Lacteos;12103.23;13280.56;311;5;2;0;UNIT;Sí;;
NEW-1788552195004-369-0;7702665997;Bulk 369-0;Nueva Cat;15181.2;28867.27;133;5;2;0;UNIT;Sí;;
NEW-1788552195004-369-1;7708088178;Bulk 369-1;Lacteos;14059.19;26344.58;336;5;2;0;UNIT;Sí;;
NEW-1788552193938-37-1;7707383732;Bulk 37-1;Bebidas;14336.24;16352.89;400;5;2;0;UNIT;Sí;;2026-12-31
NEW-1788552193938-37-4;7708159867;Bulk 37-4;Lacteos;42374.66;5629.38;192;5;2;0;UNIT;Sí;;
NEW-1788552193938-37-6;7703412845;Bulk 37-6;Lacteos;39840.37;21929.41;512;5;2;0;UNIT;Sí;;
NEW-1788552193938-37-7;7708422363;Bulk 37-7;Snacks;37453.92;27173.18;509;5;2;0;UNIT;Sí;;
NEW-1788552195006-370-2;7709880212;Bulk 370-2;Snacks;35453.05;26026.08;440;5;2;0;UNIT;Sí;;
NEW-1788552195006-370-3;;Bulk 370-3;Lacteos;23679.03;6728.25;443;5;2;0;UNIT;Sí;;
NEW-1788552195006-370-5;7701770669;Bulk 370-5;Bebidas;24966.99;22274.01;168;5;2;0;UNIT;Sí;;
NEW-1788552195006-370-7;7708536649;Bulk 370-7;Bebidas;38705.07;4596.7;220;5;2;0;UNIT;Sí;;
NEW-1788552195006-370-8;;Bulk 370-8;Lacteos;14763.17;19285.26;302;5;2;0;UNIT;Sí;;
NEW-1788552195010-372-0;7707209721;Bulk 372-0;Snacks;2842.21;4908.69;351;5;2;0;UNIT;Sí;;
NEW-1788552195010-372-2;7704675772;Bulk 372-2;Nueva Cat;10846.66;22669.38;277;5;2;0;UNIT;Sí;;
NEW-1788552195010-372-3;7703464782;Bulk 372-3;Bebidas;47483.66;17420.41;340;5;2;0;UNIT;Sí;;
NEW-1788552195010-372-6;7709768268;Bulk 372-6;Bebidas;25840.58;6781.32;45;5;2;0;UNIT;Sí;;
NEW-1788552195013-373-2;7704364980;Bulk 373-2;Bebidas;43974.61;5930.52;476;5;2;0;UNIT;Sí;;
NEW-1788552195014-374-0;7705361335;Bulk 374-0;Lacteos;39200.69;13928.82;344;5;2;0;UNIT;Sí;;2026-12-31
NEW-1788552195014-374-1;7709363238;Bulk 374-1;Bebidas;13336.7;19314.55;409;5;2;0;UNIT;Sí;;
NEW-1788552195017-375-0;;Bulk 375-0;Snacks;38261.89;6885.35;205;5;2;0;UNIT;Sí;;
NEW-1788552195017-375-3;;Bulk 375-3;Snacks;7794.23;2918.78;235;5;2;0;UNIT;Sí;;
NEW-1788552195018-376-0;;Bulk 376-0;Lacteos;14456.59;19389.89;279;5;2;0;UNIT;Sí;;
NEW-1788552195018-376-7;7709654025;Bulk 376-7;Bebidas;1893.91;3309.26;262;5;2;0;UNIT;Sí;;
NEW-1788552195023-377-1;7707415411;Bulk 377-1;Lacteos;17539.39;24932.34;376;5;2;0;UNIT;Sí;;
NEW-1788552195023-377-2;;Bulk 377-2;Snacks;9164.3;17119.2;334;5;2;0;UNIT;Sí;;
NEW-1788552195023-377-3;7701198010;Bulk 377-3;Nueva Cat;26788.15;6484.36;234;5;2;0;UNIT;Sí;;
NEW-1788552195026-378-0;7709850867;Bulk 378-0;Lacteos;7645.67;7154.14;230;5;2;0;UNIT;Sí;;
NEW-1788552195026-378-1;;Bulk 378-1;Nueva Cat;30931.54;12175.81;212;5;2;0;UNIT;Sí;;
NEW-1788552195027-379-0;7701347714;Bulk 379-0;Lacteos;47854.02;11841.73;224;5;2;0;UNIT;Sí;;
NEW-1788552195027-379-1;;Bulk 379-1;Lacteos;12955.11;10156.06;282;5;2;0;UNIT;Sí;;
NEW-1788552195029-380-0;;Bulk 380-0;Lacteos;44106.11;12260.24;159;5;2;0;UNIT;Sí;;
NEW-1788552195029-380-1;7704682918;Bulk 380-1;Snacks;34058.93;22266.26;164;5;2;0;UNIT;Sí;;
NEW-1788552195029-380-3;7708438266;Bulk 380-3;Bebidas;15479.35;13476.78;144;5;2;0;UNIT;Sí;;
NEW-1788552195029-380-5;;Bulk 380-5;Nueva Cat;6525.33;27992.66;257;5;2;0;UNIT;Sí;;
NEW-1788552195029-380-7;7703560817;Bulk 380-7;Nueva Cat;34173.49;8702.55;356;5;2;0;UNIT;Sí;;
NEW-1788552195029-380-8;7703728494;Bulk 380-8;Lacteos;1165.29;4485.31;433;5;2;0;UNIT;Sí;;
NEW-1788552195034-381-0;;Bulk 381-0;Bebidas;47894.82;5342.51;340;5;2;0;UNIT;Sí;;
NEW-1788552195034-381-1;7708602946;Bulk 381-1;Lacteos;22109.5;28530.24;385;5;2;0;UNIT;Sí;;2026-12-31
NEW-1788552195034-381-3;7704067949;Bulk 381-3;Snacks;32253.55;24974.32;172;5;2;0;UNIT;Sí;;
NEW-1788552195034-381-5;7706581136;Bulk 381-5;Bebidas;16898.02;2402.85;58;5;2;0;UNIT;Sí;;2026-12-31
NEW-1788552195059-382-0;7703822529;Bulk 382-0;Nueva Cat;15987.59;18473.08;48;5;2;0;UNIT;Sí;;
NEW-1788552195059-382-1;7709551133;Bulk 382-1;Lacteos;1340.92;21288.25;161;5;2;0;UNIT;Sí;;
NEW-1788552195059-382-2;7707995216;Bulk 382-2;Bebidas;18706.02;6405;240;5;2;0;UNIT;Sí;;
NEW-1788552195059-382-6;7701785598;Bulk 382-6;Snacks;9206.32;13893.77;156;5;2;0;UNIT;Sí;;
NEW-1788552195059-382-7;7702813430;Bulk 382-7;Nueva Cat;15237.07;22548.71;59;5;2;0;UNIT;Sí;;
NEW-1788552195064-383-3;7707405727;Bulk 383-3;Bebidas;47826.67;25290.35;412;5;2;0;UNIT;Sí;;
NEW-1788552195068-384-0;7702596212;Bulk 384-0;Snacks;31009.27;14038.08;16;5;2;0;UNIT;Sí;;
NEW-1788552195068-384-2;;Bulk 384-2;Bebidas;12904.18;330.31;77;5;2;0;UNIT;Sí;;
NEW-1788552195072-385-0;7707563626;Bulk 385-0;Bebidas;9485.81;2108.61;349;5;2;0;UNIT;Sí;;
NEW-1788552195072-385-3;7704737120;Bulk 385-3;Nueva Cat;34209.14;5095.33;246;5;2;0;UNIT;Sí;;
NEW-1788552195072-385-5;;Bulk 385-5;Nueva Cat;39357.48;794.56;41;5;2;0;UNIT;Sí;;
NEW-1788552195072-385-6;;Bulk 385-6;Bebidas;24770.66;8663.35;549;5;2;0;UNIT;Sí;;
NEW-1788552195072-385-8;7708670741;Bulk 385-8;Lacteos;25095.64;19118.04;46;5;2;0;UNIT;Sí;;
NEW-1788552195078-386-1;7708878457;Bulk 386-1;Nueva Cat;19595.94;2297.54;434;5;2;0;UNIT;Sí;;
NEW-1788552195078-386-2;;Bulk 386-2;Nueva Cat;35845.73;16486.1;235;5;2;0;UNIT;Sí;;
NEW-1788552195078-386-3;7701766550;Bulk 386-3;Nueva Cat;29166.15;3146.24;183;5;2;0;UNIT;Sí;;
NEW-1788552195078-386-4;7709586271;Bulk 386-4;Bebidas;44104.74;18049.87;159;5;2;0;UNIT;Sí;;
NEW-1788552195078-386-6;;Bulk 386-6;Bebidas;14918.98;27233.4;48;5;2;0;UNIT;Sí;;
NEW-1788552195087-387-2;;Bulk 387-2;Bebidas;25588.97;25457.5;131;5;2;0;UNIT;Sí;;2026-12-31
NEW-1788552195087-387-3;7706515811;Bulk 387-3;Lacteos;39946.39;6270.21;46;5;2;0;UNIT;Sí;;
NEW-1788552195087-387-8;;Bulk 387-8;Snacks;8734.71;26925.18;223;5;2;0;UNIT;Sí;;
NEW-1788552195093-388-4;;Bulk 388-4;Nueva Cat;42881.36;15698.57;267;5;2;0;UNIT;Sí;;
NEW-1788552195093-388-6;7708089606;Bulk 388-6;Bebidas;38728.47;18642.06;313;5;2;0;UNIT;Sí;;
NEW-1788552195099-389-0;7703622618;Bulk 389-0;Snacks;32376.92;7537.36;153;5;2;0;UNIT;Sí;;
NEW-1788552195099-389-1;7701828500;Bulk 389-1;Bebidas;22477.76;14489.3;174;5;2;0;UNIT;Sí;;
NEW-1788552195099-389-2;;Bulk 389-2;Lacteos;11345.09;9342.66;193;5;2;0;UNIT;Sí;;
NEW-1788552195099-389-3;7701423509;Bulk 389-3;Snacks;10714.18;15773.94;278;5;2;0;UNIT;Sí;;
NEW-1788552195099-389-4;;Bulk 389-4;Bebidas;18425.61;20449.1;159;5;2;0;UNIT;Sí;;2026-12-31
NEW-1788552193942-39-1;7704592969;Bulk 39-1;Lacteos;13168.18;8812.83;215;5;2;0;UNIT;Sí;;
NEW-1788552193942-39-2;7708563826;Bulk 39-2;Nueva Cat;13655.05;14966.46;357;5;2;0;UNIT;Sí;;
NEW-1788552195105-390-2;7709854948;Bulk 390-2;Snacks;36883.28;13153.21;462;5;2;0;UNIT;Sí;;
NEW-1788552195105-390-3;;Bulk 390-3;Bebidas;24232.12;12928.28;44;5;2;0;UNIT;Sí;;
NEW-1788552195108-391-0;7709545520;Bulk 391-0;Bebidas;35556.72;7546.07;136;5;2;0;UNIT;Sí;;
NEW-1788552195108-391-1;7705488786;Bulk 391-1;Bebidas;16935.21;22350.45;166;5;2;0;UNIT;Sí;;
NEW-1788552195108-391-2;;Bulk 391-2;Lacteos;6673;15816.79;74;5;2;0;UNIT;Sí;;
NEW-1788552195110-392-2;7701578891;Bulk 392-2;Snacks;34121.75;22049.04;226;5;2;0;UNIT;Sí;;2026-12-31
NEW-1788552195112-393-0;;Bulk 393-0;Snacks;14882.99;21766.83;47;5;2;0;UNIT;Sí;;2026-12-31
NEW-1788552195115-394-0;7707206536;Bulk 394-0;Bebidas;37792.58;26214.87;295;5;2;0;UNIT;Sí;;
NEW-1788552195115-394-1;7706770100;Bulk 394-1;Bebidas;2840.58;1966.46;89;5;2;0;UNIT;Sí;;
NEW-1788552195120-395-0;7702020366;Bulk 395-0;Bebidas;27372.72;21347.52;342;5;2;0;UNIT;Sí;;
NEW-1788552195120-395-2;;Bulk 395-2;Snacks;49309.87;17909.16;419;5;2;0;UNIT;Sí;;
NEW-1788552195120-395-3;7705002424;Bulk 395-3;Bebidas;38208.99;27907.83;13;5;2;0;UNIT;Sí;;
NEW-1788552195120-395-4;;Bulk 395-4;Snacks;11382.45;9222.1;281;5;2;0;UNIT;Sí;;2026-12-31
NEW-1788552195120-395-5;7703889110;Bulk 395-5;Nueva Cat;46465.7;22474.93;446;5;2;0;UNIT;Sí;;2026-12-31
NEW-1788552195124-396-2;7701117086;Bulk 396-2;Bebidas;47989.51;581.16;75;5;2;0;UNIT;Sí;;2026-12-31
NEW-1788552195124-396-3;;Bulk 396-3;Nueva Cat;12253.59;4694.24;446;5;2;0;UNIT;Sí;;
NEW-1788552195124-396-4;;Bulk 396-4;Snacks;38546.92;4063.2;178;5;2;0;UNIT;Sí;;
NEW-1788552195124-396-5;;Bulk 396-5;Nueva Cat;48900;18776.51;493;5;2;0;UNIT;Sí;;
NEW-1788552195128-397-0;;Bulk 397-0;Lacteos;38524.38;5515.26;158;5;2;0;UNIT;Sí;;
NEW-1788552195128-397-1;7708378305;Bulk 397-1;Nueva Cat;4219.92;12529.98;229;5;2;0;UNIT;Sí;;
NEW-1788552195128-397-2;;Bulk 397-2;Lacteos;26745.24;23783.45;394;5;2;0;UNIT;Sí;;2026-12-31
NEW-1788552195132-398-1;7702079822;Bulk 398-1;Nueva Cat;36656.02;18043.19;131;5;2;0;UNIT;Sí;;
NEW-1788552195132-398-4;7707780624;Bulk 398-4;Bebidas;44585.55;29441.24;508;5;2;0;UNIT;Sí;;
NEW-1788552195137-399-0;7705244308;Bulk 399-0;Bebidas;38144.08;29924.02;216;5;2;0;UNIT;Sí;;
NEW-1788552193816-4-2;;Bulk 4-2;Nueva Cat;22257.16;18070.78;438;5;2;0;UNIT;Sí;;
NEW-1788552193816-4-3;7704626960;Bulk 4-3;Lacteos;31983.91;21791.85;340;5;2;0;UNIT;Sí;;
NEW-1788552193944-40-0;7704670922;Bulk 40-0;Nueva Cat;31796.73;15526.38;362;5;2;0;UNIT;Sí;;
NEW-1788552193944-40-1;7701556086;Bulk 40-1;Bebidas;15834.36;23695.88;273;5;2;0;UNIT;Sí;;2026-12-31
NEW-1788552195139-400-2;7704644348;Bulk 400-2;Nueva Cat;41401.23;7632.55;460;5;2;0;UNIT;Sí;;
NEW-1788552195139-400-5;;Bulk 400-5;Nueva Cat;785.03;5635.03;205;5;2;0;UNIT;Sí;;2026-12-31
NEW-1788552195139-400-8;7702470286;Bulk 400-8;Snacks;41846.41;22537.38;322;5;2;0;UNIT;Sí;;
NEW-1788552195145-401-1;7707843817;Bulk 401-1;Lacteos;21571.46;28072.19;124;5;2;0;UNIT;Sí;;
NEW-1788552195145-401-3;7704309959;Bulk 401-3;Nueva Cat;47932.08;23645.31;45;5;2;0;UNIT;Sí;;
NEW-1788552195148-402-0;7703378817;Bulk 402-0;Lacteos;43809.07;17225.74;243;5;2;0;UNIT;Sí;;
NEW-1788552195150-403-1;7703669301;Bulk 403-1;Bebidas;2760.74;3402.44;291;5;2;0;UNIT;Sí;;2026-12-31
NEW-1788552195150-403-4;7704934220;Bulk 403-4;Bebidas;13736.2;17276.26;46;5;2;0;UNIT;Sí;;
NEW-1788552195153-404-0;7704347501;Bulk 404-0;Bebidas;41986.23;13097.65;212;5;2;0;UNIT;Sí;;2026-12-31
NEW-1788552195153-404-4;7705597305;Bulk 404-4;Bebidas;33826.44;12414.73;46;5;2;0;UNIT;Sí;;2026-12-31
NEW-1788552195155-405-0;7702607027;Bulk 405-0;Nueva Cat;17006.94;27032.27;210;5;2;0;UNIT;Sí;;2026-12-31
NEW-1788552195156-406-1;;Bulk 406-1;Lacteos;24761.86;6588.62;362;5;2;0;UNIT;Sí;;
NEW-1788552195156-406-2;7707764153;Bulk 406-2;Nueva Cat;22945.68;12379.75;302;5;2;0;UNIT;Sí;;
NEW-1788552195156-406-4;7703173091;Bulk 406-4;Bebidas;34764.47;2094.13;461;5;2;0;UNIT;Sí;;2026-12-31
NEW-1788552195156-406-8;7706241155;Bulk 406-8;Nueva Cat;30730.42;2737.27;108;5;2;0;UNIT;Sí;;2026-12-31
NEW-1788552195159-407-0;7709144778;Bulk 407-0;Bebidas;4304.49;23680.74;131;5;2;0;UNIT;Sí;;2026-12-31
NEW-1788552195159-407-3;;Bulk 407-3;Bebidas;13995.69;25586.68;186;5;2;0;UNIT;Sí;;
NEW-1788552195159-407-5;7701036324;Bulk 407-5;Bebidas;27432.94;15803.78;422;5;2;0;UNIT;Sí;;
NEW-1788552195159-407-8;7704587635;Bulk 407-8;Bebidas;36239.5;1944.33;56;5;2;0;UNIT;Sí;;2026-12-31
NEW-1788552195164-408-0;7705777528;Bulk 408-0;Bebidas;2668.24;11847.51;574;5;2;0;UNIT;Sí;;
NEW-1788552195164-408-2;7705442696;Bulk 408-2;Nueva Cat;13531.23;24886.54;161;5;2;0;UNIT;Sí;;
NEW-1788552195167-409-1;;Bulk 409-1;Snacks;13172.51;20936.97;421;5;2;0;UNIT;Sí;;
NEW-1788552195167-409-2;7706190777;Bulk 409-2;Snacks;7985.94;19891.67;93;5;2;0;UNIT;Sí;;
NEW-1788552195167-409-3;7706690405;Bulk 409-3;Snacks;23873.61;10257.4;366;5;2;0;UNIT;Sí;;
NEW-1788552193946-41-0;7709567350;Bulk 41-0;Lacteos;39421.01;20242.89;490;5;2;0;UNIT;Sí;;
NEW-1788552193946-41-5;7703849788;Bulk 41-5;Lacteos;7342.61;5705.57;445;5;2;0;UNIT;Sí;;
NEW-1788552195169-410-0;7704736609;Bulk 410-0;Bebidas;7531.82;5657.61;68;5;2;0;UNIT;Sí;;2026-12-31
NEW-1788552195169-410-2;7703145701;Bulk 410-2;Nueva Cat;45847.43;22440.73;481;5;2;0;UNIT;Sí;;
NEW-1788552195169-410-3;7701152091;Bulk 410-3;Nueva Cat;17680.18;24560.98;256;5;2;0;UNIT;Sí;;2026-12-31
NEW-1788552195169-410-5;7702137672;Bulk 410-5;Snacks;6049.89;6162.73;159;5;2;0;UNIT;Sí;;
NEW-1788552195169-410-6;;Bulk 410-6;Lacteos;29860.75;6009.54;266;5;2;0;UNIT;Sí;;2026-12-31
NEW-1788552195169-410-7;7701467805;Bulk 410-7;Bebidas;5133.72;13505.22;237;5;2;0;UNIT;Sí;;
NEW-1788552195169-410-8;7704792525;Bulk 410-8;Nueva Cat;48753.86;11786.73;386;5;2;0;UNIT;Sí;;
NEW-1788552195177-411-0;;Bulk 411-0;Snacks;44159.25;1149.18;86;5;2;0;UNIT;Sí;;2026-12-31
NEW-1788552195177-411-1;;Bulk 411-1;Nueva Cat;13048.36;18441.39;450;5;2;0;UNIT;Sí;;
NEW-1788552195180-412-1;;Bulk 412-1;Snacks;26681.07;10639.07;130;5;2;0;UNIT;Sí;;2026-12-31
NEW-1788552195180-412-2;7706850356;Bulk 412-2;Nueva Cat;8525.17;20653.45;449;5;2;0;UNIT;Sí;;
NEW-1788552195180-412-5;7704236556;Bulk 412-5;Nueva Cat;17649.52;24646.03;249;5;2;0;UNIT;Sí;;
NEW-1788552195180-412-6;7706319116;Bulk 412-6;Bebidas;20928.71;16306.43;329;5;2;0;UNIT;Sí;;
NEW-1788552195180-412-7;7706549491;Bulk 412-7;Bebidas;39308.83;24103.09;378;5;2;0;UNIT;Sí;;
NEW-1788552195186-414-0;;Bulk 414-0;Lacteos;15268.81;5981.78;312;5;2;0;UNIT;Sí;;
NEW-1788552195186-414-1;;Bulk 414-1;Lacteos;19624.97;14686.13;444;5;2;0;UNIT;Sí;;
NEW-1788552195186-414-2;7701822332;Bulk 414-2;Nueva Cat;35395.06;3535.77;146;5;2;0;UNIT;Sí;;
NEW-1788552195186-414-3;7707753401;Bulk 414-3;Lacteos;16861.08;12254.68;162;5;2;0;UNIT;Sí;;
NEW-1788552195186-414-6;7709086553;Bulk 414-6;Lacteos;19831.79;28092.61;158;5;2;0;UNIT;Sí;;
NEW-1788552195193-415-0;7709456693;Bulk 415-0;Nueva Cat;47527.73;17268.07;54;5;2;0;UNIT;Sí;;
NEW-1788552195193-415-1;7705921334;Bulk 415-1;Lacteos;28347.57;16600.18;344;5;2;0;UNIT;Sí;;
NEW-1788552195193-415-2;7707513620;Bulk 415-2;Snacks;29032.87;14655.8;435;5;2;0;UNIT;Sí;;
NEW-1788552195200-417-0;;Bulk 417-0;Nueva Cat;45189.03;2890.44;203;5;2;0;UNIT;Sí;;
NEW-1788552195200-417-1;7709542147;Bulk 417-1;Lacteos;47738.16;12902.52;395;5;2;0;UNIT;Sí;;
NEW-1788552195200-417-3;;Bulk 417-3;Snacks;25730.48;16767.2;294;5;2;0;UNIT;Sí;;
NEW-1788552195200-417-4;7707724896;Bulk 417-4;Bebidas;21935.87;11863.15;99;5;2;0;UNIT;Sí;;
NEW-1788552195207-418-2;7709014024;Bulk 418-2;Nueva Cat;10882.56;25450.42;400;5;2;0;UNIT;Sí;;
NEW-1788552195207-418-3;;Bulk 418-3;Snacks;22034.11;12804.47;348;5;2;0;UNIT;Sí;;
NEW-1788552195207-418-7;7708684897;Bulk 418-7;Nueva Cat;33082.25;20453.12;484;5;2;0;UNIT;Sí;;
NEW-1788552195212-419-0;;Bulk 419-0;Bebidas;32215.27;23833.03;185;5;2;0;UNIT;Sí;;2026-12-31
NEW-1788552195212-419-4;;Bulk 419-4;Bebidas;11927.28;19459.57;298;5;2;0;UNIT;Sí;;
NEW-1788552195217-420-2;7708640589;Bulk 420-2;Nueva Cat;33811.77;1263.92;188;5;2;0;UNIT;Sí;;
NEW-1788552195219-421-2;7706524107;Bulk 421-2;Snacks;7632.81;12096.41;317;5;2;0;UNIT;Sí;;
NEW-1788552195219-421-3;7707757930;Bulk 421-3;Nueva Cat;49531.85;28156.1;372;5;2;0;UNIT;Sí;;
NEW-1788552195222-422-0;7702524478;Bulk 422-0;Bebidas;15934.54;6556.87;306;5;2;0;UNIT;Sí;;
NEW-1788552195222-422-2;;Bulk 422-2;Lacteos;9994.53;8629.88;504;5;2;0;UNIT;Sí;;
NEW-1788552195222-422-3;7701330565;Bulk 422-3;Snacks;46343.63;25783.9;374;5;2;0;UNIT;Sí;;
NEW-1788552195222-422-7;7704910163;Bulk 422-7;Nueva Cat;31862.62;13937.55;323;5;2;0;UNIT;Sí;;
NEW-1788552195226-423-1;;Bulk 423-1;Bebidas;45318.72;3572.95;375;5;2;0;UNIT;Sí;;2026-12-31
NEW-1788552195226-423-2;7705303673;Bulk 423-2;Bebidas;36153;26966.61;378;5;2;0;UNIT;Sí;;
NEW-1788552195229-425-0;7704302182;Bulk 425-0;Nueva Cat;46416.54;28453.06;481;5;2;0;UNIT;Sí;;2026-12-31
NEW-1788552195229-425-3;7708963685;Bulk 425-3;Snacks;16405.13;2715.24;125;5;2;0;UNIT;Sí;;
NEW-1788552195229-425-5;7701733433;Bulk 425-5;Lacteos;48021.73;6102.68;162;5;2;0;UNIT;Sí;;
NEW-1788552195229-425-7;7704347864;Bulk 425-7;Lacteos;48054.83;28621.56;147;5;2;0;UNIT;Sí;;2026-12-31
NEW-1788552195229-425-8;7707770867;Bulk 425-8;Snacks;4926.07;26028.17;342;5;2;0;UNIT;Sí;;
NEW-1788552195233-427-3;;Bulk 427-3;Nueva Cat;41527.76;16847.5;329;5;2;0;UNIT;Sí;;2026-12-31
NEW-1788552195233-427-5;;Bulk 427-5;Bebidas;26388.08;4645.81;489;5;2;0;UNIT;Sí;;
NEW-1788552195236-428-0;7707086585;Bulk 428-0;Lacteos;45638.46;5127.54;419;5;2;0;UNIT;Sí;;
NEW-1788552193949-43-0;;Bulk 43-0;Snacks;11255.01;29559.66;221;5;2;0;UNIT;Sí;;
NEW-1788552193949-43-1;7701337615;Bulk 43-1;Bebidas;34760.29;28596.83;402;5;2;0;UNIT;Sí;;
NEW-1788552193949-43-2;7704623980;Bulk 43-2;Lacteos;20072.51;29298.43;168;5;2;0;UNIT;Sí;;
NEW-1788552193949-43-3;7703755713;Bulk 43-3;Lacteos;27909.5;10160.36;426;5;2;0;UNIT;Sí;;
NEW-1788552195238-430-0;7702351335;Bulk 430-0;Bebidas;35075.27;3890.96;384;5;2;0;UNIT;Sí;;
NEW-1788552195241-431-0;;Bulk 431-0;Snacks;36039.97;7059.37;470;5;2;0;UNIT;Sí;;
NEW-1788552195241-431-1;7706304989;Bulk 431-1;Bebidas;36386.4;29500.03;49;5;2;0;UNIT;Sí;;
NEW-1788552195241-431-5;7702098428;Bulk 431-5;Bebidas;20659.54;11452.17;115;5;2;0;UNIT;Sí;;
NEW-1788552195241-431-6;7706795345;Bulk 431-6;Snacks;8769.56;4064.4;63;5;2;0;UNIT;Sí;;
NEW-1788552195241-431-7;;Bulk 431-7;Nueva Cat;37787.07;27367.02;435;5;2;0;UNIT;Sí;;
NEW-1788552195241-431-9;7708630253;Bulk 431-9;Snacks;27729.14;5732.17;395;5;2;0;UNIT;Sí;;2026-12-31
NEW-1788552195246-432-0;7702444881;Bulk 432-0;Nueva Cat;48427.44;11418.9;394;5;2;0;UNIT;Sí;;2026-12-31
NEW-1788552195246-432-1;7708812689;Bulk 432-1;Nueva Cat;33256.1;17224.92;35;5;2;0;UNIT;Sí;;
NEW-1788552195246-432-6;7708561545;Bulk 432-6;Snacks;48361.27;3661.68;395;5;2;0;UNIT;Sí;;
NEW-1788552195246-432-7;7706392839;Bulk 432-7;Snacks;8547.82;26491.61;357;5;2;0;UNIT;Sí;;
NEW-1788552195251-433-0;7706950982;Bulk 433-0;Lacteos;29316.93;21341.65;406;5;2;0;UNIT;Sí;;
NEW-1788552195251-433-1;7703318571;Bulk 433-1;Nueva Cat;40976.44;1035.84;386;5;2;0;UNIT;Sí;;2026-12-31
NEW-1788552195251-433-7;;Bulk 433-7;Lacteos;15516.82;24876.04;590;5;2;0;UNIT;Sí;;
NEW-1788552195251-433-8;7701375976;Bulk 433-8;Nueva Cat;23756.93;25198.17;429;5;2;0;UNIT;Sí;;
NEW-1788552195280-434-0;7709283845;Bulk 434-0;Snacks;25805.83;1026.7;280;5;2;0;UNIT;Sí;;
NEW-1788552195280-434-1;7705830851;Bulk 434-1;Lacteos;4922.59;11981.41;312;5;2;0;UNIT;Sí;;
NEW-1788552195280-434-2;7709723746;Bulk 434-2;Lacteos;23987.44;5751.73;204;5;2;0;UNIT;Sí;;
NEW-1788552195280-434-3;7702808644;Bulk 434-3;Bebidas;15286.2;15103.5;143;5;2;0;UNIT;Sí;;2026-12-31
NEW-1788552195285-435-0;7704707294;Bulk 435-0;Bebidas;20416.79;24595;472;5;2;0;UNIT;Sí;;2026-12-31
NEW-1788552195285-435-1;;Bulk 435-1;Nueva Cat;42796.46;2219.99;280;5;2;0;UNIT;Sí;;
NEW-1788552195285-435-4;7707228720;Bulk 435-4;Bebidas;29494.69;18370.45;279;5;2;0;UNIT;Sí;;
NEW-1788552195285-435-5;7708343171;Bulk 435-5;Snacks;24495.57;9861.02;76;5;2;0;UNIT;Sí;;
NEW-1788552195290-437-1;7702047983;Bulk 437-1;Lacteos;26587.61;20125.09;340;5;2;0;UNIT;Sí;;
NEW-1788552195290-437-2;7701322285;Bulk 437-2;Bebidas;27190.44;13649.59;481;5;2;0;UNIT;Sí;;
NEW-1788552195292-438-0;7707452635;Bulk 438-0;Nueva Cat;35556.9;15936.86;242;5;2;0;UNIT;Sí;;
NEW-1788552195292-438-2;;Bulk 438-2;Snacks;43788.04;19774.66;337;5;2;0;UNIT;Sí;;2026-12-31
NEW-1788552195292-438-3;;Bulk 438-3;Nueva Cat;42134.43;13811.16;247;5;2;0;UNIT;Sí;;2026-12-31
NEW-1788552195292-438-5;;Bulk 438-5;Snacks;48209.77;16447.13;486;5;2;0;UNIT;Sí;;
NEW-1788552195295-439-0;7708002116;Bulk 439-0;Nueva Cat;43958.17;12476.81;127;5;2;0;UNIT;Sí;;
NEW-1788552193951-44-1;7705435430;Bulk 44-1;Snacks;43148.69;7925.82;398;5;2;0;UNIT;Sí;;2026-12-31
NEW-1788552193951-44-4;7704679483;Bulk 44-4;Bebidas;26859.04;8187.92;228;5;2;0;UNIT;Sí;;
NEW-1788552193951-44-5;7704472782;Bulk 44-5;Snacks;22057.33;23480.17;184;5;2;0;UNIT;Sí;;
NEW-1788552195295-440-3;;Bulk 440-3;Snacks;24663.87;13089.42;218;5;2;0;UNIT;Sí;;
NEW-1788552195295-440-4;;Bulk 440-4;Nueva Cat;34820.08;6748.23;437;5;2;0;UNIT;Sí;;
NEW-1788552195295-440-6;7709347234;Bulk 440-6;Nueva Cat;45435.33;14916.96;450;5;2;0;UNIT;Sí;;2026-12-31
NEW-1788552195295-440-7;;Bulk 440-7;Lacteos;39078.11;22821.77;118;5;2;0;UNIT;Sí;;2026-12-31
NEW-1788552195298-441-3;7701702133;Bulk 441-3;Lacteos;28350.58;21366.61;429;5;2;0;UNIT;Sí;;
NEW-1788552195301-442-0;7701334133;Bulk 442-0;Nueva Cat;40185.66;28403.44;345;5;2;0;UNIT;Sí;;
NEW-1788552195301-442-1;;Bulk 442-1;Bebidas;41970.32;26843.54;256;5;2;0;UNIT;Sí;;
NEW-1788552195301-442-2;7708350292;Bulk 442-2;Lacteos;31332.01;28896.53;159;5;2;0;UNIT;Sí;;
NEW-1788552195301-442-3;7705499462;Bulk 442-3;Snacks;49833.56;5672.43;321;5;2;0;UNIT;Sí;;
NEW-1788552195301-442-4;7707273194;Bulk 442-4;Bebidas;37719.52;11178.57;445;5;2;0;UNIT;Sí;;
NEW-1788552195301-442-6;7703915073;Bulk 442-6;Bebidas;15215.33;28860.98;217;5;2;0;UNIT;Sí;;
NEW-1788552195310-443-0;7702958478;Bulk 443-0;Bebidas;18166.36;14479.92;59;5;2;0;UNIT;Sí;;
NEW-1788552195310-443-1;;Bulk 443-1;Bebidas;42747.12;23514.12;407;5;2;0;UNIT;Sí;;2026-12-31
NEW-1788552195310-443-2;7709239964;Bulk 443-2;Bebidas;16679.85;21238.12;180;5;2;0;UNIT;Sí;;
NEW-1788552195313-444-1;7705181310;Bulk 444-1;Nueva Cat;16724.49;16579.34;47;5;2;0;UNIT;Sí;;
NEW-1788552195313-444-2;;Bulk 444-2;Nueva Cat;4786.96;9153.78;390;5;2;0;UNIT;Sí;;2026-12-31
NEW-1788552195313-444-6;7708523395;Bulk 444-6;Bebidas;35376.98;27015.57;241;5;2;0;UNIT;Sí;;2026-12-31
NEW-1788552195313-444-7;7707121604;Bulk 444-7;Nueva Cat;25316.97;20469.23;270;5;2;0;UNIT;Sí;;
NEW-1788552195313-444-8;7705345118;Bulk 444-8;Nueva Cat;34982.77;21494.92;46;5;2;0;UNIT;Sí;;
NEW-1788552195318-445-2;;Bulk 445-2;Snacks;40980.6;15034.12;397;5;2;0;UNIT;Sí;;
NEW-1788552195318-445-4;;Bulk 445-4;Lacteos;7669.7;25384.52;472;5;2;0;UNIT;Sí;;
NEW-1788552195320-446-1;7709832556;Bulk 446-1;Snacks;35159.56;20602.29;341;5;2;0;UNIT;Sí;;
NEW-1788552195320-446-2;7701960456;Bulk 446-2;Nueva Cat;19762.34;14647.84;234;5;2;0;UNIT;Sí;;
NEW-1788552195322-447-0;7705749606;Bulk 447-0;Nueva Cat;40047.56;4559.21;334;5;2;0;UNIT;Sí;;
NEW-1788552195322-447-1;7707369466;Bulk 447-1;Nueva Cat;18511.03;27891.75;493;5;2;0;UNIT;Sí;;2026-12-31
NEW-1788552195322-447-4;7707080745;Bulk 447-4;Bebidas;42426.68;13119.07;46;5;2;0;UNIT;Sí;;
NEW-1788552195322-447-5;7706809450;Bulk 447-5;Lacteos;34588.92;18076.67;448;5;2;0;UNIT;Sí;;
NEW-1788552195322-447-6;;Bulk 447-6;Nueva Cat;22193.97;10306.7;199;5;2;0;UNIT;Sí;;2026-12-31
NEW-1788552195322-447-7;;Bulk 447-7;Lacteos;20741.53;19356.12;249;5;2;0;UNIT;Sí;;
NEW-1788552195327-448-0;7707520306;Bulk 448-0;Snacks;13534.07;9939.14;249;5;2;0;UNIT;Sí;;
NEW-1788552195328-449-0;7701908364;Bulk 449-0;Bebidas;9138.66;17460.23;389;5;2;0;UNIT;Sí;;
NEW-1788552195328-449-2;7709658203;Bulk 449-2;Snacks;3451.83;21140.79;451;5;2;0;UNIT;Sí;;
NEW-1788552195328-449-4;;Bulk 449-4;Snacks;49471.85;16932.4;442;5;2;0;UNIT;Sí;;
NEW-1788552195328-449-6;7703070673;Bulk 449-6;Bebidas;40725.11;25175.73;60;5;2;0;UNIT;Sí;;
NEW-1788552193954-45-0;;Bulk 45-0;Snacks;24783.71;17167.85;109;5;2;0;UNIT;Sí;;
NEW-1788552193954-45-3;7706793489;Bulk 45-3;Bebidas;24636.95;9978.39;247;5;2;0;UNIT;Sí;;
NEW-1788552195331-450-0;;Bulk 450-0;Nueva Cat;18987.42;18434.68;300;5;2;0;UNIT;Sí;;
NEW-1788552195331-450-1;7706154437;Bulk 450-1;Bebidas;26287.25;12758.64;126;5;2;0;UNIT;Sí;;
NEW-1788552195331-450-2;7701423034;Bulk 450-2;Lacteos;22779.01;1528.12;433;5;2;0;UNIT;Sí;;
NEW-1788552195331-450-4;;Bulk 450-4;Nueva Cat;18404.89;10767.88;236;5;2;0;UNIT;Sí;;2026-12-31
NEW-1788552195331-450-5;7704215654;Bulk 450-5;Snacks;42386.13;26314.06;115;5;2;0;UNIT;Sí;;
NEW-1788552195335-451-0;7701300809;Bulk 451-0;Lacteos;14140.55;2584.11;327;5;2;0;UNIT;Sí;;
NEW-1788552195335-451-1;7706004241;Bulk 451-1;Nueva Cat;25036.08;25182.35;255;5;2;0;UNIT;Sí;;
NEW-1788552195335-451-4;7706798247;Bulk 451-4;Bebidas;9385.78;1461.74;386;5;2;0;UNIT;Sí;;
NEW-1788552195335-451-5;;Bulk 451-5;Nueva Cat;47416.46;15182.39;120;5;2;0;UNIT;Sí;;
NEW-1788552195338-452-1;7708296643;Bulk 452-1;Snacks;23484.1;6717.42;213;5;2;0;UNIT;Sí;;
NEW-1788552195340-455-1;7703087886;Bulk 455-1;Lacteos;32376.22;17033.45;194;5;2;0;UNIT;Sí;;
NEW-1788552195340-455-5;;Bulk 455-5;Nueva Cat;7424.46;20493.99;258;5;2;0;UNIT;Sí;;
NEW-1788552195340-455-7;7705768443;Bulk 455-7;Bebidas;3920.73;23811.21;292;5;2;0;UNIT;Sí;;2026-12-31
NEW-1788552195343-456-0;7705689241;Bulk 456-0;Nueva Cat;26090.05;16369.92;479;5;2;0;UNIT;Sí;;
NEW-1788552195344-457-2;7702640043;Bulk 457-2;Lacteos;41199.02;13193.88;432;5;2;0;UNIT;Sí;;
NEW-1788552195344-457-3;7708801312;Bulk 457-3;Snacks;15150.21;22978.16;420;5;2;0;UNIT;Sí;;2026-12-31
NEW-1788552195344-457-4;;Bulk 457-4;Snacks;12448.89;13841.98;603;5;2;0;UNIT;Sí;;
NEW-1788552195344-457-5;7709025195;Bulk 457-5;Lacteos;41536.03;550.93;216;5;2;0;UNIT;Sí;;
NEW-1788552195346-458-1;7701528655;Bulk 458-1;Snacks;31041.42;13559.8;231;5;2;0;UNIT;Sí;;
NEW-1788552195346-458-3;7709014697;Bulk 458-3;Bebidas;39332.21;22261.75;104;5;2;0;UNIT;Sí;;
NEW-1788552195346-458-4;7709170261;Bulk 458-4;Nueva Cat;26040.86;7455.19;341;5;2;0;UNIT;Sí;;
NEW-1788552195346-458-5;7703993942;Bulk 458-5;Lacteos;19533.24;2005.54;287;5;2;0;UNIT;Sí;;
NEW-1788552195346-458-6;;Bulk 458-6;Lacteos;30191.83;21364.65;351;5;2;0;UNIT;Sí;;
NEW-1788552195346-458-9;;Bulk 458-9;Lacteos;29938.76;11164.27;482;5;2;0;UNIT;Sí;;
NEW-1788552195352-459-1;;Bulk 459-1;Snacks;17933.42;17117.04;462;5;2;0;UNIT;Sí;;2026-12-31
NEW-1788552195352-459-2;7705491507;Bulk 459-2;Nueva Cat;25251.52;731.54;314;5;2;0;UNIT;Sí;;
NEW-1788552195352-459-3;7705176828;Bulk 459-3;Nueva Cat;36967.85;19888.02;364;5;2;0;UNIT;Sí;;
NEW-1788552195352-459-4;7701221000;Bulk 459-4;Lacteos;46844.23;14851.99;242;5;2;0;UNIT;Sí;;
NEW-1788552193955-46-3;;Bulk 46-3;Lacteos;5490.69;18825.3;337;5;2;0;UNIT;Sí;;2026-12-31
NEW-1788552193955-46-4;7701465005;Bulk 46-4;Snacks;3097.8;29340.42;336;5;2;0;UNIT;Sí;;
NEW-1788552195355-460-0;7706528944;Bulk 460-0;Nueva Cat;22273.41;6097.56;414;5;2;0;UNIT;Sí;;
NEW-1788552195355-460-1;7701788608;Bulk 460-1;Snacks;41199.14;20762.59;302;5;2;0;UNIT;Sí;;
NEW-1788552195355-460-2;7702238145;Bulk 460-2;Bebidas;37714.3;5953.47;430;5;2;0;UNIT;Sí;;2026-12-31
NEW-1788552195355-460-3;;Bulk 460-3;Nueva Cat;22519.12;4828.01;219;5;2;0;UNIT;Sí;;
NEW-1788552195355-460-6;7702935172;Bulk 460-6;Lacteos;35076.01;21380.24;456;5;2;0;UNIT;Sí;;
NEW-1788552195355-460-7;7702002599;Bulk 460-7;Nueva Cat;9460.44;26839.24;428;5;2;0;UNIT;Sí;;
NEW-1788552195359-461-1;7708175232;Bulk 461-1;Lacteos;11981.57;2204.86;443;5;2;0;UNIT;Sí;;2026-12-31
NEW-1788552195359-461-2;7706882563;Bulk 461-2;Nueva Cat;32159.81;3663.71;462;5;2;0;UNIT;Sí;;
NEW-1788552195359-461-3;;Bulk 461-3;Snacks;20920.31;21244.45;67;5;2;0;UNIT;Sí;;
NEW-1788552195359-461-5;;Bulk 461-5;Snacks;34449.57;26063.19;201;5;2;0;UNIT;Sí;;2026-12-31
NEW-1788552195359-461-7;;Bulk 461-7;Bebidas;27729.34;25855.79;201;5;2;0;UNIT;Sí;;
NEW-1788552195362-462-0;7705792269;Bulk 462-0;Lacteos;44680.77;5183.92;401;5;2;0;UNIT;Sí;;
NEW-1788552195362-462-1;;Bulk 462-1;Snacks;34277.62;20798.01;47;5;2;0;UNIT;Sí;;2026-12-31
NEW-1788552195362-462-2;7708679607;Bulk 462-2;Nueva Cat;14227.2;21407.81;246;5;2;0;UNIT;Sí;;
NEW-1788552195365-463-1;7705258210;Bulk 463-1;Bebidas;29140.67;28941.42;533;5;2;0;UNIT;Sí;;
NEW-1788552195366-464-1;;Bulk 464-1;Snacks;698.13;13135.34;418;5;2;0;UNIT;Sí;;
NEW-1788552195366-464-2;7709379605;Bulk 464-2;Nueva Cat;29179.04;8053.3;369;5;2;0;UNIT;Sí;;
NEW-1788552195366-464-3;;Bulk 464-3;Nueva Cat;49564.55;10759.19;274;5;2;0;UNIT;Sí;;
NEW-1788552195366-464-5;7709197827;Bulk 464-5;Lacteos;38907.43;5232.26;488;5;2;0;UNIT;Sí;;
NEW-1788552195369-465-0;7703263704;Bulk 465-0;Bebidas;21207.18;10376.3;229;5;2;0;UNIT;Sí;;
NEW-1788552195370-466-0;;Bulk 466-0;Nueva Cat;9299.95;25522.03;369;5;2;0;UNIT;Sí;;
NEW-1788552195371-467-0;;Bulk 467-0;Snacks;27987.66;1700.57;159;5;2;0;UNIT;Sí;;
NEW-1788552195372-468-0;;Bulk 468-0;Bebidas;44626.93;8738.87;278;5;2;0;UNIT;Sí;;
NEW-1788552195372-468-2;;Bulk 468-2;Lacteos;958.25;18048.45;179;5;2;0;UNIT;Sí;;2026-12-31
NEW-1788552195374-469-2;7709585056;Bulk 469-2;Bebidas;36031.87;21306.97;413;5;2;0;UNIT;Sí;;
NEW-1788552195374-469-3;7703513582;Bulk 469-3;Bebidas;46763.03;4633.59;507;5;2;0;UNIT;Sí;;
NEW-1788552195374-469-4;7701949535;Bulk 469-4;Lacteos;15449.31;933.25;419;5;2;0;UNIT;Sí;;
NEW-1788552195374-469-5;7702528799;Bulk 469-5;Bebidas;40829.65;520.74;304;5;2;0;UNIT;Sí;;
NEW-1788552195374-469-6;7708391198;Bulk 469-6;Nueva Cat;45556.71;5260.65;105;5;2;0;UNIT;Sí;;
NEW-1788552195374-469-8;;Bulk 469-8;Snacks;27828.69;14960.78;449;5;2;0;UNIT;Sí;;
NEW-1788552193957-47-1;7701839963;Bulk 47-1;Nueva Cat;42055.27;14237.55;110;5;2;0;UNIT;Sí;;
NEW-1788552193957-47-2;7703054222;Bulk 47-2;Bebidas;26068.34;28159.17;168;5;2;0;UNIT;Sí;;
NEW-1788552195377-470-0;7707654616;Bulk 470-0;Bebidas;21800.6;17921.57;405;5;2;0;UNIT;Sí;;
NEW-1788552195377-470-1;7704754374;Bulk 470-1;Bebidas;14615.25;13320.88;292;5;2;0;UNIT;Sí;;
NEW-1788552195380-472-3;7702805206;Bulk 472-3;Nueva Cat;27543.07;20303.47;320;5;2;0;UNIT;Sí;;2026-12-31
NEW-1788552195380-472-4;;Bulk 472-4;Nueva Cat;28612.04;11697.42;332;5;2;0;UNIT;Sí;;
NEW-1788552195380-472-5;7706396110;Bulk 472-5;Bebidas;18404.52;20111.97;41;5;2;0;UNIT;Sí;;
NEW-1788552195383-473-0;;Bulk 473-0;Lacteos;9908.83;13974.57;248;5;2;0;UNIT;Sí;;
NEW-1788552195383-473-1;7706222049;Bulk 473-1;Lacteos;49439.08;6290.09;275;5;2;0;UNIT;Sí;;2026-12-31
NEW-1788552195385-474-0;;Bulk 474-0;Nueva Cat;34142.85;25903;213;5;2;0;UNIT;Sí;;
NEW-1788552195385-474-1;7706519561;Bulk 474-1;Nueva Cat;5778.42;20093.94;206;5;2;0;UNIT;Sí;;
NEW-1788552195385-474-2;7708106437;Bulk 474-2;Snacks;9350.76;28415.1;229;5;2;0;UNIT;Sí;;
NEW-1788552195385-474-4;7705537894;Bulk 474-4;Nueva Cat;6126.15;5456.44;341;5;2;0;UNIT;Sí;;
NEW-1788552195385-474-6;7708721699;Bulk 474-6;Lacteos;28055.88;5619.09;441;5;2;0;UNIT;Sí;;2026-12-31
NEW-1788552195385-474-7;7708460479;Bulk 474-7;Bebidas;4050.59;28868.31;139;5;2;0;UNIT;Sí;;
NEW-1788552195390-476-0;7705861102;Bulk 476-0;Lacteos;19160.64;23062.15;203;5;2;0;UNIT;Sí;;
NEW-1788552195390-476-2;7704928228;Bulk 476-2;Lacteos;9148.67;29208.51;413;5;2;0;UNIT;Sí;;2026-12-31
NEW-1788552195390-476-3;7705604186;Bulk 476-3;Snacks;43405.04;20121.34;62;5;2;0;UNIT;Sí;;
NEW-1788552195390-476-4;;Bulk 476-4;Bebidas;23101.04;16519.57;59;5;2;0;UNIT;Sí;;2026-12-31
NEW-1788552195390-476-5;7707192050;Bulk 476-5;Nueva Cat;2481.48;13234.97;81;5;2;0;UNIT;Sí;;
NEW-1788552195390-476-6;7703603584;Bulk 476-6;Bebidas;44467.86;7659.3;42;5;2;0;UNIT;Sí;;2026-12-31
NEW-1788552195390-476-7;7703517959;Bulk 476-7;Bebidas;18662.54;1208.75;521;5;2;0;UNIT;Sí;;2026-12-31
NEW-1788552195390-476-8;7704799010;Bulk 476-8;Bebidas;6424.84;14572.15;128;5;2;0;UNIT;Sí;;2026-12-31
NEW-1788552195394-477-0;;Bulk 477-0;Bebidas;31114.85;9475.26;40;5;2;0;UNIT;Sí;;
NEW-1788552195394-477-2;7709183854;Bulk 477-2;Nueva Cat;30735.59;6315.4;271;5;2;0;UNIT;Sí;;
NEW-1788552195394-477-3;7701108928;Bulk 477-3;Lacteos;34611.37;19903.03;380;5;2;0;UNIT;Sí;;
NEW-1788552195394-477-5;7706255417;Bulk 477-5;Snacks;34779.14;13583.25;46;5;2;0;UNIT;Sí;;
NEW-1788552195394-477-7;7701353144;Bulk 477-7;Nueva Cat;29875.18;10332.11;149;5;2;0;UNIT;Sí;;
NEW-1788552195394-477-8;;Bulk 477-8;Bebidas;23304.03;27760.13;378;5;2;0;UNIT;Sí;;
NEW-1788552195394-477-9;7709041107;Bulk 477-9;Nueva Cat;6725.1;29026.17;157;5;2;0;UNIT;Sí;;2026-12-31
NEW-1788552195403-478-0;;Bulk 478-0;Lacteos;20583.53;23670.06;283;5;2;0;UNIT;Sí;;2026-12-31
NEW-1788552195403-478-1;7703673324;Bulk 478-1;Snacks;1107.12;940.59;336;5;2;0;UNIT;Sí;;2026-12-31
NEW-1788552195403-478-2;7708110562;Bulk 478-2;Nueva Cat;24937.19;20126.38;265;5;2;0;UNIT;Sí;;
NEW-1788552195405-479-0;7708347810;Bulk 479-0;Nueva Cat;49840.71;14918.83;302;5;2;0;UNIT;Sí;;
NEW-1788552195405-479-2;7703259354;Bulk 479-2;Bebidas;27540.29;12279.95;355;5;2;0;UNIT;Sí;;
NEW-1788552193959-48-0;7704989408;Bulk 48-0;Bebidas;31315.32;17881.11;355;5;2;0;UNIT;Sí;;
NEW-1788552193959-48-1;7704248322;Bulk 48-1;Nueva Cat;20345.81;3191.96;102;5;2;0;UNIT;Sí;;
NEW-1788552193959-48-2;7702545804;Bulk 48-2;Snacks;4256;5382.98;252;5;2;0;UNIT;Sí;;
NEW-1788552195406-480-0;7704697490;Bulk 480-0;Nueva Cat;37309.45;26367;558;5;2;0;UNIT;Sí;;
NEW-1788552195406-480-1;;Bulk 480-1;Snacks;49733.8;9483.52;393;5;2;0;UNIT;Sí;;2026-12-31
NEW-1788552195408-482-0;;Bulk 482-0;Snacks;9542.25;8695.95;274;5;2;0;UNIT;Sí;;
NEW-1788552195408-482-2;7709055790;Bulk 482-2;Nueva Cat;24888.19;16710.1;414;5;2;0;UNIT;Sí;;
NEW-1788552195409-483-2;;Bulk 483-2;Nueva Cat;26084.23;5304.4;404;5;2;0;UNIT;Sí;;
NEW-1788552195409-483-3;7704421345;Bulk 483-3;Nueva Cat;2584.35;18397.05;464;5;2;0;UNIT;Sí;;
NEW-1788552195409-483-5;;Bulk 483-5;Nueva Cat;33397.38;7251.2;223;5;2;0;UNIT;Sí;;
NEW-1788552195409-483-8;7704157903;Bulk 483-8;Lacteos;40628.48;21982.24;370;5;2;0;UNIT;Sí;;
NEW-1788552195409-483-9;;Bulk 483-9;Nueva Cat;20870.9;9328.24;457;5;2;0;UNIT;Sí;;2026-12-31
NEW-1788552195419-484-0;7705811499;Bulk 484-0;Snacks;24467.41;18630.07;159;5;2;0;UNIT;Sí;;
NEW-1788552195419-484-7;7706793066;Bulk 484-7;Bebidas;33376.78;9806.78;47;5;2;0;UNIT;Sí;;
NEW-1788552195423-486-0;7708478844;Bulk 486-0;Snacks;12238.4;3086.96;169;5;2;0;UNIT;Sí;;2026-12-31
NEW-1788552195424-487-0;7702107693;Bulk 487-0;Snacks;44737.4;3330.9;373;5;2;0;UNIT;Sí;;
NEW-1788552195424-487-3;7702585267;Bulk 487-3;Bebidas;15325.74;4026.48;478;5;2;0;UNIT;Sí;;2026-12-31
NEW-1788552195424-487-6;;Bulk 487-6;Snacks;21455.3;379.59;324;5;2;0;UNIT;Sí;;2026-12-31
NEW-1788552195426-488-1;7706158611;Bulk 488-1;Bebidas;37937.34;13774.05;165;5;2;0;UNIT;Sí;;
NEW-1788552195426-488-2;7708258964;Bulk 488-2;Lacteos;34845.63;21679.63;188;5;2;0;UNIT;Sí;;
NEW-1788552195426-488-3;7704031605;Bulk 488-3;Snacks;2247.31;21215.86;177;5;2;0;UNIT;Sí;;
NEW-1788552195426-488-4;;Bulk 488-4;Snacks;36655.11;7683.71;256;5;2;0;UNIT;Sí;;
NEW-1788552195454-489-0;7707320731;Bulk 489-0;Lacteos;29662.68;11144.39;290;5;2;0;UNIT;Sí;;
NEW-1788552193961-49-0;7709353208;Bulk 49-0;Bebidas;37963.99;3549.53;426;5;2;0;UNIT;Sí;;2026-12-31
NEW-1788552193961-49-3;7706171567;Bulk 49-3;Snacks;3760.78;12436.94;277;5;2;0;UNIT;Sí;;
NEW-1788552193961-49-4;7703663995;Bulk 49-4;Nueva Cat;42144.86;6028.15;441;5;2;0;UNIT;Sí;;
NEW-1788552193961-49-5;7705318895;Bulk 49-5;Lacteos;32868.05;4872.85;225;5;2;0;UNIT;Sí;;
NEW-1788552193961-49-6;7705547898;Bulk 49-6;Snacks;23791.81;2459.19;217;5;2;0;UNIT;Sí;;
NEW-1788552193961-49-7;7706512624;Bulk 49-7;Lacteos;1005.23;19383.81;415;5;2;0;UNIT;Sí;;
NEW-1788552195455-490-1;7703969870;Bulk 490-1;Snacks;29091.41;23621.36;114;5;2;0;UNIT;Sí;;
NEW-1788552195460-491-0;;Bulk 491-0;Snacks;44133.65;23312.4;201;5;2;0;UNIT;Sí;;
NEW-1788552195460-491-4;7706244394;Bulk 491-4;Nueva Cat;40894.05;20871.47;436;5;2;0;UNIT;Sí;;
NEW-1788552195460-491-7;7701424898;Bulk 491-7;Bebidas;35422.16;25486.64;64;5;2;0;UNIT;Sí;;
NEW-1788552195466-492-0;7707412878;Bulk 492-0;Lacteos;25680.75;3336.14;226;5;2;0;UNIT;Sí;;
NEW-1788552195466-492-3;7701498700;Bulk 492-3;Bebidas;31526.87;14549.12;357;5;2;0;UNIT;Sí;;
NEW-1788552195469-493-0;;Bulk 493-0;Snacks;1340.04;25786.58;487;5;2;0;UNIT;Sí;;
NEW-1788552195469-493-3;7709008700;Bulk 493-3;Lacteos;35283.73;19345.51;345;5;2;0;UNIT;Sí;;2026-12-31
NEW-1788552195469-493-4;7708826270;Bulk 493-4;Lacteos;49823.63;24086.26;364;5;2;0;UNIT;Sí;;
NEW-1788552195469-493-5;7702453002;Bulk 493-5;Snacks;23968.67;29253.72;263;5;2;0;UNIT;Sí;;
NEW-1788552195474-494-0;7706775504;Bulk 494-0;Nueva Cat;20781.48;17626.47;544;5;2;0;UNIT;Sí;;2026-12-31
NEW-1788552195475-495-0;7705870093;Bulk 495-0;Snacks;43491.23;558.45;428;5;2;0;UNIT;Sí;;
NEW-1788552195475-495-3;;Bulk 495-3;Nueva Cat;5045.12;22388.42;247;5;2;0;UNIT;Sí;;2026-12-31
NEW-1788552195475-495-4;7709813528;Bulk 495-4;Bebidas;36787.37;12205.26;185;5;2;0;UNIT;Sí;;2026-12-31
NEW-1788552195478-497-2;;Bulk 497-2;Lacteos;589.13;12479.59;124;5;2;0;UNIT;Sí;;
NEW-1788552195478-497-5;7708914476;Bulk 497-5;Snacks;16933.26;23530.49;265;5;2;0;UNIT;Sí;;
NEW-1788552195478-497-6;7701839577;Bulk 497-6;Nueva Cat;47502.32;7338.03;385;5;2;0;UNIT;Sí;;
NEW-1788552195478-497-7;7707182679;Bulk 497-7;Lacteos;15793.1;6331.27;133;5;2;0;UNIT;Sí;;
NEW-1788552195478-497-8;7701730404;Bulk 497-8;Lacteos;10829.72;19032.96;419;5;2;0;UNIT;Sí;;
NEW-1788552193818-5-0;;Bulk 5-0;Lacteos;43700.47;22334.81;68;5;2;0;UNIT;Sí;;2026-12-31
NEW-1788552193818-5-1;7701465860;Bulk 5-1;Lacteos;44452.34;28234.51;423;5;2;0;UNIT;Sí;;
NEW-1788552193818-5-2;;Bulk 5-2;Snacks;20183.42;7514.88;357;5;2;0;UNIT;Sí;;
NEW-1788552193965-50-1;7705705600;Bulk 50-1;Bebidas;23973.12;28339.06;464;5;2;0;UNIT;Sí;;
NEW-1788552193965-50-2;;Bulk 50-2;Lacteos;33241.98;20225.93;207;5;2;0;UNIT;Sí;;
NEW-1788552195484-500-0;7702214052;Bulk 500-0;Lacteos;8586.37;26687.87;296;5;2;0;UNIT;Sí;;
NEW-1788552195484-500-1;7709756365;Bulk 500-1;Bebidas;18147.53;18650.06;43;5;2;0;UNIT;Sí;;
NEW-1788552195486-501-0;;Bulk 501-0;Snacks;5713.54;6025.65;534;5;2;0;UNIT;Sí;;
NEW-1788552195486-501-1;7709104235;Bulk 501-1;Snacks;3721.41;22607.68;425;5;2;0;UNIT;Sí;;
NEW-1788552195486-501-3;;Bulk 501-3;Lacteos;3508.25;12719.86;95;5;2;0;UNIT;Sí;;
NEW-1788552195486-501-4;7707989131;Bulk 501-4;Bebidas;46118.37;21050.37;501;5;2;0;UNIT;Sí;;
NEW-1788552195486-501-7;;Bulk 501-7;Snacks;38836.25;9176.7;306;5;2;0;UNIT;Sí;;
NEW-1788552195491-502-0;7707824495;Bulk 502-0;Bebidas;46352.4;29717.94;274;5;2;0;UNIT;Sí;;
NEW-1788552195491-502-1;7703131381;Bulk 502-1;Lacteos;43457.92;11632.65;206;5;2;0;UNIT;Sí;;
NEW-1788552195491-502-2;7702462464;Bulk 502-2;Snacks;19797.47;16118.29;268;5;2;0;UNIT;Sí;;
NEW-1788552195494-504-1;7701989882;Bulk 504-1;Lacteos;1644.9;22803.95;159;5;2;0;UNIT;Sí;;2026-12-31
NEW-1788552195494-504-3;7707768763;Bulk 504-3;Lacteos;36632.26;17764.07;268;5;2;0;UNIT;Sí;;
NEW-1788552195496-505-0;7701665694;Bulk 505-0;Bebidas;47136.59;259.21;566;5;2;0;UNIT;Sí;;
NEW-1788552195496-505-1;7707627674;Bulk 505-1;Bebidas;24325.14;26434.09;449;5;2;0;UNIT;Sí;;2026-12-31
NEW-1788552195496-505-2;7706768931;Bulk 505-2;Nueva Cat;48785.82;15143.58;201;5;2;0;UNIT;Sí;;
NEW-1788552195496-505-3;;Bulk 505-3;Lacteos;32494.24;12466.84;459;5;2;0;UNIT;Sí;;
NEW-1788552195501-508-0;7707619953;Bulk 508-0;Bebidas;598.7;2079.03;156;5;2;0;UNIT;Sí;;2026-12-31
NEW-1788552195501-508-3;;Bulk 508-3;Nueva Cat;26873.15;20693.22;421;5;2;0;UNIT;Sí;;
NEW-1788552195501-508-4;;Bulk 508-4;Snacks;38641.2;22852.81;215;5;2;0;UNIT;Sí;;2026-12-31
NEW-1788552195505-509-0;;Bulk 509-0;Lacteos;9383.37;27467.3;272;5;2;0;UNIT;Sí;;
NEW-1788552195505-509-2;7706280933;Bulk 509-2;Nueva Cat;26174.85;13526.93;132;5;2;0;UNIT;Sí;;
NEW-1788552193966-51-0;7702766895;Bulk 51-0;Bebidas;20621.87;13397.79;213;5;2;0;UNIT;Sí;;
NEW-1788552193966-51-1;7708411231;Bulk 51-1;Nueva Cat;38880.37;29101.56;44;5;2;0;UNIT;Sí;;
NEW-1788552193966-51-2;7707312324;Bulk 51-2;Bebidas;3401.14;10496.85;49;5;2;0;UNIT;Sí;;
NEW-1788552193966-51-3;7708839524;Bulk 51-3;Snacks;7036.85;28907.02;126;5;2;0;UNIT;Sí;;
NEW-1788552195508-513-1;7706874578;Bulk 513-1;Snacks;24684;11902.15;438;5;2;0;UNIT;Sí;;
NEW-1788552195508-513-2;7708973485;Bulk 513-2;Bebidas;4615.93;26795.69;459;5;2;0;UNIT;Sí;;
NEW-1788552195508-513-4;7705619434;Bulk 513-4;Snacks;4871.18;24562.45;55;5;2;0;UNIT;Sí;;
NEW-1788552195508-513-5;7704751889;Bulk 513-5;Snacks;25165.76;13134.43;282;5;2;0;UNIT;Sí;;
NEW-1788552195508-513-6;7703461201;Bulk 513-6;Bebidas;32039.35;14202.89;254;5;2;0;UNIT;Sí;;
NEW-1788552195508-513-9;7707589673;Bulk 513-9;Snacks;8769.86;15902.31;320;5;2;0;UNIT;Sí;;
NEW-1788552195512-514-2;7707003397;Bulk 514-2;Nueva Cat;1597.33;21317.98;248;5;2;0;UNIT;Sí;;
NEW-1788552195512-514-3;7708606448;Bulk 514-3;Bebidas;49381.94;6170.04;58;5;2;0;UNIT;Sí;;2026-12-31
NEW-1788552195514-515-1;;Bulk 515-1;Nueva Cat;19995.31;29548.23;353;5;2;0;UNIT;Sí;;
NEW-1788552195514-515-4;7707949537;Bulk 515-4;Nueva Cat;28507.19;1948.12;212;5;2;0;UNIT;Sí;;
NEW-1788552195514-515-6;7705974169;Bulk 515-6;Lacteos;12070.74;16182.89;361;5;2;0;UNIT;Sí;;2026-12-31
NEW-1788552195514-515-7;7701042294;Bulk 515-7;Bebidas;36210.65;26936.22;493;5;2;0;UNIT;Sí;;
NEW-1788552195514-515-8;7709013691;Bulk 515-8;Bebidas;9429.57;23481.64;436;5;2;0;UNIT;Sí;;
NEW-1788552195519-516-0;7701417956;Bulk 516-0;Bebidas;12759.07;23294.56;224;5;2;0;UNIT;Sí;;
NEW-1788552195519-516-1;7709434867;Bulk 516-1;Snacks;29556.53;5807.79;480;5;2;0;UNIT;Sí;;
NEW-1788552195519-516-3;7706580396;Bulk 516-3;Lacteos;40750.53;2920.38;448;5;2;0;UNIT;Sí;;
NEW-1788552195519-516-5;7705308167;Bulk 516-5;Bebidas;31147.82;7582.75;617;5;2;0;UNIT;Sí;;
NEW-1788552195519-516-6;7705537887;Bulk 516-6;Snacks;46355.31;552.73;250;5;2;0;UNIT;Sí;;
NEW-1788552195525-519-0;7705803299;Bulk 519-0;Nueva Cat;9856.22;24168.04;488;5;2;0;UNIT;Sí;;
NEW-1788552195525-519-2;7703685285;Bulk 519-2;Bebidas;21254.59;28134.74;340;5;2;0;UNIT;Sí;;
NEW-1788552193969-52-0;7708549539;Bulk 52-0;Snacks;15016.31;13433.08;167;5;2;0;UNIT;Sí;;
NEW-1788552193969-52-1;7709044386;Bulk 52-1;Nueva Cat;36765.28;19673.68;301;5;2;0;UNIT;Sí;;
NEW-1788552193969-52-2;;Bulk 52-2;Nueva Cat;40361.68;29742.51;46;5;2;0;UNIT;Sí;;
NEW-1788552193969-52-3;7706886060;Bulk 52-3;Lacteos;19508.81;21277.94;77;5;2;0;UNIT;Sí;;
NEW-1788552193969-52-4;7703708378;Bulk 52-4;Nueva Cat;6605.13;26764.32;215;5;2;0;UNIT;Sí;;
NEW-1788552193969-52-5;7705009103;Bulk 52-5;Bebidas;46365.2;26597.11;247;5;2;0;UNIT;Sí;;
NEW-1788552193969-52-6;7705121502;Bulk 52-6;Bebidas;45046.69;18937.39;98;5;2;0;UNIT;Sí;;
NEW-1788552193969-52-7;7709257387;Bulk 52-7;Snacks;46641.96;7690.92;291;5;2;0;UNIT;Sí;;2026-12-31
NEW-1788552195526-520-2;7704814601;Bulk 520-2;Bebidas;16956.57;29923.12;492;5;2;0;UNIT;Sí;;2026-12-31
NEW-1788552195526-520-4;;Bulk 520-4;Bebidas;38561.96;728.6;408;5;2;0;UNIT;Sí;;
NEW-1788552195526-520-5;7704248905;Bulk 520-5;Bebidas;19130.55;11712.87;318;5;2;0;UNIT;Sí;;2026-12-31
NEW-1788552195526-520-6;7701139863;Bulk 520-6;Snacks;32158.94;20223.9;48;5;2;0;UNIT;Sí;;2026-12-31
NEW-1788552195526-520-7;;Bulk 520-7;Nueva Cat;43950.51;4914.7;48;5;2;0;UNIT;Sí;;
NEW-1788552195526-520-8;7704138652;Bulk 520-8;Lacteos;11052.14;21389.39;438;5;2;0;UNIT;Sí;;
NEW-1788552195531-522-0;7702017441;Bulk 522-0;Bebidas;33854.13;29528.54;432;5;2;0;UNIT;Sí;;
NEW-1788552195531-522-1;7703086894;Bulk 522-1;Lacteos;18125.16;29624.66;97;5;2;0;UNIT;Sí;;2026-12-31
NEW-1788552195531-522-3;7708553557;Bulk 522-3;Snacks;27292.77;4870.42;226;5;2;0;UNIT;Sí;;2026-12-31
NEW-1788552195531-522-4;7703496371;Bulk 522-4;Lacteos;45440.97;7073.19;162;5;2;0;UNIT;Sí;;
NEW-1788552195531-522-5;7707604346;Bulk 522-5;Bebidas;48879.64;18440.06;210;5;2;0;UNIT;Sí;;
NEW-1788552195535-523-0;7704699330;Bulk 523-0;Lacteos;11532.9;4252.96;266;5;2;0;UNIT;Sí;;
NEW-1788552195535-523-3;7707482384;Bulk 523-3;Lacteos;31144.09;9116.27;302;5;2;0;UNIT;Sí;;2026-12-31
NEW-1788552195535-523-4;7703383245;Bulk 523-4;Snacks;45058.18;28221.22;254;5;2;0;UNIT;Sí;;2026-12-31
NEW-1788552195537-524-0;7709230132;Bulk 524-0;Lacteos;34441.5;8998.28;134;5;2;0;UNIT;Sí;;
NEW-1788552195537-524-2;7707091221;Bulk 524-2;Lacteos;29653.33;689.36;223;5;2;0;UNIT;Sí;;
NEW-1788552195537-524-3;;Bulk 524-3;Nueva Cat;34843.41;2128.16;46;5;2;0;UNIT;Sí;;
NEW-1788552195537-524-4;7708208215;Bulk 524-4;Lacteos;42742.01;24481.64;319;5;2;0;UNIT;Sí;;2026-12-31
NEW-1788552195539-525-0;7704495747;Bulk 525-0;Snacks;8504.89;1137.35;134;5;2;0;UNIT;Sí;;
NEW-1788552195539-525-1;7706328959;Bulk 525-1;Nueva Cat;8382.53;26816.02;406;5;2;0;UNIT;Sí;;
NEW-1788552195539-525-2;7702380295;Bulk 525-2;Snacks;1050.69;2145.01;81;5;2;0;UNIT;Sí;;
NEW-1788552195539-525-3;7704500381;Bulk 525-3;Lacteos;24768.25;10655.05;444;5;2;0;UNIT;Sí;;
NEW-1788552195541-526-0;7702356442;Bulk 526-0;Nueva Cat;12191.58;8079.06;424;5;2;0;UNIT;Sí;;
NEW-1788552195541-526-5;7707143762;Bulk 526-5;Snacks;49319.71;1690.6;66;5;2;0;UNIT;Sí;;
NEW-1788552195541-526-7;7702147816;Bulk 526-7;Bebidas;29506.32;6740.91;305;5;2;0;UNIT;Sí;;
NEW-1788552195541-526-8;;Bulk 526-8;Snacks;48607.96;15498.84;211;5;2;0;UNIT;Sí;;
NEW-1788552195541-526-9;7709715405;Bulk 526-9;Nueva Cat;9617.15;4670.86;425;5;2;0;UNIT;Sí;;2026-12-31
NEW-1788552195545-527-0;;Bulk 527-0;Bebidas;33438.69;19160.35;225;5;2;0;UNIT;Sí;;
NEW-1788552195545-527-1;7703539680;Bulk 527-1;Nueva Cat;37582.08;23726.64;457;5;2;0;UNIT;Sí;;2026-12-31
NEW-1788552195545-527-2;7701744312;Bulk 527-2;Nueva Cat;12338.82;29996.95;403;5;2;0;UNIT;Sí;;
NEW-1788552195545-527-4;7707734822;Bulk 527-4;Bebidas;32561.86;26779.24;526;5;2;0;UNIT;Sí;;
NEW-1788552195545-527-5;7705146234;Bulk 527-5;Bebidas;19936.69;24517.5;343;5;2;0;UNIT;Sí;;
NEW-1788552195545-527-6;7705637150;Bulk 527-6;Nueva Cat;20653.83;9230.37;139;5;2;0;UNIT;Sí;;
NEW-1788552195545-527-7;7708421789;Bulk 527-7;Lacteos;22470.83;10315.06;192;5;2;0;UNIT;Sí;;2026-12-31
NEW-1788552195552-528-1;;Bulk 528-1;Nueva Cat;49204.38;7189.03;269;5;2;0;UNIT;Sí;;
NEW-1788552195552-528-2;7706427768;Bulk 528-2;Nueva Cat;29870.37;19663.11;210;5;2;0;UNIT;Sí;;2026-12-31
NEW-1788552195552-528-5;7701123577;Bulk 528-5;Nueva Cat;33254.15;10600.56;67;5;2;0;UNIT;Sí;;
NEW-1788552195557-529-0;7704143179;Bulk 529-0;Lacteos;25969.3;17067.26;523;5;2;0;UNIT;Sí;;
NEW-1788552195557-529-2;7708652954;Bulk 529-2;Lacteos;19201.49;17049.02;383;5;2;0;UNIT;Sí;;
NEW-1788552195557-529-3;;Bulk 529-3;Snacks;29533.63;25736.3;44;5;2;0;UNIT;Sí;;2026-12-31
NEW-1788552195557-529-4;7702364854;Bulk 529-4;Nueva Cat;24873.96;27195.41;151;5;2;0;UNIT;Sí;;
NEW-1788552195557-529-8;7702186729;Bulk 529-8;Snacks;47004.53;8878.54;343;5;2;0;UNIT;Sí;;
NEW-1788552193972-53-0;;Bulk 53-0;Snacks;18858.99;18841.28;343;5;2;0;UNIT;Sí;;
NEW-1788552193972-53-2;7708118966;Bulk 53-2;Bebidas;45005.59;20647.32;425;5;2;0;UNIT;Sí;;
NEW-1788552193972-53-3;;Bulk 53-3;Snacks;19140.47;28027.62;338;5;2;0;UNIT;Sí;;
NEW-1788552193972-53-4;7704947980;Bulk 53-4;Nueva Cat;7164.69;26778.77;414;5;2;0;UNIT;Sí;;
NEW-1788552195561-530-1;7704520161;Bulk 530-1;Lacteos;32244.05;1292.18;320;5;2;0;UNIT;Sí;;2026-12-31
NEW-1788552195561-530-4;7703949092;Bulk 530-4;Bebidas;4711.95;21593.33;518;5;2;0;UNIT;Sí;;2026-12-31
NEW-1788552195561-530-5;;Bulk 530-5;Nueva Cat;31445.08;26309.15;122;5;2;0;UNIT;Sí;;
NEW-1788552195564-531-1;7705798754;Bulk 531-1;Snacks;28380.38;5498.78;241;5;2;0;UNIT;Sí;;
NEW-1788552195564-531-2;;Bulk 531-2;Bebidas;44071.25;2796.87;44;5;2;0;UNIT;Sí;;2026-12-31
NEW-1788552195564-531-3;;Bulk 531-3;Nueva Cat;36237.73;27554.23;473;5;2;0;UNIT;Sí;;
NEW-1788552195564-531-5;7702884728;Bulk 531-5;Bebidas;22398.22;28795.78;131;5;2;0;UNIT;Sí;;
NEW-1788552195564-531-7;;Bulk 531-7;Nueva Cat;20100.42;28721.64;407;5;2;0;UNIT;Sí;;
NEW-1788552195564-531-9;7703209415;Bulk 531-9;Nueva Cat;15574.63;20230.71;438;5;2;0;UNIT;Sí;;
NEW-1788552195571-532-3;7708081732;Bulk 532-3;Bebidas;35083.69;14762.05;256;5;2;0;UNIT;Sí;;
NEW-1788552195571-532-5;7704407732;Bulk 532-5;Snacks;29724.25;14611.83;317;5;2;0;UNIT;Sí;;
NEW-1788552195574-533-3;7705450122;Bulk 533-3;Nueva Cat;8533.13;14975.39;68;5;2;0;UNIT;Sí;;
NEW-1788552195575-534-0;;Bulk 534-0;Snacks;45315.24;23790.96;69;5;2;0;UNIT;Sí;;
NEW-1788552195576-535-1;7702885047;Bulk 535-1;Bebidas;48574.86;17405.99;415;5;2;0;UNIT;Sí;;
NEW-1788552195576-535-3;;Bulk 535-3;Nueva Cat;6630.39;2448.76;88;5;2;0;UNIT;Sí;;2026-12-31
NEW-1788552195576-535-4;;Bulk 535-4;Bebidas;8868.42;24574.21;178;5;2;0;UNIT;Sí;;
NEW-1788552195576-535-5;7709917780;Bulk 535-5;Bebidas;29008.8;17858.04;312;5;2;0;UNIT;Sí;;
NEW-1788552195579-536-0;7702237532;Bulk 536-0;Snacks;34879.07;17253.5;524;5;2;0;UNIT;Sí;;
NEW-1788552195579-536-2;7709382711;Bulk 536-2;Lacteos;19331.36;1030.97;181;5;2;0;UNIT;Sí;;
NEW-1788552195579-536-3;7701015816;Bulk 536-3;Lacteos;44370.99;10065.8;427;5;2;0;UNIT;Sí;;
NEW-1788552195579-536-5;;Bulk 536-5;Snacks;47542.88;19044.19;110;5;2;0;UNIT;Sí;;
NEW-1788552195579-536-6;7701278779;Bulk 536-6;Bebidas;8801.21;309.97;371;5;2;0;UNIT;Sí;;
NEW-1788552195579-536-8;7702363688;Bulk 536-8;Snacks;1766.23;2323.09;295;5;2;0;UNIT;Sí;;
NEW-1788552195586-537-1;7704048456;Bulk 537-1;Snacks;43381.4;29534.98;321;5;2;0;UNIT;Sí;;
NEW-1788552195587-538-0;7709994340;Bulk 538-0;Bebidas;23264.92;3839.44;145;5;2;0;UNIT;Sí;;
NEW-1788552195587-538-1;;Bulk 538-1;Lacteos;34986.6;2295.8;294;5;2;0;UNIT;Sí;;2026-12-31
NEW-1788552195587-538-2;7708354789;Bulk 538-2;Snacks;16422.11;4102.36;400;5;2;0;UNIT;Sí;;
NEW-1788552195587-538-3;;Bulk 538-3;Bebidas;47931.04;11617.86;220;5;2;0;UNIT;Sí;;
NEW-1788552195587-538-5;7709400431;Bulk 538-5;Lacteos;46497.14;17632.73;307;5;2;0;UNIT;Sí;;
NEW-1788552195587-538-6;7702730544;Bulk 538-6;Bebidas;7779.57;26298.17;112;5;2;0;UNIT;Sí;;
NEW-1788552195590-539-1;7709312653;Bulk 539-1;Snacks;44599.41;20848.23;129;5;2;0;UNIT;Sí;;
NEW-1788552195590-539-3;7701031912;Bulk 539-3;Bebidas;41827.78;24109.76;469;5;2;0;UNIT;Sí;;
NEW-1788552195590-539-4;;Bulk 539-4;Lacteos;27829.4;26002.96;228;5;2;0;UNIT;Sí;;
NEW-1788552195590-539-5;;Bulk 539-5;Lacteos;44047.25;24596.99;45;5;2;0;UNIT;Sí;;2026-12-31
NEW-1788552195590-539-7;7706917168;Bulk 539-7;Bebidas;18077.19;17333.27;138;5;2;0;UNIT;Sí;;
NEW-1788552193975-54-0;7702134663;Bulk 54-0;Snacks;49244.57;27321.87;111;5;2;0;UNIT;Sí;;
NEW-1788552193975-54-4;7705650968;Bulk 54-4;Nueva Cat;32622.34;1093.47;117;5;2;0;UNIT;Sí;;
NEW-1788552195594-540-0;7705298624;Bulk 540-0;Nueva Cat;15667.58;27360.83;389;5;2;0;UNIT;Sí;;
NEW-1788552195594-540-3;7702983746;Bulk 540-3;Snacks;46982.95;7290.81;176;5;2;0;UNIT;Sí;;2026-12-31
NEW-1788552195594-540-4;7701186602;Bulk 540-4;Nueva Cat;27578.14;15827.35;48;5;2;0;UNIT;Sí;;
NEW-1788552195594-540-5;7707429109;Bulk 540-5;Bebidas;29486.52;22209.46;68;5;2;0;UNIT;Sí;;
NEW-1788552195594-540-6;7708277115;Bulk 540-6;Bebidas;32121.25;23564.93;403;5;2;0;UNIT;Sí;;
NEW-1788552195599-541-0;;Bulk 541-0;Bebidas;32422.23;26307.53;320;5;2;0;UNIT;Sí;;2026-12-31
NEW-1788552195599-541-1;7706146410;Bulk 541-1;Lacteos;25386.65;16883.61;173;5;2;0;UNIT;Sí;;2026-12-31
NEW-1788552195599-541-2;7708955399;Bulk 541-2;Nueva Cat;49566.61;4904.32;300;5;2;0;UNIT;Sí;;2026-12-31
NEW-1788552195599-541-3;7704259264;Bulk 541-3;Snacks;37826.18;16555.48;365;5;2;0;UNIT;Sí;;2026-12-31
NEW-1788552195599-541-4;7706621719;Bulk 541-4;Lacteos;35455.07;13082.57;174;5;2;0;UNIT;Sí;;
NEW-1788552195610-542-2;7708818037;Bulk 542-2;Nueva Cat;27944.02;29746.5;469;5;2;0;UNIT;Sí;;2026-12-31
NEW-1788552195611-543-2;7704502776;Bulk 543-2;Lacteos;26212;7000.58;240;5;2;0;UNIT;Sí;;
NEW-1788552195611-543-4;7709477537;Bulk 543-4;Bebidas;30300.96;29685.3;239;5;2;0;UNIT;Sí;;
NEW-1788552195611-543-5;7701586913;Bulk 543-5;Snacks;29960.3;21903.48;145;5;2;0;UNIT;Sí;;
NEW-1788552195616-544-1;7707733064;Bulk 544-1;Snacks;15135.8;15508.19;583;5;2;0;UNIT;Sí;;
NEW-1788552195616-544-3;;Bulk 544-3;Snacks;4957.39;1912.93;239;5;2;0;UNIT;Sí;;
NEW-1788552195616-544-7;7707953269;Bulk 544-7;Nueva Cat;9811.4;16551.52;496;5;2;0;UNIT;Sí;;2026-12-31
NEW-1788552195616-544-8;7708470866;Bulk 544-8;Lacteos;6299.77;14985.63;238;5;2;0;UNIT;Sí;;
NEW-1788552195625-545-2;7702311853;Bulk 545-2;Bebidas;14769.21;24199.77;179;5;2;0;UNIT;Sí;;2026-12-31
NEW-1788552195625-545-3;7703887573;Bulk 545-3;Snacks;45451.26;22108.95;47;5;2;0;UNIT;Sí;;2026-12-31
NEW-1788552195625-545-4;7707742155;Bulk 545-4;Lacteos;33871.54;19244.85;140;5;2;0;UNIT;Sí;;
NEW-1788552195625-545-6;7706963086;Bulk 545-6;Lacteos;44478.34;4815.96;284;5;2;0;UNIT;Sí;;
NEW-1788552195625-545-7;7701902250;Bulk 545-7;Bebidas;32094.33;7203.24;655;5;2;0;UNIT;Sí;;2026-12-31
NEW-1788552195640-547-0;7707570276;Bulk 547-0;Nueva Cat;6197.02;21218.79;144;5;2;0;UNIT;Sí;;
NEW-1788552195640-547-1;7708729333;Bulk 547-1;Nueva Cat;9724.43;8648.42;263;5;2;0;UNIT;Sí;;
NEW-1788552195640-547-2;;Bulk 547-2;Snacks;45350.56;19217.98;47;5;2;0;UNIT;Sí;;
NEW-1788552195640-547-3;7702929978;Bulk 547-3;Nueva Cat;46560.15;26145.08;181;5;2;0;UNIT;Sí;;
NEW-1788552195640-547-5;7706142651;Bulk 547-5;Bebidas;44109.96;10790.25;409;5;2;0;UNIT;Sí;;
NEW-1788552195640-547-6;7705165309;Bulk 547-6;Bebidas;29587.6;7879.86;337;5;2;0;UNIT;Sí;;
NEW-1788552195640-547-7;7704580670;Bulk 547-7;Nueva Cat;14055.91;9091.78;439;5;2;0;UNIT;Sí;;
NEW-1788552195640-547-8;7707937131;Bulk 547-8;Lacteos;29322.11;22034.81;454;5;2;0;UNIT;Sí;;
NEW-1788552195649-548-0;7704560772;Bulk 548-0;Lacteos;10648.48;16992.19;387;5;2;0;UNIT;Sí;;
NEW-1788552195649-548-1;7701089739;Bulk 548-1;Nueva Cat;11172.17;29230.74;103;5;2;0;UNIT;Sí;;
NEW-1788552195649-548-3;7703855138;Bulk 548-3;Snacks;48384.61;2997.18;112;5;2;0;UNIT;Sí;;
NEW-1788552195652-549-0;7709255794;Bulk 549-0;Nueva Cat;26653.6;4689.45;239;5;2;0;UNIT;Sí;;
NEW-1788552195652-549-1;;Bulk 549-1;Bebidas;4647.87;6524.67;88;5;2;0;UNIT;Sí;;
NEW-1788552193976-55-0;;Bulk 55-0;Nueva Cat;3808.77;1526.15;435;5;2;0;UNIT;Sí;;
NEW-1788552193976-55-1;7705701413;Bulk 55-1;Snacks;33745.96;11219.34;454;5;2;0;UNIT;Sí;;
NEW-1788552193976-55-2;7704226563;Bulk 55-2;Nueva Cat;42590.6;9628.14;354;5;2;0;UNIT;Sí;;2026-12-31
NEW-1788552195656-552-3;7708535421;Bulk 552-3;Nueva Cat;16220.11;20790.39;199;5;2;0;UNIT;Sí;;
NEW-1788552195658-553-1;7707254717;Bulk 553-1;Nueva Cat;47726.16;13599.34;91;5;2;0;UNIT;Sí;;
NEW-1788552195658-554-0;;Bulk 554-0;Nueva Cat;45181.3;28360.69;500;5;2;0;UNIT;Sí;;
NEW-1788552195658-554-2;7709259971;Bulk 554-2;Lacteos;27143.64;8429.18;108;5;2;0;UNIT;Sí;;
NEW-1788552195660-555-0;;Bulk 555-0;Snacks;5334.99;12794.88;197;5;2;0;UNIT;Sí;;2026-12-31
NEW-1788552195660-555-1;7702778804;Bulk 555-1;Bebidas;15643.82;6152.52;125;5;2;0;UNIT;Sí;;
NEW-1788552195660-555-3;7701458945;Bulk 555-3;Bebidas;17388.11;12915.85;140;5;2;0;UNIT;Sí;;
NEW-1788552195660-555-5;7702984585;Bulk 555-5;Lacteos;7627.8;14418.71;471;5;2;0;UNIT;Sí;;
NEW-1788552195660-555-7;7704057371;Bulk 555-7;Snacks;42097.16;16554.62;162;5;2;0;UNIT;Sí;;
NEW-1788552195660-555-8;7709976692;Bulk 555-8;Snacks;37356.76;13044.61;48;5;2;0;UNIT;Sí;;2026-12-31
NEW-1788552195664-556-0;7701347277;Bulk 556-0;Bebidas;24578.48;19328.45;46;5;2;0;UNIT;Sí;;2026-12-31
NEW-1788552195664-556-3;;Bulk 556-3;Bebidas;46624.93;3714.98;117;5;2;0;UNIT;Sí;;
NEW-1788552195669-559-0;7709856440;Bulk 559-0;Bebidas;25742.88;23962.64;71;5;2;0;UNIT;Sí;;
NEW-1788552195669-559-3;7705309857;Bulk 559-3;Bebidas;39512.19;5254.81;138;5;2;0;UNIT;Sí;;
NEW-1788552193978-56-1;;Bulk 56-1;Lacteos;24532.16;24420.73;343;5;2;0;UNIT;Sí;;
NEW-1788552193978-56-3;;Bulk 56-3;Nueva Cat;42664.24;7132.25;65;5;2;0;UNIT;Sí;;
NEW-1788552193978-56-4;7708883879;Bulk 56-4;Lacteos;10919.11;667.53;91;5;2;0;UNIT;Sí;;
NEW-1788552193978-56-6;7704714071;Bulk 56-6;Lacteos;40793.38;9218;343;5;2;0;UNIT;Sí;;
NEW-1788552193978-56-7;;Bulk 56-7;Lacteos;38767.44;19850.05;94;5;2;0;UNIT;Sí;;
NEW-1788552195671-560-1;7707499321;Bulk 560-1;Nueva Cat;24986.46;16574.56;47;5;2;0;UNIT;Sí;;
NEW-1788552195671-560-2;7708315882;Bulk 560-2;Snacks;15018.43;28262.5;340;5;2;0;UNIT;Sí;;
NEW-1788552195671-560-5;;Bulk 560-5;Bebidas;17525.62;8525.44;473;5;2;0;UNIT;Sí;;
NEW-1788552195671-560-7;7708965994;Bulk 560-7;Nueva Cat;44155.95;7524.29;114;5;2;0;UNIT;Sí;;
NEW-1788552195674-561-0;7704617029;Bulk 561-0;Lacteos;25631.27;24424.45;263;5;2;0;UNIT;Sí;;2026-12-31
NEW-1788552195674-561-1;7709028044;Bulk 561-1;Nueva Cat;21861.83;3939.8;396;5;2;0;UNIT;Sí;;
NEW-1788552195674-561-5;7706597845;Bulk 561-5;Snacks;39946.63;16705.52;368;5;2;0;UNIT;Sí;;
NEW-1788552195674-561-6;;Bulk 561-6;Lacteos;5855.24;15524.68;401;5;2;0;UNIT;Sí;;
NEW-1788552195674-561-8;;Bulk 561-8;Lacteos;22688.09;1659.71;227;5;2;0;UNIT;Sí;;
NEW-1788552195679-562-1;;Bulk 562-1;Snacks;22071.7;18227.72;70;5;2;0;UNIT;Sí;;
NEW-1788552195679-562-4;7709574374;Bulk 562-4;Lacteos;31570.86;25815.73;121;5;2;0;UNIT;Sí;;
NEW-1788552195679-562-6;;Bulk 562-6;Bebidas;11177.12;29046.85;451;5;2;0;UNIT;Sí;;
NEW-1788552195685-563-1;7701172791;Bulk 563-1;Lacteos;48144.79;17173.13;336;5;2;0;UNIT;Sí;;
NEW-1788552195685-563-5;;Bulk 563-5;Snacks;5555.82;10884.42;126;5;2;0;UNIT;Sí;;
NEW-1788552195685-563-6;7703867609;Bulk 563-6;Bebidas;2651.37;26491.71;141;5;2;0;UNIT;Sí;;
NEW-1788552195688-564-0;7702195169;Bulk 564-0;Snacks;42004.09;711.14;195;5;2;0;UNIT;Sí;;
NEW-1788552195690-565-0;7705113878;Bulk 565-0;Nueva Cat;38335.69;9099.51;222;5;2;0;UNIT;Sí;;
NEW-1788552195690-565-2;7706452623;Bulk 565-2;Bebidas;30680.22;19990.32;442;5;2;0;UNIT;Sí;;
NEW-1788552195690-565-4;;Bulk 565-4;Snacks;49390.34;12599.91;343;5;2;0;UNIT;Sí;;2026-12-31
NEW-1788552195693-566-0;7705673838;Bulk 566-0;Bebidas;37706.25;29671.72;106;5;2;0;UNIT;Sí;;
NEW-1788552195693-566-3;7709250466;Bulk 566-3;Snacks;12343.12;23576.67;135;5;2;0;UNIT;Sí;;
NEW-1788552195693-566-4;7707417616;Bulk 566-4;Nueva Cat;49596.17;6698.21;438;5;2;0;UNIT;Sí;;
NEW-1788552195693-566-5;7708794294;Bulk 566-5;Snacks;42484.75;436.55;435;5;2;0;UNIT;Sí;;
NEW-1788552195693-566-8;;Bulk 566-8;Nueva Cat;17106.91;17172.28;297;5;2;0;UNIT;Sí;;2026-12-31
NEW-1788552195693-566-9;7708791362;Bulk 566-9;Snacks;4031.43;17470.25;71;5;2;0;UNIT;Sí;;
NEW-1788552195697-567-3;;Bulk 567-3;Nueva Cat;49420.81;26109.15;125;5;2;0;UNIT;Sí;;2026-12-31
NEW-1788552195697-567-4;7709148166;Bulk 567-4;Nueva Cat;33377;26324.81;123;5;2;0;UNIT;Sí;;
NEW-1788552195697-567-5;;Bulk 567-5;Snacks;47953.98;27050.06;342;5;2;0;UNIT;Sí;;
NEW-1788552195700-568-2;7703129015;Bulk 568-2;Bebidas;556.95;10057.4;169;5;2;0;UNIT;Sí;;
NEW-1788552195700-568-3;7705996728;Bulk 568-3;Bebidas;6199.82;7026.39;615;5;2;0;UNIT;Sí;;2026-12-31
NEW-1788552195700-568-4;;Bulk 568-4;Bebidas;46049.94;24841.57;205;5;2;0;UNIT;Sí;;
NEW-1788552195700-568-6;7709633367;Bulk 568-6;Snacks;10803.8;1850.06;396;5;2;0;UNIT;Sí;;2026-12-31
NEW-1788552195700-568-7;7702222871;Bulk 568-7;Snacks;45209.25;27178.46;372;5;2;0;UNIT;Sí;;2026-12-31
NEW-1788552195700-568-8;;Bulk 568-8;Bebidas;30315.18;20901.03;178;5;2;0;UNIT;Sí;;
NEW-1788552195704-569-1;7709359625;Bulk 569-1;Lacteos;9629.69;13486.11;570;5;2;0;UNIT;Sí;;
NEW-1788552194003-57-1;;Bulk 57-1;Bebidas;24037.41;3192.19;374;5;2;0;UNIT;Sí;;
NEW-1788552194003-57-2;;Bulk 57-2;Snacks;47489.08;21433.57;253;5;2;0;UNIT;Sí;;
NEW-1788552194003-57-3;7704108647;Bulk 57-3;Lacteos;49573.39;17748.45;300;5;2;0;UNIT;Sí;;
NEW-1788552194003-57-5;7701206470;Bulk 57-5;Nueva Cat;34453.23;13817.98;160;5;2;0;UNIT;Sí;;
NEW-1788552194003-57-8;7707824756;Bulk 57-8;Snacks;28571.64;28269.19;264;5;2;0;UNIT;Sí;;
NEW-1788552195705-570-0;;Bulk 570-0;Lacteos;6722.89;9581.32;488;5;2;0;UNIT;Sí;;2026-12-31
NEW-1788552195705-570-3;;Bulk 570-3;Nueva Cat;16530.11;22724.76;126;5;2;0;UNIT;Sí;;
NEW-1788552195706-571-0;;Bulk 571-0;Snacks;23946.47;17365.29;145;5;2;0;UNIT;Sí;;2026-12-31
NEW-1788552195706-571-1;7709787551;Bulk 571-1;Lacteos;49313.56;23686.34;305;5;2;0;UNIT;Sí;;
NEW-1788552195706-571-2;7707395835;Bulk 571-2;Bebidas;35506.62;4477.2;70;5;2;0;UNIT;Sí;;
NEW-1788552195706-571-3;7703653723;Bulk 571-3;Lacteos;47688.4;29327.17;47;5;2;0;UNIT;Sí;;
NEW-1788552195706-571-4;;Bulk 571-4;Lacteos;18968.33;4254.59;377;5;2;0;UNIT;Sí;;
NEW-1788552195712-572-0;;Bulk 572-0;Lacteos;13731.5;20592.48;85;5;2;0;UNIT;Sí;;
NEW-1788552195712-572-2;;Bulk 572-2;Snacks;20309.81;28931.45;107;5;2;0;UNIT;Sí;;
NEW-1788552195712-572-4;7707701302;Bulk 572-4;Bebidas;21696.86;24243.62;294;5;2;0;UNIT;Sí;;
NEW-1788552195712-572-5;7709700400;Bulk 572-5;Lacteos;18825.04;11093.19;549;5;2;0;UNIT;Sí;;
NEW-1788552195716-573-2;;Bulk 573-2;Snacks;12846.23;20034.85;56;5;2;0;UNIT;Sí;;2026-12-31
NEW-1788552195717-574-0;7703740017;Bulk 574-0;Bebidas;28826.81;18508.43;453;5;2;0;UNIT;Sí;;
NEW-1788552195717-574-1;7702589941;Bulk 574-1;Snacks;14585.4;28795.96;207;5;2;0;UNIT;Sí;;2026-12-31
NEW-1788552195717-574-4;;Bulk 574-4;Nueva Cat;17223.47;4178.01;311;5;2;0;UNIT;Sí;;
NEW-1788552195719-575-1;7705832396;Bulk 575-1;Bebidas;26358.79;17488.97;485;5;2;0;UNIT;Sí;;
NEW-1788552195719-575-3;7701145557;Bulk 575-3;Nueva Cat;48346.33;8646.51;284;5;2;0;UNIT;Sí;;
NEW-1788552195719-575-4;7701027570;Bulk 575-4;Nueva Cat;21857.14;12207.26;434;5;2;0;UNIT;Sí;;
NEW-1788552195719-575-7;;Bulk 575-7;Bebidas;3370.67;17806.25;92;5;2;0;UNIT;Sí;;
NEW-1788552195719-575-8;7704124046;Bulk 575-8;Snacks;38125.01;26145.08;163;5;2;0;UNIT;Sí;;2026-12-31
NEW-1788552195722-576-0;7708950305;Bulk 576-0;Lacteos;21318.79;8296.25;308;5;2;0;UNIT;Sí;;
NEW-1788552195722-576-2;7707295759;Bulk 576-2;Snacks;46352.56;29493.63;203;5;2;0;UNIT;Sí;;
NEW-1788552195722-576-4;7709409310;Bulk 576-4;Snacks;27803.02;16391.03;253;5;2;0;UNIT;Sí;;2026-12-31
NEW-1788552195725-577-0;7708988004;Bulk 577-0;Snacks;4836.41;29561.58;289;5;2;0;UNIT;Sí;;2026-12-31
NEW-1788552195726-578-0;;Bulk 578-0;Nueva Cat;23127.37;4234.99;479;5;2;0;UNIT;Sí;;
NEW-1788552195726-578-1;7703762067;Bulk 578-1;Lacteos;7739.71;6761.52;401;5;2;0;UNIT;Sí;;
NEW-1788552195726-578-3;;Bulk 578-3;Snacks;41731.78;28275.32;429;5;2;0;UNIT;Sí;;
NEW-1788552195726-578-4;;Bulk 578-4;Lacteos;15093.92;20635.31;363;5;2;0;UNIT;Sí;;2026-12-31
NEW-1788552195729-579-3;7707014120;Bulk 579-3;Bebidas;12532.54;24520.76;444;5;2;0;UNIT;Sí;;2026-12-31
NEW-1788552194007-58-4;7705925429;Bulk 58-4;Lacteos;16561.75;8227.88;233;5;2;0;UNIT;Sí;;
NEW-1788552195730-580-4;7704347664;Bulk 580-4;Lacteos;36781.28;2760.52;439;5;2;0;UNIT;Sí;;2026-12-31
NEW-1788552195730-580-6;7704215251;Bulk 580-6;Lacteos;28085.26;1603.43;398;5;2;0;UNIT;Sí;;
NEW-1788552195734-582-0;7706091159;Bulk 582-0;Bebidas;28260.03;19629.72;528;5;2;0;UNIT;Sí;;
NEW-1788552195734-582-4;7703444233;Bulk 582-4;Snacks;48734.8;8438.77;247;5;2;0;UNIT;Sí;;
NEW-1788552195737-583-1;7702711829;Bulk 583-1;Nueva Cat;34256.03;26406.49;398;5;2;0;UNIT;Sí;;
NEW-1788552195738-584-3;;Bulk 584-3;Bebidas;32774.77;8912.69;422;5;2;0;UNIT;Sí;;
NEW-1788552195738-584-4;7704388414;Bulk 584-4;Snacks;7998.3;26927.4;240;5;2;0;UNIT;Sí;;
NEW-1788552195738-584-5;7709162279;Bulk 584-5;Lacteos;18839.98;15695.6;159;5;2;0;UNIT;Sí;;2026-12-31
NEW-1788552195740-585-0;7704622919;Bulk 585-0;Lacteos;7715.72;8809.71;439;5;2;0;UNIT;Sí;;2026-12-31
NEW-1788552195740-585-1;7704107282;Bulk 585-1;Nueva Cat;33340.86;17760.43;120;5;2;0;UNIT;Sí;;
NEW-1788552195740-585-3;7706063349;Bulk 585-3;Bebidas;41947.04;29353.46;482;5;2;0;UNIT;Sí;;
NEW-1788552195744-586-0;;Bulk 586-0;Snacks;37407.55;21629.03;129;5;2;0;UNIT;Sí;;
NEW-1788552195744-586-1;;Bulk 586-1;Nueva Cat;8495.1;13367.21;246;5;2;0;UNIT;Sí;;
NEW-1788552195746-587-0;;Bulk 587-0;Nueva Cat;42323.03;2815.53;96;5;2;0;UNIT;Sí;;2026-12-31
NEW-1788552195746-587-1;7705190648;Bulk 587-1;Nueva Cat;43751.81;27450.7;327;5;2;0;UNIT;Sí;;
NEW-1788552195746-587-2;7709353726;Bulk 587-2;Nueva Cat;4282.41;21444.12;465;5;2;0;UNIT;Sí;;
NEW-1788552195746-587-4;;Bulk 587-4;Snacks;31935.88;19589.82;272;5;2;0;UNIT;Sí;;
NEW-1788552195751-588-0;7708568709;Bulk 588-0;Nueva Cat;9801.82;23663.53;467;5;2;0;UNIT;Sí;;2026-12-31
NEW-1788552195751-588-3;7704755001;Bulk 588-3;Nueva Cat;11925.98;29317.33;159;5;2;0;UNIT;Sí;;2026-12-31
NEW-1788552195751-588-4;7706382107;Bulk 588-4;Nueva Cat;34097.09;27208.8;214;5;2;0;UNIT;Sí;;
NEW-1788552195751-588-5;7704241567;Bulk 588-5;Bebidas;33739.79;19700.09;86;5;2;0;UNIT;Sí;;
NEW-1788552195751-588-7;7701687525;Bulk 588-7;Snacks;22867.77;4846.67;89;5;2;0;UNIT;Sí;;2026-12-31
NEW-1788552195751-588-8;7703271476;Bulk 588-8;Nueva Cat;29970.55;23196.89;95;5;2;0;UNIT;Sí;;2026-12-31
NEW-1788552195755-589-0;7702135679;Bulk 589-0;Lacteos;11331.52;27122.15;431;5;2;0;UNIT;Sí;;
NEW-1788552195755-589-3;7708181130;Bulk 589-3;Nueva Cat;35039.85;11048.87;47;5;2;0;UNIT;Sí;;
NEW-1788552195755-589-5;;Bulk 589-5;Bebidas;6607.5;25382.24;263;5;2;0;UNIT;Sí;;
NEW-1788552194009-59-2;;Bulk 59-2;Nueva Cat;8679.75;22482.51;454;5;2;0;UNIT;Sí;;
NEW-1788552194009-59-3;7703565726;Bulk 59-3;Nueva Cat;22467.61;14747.3;474;5;2;0;UNIT;Sí;;
NEW-1788552194009-59-6;7701199533;Bulk 59-6;Snacks;37363.44;18717.35;103;5;2;0;UNIT;Sí;;
NEW-1788552195758-590-4;;Bulk 590-4;Snacks;46305.56;12047.18;333;5;2;0;UNIT;Sí;;
NEW-1788552195758-590-6;;Bulk 590-6;Bebidas;22487.4;20249.6;477;5;2;0;UNIT;Sí;;2026-12-31
NEW-1788552195758-590-7;;Bulk 590-7;Lacteos;31971.92;15322.52;45;5;2;0;UNIT;Sí;;
NEW-1788552195770-591-1;7708075045;Bulk 591-1;Lacteos;18287.81;24398.22;115;5;2;0;UNIT;Sí;;
NEW-1788552195770-591-3;7705818756;Bulk 591-3;Bebidas;46111.03;22263.77;179;5;2;0;UNIT;Sí;;2026-12-31
NEW-1788552195770-591-4;7701572709;Bulk 591-4;Nueva Cat;28040.8;7068.03;92;5;2;0;UNIT;Sí;;
NEW-1788552195772-592-1;7708688971;Bulk 592-1;Bebidas;15079.54;23237.78;478;5;2;0;UNIT;Sí;;2026-12-31
NEW-1788552195772-592-2;7708212729;Bulk 592-2;Snacks;40677.53;18071.43;286;5;2;0;UNIT;Sí;;
NEW-1788552195772-592-3;7702026412;Bulk 592-3;Bebidas;8228.35;2139.64;68;5;2;0;UNIT;Sí;;2026-12-31
NEW-1788552195772-592-4;7707883745;Bulk 592-4;Lacteos;33235.1;25007.34;123;5;2;0;UNIT;Sí;;2026-12-31
NEW-1788552195776-593-0;7704729948;Bulk 593-0;Bebidas;9574.56;5479.81;382;5;2;0;UNIT;Sí;;
NEW-1788552195777-594-0;7704627656;Bulk 594-0;Nueva Cat;49897.68;27049.62;85;5;2;0;UNIT;Sí;;2026-12-31
NEW-1788552195777-594-5;;Bulk 594-5;Nueva Cat;12382.26;17490.62;140;5;2;0;UNIT;Sí;;
NEW-1788552195777-594-6;;Bulk 594-6;Nueva Cat;9850.96;24422.9;492;5;2;0;UNIT;Sí;;
NEW-1788552195777-594-7;7703015872;Bulk 594-7;Lacteos;47143.03;25179.89;321;5;2;0;UNIT;Sí;;
NEW-1788552195777-594-9;7701750459;Bulk 594-9;Snacks;20271.36;19049.89;120;5;2;0;UNIT;Sí;;
NEW-1788552195781-595-0;7708841147;Bulk 595-0;Snacks;49794.38;17725.69;166;5;2;0;UNIT;Sí;;
NEW-1788552195781-595-1;;Bulk 595-1;Nueva Cat;27960.33;21156.49;299;5;2;0;UNIT;Sí;;
NEW-1788552195781-595-3;;Bulk 595-3;Lacteos;37487.76;21715.08;285;5;2;0;UNIT;Sí;;
NEW-1788552195781-595-4;;Bulk 595-4;Lacteos;48568.14;27105.93;56;5;2;0;UNIT;Sí;;
NEW-1788552195781-595-6;;Bulk 595-6;Nueva Cat;33168.89;27846.01;147;5;2;0;UNIT;Sí;;
NEW-1788552195781-595-7;7708611932;Bulk 595-7;Lacteos;27080.41;23174.04;459;5;2;0;UNIT;Sí;;
NEW-1788552195781-595-8;7701663643;Bulk 595-8;Lacteos;2464.27;6785.68;317;5;2;0;UNIT;Sí;;
NEW-1788552195785-596-1;7706908032;Bulk 596-1;Lacteos;1496.1;7063.98;206;5;2;0;UNIT;Sí;;
NEW-1788552195785-596-2;7702903517;Bulk 596-2;Snacks;35788.01;19009.04;256;5;2;0;UNIT;Sí;;2026-12-31
NEW-1788552195787-597-0;7707782449;Bulk 597-0;Bebidas;31987.73;9092.31;378;5;2;0;UNIT;Sí;;
NEW-1788552195787-597-3;7703352448;Bulk 597-3;Nueva Cat;34470.68;1130.16;298;5;2;0;UNIT;Sí;;
NEW-1788552195790-598-0;7701411914;Bulk 598-0;Lacteos;17334.33;28446.17;116;5;2;0;UNIT;Sí;;
NEW-1788552195790-598-3;7707134441;Bulk 598-3;Snacks;19794.5;19602.83;480;5;2;0;UNIT;Sí;;
NEW-1788552195792-599-1;7708297392;Bulk 599-1;Lacteos;7940.61;854.56;490;5;2;0;UNIT;Sí;;
NEW-1788552195792-599-2;7701836574;Bulk 599-2;Lacteos;14374.45;27528.92;562;5;2;0;UNIT;Sí;;
NEW-1788552195792-599-3;7703011397;Bulk 599-3;Lacteos;33157.14;626.03;265;5;2;0;UNIT;Sí;;
NEW-1788552193836-6-0;7703624362;Bulk 6-0;Nueva Cat;13928.83;13269.12;389;5;2;0;UNIT;Sí;;
NEW-1788552194011-60-0;;Bulk 60-0;Bebidas;41788.71;2023.4;280;5;2;0;UNIT;Sí;;
NEW-1788552195794-600-0;7702599174;Bulk 600-0;Lacteos;19621.35;6693.37;258;5;2;0;UNIT;Sí;;
NEW-1788552195795-601-1;7709748405;Bulk 601-1;Nueva Cat;11787.12;10463.99;409;5;2;0;UNIT;Sí;;2026-12-31
NEW-1788552195795-601-5;7704787567;Bulk 601-5;Snacks;27582.87;24263.53;358;5;2;0;UNIT;Sí;;
NEW-1788552195795-601-6;;Bulk 601-6;Nueva Cat;38998.86;23527.16;307;5;2;0;UNIT;Sí;;
NEW-1788552195798-602-0;7708082635;Bulk 602-0;Bebidas;22336.6;8272.3;49;5;2;0;UNIT;Sí;;
NEW-1788552195798-602-1;7709086225;Bulk 602-1;Lacteos;14206.14;17335.16;91;5;2;0;UNIT;Sí;;2026-12-31
NEW-1788552195798-602-7;;Bulk 602-7;Lacteos;24595.99;4880.99;313;5;2;0;UNIT;Sí;;2026-12-31
NEW-1788552195801-603-0;7707569943;Bulk 603-0;Bebidas;26277.5;19771.68;393;5;2;0;UNIT;Sí;;2026-12-31
NEW-1788552195801-604-3;7701200374;Bulk 604-3;Bebidas;42002.64;28098.07;82;5;2;0;UNIT;Sí;;
NEW-1788552195801-604-4;7705180261;Bulk 604-4;Nueva Cat;42037.6;13598.74;405;5;2;0;UNIT;Sí;;
NEW-1788552195801-604-5;;Bulk 604-5;Bebidas;48846.21;21692.96;131;5;2;0;UNIT;Sí;;
NEW-1788552195805-605-1;7703820962;Bulk 605-1;Bebidas;20288.78;9825.19;445;5;2;0;UNIT;Sí;;
NEW-1788552195805-605-2;7702781212;Bulk 605-2;Bebidas;16720.97;201.64;463;5;2;0;UNIT;Sí;;
NEW-1788552195807-606-2;;Bulk 606-2;Snacks;14787.55;25607.59;386;5;2;0;UNIT;Sí;;
NEW-1788552195807-606-3;7709780824;Bulk 606-3;Bebidas;8160.42;23823.02;364;5;2;0;UNIT;Sí;;
NEW-1788552195807-606-4;7708632042;Bulk 606-4;Snacks;1829.82;18472.28;118;5;2;0;UNIT;Sí;;2026-12-31
NEW-1788552195807-606-5;7708275699;Bulk 606-5;Lacteos;42464.86;7909.6;140;5;2;0;UNIT;Sí;;
NEW-1788552195807-606-8;;Bulk 606-8;Snacks;6002.75;23384.93;419;5;2;0;UNIT;Sí;;
NEW-1788552195811-607-0;7703269013;Bulk 607-0;Bebidas;4801.95;21105.29;276;5;2;0;UNIT;Sí;;
NEW-1788552195811-607-4;7708352375;Bulk 607-4;Bebidas;47624.85;12100.32;413;5;2;0;UNIT;Sí;;
NEW-1788552195811-607-5;7702191981;Bulk 607-5;Nueva Cat;16244.12;28594.34;291;5;2;0;UNIT;Sí;;2026-12-31
NEW-1788552195811-607-6;7705468844;Bulk 607-6;Lacteos;19839.59;25702.4;359;5;2;0;UNIT;Sí;;
NEW-1788552195811-607-9;;Bulk 607-9;Lacteos;22086.55;19354.38;120;5;2;0;UNIT;Sí;;2026-12-31
NEW-1788552195816-608-0;7708009688;Bulk 608-0;Snacks;14355.16;9898.13;312;5;2;0;UNIT;Sí;;
NEW-1788552195816-608-1;7707167116;Bulk 608-1;Snacks;18294.53;1782.15;407;5;2;0;UNIT;Sí;;
NEW-1788552195816-608-2;7706832355;Bulk 608-2;Snacks;24706.62;25624.35;436;5;2;0;UNIT;Sí;;
NEW-1788552195816-608-3;7704003551;Bulk 608-3;Bebidas;23542.29;9246.08;107;5;2;0;UNIT;Sí;;2026-12-31
NEW-1788552195816-608-5;;Bulk 608-5;Lacteos;13213.8;13979.14;57;5;2;0;UNIT;Sí;;
NEW-1788552195816-608-6;7708535153;Bulk 608-6;Bebidas;45343.26;29742.14;363;5;2;0;UNIT;Sí;;
NEW-1788552195816-608-7;7701311785;Bulk 608-7;Bebidas;28721.97;17614.19;500;5;2;0;UNIT;Sí;;2026-12-31
NEW-1788552195825-609-0;7706246786;Bulk 609-0;Lacteos;44069.15;1626.98;369;5;2;0;UNIT;Sí;;
NEW-1788552194012-61-0;7709423431;Bulk 61-0;Lacteos;505.45;7165.85;383;5;2;0;UNIT;Sí;;
NEW-1788552194012-61-2;;Bulk 61-2;Lacteos;48122.59;21138.29;43;5;2;0;UNIT;Sí;;
NEW-1788552194012-61-3;7708599813;Bulk 61-3;Bebidas;36956.65;17281.97;460;5;2;0;UNIT;Sí;;
NEW-1788552195826-610-1;7705744107;Bulk 610-1;Lacteos;34216.23;13920.05;267;5;2;0;UNIT;Sí;;
NEW-1788552195827-611-1;;Bulk 611-1;Nueva Cat;40650.55;1440.86;146;5;2;0;UNIT;Sí;;
NEW-1788552195827-611-2;7705708199;Bulk 611-2;Bebidas;30724.14;18936.03;252;5;2;0;UNIT;Sí;;
NEW-1788552195827-611-5;7705179208;Bulk 611-5;Lacteos;21340.78;25548.94;458;5;2;0;UNIT;Sí;;
NEW-1788552195827-611-7;7703902211;Bulk 611-7;Lacteos;12043.67;23691.2;111;5;2;0;UNIT;Sí;;
NEW-1788552195827-611-8;7708480127;Bulk 611-8;Lacteos;3626.38;7466.85;242;5;2;0;UNIT;Sí;;
NEW-1788552195832-612-0;;Bulk 612-0;Nueva Cat;6964.51;26538.91;265;5;2;0;UNIT;Sí;;
NEW-1788552195832-612-1;7709780326;Bulk 612-1;Nueva Cat;19903.14;17383.88;46;5;2;0;UNIT;Sí;;
NEW-1788552195832-612-2;7704779053;Bulk 612-2;Bebidas;12557.81;14341.74;485;5;2;0;UNIT;Sí;;
NEW-1788552195832-612-7;7708338716;Bulk 612-7;Snacks;31088.03;15096.25;66;5;2;0;UNIT;Sí;;
NEW-1788552195832-612-8;7703633192;Bulk 612-8;Nueva Cat;8705.18;25794.89;279;5;2;0;UNIT;Sí;;
NEW-1788552195837-613-0;;Bulk 613-0;Lacteos;39174.1;6778.41;86;5;2;0;UNIT;Sí;;2026-12-31
NEW-1788552195837-613-1;7707493749;Bulk 613-1;Lacteos;41825.4;22426.41;451;5;2;0;UNIT;Sí;;
NEW-1788552195837-613-2;;Bulk 613-2;Nueva Cat;10016.8;29427.6;44;5;2;0;UNIT;Sí;;2026-12-31
NEW-1788552195837-613-3;7703118603;Bulk 613-3;Nueva Cat;49201.79;25834.7;328;5;2;0;UNIT;Sí;;
NEW-1788552195837-613-4;7708150134;Bulk 613-4;Nueva Cat;29371.57;23034.82;398;5;2;0;UNIT;Sí;;2026-12-31
NEW-1788552195837-613-6;;Bulk 613-6;Nueva Cat;16992.6;11707.93;214;5;2;0;UNIT;Sí;;
NEW-1788552195842-614-0;;Bulk 614-0;Nueva Cat;11022.66;28196.81;286;5;2;0;UNIT;Sí;;
NEW-1788552195842-614-1;7703623280;Bulk 614-1;Bebidas;41726.81;19358.52;440;5;2;0;UNIT;Sí;;
NEW-1788552195842-614-2;;Bulk 614-2;Snacks;25794.32;19957.09;285;5;2;0;UNIT;Sí;;
NEW-1788552195842-614-3;;Bulk 614-3;Bebidas;12176.79;7851.04;225;5;2;0;UNIT;Sí;;
NEW-1788552195842-614-4;7706633579;Bulk 614-4;Nueva Cat;24690.82;3070.74;87;5;2;0;UNIT;Sí;;
NEW-1788552195842-614-6;7705051295;Bulk 614-6;Nueva Cat;38088.97;16503.19;567;5;2;0;UNIT;Sí;;
NEW-1788552195842-614-8;7704697145;Bulk 614-8;Nueva Cat;1193.69;13955.98;414;5;2;0;UNIT;Sí;;2026-12-31
NEW-1788552195842-614-9;;Bulk 614-9;Lacteos;13412.7;3150.34;404;5;2;0;UNIT;Sí;;
NEW-1788552195847-615-0;7703225101;Bulk 615-0;Nueva Cat;3830.34;26136.89;389;5;2;0;UNIT;Sí;;
NEW-1788552195847-615-2;7708694782;Bulk 615-2;Nueva Cat;21013.42;27680.57;376;5;2;0;UNIT;Sí;;
NEW-1788552195847-615-3;7702424129;Bulk 615-3;Snacks;37959.18;18481.15;441;5;2;0;UNIT;Sí;;
NEW-1788552195854-616-0;7702259818;Bulk 616-0;Snacks;8481.25;20968.16;354;5;2;0;UNIT;Sí;;
NEW-1788552195854-616-4;;Bulk 616-4;Bebidas;2675.83;26487.61;520;5;2;0;UNIT;Sí;;2026-12-31
NEW-1788552195854-616-6;7709910392;Bulk 616-6;Lacteos;9969.38;10304.68;498;5;2;0;UNIT;Sí;;2026-12-31
NEW-1788552195854-616-8;;Bulk 616-8;Nueva Cat;41610.67;11113.24;187;5;2;0;UNIT;Sí;;
NEW-1788552195862-617-0;;Bulk 617-0;Snacks;7100.61;20564.14;364;5;2;0;UNIT;Sí;;
NEW-1788552195862-617-3;;Bulk 617-3;Lacteos;26049.01;5281.77;182;5;2;0;UNIT;Sí;;
NEW-1788552195864-618-0;7704516299;Bulk 618-0;Nueva Cat;10906.44;8954.77;262;5;2;0;UNIT;Sí;;2026-12-31
NEW-1788552195864-618-2;7702884276;Bulk 618-2;Bebidas;33059.04;7902.15;184;5;2;0;UNIT;Sí;;
NEW-1788552194015-62-0;7701971286;Bulk 62-0;Snacks;37668.82;1190.92;154;5;2;0;UNIT;Sí;;
NEW-1788552195868-620-0;7706403087;Bulk 620-0;Snacks;11159.37;13871.49;226;5;2;0;UNIT;Sí;;
NEW-1788552195868-620-1;7704409056;Bulk 620-1;Lacteos;14158.26;20798.34;324;5;2;0;UNIT;Sí;;
NEW-1788552195870-621-0;7706358489;Bulk 621-0;Lacteos;38489.93;1264.68;365;5;2;0;UNIT;Sí;;
NEW-1788552195870-621-1;;Bulk 621-1;Bebidas;10293.91;18356.07;213;5;2;0;UNIT;Sí;;
NEW-1788552195870-621-3;7707234905;Bulk 621-3;Lacteos;44611.79;29071.82;154;5;2;0;UNIT;Sí;;
NEW-1788552195874-622-1;7702291808;Bulk 622-1;Nueva Cat;976.59;498.83;339;5;2;0;UNIT;Sí;;
NEW-1788552195874-622-3;7702497426;Bulk 622-3;Lacteos;29904.97;7741.5;268;5;2;0;UNIT;Sí;;
NEW-1788552195874-622-5;7704529632;Bulk 622-5;Snacks;27090.45;3161.62;323;5;2;0;UNIT;Sí;;
NEW-1788552195878-623-0;7707563308;Bulk 623-0;Nueva Cat;43758.25;9634.64;45;5;2;0;UNIT;Sí;;
NEW-1788552195878-623-1;7708328912;Bulk 623-1;Nueva Cat;4873.69;6011.9;410;5;2;0;UNIT;Sí;;
NEW-1788552195878-623-2;7703123629;Bulk 623-2;Bebidas;22547.61;11382.12;197;5;2;0;UNIT;Sí;;
NEW-1788552195882-624-1;7707281114;Bulk 624-1;Snacks;3174.42;14873.84;254;5;2;0;UNIT;Sí;;
NEW-1788552195882-624-4;;Bulk 624-4;Bebidas;38089.33;5860.34;328;5;2;0;UNIT;Sí;;
NEW-1788552195882-624-5;7709854369;Bulk 624-5;Bebidas;46828.79;18882.67;162;5;2;0;UNIT;Sí;;
NEW-1788552195882-624-7;7708737700;Bulk 624-7;Nueva Cat;3739.96;5657.13;481;5;2;0;UNIT;Sí;;
NEW-1788552195888-625-0;7702671150;Bulk 625-0;Bebidas;36940.24;22206.61;304;5;2;0;UNIT;Sí;;
NEW-1788552195888-625-1;7703291298;Bulk 625-1;Bebidas;29312.31;14568.48;356;5;2;0;UNIT;Sí;;2026-12-31
NEW-1788552195889-626-0;;Bulk 626-0;Snacks;41318.35;13370.47;46;5;2;0;UNIT;Sí;;
NEW-1788552195889-627-2;7705797406;Bulk 627-2;Bebidas;39232.55;8822.55;315;5;2;0;UNIT;Sí;;
NEW-1788552195889-627-3;;Bulk 627-3;Snacks;11086.31;28244.17;542;5;2;0;UNIT;Sí;;
NEW-1788552195889-627-4;7707230092;Bulk 627-4;Lacteos;45631.26;23868.81;532;5;2;0;UNIT;Sí;;
NEW-1788552195889-627-5;7703642779;Bulk 627-5;Bebidas;35646.9;21691.12;429;5;2;0;UNIT;Sí;;
NEW-1788552195889-627-7;7707851030;Bulk 627-7;Nueva Cat;37342.8;11715.53;152;5;2;0;UNIT;Sí;;
NEW-1788552195893-628-1;7701482614;Bulk 628-1;Lacteos;35511.94;26512.8;301;5;2;0;UNIT;Sí;;2026-12-31
NEW-1788552195893-628-3;7701295773;Bulk 628-3;Lacteos;24049.26;2667.84;148;5;2;0;UNIT;Sí;;2026-12-31
NEW-1788552195893-628-4;;Bulk 628-4;Nueva Cat;37475.57;21326.1;620;5;2;0;UNIT;Sí;;
NEW-1788552195895-629-0;7709193067;Bulk 629-0;Nueva Cat;28620.78;14998.91;46;5;2;0;UNIT;Sí;;2026-12-31
NEW-1788552195895-629-2;7703721316;Bulk 629-2;Nueva Cat;36699.12;24792.2;148;5;2;0;UNIT;Sí;;
NEW-1788552195895-629-9;;Bulk 629-9;Lacteos;14471.06;5754.43;361;5;2;0;UNIT;Sí;;
NEW-1788552194016-63-1;7706695392;Bulk 63-1;Snacks;33003.3;19381.03;190;5;2;0;UNIT;Sí;;
NEW-1788552195902-631-1;;Bulk 631-1;Bebidas;11751.86;20044.09;46;5;2;0;UNIT;Sí;;
NEW-1788552195902-631-3;;Bulk 631-3;Nueva Cat;21137.53;2061.83;395;5;2;0;UNIT;Sí;;
NEW-1788552195905-632-2;;Bulk 632-2;Lacteos;14552.15;732.33;18;5;2;0;UNIT;Sí;;
NEW-1788552195905-632-3;7702691963;Bulk 632-3;Nueva Cat;22467;9885.34;193;5;2;0;UNIT;Sí;;
NEW-1788552195905-632-7;7702967794;Bulk 632-7;Lacteos;10764.2;26774.37;406;5;2;0;UNIT;Sí;;
NEW-1788552195909-634-0;7704412298;Bulk 634-0;Snacks;26896.62;3539.32;47;5;2;0;UNIT;Sí;;
NEW-1788552195909-634-1;;Bulk 634-1;Bebidas;7386.31;8285.42;381;5;2;0;UNIT;Sí;;2026-12-31
NEW-1788552195909-634-3;7706490690;Bulk 634-3;Nueva Cat;25652.84;25555.38;54;5;2;0;UNIT;Sí;;
NEW-1788552195909-634-4;7701240214;Bulk 634-4;Snacks;11904.98;12299.19;447;5;2;0;UNIT;Sí;;
NEW-1788552195911-635-2;7709369493;Bulk 635-2;Lacteos;25425.47;14058.94;124;5;2;0;UNIT;Sí;;
NEW-1788552195912-636-0;;Bulk 636-0;Lacteos;32406.77;5920.99;227;5;2;0;UNIT;Sí;;
NEW-1788552195912-636-1;7709900858;Bulk 636-1;Nueva Cat;14943.33;22086.39;125;5;2;0;UNIT;Sí;;
NEW-1788552195912-636-2;7706350987;Bulk 636-2;Lacteos;24946.5;15650.24;455;5;2;0;UNIT;Sí;;
NEW-1788552195912-636-3;;Bulk 636-3;Snacks;7930.4;14967.78;114;5;2;0;UNIT;Sí;;
NEW-1788552195912-636-4;7706284268;Bulk 636-4;Lacteos;34336.29;3201.1;308;5;2;0;UNIT;Sí;;
NEW-1788552195912-636-8;7709799971;Bulk 636-8;Nueva Cat;26019.83;22594.84;114;5;2;0;UNIT;Sí;;
NEW-1788552195912-636-9;7701201816;Bulk 636-9;Bebidas;11089.09;2919.25;402;5;2;0;UNIT;Sí;;
NEW-1788552195919-637-1;7703533927;Bulk 637-1;Snacks;31189.15;12869.34;120;5;2;0;UNIT;Sí;;
NEW-1788552195919-637-2;7705972427;Bulk 637-2;Bebidas;24484.86;22818.43;200;5;2;0;UNIT;Sí;;
NEW-1788552195919-637-4;7703177516;Bulk 637-4;Bebidas;36261.75;9180.77;267;5;2;0;UNIT;Sí;;
NEW-1788552195919-637-5;7704799771;Bulk 637-5;Lacteos;25760.65;6754.82;130;5;2;0;UNIT;Sí;;
NEW-1788552195919-637-7;7707313091;Bulk 637-7;Nueva Cat;5342.42;24898.79;47;5;2;0;UNIT;Sí;;
NEW-1788552195922-638-1;7705979215;Bulk 638-1;Nueva Cat;3922.8;16543.56;339;5;2;0;UNIT;Sí;;
NEW-1788552195922-638-4;7707999472;Bulk 638-4;Snacks;49634.14;13438.44;404;5;2;0;UNIT;Sí;;
NEW-1788552195922-638-6;;Bulk 638-6;Snacks;15948.63;3121.06;496;5;2;0;UNIT;Sí;;
NEW-1788552195922-638-7;7708038499;Bulk 638-7;Bebidas;28396.17;1821.7;419;5;2;0;UNIT;Sí;;
NEW-1788552195948-639-0;7705483919;Bulk 639-0;Nueva Cat;27848.05;4993.11;305;5;2;0;UNIT;Sí;;2026-12-31
NEW-1788552194017-64-0;7707357008;Bulk 64-0;Bebidas;36715.25;18873.78;212;5;2;0;UNIT;Sí;;2026-12-31
NEW-1788552194017-64-5;7706552293;Bulk 64-5;Lacteos;6446.74;27011.93;229;5;2;0;UNIT;Sí;;
NEW-1788552195950-640-1;7706212044;Bulk 640-1;Bebidas;43870.29;20874.35;465;5;2;0;UNIT;Sí;;
NEW-1788552195950-640-3;7707241687;Bulk 640-3;Snacks;26845.38;23771.53;62;5;2;0;UNIT;Sí;;
NEW-1788552195952-641-0;;Bulk 641-0;Snacks;16153.87;20359.63;251;5;2;0;UNIT;Sí;;
NEW-1788552195954-643-0;7702784807;Bulk 643-0;Lacteos;48660.78;6452.82;123;5;2;0;UNIT;Sí;;
NEW-1788552195954-643-2;;Bulk 643-2;Lacteos;36981.31;4815.73;51;5;2;0;UNIT;Sí;;
NEW-1788552195954-643-3;;Bulk 643-3;Nueva Cat;5582.3;5621.01;200;5;2;0;UNIT;Sí;;
NEW-1788552195954-643-4;7709790961;Bulk 643-4;Lacteos;39712.6;3241.76;369;5;2;0;UNIT;Sí;;
NEW-1788552195957-644-0;7708450904;Bulk 644-0;Lacteos;15120.34;2035.98;407;5;2;0;UNIT;Sí;;2026-12-31
NEW-1788552195957-644-1;7706592551;Bulk 644-1;Nueva Cat;42074.4;12440.9;350;5;2;0;UNIT;Sí;;
NEW-1788552195957-644-2;;Bulk 644-2;Bebidas;20105.55;9574.11;128;5;2;0;UNIT;Sí;;2026-12-31
NEW-1788552195957-644-3;7707323257;Bulk 644-3;Bebidas;29117.56;5060.01;282;5;2;0;UNIT;Sí;;
NEW-1788552195957-644-4;7704695811;Bulk 644-4;Lacteos;36014.77;1040.06;289;5;2;0;UNIT;Sí;;2026-12-31
NEW-1788552195957-644-5;;Bulk 644-5;Snacks;43898.77;12527.91;415;5;2;0;UNIT;Sí;;
NEW-1788552195962-645-0;7706922273;Bulk 645-0;Nueva Cat;32107.17;8214.41;323;5;2;0;UNIT;Sí;;
NEW-1788552195962-645-1;7701784854;Bulk 645-1;Nueva Cat;46507.02;2424.04;166;5;2;0;UNIT;Sí;;
NEW-1788552195962-645-3;7707309677;Bulk 645-3;Snacks;18335.12;3009.64;495;5;2;0;UNIT;Sí;;2026-12-31
NEW-1788552195962-645-7;7702165169;Bulk 645-7;Bebidas;46005.91;5501.14;339;5;2;0;UNIT;Sí;;2026-12-31
NEW-1788552195972-646-0;;Bulk 646-0;Nueva Cat;28842.42;10495.21;326;5;2;0;UNIT;Sí;;
NEW-1788552195972-646-1;7702507412;Bulk 646-1;Lacteos;38041.08;7234.82;259;5;2;0;UNIT;Sí;;
NEW-1788552195972-646-2;7702098813;Bulk 646-2;Bebidas;49651.44;22165.08;145;5;2;0;UNIT;Sí;;
NEW-1788552195972-646-3;7709383105;Bulk 646-3;Bebidas;43957.82;16795.6;75;5;2;0;UNIT;Sí;;
NEW-1788552195975-647-6;7704259664;Bulk 647-6;Nueva Cat;654.15;23269.65;43;5;2;0;UNIT;Sí;;
NEW-1788552195978-648-0;;Bulk 648-0;Bebidas;11273.61;24732.42;470;5;2;0;UNIT;Sí;;
NEW-1788552195980-649-2;7702646647;Bulk 649-2;Snacks;10713.09;20635;45;5;2;0;UNIT;Sí;;
NEW-1788552195980-649-3;;Bulk 649-3;Lacteos;5649.56;14933.95;314;5;2;0;UNIT;Sí;;2026-12-31
NEW-1788552195980-649-4;;Bulk 649-4;Snacks;48746.16;19729.36;283;5;2;0;UNIT;Sí;;
NEW-1788552195980-649-5;;Bulk 649-5;Bebidas;25126.73;14464.57;255;5;2;0;UNIT;Sí;;
NEW-1788552194020-65-0;7701425277;Bulk 65-0;Snacks;28472.42;10488.99;303;5;2;0;UNIT;Sí;;
NEW-1788552194020-65-1;7705786795;Bulk 65-1;Nueva Cat;43144.77;24241.56;461;5;2;0;UNIT;Sí;;
NEW-1788552194020-65-2;7704648173;Bulk 65-2;Lacteos;37254.17;28003.67;348;5;2;0;UNIT;Sí;;2026-12-31
NEW-1788552194020-65-3;;Bulk 65-3;Bebidas;48780.64;13237.17;365;5;2;0;UNIT;Sí;;
NEW-1788552194020-65-4;;Bulk 65-4;Bebidas;30259.48;19771.22;297;5;2;0;UNIT;Sí;;
NEW-1788552194020-65-7;;Bulk 65-7;Lacteos;42978.05;7883.23;441;5;2;0;UNIT;Sí;;
NEW-1788552195986-650-0;;Bulk 650-0;Nueva Cat;32299.95;5404.77;333;5;2;0;UNIT;Sí;;
NEW-1788552195986-650-3;;Bulk 650-3;Nueva Cat;33560.15;15685.95;135;5;2;0;UNIT;Sí;;
NEW-1788552195986-650-5;7708786649;Bulk 650-5;Snacks;28554.24;22277.74;227;5;2;0;UNIT;Sí;;2026-12-31
NEW-1788552195986-650-7;7702226798;Bulk 650-7;Bebidas;45455.43;9845.59;483;5;2;0;UNIT;Sí;;2026-12-31
NEW-1788552195990-651-0;7709603407;Bulk 651-0;Nueva Cat;48749.74;17662.1;105;5;2;0;UNIT;Sí;;
NEW-1788552195990-651-1;7707535833;Bulk 651-1;Bebidas;13066.8;20932.62;270;5;2;0;UNIT;Sí;;
NEW-1788552195990-651-3;7706268552;Bulk 651-3;Bebidas;1971.11;3692.85;77;5;2;0;UNIT;Sí;;
NEW-1788552195990-651-4;7704508891;Bulk 651-4;Bebidas;13997.28;3935.69;83;5;2;0;UNIT;Sí;;
NEW-1788552195995-652-0;7704948380;Bulk 652-0;Nueva Cat;23397.69;6825.68;492;5;2;0;UNIT;Sí;;2026-12-31
NEW-1788552195995-652-1;7704634380;Bulk 652-1;Nueva Cat;5620.09;4324.31;395;5;2;0;UNIT;Sí;;
NEW-1788552195995-652-4;;Bulk 652-4;Snacks;15466.09;22181.75;91;5;2;0;UNIT;Sí;;
NEW-1788552195995-652-5;;Bulk 652-5;Snacks;4853.18;9834.5;262;5;2;0;UNIT;Sí;;
NEW-1788552195995-652-7;;Bulk 652-7;Lacteos;47904.75;11153.58;118;5;2;0;UNIT;Sí;;
NEW-1788552196000-653-0;7704801032;Bulk 653-0;Snacks;46279.64;9577.71;448;5;2;0;UNIT;Sí;;
NEW-1788552196000-653-1;7706637157;Bulk 653-1;Bebidas;14096.67;23412.69;393;5;2;0;UNIT;Sí;;
NEW-1788552196000-653-2;7701212863;Bulk 653-2;Lacteos;5791.79;10328.99;377;5;2;0;UNIT;Sí;;2026-12-31
NEW-1788552196000-653-3;7702875191;Bulk 653-3;Lacteos;41865.42;17522.6;86;5;2;0;UNIT;Sí;;
NEW-1788552196000-653-5;7704149415;Bulk 653-5;Nueva Cat;9283.33;7281.89;371;5;2;0;UNIT;Sí;;2026-12-31
NEW-1788552196004-654-2;;Bulk 654-2;Bebidas;31660.15;29444.81;291;5;2;0;UNIT;Sí;;
NEW-1788552196004-654-4;7707801058;Bulk 654-4;Nueva Cat;33901.19;17978.03;46;5;2;0;UNIT;Sí;;
NEW-1788552196004-654-5;7709217640;Bulk 654-5;Lacteos;42822.52;4989.99;488;5;2;0;UNIT;Sí;;
NEW-1788552196004-654-6;;Bulk 654-6;Lacteos;15070.27;8229.46;427;5;2;0;UNIT;Sí;;2026-12-31
NEW-1788552196007-655-0;7705820712;Bulk 655-0;Bebidas;12596.68;12051.4;132;5;2;0;UNIT;Sí;;
NEW-1788552196007-655-1;7705368557;Bulk 655-1;Lacteos;7849.53;14703.68;425;5;2;0;UNIT;Sí;;
NEW-1788552196009-657-0;7704335013;Bulk 657-0;Bebidas;43138.07;6888.01;181;5;2;0;UNIT;Sí;;
NEW-1788552196011-659-2;;Bulk 659-2;Nueva Cat;23641.38;23778.73;184;5;2;0;UNIT;Sí;;2026-12-31
NEW-1788552196011-659-7;7709882305;Bulk 659-7;Nueva Cat;20039.67;20045.18;45;5;2;0;UNIT;Sí;;
NEW-1788552194023-66-0;7703400005;Bulk 66-0;Snacks;5281.02;4474.79;46;5;2;0;UNIT;Sí;;2026-12-31
NEW-1788552194023-66-1;;Bulk 66-1;Snacks;48388.38;2841.24;110;5;2;0;UNIT;Sí;;
NEW-1788552196014-661-0;7708987669;Bulk 661-0;Lacteos;43783.48;17501.44;212;5;2;0;UNIT;Sí;;
NEW-1788552196014-661-6;7707668623;Bulk 661-6;Snacks;19388.36;13137.78;111;5;2;0;UNIT;Sí;;2026-12-31
NEW-1788552196014-661-7;7709191359;Bulk 661-7;Nueva Cat;32810.7;19099.97;421;5;2;0;UNIT;Sí;;
NEW-1788552196014-661-8;7707109002;Bulk 661-8;Snacks;29266.27;20487.32;330;5;2;0;UNIT;Sí;;
NEW-1788552196018-662-1;7709611483;Bulk 662-1;Lacteos;13284.66;5576.42;445;5;2;0;UNIT;Sí;;2026-12-31
NEW-1788552196018-662-5;;Bulk 662-5;Bebidas;31820.07;15844.73;318;5;2;0;UNIT;Sí;;2026-12-31
NEW-1788552196020-663-2;;Bulk 663-2;Snacks;33639.08;9764.39;479;5;2;0;UNIT;Sí;;
NEW-1788552196020-663-4;7701563466;Bulk 663-4;Nueva Cat;1616.82;28814.19;46;5;2;0;UNIT;Sí;;2026-12-31
NEW-1788552196020-663-5;7705187254;Bulk 663-5;Lacteos;29610.29;13637.32;175;5;2;0;UNIT;Sí;;
NEW-1788552196020-663-6;7701773598;Bulk 663-6;Lacteos;45798.29;11791.71;443;5;2;0;UNIT;Sí;;
NEW-1788552196020-663-7;7707069388;Bulk 663-7;Lacteos;18250.25;29382.91;280;5;2;0;UNIT;Sí;;
NEW-1788552196025-665-1;7707899767;Bulk 665-1;Snacks;44571.52;2281.31;208;5;2;0;UNIT;Sí;;
NEW-1788552196025-665-3;7709144425;Bulk 665-3;Lacteos;26190.37;23625.31;315;5;2;0;UNIT;Sí;;
NEW-1788552196025-665-4;;Bulk 665-4;Nueva Cat;37692.81;2543.41;414;5;2;0;UNIT;Sí;;
NEW-1788552196027-666-1;7702241444;Bulk 666-1;Nueva Cat;44593.75;22813.9;259;5;2;0;UNIT;Sí;;
NEW-1788552196027-666-2;7706481977;Bulk 666-2;Lacteos;44649.63;19788.14;245;5;2;0;UNIT;Sí;;2026-12-31
NEW-1788552196027-666-3;7703009287;Bulk 666-3;Bebidas;49829;10479.75;46;5;2;0;UNIT;Sí;;
NEW-1788552196027-666-6;;Bulk 666-6;Snacks;6219.05;26303.16;134;5;2;0;UNIT;Sí;;
NEW-1788552196027-666-7;;Bulk 666-7;Lacteos;40856.76;19704.48;446;5;2;0;UNIT;Sí;;
NEW-1788552196031-667-0;7702868056;Bulk 667-0;Snacks;7677.54;24861.2;288;5;2;0;UNIT;Sí;;
NEW-1788552196031-667-1;7705390357;Bulk 667-1;Lacteos;18299.82;20191.32;221;5;2;0;UNIT;Sí;;2026-12-31
NEW-1788552196031-667-2;;Bulk 667-2;Lacteos;31734.27;29720.99;454;5;2;0;UNIT;Sí;;
NEW-1788552196033-668-0;7703752429;Bulk 668-0;Bebidas;23435.86;2393.54;245;5;2;0;UNIT;Sí;;
NEW-1788552196033-668-1;7702697903;Bulk 668-1;Snacks;40288.97;6553.2;84;5;2;0;UNIT;Sí;;
NEW-1788552196033-668-2;;Bulk 668-2;Lacteos;39474.75;13297.73;237;5;2;0;UNIT;Sí;;
NEW-1788552196033-668-3;;Bulk 668-3;Snacks;15428.61;26718.78;538;5;2;0;UNIT;Sí;;
NEW-1788552196033-668-4;7705941806;Bulk 668-4;Lacteos;6856.72;9380.13;157;5;2;0;UNIT;Sí;;
NEW-1788552196036-669-2;;Bulk 669-2;Lacteos;49836.05;24066.44;113;5;2;0;UNIT;Sí;;
NEW-1788552196036-669-3;7702302243;Bulk 669-3;Lacteos;26424.1;7791.7;305;5;2;0;UNIT;Sí;;
NEW-1788552194024-67-1;7704131731;Bulk 67-1;Bebidas;2120.94;27582.83;589;5;2;0;UNIT;Sí;;
NEW-1788552194024-67-2;7704378715;Bulk 67-2;Bebidas;15805.26;22760.06;186;5;2;0;UNIT;Sí;;
NEW-1788552194024-67-3;7703144672;Bulk 67-3;Snacks;17712.7;3080.39;70;5;2;0;UNIT;Sí;;
NEW-1788552194024-67-5;7704399353;Bulk 67-5;Nueva Cat;15072.43;17754.71;467;5;2;0;UNIT;Sí;;
NEW-1788552196039-670-2;7703826595;Bulk 670-2;Snacks;10142.25;20557.21;60;5;2;0;UNIT;Sí;;
NEW-1788552196040-671-2;7704895168;Bulk 671-2;Bebidas;39243.77;27360.01;65;5;2;0;UNIT;Sí;;
NEW-1788552196040-671-6;7701040569;Bulk 671-6;Nueva Cat;21434.16;25996.22;332;5;2;0;UNIT;Sí;;
NEW-1788552196042-672-1;;Bulk 672-1;Bebidas;4464.37;11066.71;284;5;2;0;UNIT;Sí;;
NEW-1788552196043-673-0;;Bulk 673-0;Bebidas;17833.33;23980.82;215;5;2;0;UNIT;Sí;;
NEW-1788552196044-674-1;7706038058;Bulk 674-1;Snacks;6254.07;7833.75;426;5;2;0;UNIT;Sí;;2026-12-31
NEW-1788552196044-674-2;7704130921;Bulk 674-2;Nueva Cat;21120.43;12096.3;170;5;2;0;UNIT;Sí;;
NEW-1788552196050-675-0;7701303930;Bulk 675-0;Lacteos;40616.44;16118.35;422;5;2;0;UNIT;Sí;;
NEW-1788552196050-675-1;7709867046;Bulk 675-1;Lacteos;33027.02;9429.32;369;5;2;0;UNIT;Sí;;
NEW-1788552196050-675-4;7706859077;Bulk 675-4;Nueva Cat;24504.77;12542.78;342;5;2;0;UNIT;Sí;;
NEW-1788552196053-676-2;7705210282;Bulk 676-2;Lacteos;33972.26;18929.77;327;5;2;0;UNIT;Sí;;2026-12-31
NEW-1788552196053-676-4;;Bulk 676-4;Lacteos;35767.34;17876.91;139;5;2;0;UNIT;Sí;;2026-12-31
NEW-1788552196053-676-5;;Bulk 676-5;Snacks;10710.38;15332;271;5;2;0;UNIT;Sí;;
NEW-1788552196058-677-0;7709288061;Bulk 677-0;Nueva Cat;34542.98;11414.91;442;5;2;0;UNIT;Sí;;
NEW-1788552196058-677-1;7703422696;Bulk 677-1;Bebidas;9648.94;14911.76;482;5;2;0;UNIT;Sí;;
NEW-1788552196058-677-2;7703302388;Bulk 677-2;Bebidas;33729.87;24448.2;341;5;2;0;UNIT;Sí;;
NEW-1788552196058-677-3;7706299321;Bulk 677-3;Bebidas;37082.44;22705.56;414;5;2;0;UNIT;Sí;;
NEW-1788552196058-677-5;7708270979;Bulk 677-5;Bebidas;21592.11;27608.42;402;5;2;0;UNIT;Sí;;
NEW-1788552196062-678-0;7709064788;Bulk 678-0;Lacteos;31438.84;461.46;359;5;2;0;UNIT;Sí;;
NEW-1788552196062-678-3;7705643446;Bulk 678-3;Nueva Cat;48903.02;27552.01;447;5;2;0;UNIT;Sí;;
NEW-1788552196063-679-0;;Bulk 679-0;Snacks;37122.47;19487.14;222;5;2;0;UNIT;Sí;;
NEW-1788552196063-679-1;;Bulk 679-1;Lacteos;20353.6;26137.89;378;5;2;0;UNIT;Sí;;
NEW-1788552196063-679-3;7701080430;Bulk 679-3;Snacks;33294.79;21660.2;513;5;2;0;UNIT;Sí;;
NEW-1788552196063-679-4;7704104666;Bulk 679-4;Bebidas;10368.69;22541.56;179;5;2;0;UNIT;Sí;;
NEW-1788552196063-679-6;7709538287;Bulk 679-6;Snacks;27814.2;6667.81;122;5;2;0;UNIT;Sí;;
NEW-1788552196063-679-9;;Bulk 679-9;Snacks;18876.1;21940.9;315;5;2;0;UNIT;Sí;;
NEW-1788552194026-68-6;7707749669;Bulk 68-6;Snacks;24686.74;29957.6;387;5;2;0;UNIT;Sí;;
NEW-1788552194026-68-7;7708100695;Bulk 68-7;Bebidas;49641.48;18534.32;254;5;2;0;UNIT;Sí;;
NEW-1788552194026-68-8;7701088683;Bulk 68-8;Nueva Cat;32789.14;20874.46;492;5;2;0;UNIT;Sí;;
NEW-1788552196068-680-1;;Bulk 680-1;Bebidas;19278.79;1914.82;110;5;2;0;UNIT;Sí;;
NEW-1788552196068-680-5;7705898763;Bulk 680-5;Bebidas;40897.99;16959.71;201;5;2;0;UNIT;Sí;;
NEW-1788552196068-680-6;7704875938;Bulk 680-6;Bebidas;37601.56;17181.28;477;5;2;0;UNIT;Sí;;
NEW-1788552196068-680-7;7705184396;Bulk 680-7;Nueva Cat;20242.15;15014.04;192;5;2;0;UNIT;Sí;;
NEW-1788552196072-681-1;;Bulk 681-1;Nueva Cat;30465.24;20346.93;283;5;2;0;UNIT;Sí;;
NEW-1788552196072-681-2;7701112044;Bulk 681-2;Lacteos;18516.85;4961.33;394;5;2;0;UNIT;Sí;;
NEW-1788552196072-681-3;;Bulk 681-3;Snacks;22031.81;4411.69;177;5;2;0;UNIT;Sí;;
NEW-1788552196072-681-4;7707811037;Bulk 681-4;Snacks;5898.93;10057.99;484;5;2;0;UNIT;Sí;;
NEW-1788552196072-681-5;7707699199;Bulk 681-5;Bebidas;3557.71;5034.15;98;5;2;0;UNIT;Sí;;
NEW-1788552196072-681-6;7706937434;Bulk 681-6;Nueva Cat;9976.71;22238.61;362;5;2;0;UNIT;Sí;;
NEW-1788552196076-682-1;;Bulk 682-1;Bebidas;35743.95;25047.22;273;5;2;0;UNIT;Sí;;2026-12-31
NEW-1788552196076-682-2;7706763476;Bulk 682-2;Bebidas;48161.49;25873.46;267;5;2;0;UNIT;Sí;;
NEW-1788552196076-682-3;7708203353;Bulk 682-3;Lacteos;49010.46;10846.51;304;5;2;0;UNIT;Sí;;2026-12-31
NEW-1788552196076-682-4;7709149851;Bulk 682-4;Bebidas;29693.8;15291.17;405;5;2;0;UNIT;Sí;;
NEW-1788552196078-684-0;;Bulk 684-0;Nueva Cat;14741.57;1441.28;418;5;2;0;UNIT;Sí;;
NEW-1788552196078-684-1;;Bulk 684-1;Bebidas;42409.91;1834.79;452;5;2;0;UNIT;Sí;;
NEW-1788552196078-684-2;7705408876;Bulk 684-2;Lacteos;27848.8;10680.87;263;5;2;0;UNIT;Sí;;
NEW-1788552196082-685-0;7705660017;Bulk 685-0;Lacteos;17214.86;2869.28;49;5;2;0;UNIT;Sí;;
NEW-1788552196083-686-0;;Bulk 686-0;Snacks;41686.66;26239.01;133;5;2;0;UNIT;Sí;;
NEW-1788552196083-686-3;7703477178;Bulk 686-3;Nueva Cat;37132.28;22014.1;402;5;2;0;UNIT;Sí;;2026-12-31
NEW-1788552196083-686-5;7706967955;Bulk 686-5;Nueva Cat;48872.38;6308.6;175;5;2;0;UNIT;Sí;;
NEW-1788552196083-686-6;;Bulk 686-6;Bebidas;24980.38;28608.41;174;5;2;0;UNIT;Sí;;
NEW-1788552196083-686-7;7702846633;Bulk 686-7;Lacteos;11191.92;22995.74;90;5;2;0;UNIT;Sí;;
NEW-1788552196087-687-0;7707889636;Bulk 687-0;Nueva Cat;44708.22;3458.66;253;5;2;0;UNIT;Sí;;
NEW-1788552196087-687-4;7705169245;Bulk 687-4;Snacks;46382.03;24272.52;270;5;2;0;UNIT;Sí;;
NEW-1788552196087-687-7;;Bulk 687-7;Lacteos;14255.21;19355;359;5;2;0;UNIT;Sí;;
NEW-1788552196087-687-8;7707680359;Bulk 687-8;Snacks;1880.96;22759.97;317;5;2;0;UNIT;Sí;;
NEW-1788552196091-688-0;7701088925;Bulk 688-0;Lacteos;40265.69;9009.15;597;5;2;0;UNIT;Sí;;
NEW-1788552196091-688-1;;Bulk 688-1;Lacteos;5806.94;10293.81;263;5;2;0;UNIT;Sí;;
NEW-1788552196093-689-3;7704094719;Bulk 689-3;Bebidas;20884.51;14407.83;421;5;2;0;UNIT;Sí;;
NEW-1788552196093-689-4;;Bulk 689-4;Snacks;33048.63;3963.33;290;5;2;0;UNIT;Sí;;2026-12-31
NEW-1788552196093-689-8;7704857234;Bulk 689-8;Snacks;28627.38;22456.37;159;5;2;0;UNIT;Sí;;
NEW-1788552194029-69-1;7705204117;Bulk 69-1;Snacks;48585.86;16886.14;168;5;2;0;UNIT;Sí;;
NEW-1788552194029-69-5;7702254716;Bulk 69-5;Snacks;49887.51;4925.8;92;5;2;0;UNIT;Sí;;
NEW-1788552194029-69-6;;Bulk 69-6;Lacteos;10781.27;16627.56;43;5;2;0;UNIT;Sí;;
NEW-1788552196096-690-0;7708095820;Bulk 690-0;Snacks;43127.94;26858.2;205;5;2;0;UNIT;Sí;;
NEW-1788552196096-690-2;;Bulk 690-2;Snacks;23038.14;5983.62;447;5;2;0;UNIT;Sí;;2026-12-31
NEW-1788552196096-690-3;;Bulk 690-3;Bebidas;46488.52;23174.94;391;5;2;0;UNIT;Sí;;2026-12-31
NEW-1788552196096-690-5;7707117842;Bulk 690-5;Snacks;15603.08;27230.98;485;5;2;0;UNIT;Sí;;
NEW-1788552196096-690-6;;Bulk 690-6;Bebidas;7204.01;4852.82;93;5;2;0;UNIT;Sí;;
NEW-1788552196100-692-0;7707463997;Bulk 692-0;Lacteos;42146.38;12251.43;147;5;2;0;UNIT;Sí;;
NEW-1788552196100-692-2;;Bulk 692-2;Lacteos;6668.24;15255.8;228;5;2;0;UNIT;Sí;;
NEW-1788552196103-693-0;7708900865;Bulk 693-0;Bebidas;47191.11;29984.88;167;5;2;0;UNIT;Sí;;
NEW-1788552196103-693-1;;Bulk 693-1;Bebidas;8001.08;21784.39;446;5;2;0;UNIT;Sí;;
NEW-1788552196103-693-4;7702580567;Bulk 693-4;Lacteos;38540.5;9803.91;144;5;2;0;UNIT;Sí;;
NEW-1788552196103-693-5;7704990127;Bulk 693-5;Nueva Cat;11337.16;1796.2;341;5;2;0;UNIT;Sí;;
NEW-1788552196130-695-0;7705640170;Bulk 695-0;Lacteos;30812.72;23347.89;305;5;2;0;UNIT;Sí;;
NEW-1788552196132-696-1;7704844997;Bulk 696-1;Lacteos;43571.63;22724.28;46;5;2;0;UNIT;Sí;;2026-12-31
NEW-1788552196132-696-2;7702548420;Bulk 696-2;Snacks;35516.3;15282.13;218;5;2;0;UNIT;Sí;;2026-12-31
NEW-1788552196136-697-2;7707640815;Bulk 697-2;Bebidas;41821.02;21543.18;45;5;2;0;UNIT;Sí;;
NEW-1788552196138-698-0;;Bulk 698-0;Snacks;36159.22;26820.34;412;5;2;0;UNIT;Sí;;2026-12-31
NEW-1788552196138-698-2;7705589529;Bulk 698-2;Lacteos;41655.6;12053.04;60;5;2;0;UNIT;Sí;;2026-12-31
NEW-1788552196138-698-3;7701702247;Bulk 698-3;Bebidas;21402.13;24495.01;209;5;2;0;UNIT;Sí;;
NEW-1788552196138-698-5;7709159195;Bulk 698-5;Bebidas;31174.5;22632.09;360;5;2;0;UNIT;Sí;;
NEW-1788552196138-698-6;7708108842;Bulk 698-6;Lacteos;11792.56;25178.04;154;5;2;0;UNIT;Sí;;
NEW-1788552196145-699-1;7701897299;Bulk 699-1;Bebidas;14073.17;7084;509;5;2;0;UNIT;Sí;;
NEW-1788552196145-699-4;;Bulk 699-4;Snacks;1189.91;10609.58;96;5;2;0;UNIT;Sí;;
NEW-1788552196145-699-5;7708696103;Bulk 699-5;Nueva Cat;4414.47;22477.98;46;5;2;0;UNIT;Sí;;
NEW-1788552193839-7-0;;Bulk 7-0;Snacks;7171.65;24941.42;150;5;2;0;UNIT;Sí;;
NEW-1788552196150-700-0;;Bulk 700-0;Snacks;4364.95;25732.63;269;5;2;0;UNIT;Sí;;2026-12-31
NEW-1788552196150-700-2;7703563990;Bulk 700-2;Lacteos;34824.64;6083.55;235;5;2;0;UNIT;Sí;;
NEW-1788552196150-700-3;7708033164;Bulk 700-3;Bebidas;27615.22;26127.44;60;5;2;0;UNIT;Sí;;
NEW-1788552196150-700-5;7708784458;Bulk 700-5;Bebidas;32501.27;810.66;272;5;2;0;UNIT;Sí;;
NEW-1788552196150-700-6;7708874283;Bulk 700-6;Lacteos;18777.79;10745.13;184;5;2;0;UNIT;Sí;;
NEW-1788552196150-700-7;7702994382;Bulk 700-7;Lacteos;11831.83;20349.17;456;5;2;0;UNIT;Sí;;
NEW-1788552196157-701-0;7703439806;Bulk 701-0;Nueva Cat;28026.52;19662.7;103;5;2;0;UNIT;Sí;;
NEW-1788552196157-701-1;7704115702;Bulk 701-1;Snacks;21763.13;23552.82;406;5;2;0;UNIT;Sí;;
NEW-1788552196157-701-2;;Bulk 701-2;Nueva Cat;34925.22;11917.12;367;5;2;0;UNIT;Sí;;
NEW-1788552196157-701-3;7707914836;Bulk 701-3;Lacteos;4098.1;12223.15;359;5;2;0;UNIT;Sí;;
NEW-1788552196157-701-4;7704769745;Bulk 701-4;Lacteos;13858.69;20971.19;286;5;2;0;UNIT;Sí;;
NEW-1788552196162-702-0;7707225186;Bulk 702-0;Nueva Cat;28831.38;19466.38;381;5;2;0;UNIT;Sí;;
NEW-1788552196162-702-1;7704653081;Bulk 702-1;Snacks;8015.54;10375.13;371;5;2;0;UNIT;Sí;;
NEW-1788552196163-703-0;7705476835;Bulk 703-0;Lacteos;2329.46;15750.19;481;5;2;0;UNIT;Sí;;
NEW-1788552196163-703-1;7708465250;Bulk 703-1;Bebidas;5156.82;14842.26;297;5;2;0;UNIT;Sí;;2026-12-31
NEW-1788552196163-703-5;;Bulk 703-5;Snacks;2549.92;12341.66;152;5;2;0;UNIT;Sí;;
NEW-1788552196172-704-0;;Bulk 704-0;Lacteos;38106.42;28534.99;269;5;2;0;UNIT;Sí;;
NEW-1788552196172-704-1;;Bulk 704-1;Snacks;37962.25;24227.17;362;5;2;0;UNIT;Sí;;2026-12-31
NEW-1788552196174-705-0;7706905188;Bulk 705-0;Snacks;34574.94;9187.88;148;5;2;0;UNIT;Sí;;
NEW-1788552196174-705-4;7709604739;Bulk 705-4;Snacks;44211.42;10320.91;190;5;2;0;UNIT;Sí;;
NEW-1788552196176-707-0;7702295676;Bulk 707-0;Snacks;26061.41;26928.32;161;5;2;0;UNIT;Sí;;
NEW-1788552196176-707-1;7702993859;Bulk 707-1;Bebidas;12955.97;3599.79;207;5;2;0;UNIT;Sí;;2026-12-31
NEW-1788552196177-708-0;7704986926;Bulk 708-0;Nueva Cat;14441.85;10847.79;298;5;2;0;UNIT;Sí;;
NEW-1788552194038-71-0;7709292643;Bulk 71-0;Lacteos;22023.78;23382.1;426;5;2;0;UNIT;Sí;;
NEW-1788552194038-71-2;7704877075;Bulk 71-2;Lacteos;41290.63;11662.13;355;5;2;0;UNIT;Sí;;
NEW-1788552196179-710-0;7702976167;Bulk 710-0;Lacteos;39636.08;10756.75;500;5;2;0;UNIT;Sí;;2026-12-31
NEW-1788552196179-710-2;7703378251;Bulk 710-2;Snacks;14223.56;5796.63;381;5;2;0;UNIT;Sí;;
NEW-1788552196179-710-3;7705577394;Bulk 710-3;Nueva Cat;3085.92;3219.25;291;5;2;0;UNIT;Sí;;
NEW-1788552196183-711-0;;Bulk 711-0;Nueva Cat;1373.45;3345.64;107;5;2;0;UNIT;Sí;;
NEW-1788552196183-711-2;7704810368;Bulk 711-2;Snacks;31645.38;27505.13;286;5;2;0;UNIT;Sí;;
NEW-1788552196183-711-3;;Bulk 711-3;Snacks;34934.66;27575.82;182;5;2;0;UNIT;Sí;;
NEW-1788552196185-712-3;7706312225;Bulk 712-3;Lacteos;37587.49;13938.7;351;5;2;0;UNIT;Sí;;
NEW-1788552196187-713-0;7705116909;Bulk 713-0;Snacks;9313.85;17984.12;184;5;2;0;UNIT;Sí;;
NEW-1788552196187-713-1;7707938604;Bulk 713-1;Snacks;13995.38;22701.06;106;5;2;0;UNIT;Sí;;
NEW-1788552196188-714-2;7703021154;Bulk 714-2;Snacks;39822.25;3332.89;202;5;2;0;UNIT;Sí;;
NEW-1788552196188-714-3;7701306321;Bulk 714-3;Lacteos;31320.81;11922.13;167;5;2;0;UNIT;Sí;;2026-12-31
NEW-1788552196188-714-5;;Bulk 714-5;Lacteos;27927.66;5069.99;122;5;2;0;UNIT;Sí;;
NEW-1788552196191-716-2;7706821950;Bulk 716-2;Lacteos;22173.12;7188.75;45;5;2;0;UNIT;Sí;;
NEW-1788552196191-716-3;;Bulk 716-3;Bebidas;39841.62;8620.74;48;5;2;0;UNIT;Sí;;
NEW-1788552196191-716-6;7704577827;Bulk 716-6;Lacteos;16382.86;24200.6;44;5;2;0;UNIT;Sí;;
NEW-1788552196191-716-7;;Bulk 716-7;Lacteos;16435.15;29135.86;173;5;2;0;UNIT;Sí;;
NEW-1788552196194-717-3;7709274768;Bulk 717-3;Snacks;7217.74;8556.21;190;5;2;0;UNIT;Sí;;2026-12-31
NEW-1788552196196-718-0;7706594798;Bulk 718-0;Bebidas;26594.64;12979.43;338;5;2;0;UNIT;Sí;;
NEW-1788552196196-718-3;7702605492;Bulk 718-3;Snacks;19418.5;25688.99;381;5;2;0;UNIT;Sí;;
NEW-1788552194040-72-0;7707561686;Bulk 72-0;Bebidas;8639.17;7168.05;45;5;2;0;UNIT;Sí;;2026-12-31
NEW-1788552194040-72-2;;Bulk 72-2;Nueva Cat;3239.09;2473.52;150;5;2;0;UNIT;Sí;;
NEW-1788552196199-720-1;;Bulk 720-1;Bebidas;39493.94;10516.62;259;5;2;0;UNIT;Sí;;
NEW-1788552196199-720-2;7702749356;Bulk 720-2;Nueva Cat;31003.85;17142.76;142;5;2;0;UNIT;Sí;;
NEW-1788552196202-721-1;7707496378;Bulk 721-1;Nueva Cat;21174.8;20716.52;175;5;2;0;UNIT;Sí;;
NEW-1788552196202-721-2;;Bulk 721-2;Snacks;47092.54;14095.98;265;5;2;0;UNIT;Sí;;
NEW-1788552196202-721-6;7707604992;Bulk 721-6;Nueva Cat;24774.75;1798.13;372;5;2;0;UNIT;Sí;;
NEW-1788552196205-722-1;7702328352;Bulk 722-1;Lacteos;10198.06;14099.79;228;5;2;0;UNIT;Sí;;
NEW-1788552196206-723-0;;Bulk 723-0;Snacks;37491.7;1017.61;272;5;2;0;UNIT;Sí;;
NEW-1788552196206-723-2;7706685088;Bulk 723-2;Lacteos;14732.12;29004.79;389;5;2;0;UNIT;Sí;;
NEW-1788552196206-723-4;7705397318;Bulk 723-4;Bebidas;34741.84;1995.22;269;5;2;0;UNIT;Sí;;2026-12-31
NEW-1788552196209-724-2;7706702815;Bulk 724-2;Snacks;18384.27;27893.39;472;5;2;0;UNIT;Sí;;
NEW-1788552196209-724-3;7704310890;Bulk 724-3;Lacteos;5338.12;26266.78;50;5;2;0;UNIT;Sí;;
NEW-1788552196209-724-4;7706783991;Bulk 724-4;Bebidas;37321.44;18700.73;375;5;2;0;UNIT;Sí;;
NEW-1788552196209-724-5;;Bulk 724-5;Bebidas;45388.91;27231.21;60;5;2;0;UNIT;Sí;;
NEW-1788552196209-724-8;7702478472;Bulk 724-8;Snacks;19635.89;27336.27;307;5;2;0;UNIT;Sí;;
NEW-1788552196214-725-3;7702324531;Bulk 725-3;Lacteos;18007.56;13363.98;394;5;2;0;UNIT;Sí;;2026-12-31
NEW-1788552196214-725-4;7701301281;Bulk 725-4;Lacteos;42989.25;28047.86;92;5;2;0;UNIT;Sí;;
NEW-1788552196214-725-5;7708499865;Bulk 725-5;Nueva Cat;13468.33;23835.33;222;5;2;0;UNIT;Sí;;
NEW-1788552196218-727-1;;Bulk 727-1;Snacks;9113.49;5197.35;452;5;2;0;UNIT;Sí;;
NEW-1788552196220-728-4;7702921756;Bulk 728-4;Nueva Cat;26624.19;19239.38;102;5;2;0;UNIT;Sí;;
NEW-1788552196220-728-6;;Bulk 728-6;Nueva Cat;913.39;5432.74;45;5;2;0;UNIT;Sí;;
NEW-1788552196220-728-7;7703776947;Bulk 728-7;Lacteos;27845.85;4779.8;288;5;2;0;UNIT;Sí;;2026-12-31
NEW-1788552196224-729-0;7704761223;Bulk 729-0;Nueva Cat;2279.73;14069.9;45;5;2;0;UNIT;Sí;;
NEW-1788552196224-729-2;7708501802;Bulk 729-2;Snacks;32041.52;7280.24;51;5;2;0;UNIT;Sí;;
NEW-1788552196224-729-6;7709957169;Bulk 729-6;Snacks;25672.91;9107.38;521;5;2;0;UNIT;Sí;;
NEW-1788552196224-729-7;7702236559;Bulk 729-7;Snacks;25646.27;27752.21;280;5;2;0;UNIT;Sí;;
NEW-1788552194042-73-0;;Bulk 73-0;Snacks;23580.43;2125.76;191;5;2;0;UNIT;Sí;;
NEW-1788552194042-73-2;;Bulk 73-2;Nueva Cat;25549.57;26258.85;96;5;2;0;UNIT;Sí;;
NEW-1788552194042-73-4;;Bulk 73-4;Nueva Cat;41268.83;21985.75;128;5;2;0;UNIT;Sí;;
NEW-1788552194042-73-5;;Bulk 73-5;Snacks;34317;10146.76;506;5;2;0;UNIT;Sí;;
NEW-1788552194042-73-6;7705904959;Bulk 73-6;Nueva Cat;8944.56;20657.24;461;5;2;0;UNIT;Sí;;
NEW-1788552196228-730-0;7703079941;Bulk 730-0;Bebidas;15142.2;16478.62;230;5;2;0;UNIT;Sí;;
NEW-1788552196229-731-2;;Bulk 731-2;Lacteos;40759.49;26247.38;49;5;2;0;UNIT;Sí;;2026-12-31
NEW-1788552196229-731-4;7709310024;Bulk 731-4;Nueva Cat;8945.68;6972.87;370;5;2;0;UNIT;Sí;;2026-12-31
NEW-1788552196229-731-5;7705232881;Bulk 731-5;Snacks;36801.07;25126.72;187;5;2;0;UNIT;Sí;;
NEW-1788552196229-731-7;7708416128;Bulk 731-7;Nueva Cat;5326.81;9697.46;144;5;2;0;UNIT;Sí;;
NEW-1788552196235-732-0;7703547526;Bulk 732-0;Bebidas;31918.09;12522.31;290;5;2;0;UNIT;Sí;;
NEW-1788552196235-732-1;;Bulk 732-1;Snacks;17997.09;16988.91;407;5;2;0;UNIT;Sí;;
NEW-1788552196237-733-1;7701350227;Bulk 733-1;Bebidas;1696.12;17946.46;338;5;2;0;UNIT;Sí;;
NEW-1788552196237-733-3;7703102457;Bulk 733-3;Bebidas;4165.79;4187.87;371;5;2;0;UNIT;Sí;;
NEW-1788552196237-733-6;7708335794;Bulk 733-6;Lacteos;13378.15;22564.5;240;5;2;0;UNIT;Sí;;
NEW-1788552196237-733-7;7702116063;Bulk 733-7;Snacks;31551.15;15437.89;131;5;2;0;UNIT;Sí;;
NEW-1788552196240-734-0;7709607486;Bulk 734-0;Lacteos;32421.43;727.08;654;5;2;0;UNIT;Sí;;
NEW-1788552196240-734-1;7703170963;Bulk 734-1;Snacks;2808.19;15003.17;90;5;2;0;UNIT;Sí;;
NEW-1788552196243-735-0;7701880028;Bulk 735-0;Snacks;10018.89;25987;44;5;2;0;UNIT;Sí;;
NEW-1788552196243-735-2;7707887886;Bulk 735-2;Lacteos;34724.8;13389.93;425;5;2;0;UNIT;Sí;;
NEW-1788552196243-735-8;7709823369;Bulk 735-8;Bebidas;42062.8;23086.44;125;5;2;0;UNIT;Sí;;
NEW-1788552196243-735-9;7705141074;Bulk 735-9;Snacks;40751.65;15859.21;283;5;2;0;UNIT;Sí;;
NEW-1788552196252-736-1;;Bulk 736-1;Bebidas;7857.41;23944.99;293;5;2;0;UNIT;Sí;;
NEW-1788552196252-736-2;7701879893;Bulk 736-2;Lacteos;13430.15;4272.89;283;5;2;0;UNIT;Sí;;
NEW-1788552196252-736-3;;Bulk 736-3;Snacks;7118.88;1327.7;284;5;2;0;UNIT;Sí;;
NEW-1788552196254-737-1;7706458070;Bulk 737-1;Snacks;19097.2;21940.13;379;5;2;0;UNIT;Sí;;
NEW-1788552196254-737-2;;Bulk 737-2;Bebidas;41977.49;15147.77;224;5;2;0;UNIT;Sí;;
NEW-1788552196254-737-3;7706264110;Bulk 737-3;Nueva Cat;32191.42;13823.48;325;5;2;0;UNIT;Sí;;
NEW-1788552196254-737-4;7705572015;Bulk 737-4;Bebidas;33048.82;11810.75;458;5;2;0;UNIT;Sí;;
NEW-1788552196254-737-5;7701172550;Bulk 737-5;Nueva Cat;35077.52;16587.34;46;5;2;0;UNIT;Sí;;
NEW-1788552196254-737-7;7701691453;Bulk 737-7;Bebidas;47396.48;25913.28;267;5;2;0;UNIT;Sí;;
NEW-1788552196258-738-0;;Bulk 738-0;Nueva Cat;21779.72;9864.82;472;5;2;0;UNIT;Sí;;
NEW-1788552196259-739-0;7703412110;Bulk 739-0;Nueva Cat;48377.68;21809.41;250;5;2;0;UNIT;Sí;;2026-12-31
NEW-1788552196259-739-1;7707150438;Bulk 739-1;Lacteos;891.23;24736.88;227;5;2;0;UNIT;Sí;;2026-12-31
NEW-1788552196259-739-2;7706831276;Bulk 739-2;Bebidas;38253.51;19315.53;256;5;2;0;UNIT;Sí;;
NEW-1788552196261-740-0;7708437771;Bulk 740-0;Lacteos;36342.64;28570.03;258;5;2;0;UNIT;Sí;;
NEW-1788552196261-740-1;7704528430;Bulk 740-1;Lacteos;44221.24;28913.71;264;5;2;0;UNIT;Sí;;
NEW-1788552196264-743-0;7704173307;Bulk 743-0;Nueva Cat;4280.51;15119.05;423;5;2;0;UNIT;Sí;;
NEW-1788552196265-744-0;;Bulk 744-0;Lacteos;33482.23;25608.85;316;5;2;0;UNIT;Sí;;2026-12-31
NEW-1788552196265-744-2;;Bulk 744-2;Bebidas;41321.01;6770.95;242;5;2;0;UNIT;Sí;;2026-12-31
NEW-1788552196267-745-1;7702096056;Bulk 745-1;Nueva Cat;35487.69;23932.73;224;5;2;0;UNIT;Sí;;
NEW-1788552196267-745-2;;Bulk 745-2;Nueva Cat;46100.69;9139.6;277;5;2;0;UNIT;Sí;;
NEW-1788552196267-745-6;;Bulk 745-6;Bebidas;21722.14;8663.88;393;5;2;0;UNIT;Sí;;
NEW-1788552196273-746-0;7709471239;Bulk 746-0;Lacteos;12625.66;5104.88;272;5;2;0;UNIT;Sí;;
NEW-1788552196273-746-2;;Bulk 746-2;Nueva Cat;776.68;3651.43;469;5;2;0;UNIT;Sí;;
NEW-1788552196277-747-0;;Bulk 747-0;Bebidas;17856.81;3900.86;398;5;2;0;UNIT;Sí;;2026-12-31
NEW-1788552196277-747-3;;Bulk 747-3;Nueva Cat;43073.85;4395.85;285;5;2;0;UNIT;Sí;;
NEW-1788552196277-747-4;7707068265;Bulk 747-4;Nueva Cat;26955.96;11230.27;88;5;2;0;UNIT;Sí;;
NEW-1788552196277-747-5;7708311945;Bulk 747-5;Snacks;47426.89;15246.89;72;5;2;0;UNIT;Sí;;
NEW-1788552196281-748-2;7704907179;Bulk 748-2;Lacteos;33201.67;20857.42;349;5;2;0;UNIT;Sí;;
NEW-1788552196281-748-5;7704205307;Bulk 748-5;Nueva Cat;3332.27;8956.59;255;5;2;0;UNIT;Sí;;2026-12-31
NEW-1788552196284-749-0;;Bulk 749-0;Bebidas;5813.76;22040.55;112;5;2;0;UNIT;Sí;;
NEW-1788552196284-749-2;;Bulk 749-2;Lacteos;11432.23;9884.26;127;5;2;0;UNIT;Sí;;
NEW-1788552196284-749-3;7709738943;Bulk 749-3;Snacks;23647.31;27597.93;203;5;2;0;UNIT;Sí;;2026-12-31
NEW-1788552196284-749-6;7706179384;Bulk 749-6;Lacteos;31620.36;21498.1;397;5;2;0;UNIT;Sí;;
NEW-1788552194045-75-0;;Bulk 75-0;Snacks;5419.03;15603.92;63;5;2;0;UNIT;Sí;;
NEW-1788552194045-75-1;7707943250;Bulk 75-1;Lacteos;48987.03;25194.75;166;5;2;0;UNIT;Sí;;
NEW-1788552196287-750-0;7705386745;Bulk 750-0;Bebidas;18601.8;8603.94;117;5;2;0;UNIT;Sí;;
NEW-1788552196287-750-1;;Bulk 750-1;Bebidas;22035.15;27752.95;195;5;2;0;UNIT;Sí;;
NEW-1788552196311-751-0;7704407301;Bulk 751-0;Bebidas;46083.29;1204.19;405;5;2;0;UNIT;Sí;;
NEW-1788552196311-751-2;7709565077;Bulk 751-2;Bebidas;28383.32;8605.98;40;5;2;0;UNIT;Sí;;
NEW-1788552196315-752-3;7706932294;Bulk 752-3;Lacteos;38957.33;6711.69;319;5;2;0;UNIT;Sí;;
NEW-1788552196315-752-5;7705745271;Bulk 752-5;Lacteos;17834.22;17171.55;334;5;2;0;UNIT;Sí;;2026-12-31
NEW-1788552196318-753-1;7704552490;Bulk 753-1;Lacteos;14904.97;4083.94;71;5;2;0;UNIT;Sí;;
NEW-1788552196318-753-2;7706445561;Bulk 753-2;Bebidas;35794.49;5785.58;284;5;2;0;UNIT;Sí;;
NEW-1788552196321-755-0;;Bulk 755-0;Bebidas;13492.8;11096.86;392;5;2;0;UNIT;Sí;;
NEW-1788552196321-755-1;7704548050;Bulk 755-1;Bebidas;18031.23;10022.53;165;5;2;0;UNIT;Sí;;
NEW-1788552196321-755-2;7709286652;Bulk 755-2;Bebidas;13138.24;26738.32;448;5;2;0;UNIT;Sí;;2026-12-31
NEW-1788552196324-756-0;;Bulk 756-0;Lacteos;11154.61;22986.19;333;5;2;0;UNIT;Sí;;
NEW-1788552196324-756-1;7706195139;Bulk 756-1;Snacks;34798.28;9758.04;314;5;2;0;UNIT;Sí;;
NEW-1788552196324-756-2;7703360326;Bulk 756-2;Bebidas;17865.56;11838.76;178;5;2;0;UNIT;Sí;;2026-12-31
NEW-1788552196324-756-5;7702789557;Bulk 756-5;Nueva Cat;42540.06;6404.64;99;5;2;0;UNIT;Sí;;
NEW-1788552196327-757-1;7705418524;Bulk 757-1;Nueva Cat;19982.99;29552.78;44;5;2;0;UNIT;Sí;;
NEW-1788552196327-757-2;7709300490;Bulk 757-2;Lacteos;27180.2;18671.58;277;5;2;0;UNIT;Sí;;
NEW-1788552196329-758-5;7705494830;Bulk 758-5;Bebidas;40029.23;9186.71;141;5;2;0;UNIT;Sí;;
NEW-1788552196332-759-0;7704390834;Bulk 759-0;Nueva Cat;24738.17;311.61;449;5;2;0;UNIT;Sí;;
NEW-1788552196332-759-1;7708601786;Bulk 759-1;Bebidas;13169.5;16383.39;44;5;2;0;UNIT;Sí;;
NEW-1788552196332-759-4;;Bulk 759-4;Nueva Cat;5885.49;15146.84;200;5;2;0;UNIT;Sí;;
NEW-1788552196332-759-5;7705641960;Bulk 759-5;Nueva Cat;49680.84;21342.35;256;5;2;0;UNIT;Sí;;
NEW-1788552196332-759-7;7708424753;Bulk 759-7;Snacks;5006.3;27642.28;396;5;2;0;UNIT;Sí;;2026-12-31
NEW-1788552194047-76-0;7705434830;Bulk 76-0;Lacteos;48991.34;23624.73;171;5;2;0;UNIT;Sí;;
NEW-1788552194047-76-1;7704554743;Bulk 76-1;Nueva Cat;32137.42;2702.87;332;5;2;0;UNIT;Sí;;
NEW-1788552194047-76-4;7704307077;Bulk 76-4;Snacks;24488.81;22565.22;124;5;2;0;UNIT;Sí;;
NEW-1788552196337-760-0;7706037410;Bulk 760-0;Lacteos;10843.38;8730.57;325;5;2;0;UNIT;Sí;;
NEW-1788552196337-760-4;;Bulk 760-4;Lacteos;25174.77;26299.24;479;5;2;0;UNIT;Sí;;
NEW-1788552196337-760-5;7701201021;Bulk 760-5;Bebidas;36512.45;27286.61;258;5;2;0;UNIT;Sí;;
NEW-1788552196337-760-8;;Bulk 760-8;Nueva Cat;33807.24;2181.35;436;5;2;0;UNIT;Sí;;
NEW-1788552196341-761-0;7702597328;Bulk 761-0;Bebidas;21915.4;8336.28;193;5;2;0;UNIT;Sí;;
NEW-1788552196341-761-1;7702628913;Bulk 761-1;Snacks;41683.27;21253.81;253;5;2;0;UNIT;Sí;;
NEW-1788552196341-761-2;7705974910;Bulk 761-2;Nueva Cat;45106.15;24170.1;98;5;2;0;UNIT;Sí;;2026-12-31
NEW-1788552196343-762-1;7708661642;Bulk 762-1;Bebidas;40703.13;14678.07;196;5;2;0;UNIT;Sí;;
NEW-1788552196343-762-6;7701170567;Bulk 762-6;Bebidas;33593.81;22092.43;153;5;2;0;UNIT;Sí;;
NEW-1788552196345-763-1;7707272770;Bulk 763-1;Lacteos;38866.26;12407;421;5;2;0;UNIT;Sí;;
NEW-1788552196346-764-0;;Bulk 764-0;Bebidas;6807.64;9162.54;456;5;2;0;UNIT;Sí;;
NEW-1788552196346-764-1;7702749432;Bulk 764-1;Snacks;5666.8;28481.94;158;5;2;0;UNIT;Sí;;
NEW-1788552196346-764-2;7707169838;Bulk 764-2;Bebidas;25958.18;2196.67;262;5;2;0;UNIT;Sí;;
NEW-1788552196346-764-3;;Bulk 764-3;Bebidas;21698.43;26132.7;163;5;2;0;UNIT;Sí;;
NEW-1788552196346-764-4;7702196450;Bulk 764-4;Bebidas;3543.22;21963.04;225;5;2;0;UNIT;Sí;;
NEW-1788552196350-765-0;7703469099;Bulk 765-0;Lacteos;6415.29;12904.91;66;5;2;0;UNIT;Sí;;
NEW-1788552196350-765-1;;Bulk 765-1;Bebidas;10014.89;15186.09;152;5;2;0;UNIT;Sí;;
NEW-1788552196350-765-2;;Bulk 765-2;Lacteos;47922.31;6077.3;324;5;2;0;UNIT;Sí;;
NEW-1788552196350-765-3;7709520100;Bulk 765-3;Nueva Cat;31121.81;22562.15;81;5;2;0;UNIT;Sí;;
NEW-1788552196350-765-4;7703870173;Bulk 765-4;Nueva Cat;48000.53;5563.51;451;5;2;0;UNIT;Sí;;
NEW-1788552196350-765-5;7701322592;Bulk 765-5;Nueva Cat;16219.84;17648.39;269;5;2;0;UNIT;Sí;;
NEW-1788552196350-765-6;;Bulk 765-6;Lacteos;34134.41;19004.33;322;5;2;0;UNIT;Sí;;
NEW-1788552196355-766-0;;Bulk 766-0;Snacks;46163.26;27906.02;323;5;2;0;UNIT;Sí;;2026-12-31
NEW-1788552196355-766-2;7701187853;Bulk 766-2;Snacks;23880.49;4085.75;367;5;2;0;UNIT;Sí;;
NEW-1788552196357-767-0;;Bulk 767-0;Snacks;8778.8;18678.02;289;5;2;0;UNIT;Sí;;2026-12-31
NEW-1788552196357-767-3;;Bulk 767-3;Nueva Cat;11329.41;13097.38;227;5;2;0;UNIT;Sí;;
NEW-1788552196359-768-3;7705968867;Bulk 768-3;Nueva Cat;10051.28;1869.25;168;5;2;0;UNIT;Sí;;
NEW-1788552196359-768-4;7709948615;Bulk 768-4;Lacteos;17599.61;25489.72;225;5;2;0;UNIT;Sí;;
NEW-1788552196359-768-6;;Bulk 768-6;Nueva Cat;41951.73;728.98;345;5;2;0;UNIT;Sí;;
NEW-1788552196359-768-7;7703364258;Bulk 768-7;Snacks;13560.05;5664.03;412;5;2;0;UNIT;Sí;;2026-12-31
NEW-1788552196359-768-8;7703882346;Bulk 768-8;Snacks;44655.17;13844.79;109;5;2;0;UNIT;Sí;;
NEW-1788552196363-769-4;7706663436;Bulk 769-4;Nueva Cat;1924.36;29147.68;73;5;2;0;UNIT;Sí;;
NEW-1788552196363-769-5;;Bulk 769-5;Nueva Cat;16083.49;16625.02;56;5;2;0;UNIT;Sí;;
NEW-1788552196363-769-7;7702561164;Bulk 769-7;Lacteos;40184.83;8678.99;274;5;2;0;UNIT;Sí;;
NEW-1788552196363-769-8;;Bulk 769-8;Nueva Cat;32987.95;24546.67;163;5;2;0;UNIT;Sí;;
NEW-1788552194049-77-0;7707828701;Bulk 77-0;Nueva Cat;28481.52;13389.44;404;5;2;0;UNIT;Sí;;
NEW-1788552194049-77-1;;Bulk 77-1;Bebidas;48032.26;9047.07;373;5;2;0;UNIT;Sí;;
NEW-1788552196369-770-0;;Bulk 770-0;Snacks;27665.42;17040.95;328;5;2;0;UNIT;Sí;;
NEW-1788552196369-770-1;;Bulk 770-1;Nueva Cat;10746.46;22282.14;191;5;2;0;UNIT;Sí;;
NEW-1788552196369-770-2;7702889101;Bulk 770-2;Nueva Cat;33013.56;18064.2;257;5;2;0;UNIT;Sí;;
NEW-1788552196369-770-3;7708281124;Bulk 770-3;Nueva Cat;14316.26;16433.11;47;5;2;0;UNIT;Sí;;
NEW-1788552196372-771-1;7709618326;Bulk 771-1;Snacks;46054.14;2061.5;213;5;2;0;UNIT;Sí;;2026-12-31
NEW-1788552196372-771-2;7709353767;Bulk 771-2;Nueva Cat;22710.55;18671.49;324;5;2;0;UNIT;Sí;;
NEW-1788552196372-771-3;7706275987;Bulk 771-3;Bebidas;42676.5;26283.12;452;5;2;0;UNIT;Sí;;
NEW-1788552196372-771-4;;Bulk 771-4;Nueva Cat;19679.42;4114.62;320;5;2;0;UNIT;Sí;;
NEW-1788552196372-771-5;7703345091;Bulk 771-5;Nueva Cat;6211.77;24769.84;41;5;2;0;UNIT;Sí;;2026-12-31
NEW-1788552196372-771-8;7707608078;Bulk 771-8;Lacteos;2742.26;16706.37;238;5;2;0;UNIT;Sí;;2026-12-31
NEW-1788552196376-772-0;7708340380;Bulk 772-0;Bebidas;15099.18;20092.46;459;5;2;0;UNIT;Sí;;
NEW-1788552196376-772-2;7701746389;Bulk 772-2;Lacteos;8256.64;11439.41;479;5;2;0;UNIT;Sí;;2026-12-31
NEW-1788552196376-772-6;;Bulk 772-6;Nueva Cat;20403.77;16542.55;211;5;2;0;UNIT;Sí;;
NEW-1788552196376-772-7;;Bulk 772-7;Lacteos;44844.56;11126.85;229;5;2;0;UNIT;Sí;;
NEW-1788552196379-773-0;7702720648;Bulk 773-0;Lacteos;26592.68;11810.45;364;5;2;0;UNIT;Sí;;2026-12-31
NEW-1788552196379-773-1;7708036370;Bulk 773-1;Nueva Cat;24945.8;27228.68;214;5;2;0;UNIT;Sí;;
NEW-1788552196379-773-2;;Bulk 773-2;Snacks;3652.13;19574.93;33;5;2;0;UNIT;Sí;;
NEW-1788552196379-773-4;7706236131;Bulk 773-4;Lacteos;30579.59;9818.81;350;5;2;0;UNIT;Sí;;2026-12-31
NEW-1788552196386-774-1;7703111932;Bulk 774-1;Nueva Cat;13509.75;16843.89;393;5;2;0;UNIT;Sí;;
NEW-1788552196386-774-2;;Bulk 774-2;Snacks;35235.8;14222.61;232;5;2;0;UNIT;Sí;;
NEW-1788552196386-774-4;7708831512;Bulk 774-4;Bebidas;24129.73;24585;47;5;2;0;UNIT;Sí;;
NEW-1788552196386-774-6;;Bulk 774-6;Nueva Cat;10254.88;10961.62;91;5;2;0;UNIT;Sí;;2026-12-31
NEW-1788552196386-774-7;7709758115;Bulk 774-7;Bebidas;47109.1;14876.87;92;5;2;0;UNIT;Sí;;
NEW-1788552196386-774-8;7706172788;Bulk 774-8;Lacteos;664.2;13862.63;351;5;2;0;UNIT;Sí;;
NEW-1788552196392-775-0;;Bulk 775-0;Bebidas;49744.09;28457.93;126;5;2;0;UNIT;Sí;;2026-12-31
NEW-1788552196392-775-4;;Bulk 775-4;Nueva Cat;31304.41;4552.53;333;5;2;0;UNIT;Sí;;
NEW-1788552196392-775-6;7703873864;Bulk 775-6;Snacks;29094.16;26653.04;65;5;2;0;UNIT;Sí;;
NEW-1788552196392-775-7;7706543946;Bulk 775-7;Lacteos;33720.17;18479.62;486;5;2;0;UNIT;Sí;;2026-12-31
NEW-1788552196392-775-8;7707471962;Bulk 775-8;Nueva Cat;6137.55;1180.5;145;5;2;0;UNIT;Sí;;
NEW-1788552196395-776-1;7708251962;Bulk 776-1;Bebidas;35768.62;23962.69;236;5;2;0;UNIT;Sí;;
NEW-1788552196396-777-1;7703021274;Bulk 777-1;Bebidas;14554.05;6109.62;397;5;2;0;UNIT;Sí;;
NEW-1788552196396-777-3;;Bulk 777-3;Snacks;40630.19;24823.85;175;5;2;0;UNIT;Sí;;
NEW-1788552196396-777-4;7701252944;Bulk 777-4;Lacteos;12990.9;22234.24;155;5;2;0;UNIT;Sí;;
NEW-1788552196396-777-6;7702305659;Bulk 777-6;Nueva Cat;24844.48;668.49;46;5;2;0;UNIT;Sí;;2026-12-31
NEW-1788552196396-777-9;;Bulk 777-9;Snacks;18800.46;10809.17;419;5;2;0;UNIT;Sí;;
NEW-1788552196402-779-1;7707824497;Bulk 779-1;Lacteos;9846.98;6018.9;132;5;2;0;UNIT;Sí;;
NEW-1788552196402-779-2;7708510702;Bulk 779-2;Nueva Cat;17343.68;2980.32;45;5;2;0;UNIT;Sí;;
NEW-1788552196402-779-3;;Bulk 779-3;Lacteos;13637.38;4168.97;230;5;2;0;UNIT;Sí;;
NEW-1788552196402-779-5;7707043635;Bulk 779-5;Snacks;30413.6;12061.7;359;5;2;0;UNIT;Sí;;
NEW-1788552196402-779-7;7701480514;Bulk 779-7;Bebidas;40535.54;9786.3;100;5;2;0;UNIT;Sí;;
NEW-1788552194050-78-4;7704360015;Bulk 78-4;Nueva Cat;16912.05;11463.14;270;5;2;0;UNIT;Sí;;
NEW-1788552194050-78-6;7701692674;Bulk 78-6;Nueva Cat;1094.34;12261.04;351;5;2;0;UNIT;Sí;;2026-12-31
NEW-1788552194050-78-7;7702649963;Bulk 78-7;Lacteos;47296.84;3876.64;136;5;2;0;UNIT;Sí;;
NEW-1788552194050-78-9;;Bulk 78-9;Nueva Cat;30100.3;3501.09;415;5;2;0;UNIT;Sí;;2026-12-31
NEW-1788552196405-780-0;7706357334;Bulk 780-0;Snacks;43735.84;23558.39;96;5;2;0;UNIT;Sí;;2026-12-31
NEW-1788552196405-780-1;;Bulk 780-1;Nueva Cat;49095.91;672.44;84;5;2;0;UNIT;Sí;;
NEW-1788552196406-781-0;7706921400;Bulk 781-0;Lacteos;43785.87;18902.36;49;5;2;0;UNIT;Sí;;
NEW-1788552196407-782-0;7707967016;Bulk 782-0;Snacks;16458.78;25336.97;121;5;2;0;UNIT;Sí;;
NEW-1788552196408-783-1;7705445238;Bulk 783-1;Bebidas;38406.53;18672.63;509;5;2;0;UNIT;Sí;;2026-12-31
NEW-1788552196408-783-4;7706710755;Bulk 783-4;Nueva Cat;30644.85;12052.64;460;5;2;0;UNIT;Sí;;2026-12-31
NEW-1788552196408-783-5;;Bulk 783-5;Lacteos;45205.39;15087.44;91;5;2;0;UNIT;Sí;;
NEW-1788552196408-783-7;7709556476;Bulk 783-7;Lacteos;19029.74;12213.25;310;5;2;0;UNIT;Sí;;
NEW-1788552196408-783-8;7708129633;Bulk 783-8;Snacks;9905.95;2290.63;436;5;2;0;UNIT;Sí;;
NEW-1788552196411-784-1;;Bulk 784-1;Nueva Cat;14894.77;5136.51;395;5;2;0;UNIT;Sí;;
NEW-1788552196414-785-2;;Bulk 785-2;Nueva Cat;38720.39;5841.19;25;5;2;0;UNIT;Sí;;
NEW-1788552196414-785-3;;Bulk 785-3;Snacks;27848.88;19189.47;424;5;2;0;UNIT;Sí;;
NEW-1788552196414-785-5;;Bulk 785-5;Snacks;23223.21;724.24;332;5;2;0;UNIT;Sí;;2026-12-31
NEW-1788552196414-785-8;7708228593;Bulk 785-8;Snacks;43228.53;27190.92;61;5;2;0;UNIT;Sí;;
NEW-1788552196418-786-0;7703783197;Bulk 786-0;Bebidas;47004.72;18320.87;143;5;2;0;UNIT;Sí;;
NEW-1788552196418-786-5;7707567577;Bulk 786-5;Nueva Cat;25635.08;29677.47;378;5;2;0;UNIT;Sí;;2026-12-31
NEW-1788552196421-789-0;;Bulk 789-0;Snacks;6200.75;18501.44;118;5;2;0;UNIT;Sí;;
NEW-1788552196421-789-1;7706420649;Bulk 789-1;Lacteos;14141.6;19141.41;240;5;2;0;UNIT;Sí;;
NEW-1788552196421-789-4;7707976921;Bulk 789-4;Nueva Cat;1948.46;22114.39;71;5;2;0;UNIT;Sí;;
NEW-1788552196421-789-5;;Bulk 789-5;Lacteos;48184.3;19068.29;487;5;2;0;UNIT;Sí;;
NEW-1788552196421-789-6;7704254690;Bulk 789-6;Bebidas;11633.77;300.68;495;5;2;0;UNIT;Sí;;
NEW-1788552194054-79-1;;Bulk 79-1;Snacks;47755.52;21998.74;332;5;2;0;UNIT;Sí;;
NEW-1788552196424-790-0;;Bulk 790-0;Snacks;28887.76;25834.3;71;5;2;0;UNIT;Sí;;
NEW-1788552196425-791-1;7708271914;Bulk 791-1;Nueva Cat;39106.15;15216.51;86;5;2;0;UNIT;Sí;;
NEW-1788552196426-792-0;7708660719;Bulk 792-0;Bebidas;8884.7;25174.07;47;5;2;0;UNIT;Sí;;
NEW-1788552196426-792-2;7704114112;Bulk 792-2;Snacks;48561.83;1183.54;308;5;2;0;UNIT;Sí;;2026-12-31
NEW-1788552196426-792-3;;Bulk 792-3;Lacteos;16523.46;16942.81;235;5;2;0;UNIT;Sí;;
NEW-1788552196426-792-4;7709948274;Bulk 792-4;Nueva Cat;26495.03;29413.76;447;5;2;0;UNIT;Sí;;
NEW-1788552196430-793-1;7706347418;Bulk 793-1;Snacks;17360.06;28359.66;102;5;2;0;UNIT;Sí;;2026-12-31
NEW-1788552196432-795-0;;Bulk 795-0;Bebidas;36794.11;24711.76;449;5;2;0;UNIT;Sí;;2026-12-31
NEW-1788552196432-795-1;7703084265;Bulk 795-1;Bebidas;32253.28;22529.93;386;5;2;0;UNIT;Sí;;
NEW-1788552196432-795-3;7706748765;Bulk 795-3;Lacteos;5227.1;10316.35;87;5;2;0;UNIT;Sí;;
NEW-1788552196432-795-4;;Bulk 795-4;Nueva Cat;2183.44;22087.7;463;5;2;0;UNIT;Sí;;
NEW-1788552196432-795-5;7707060500;Bulk 795-5;Snacks;10902.05;4208.99;492;5;2;0;UNIT;Sí;;2026-12-31
NEW-1788552196432-795-7;7704984698;Bulk 795-7;Bebidas;26076.36;17350.74;178;5;2;0;UNIT;Sí;;
NEW-1788552196432-795-8;7701633337;Bulk 795-8;Lacteos;47482.11;10150.75;366;5;2;0;UNIT;Sí;;2026-12-31
NEW-1788552196432-795-9;7705969675;Bulk 795-9;Nueva Cat;45451.22;28129.29;391;5;2;0;UNIT;Sí;;2026-12-31
NEW-1788552196438-796-0;7709619379;Bulk 796-0;Snacks;38506.18;20395.88;149;5;2;0;UNIT;Sí;;
NEW-1788552196438-796-2;;Bulk 796-2;Lacteos;4025.33;5121.34;351;5;2;0;UNIT;Sí;;
NEW-1788552196440-797-0;;Bulk 797-0;Lacteos;20899.34;11394.81;250;5;2;0;UNIT;Sí;;
NEW-1788552196440-797-3;7708419318;Bulk 797-3;Lacteos;7297.9;7838.5;282;5;2;0;UNIT;Sí;;
NEW-1788552196440-797-4;7702416915;Bulk 797-4;Snacks;44567.15;25935.73;49;5;2;0;UNIT;Sí;;
NEW-1788552196442-798-2;7705415384;Bulk 798-2;Snacks;6972.44;1688.49;173;5;2;0;UNIT;Sí;;2026-12-31
NEW-1788552196442-798-3;7704459456;Bulk 798-3;Snacks;42813.63;18824.7;75;5;2;0;UNIT;Sí;;
NEW-1788552196442-798-4;7703746378;Bulk 798-4;Lacteos;19020;16860.39;424;5;2;0;UNIT;Sí;;2026-12-31
NEW-1788552196442-798-5;7702934652;Bulk 798-5;Lacteos;44062.02;25275.96;424;5;2;0;UNIT;Sí;;
NEW-1788552196442-798-8;;Bulk 798-8;Snacks;45352.11;14441.22;355;5;2;0;UNIT;Sí;;
NEW-1788552196449-799-0;7707200324;Bulk 799-0;Bebidas;22098.48;1407.51;246;5;2;0;UNIT;Sí;;
NEW-1788552196449-799-5;7708386310;Bulk 799-5;Bebidas;32805.67;2094.73;44;5;2;0;UNIT;Sí;;
NEW-1788552193840-8-1;7707005143;Bulk 8-1;Snacks;2583.32;22807.16;453;5;2;0;UNIT;Sí;;2026-12-31
NEW-1788552193840-8-2;;Bulk 8-2;Lacteos;20074.48;20445.96;506;5;2;0;UNIT;Sí;;
NEW-1788552194055-80-2;;Bulk 80-2;Nueva Cat;19113.78;4033.38;108;5;2;0;UNIT;Sí;;2026-12-31
NEW-1788552194055-80-4;7704386720;Bulk 80-4;Nueva Cat;6579.8;16246.25;198;5;2;0;UNIT;Sí;;
NEW-1788552194055-80-5;7705711631;Bulk 80-5;Bebidas;27525.36;12050.88;510;5;2;0;UNIT;Sí;;
NEW-1788552194055-80-6;7707869313;Bulk 80-6;Lacteos;49084.18;28472.09;46;5;2;0;UNIT;Sí;;2026-12-31
NEW-1788552196452-800-4;7703141851;Bulk 800-4;Nueva Cat;39576.96;4303.28;460;5;2;0;UNIT;Sí;;
NEW-1788552196452-800-7;;Bulk 800-7;Lacteos;32457.4;21888.54;47;5;2;0;UNIT;Sí;;2026-12-31
NEW-1788552196455-801-0;;Bulk 801-0;Lacteos;1356.19;17270.98;547;5;2;0;UNIT;Sí;;
NEW-1788552196455-801-1;7707116009;Bulk 801-1;Nueva Cat;2714.58;12881.67;453;5;2;0;UNIT;Sí;;
NEW-1788552196455-801-3;7705981054;Bulk 801-3;Bebidas;30173.98;21784.16;55;5;2;0;UNIT;Sí;;
NEW-1788552196457-802-0;7702401599;Bulk 802-0;Nueva Cat;16552.54;1391.3;447;5;2;0;UNIT;Sí;;
NEW-1788552196458-803-1;7705186212;Bulk 803-1;Nueva Cat;12585.71;8866.98;257;5;2;0;UNIT;Sí;;
NEW-1788552196458-803-2;7707123308;Bulk 803-2;Lacteos;14936.88;4197.37;166;5;2;0;UNIT;Sí;;2026-12-31
NEW-1788552196484-804-1;7706728833;Bulk 804-1;Lacteos;18274.77;23676.87;515;5;2;0;UNIT;Sí;;
NEW-1788552196487-805-0;7706595982;Bulk 805-0;Snacks;9215.04;15100.76;503;5;2;0;UNIT;Sí;;
NEW-1788552196487-805-2;;Bulk 805-2;Lacteos;3901.06;17680.31;274;5;2;0;UNIT;Sí;;
NEW-1788552196487-805-3;7708682712;Bulk 805-3;Bebidas;2827.55;29515.69;369;5;2;0;UNIT;Sí;;
NEW-1788552196489-806-0;7706790055;Bulk 806-0;Nueva Cat;12519.15;27956.65;215;5;2;0;UNIT;Sí;;2026-12-31
NEW-1788552196489-806-1;7708791613;Bulk 806-1;Snacks;45962.79;26525.93;458;5;2;0;UNIT;Sí;;
NEW-1788552196492-807-1;;Bulk 807-1;Lacteos;11133.16;29273.17;251;5;2;0;UNIT;Sí;;2026-12-31
NEW-1788552196492-807-2;7702495724;Bulk 807-2;Bebidas;12941.99;13045.64;338;5;2;0;UNIT;Sí;;2026-12-31
NEW-1788552196492-807-3;;Bulk 807-3;Nueva Cat;1939.41;26774.69;363;5;2;0;UNIT;Sí;;2026-12-31
NEW-1788552196492-807-8;;Bulk 807-8;Lacteos;744.44;19430.13;135;5;2;0;UNIT;Sí;;
NEW-1788552196496-808-0;7701797594;Bulk 808-0;Lacteos;41803.39;22319.56;111;5;2;0;UNIT;Sí;;2026-12-31
NEW-1788552196496-808-2;7704171172;Bulk 808-2;Bebidas;25520.29;24093.38;47;5;2;0;UNIT;Sí;;
NEW-1788552196496-808-5;7706173747;Bulk 808-5;Nueva Cat;28384.14;3229.52;366;5;2;0;UNIT;Sí;;
NEW-1788552196496-808-6;7709714058;Bulk 808-6;Nueva Cat;37091.69;2417.25;424;5;2;0;UNIT;Sí;;
NEW-1788552196496-808-7;;Bulk 808-7;Nueva Cat;8277.26;3631.38;61;5;2;0;UNIT;Sí;;
NEW-1788552196503-809-0;7709397801;Bulk 809-0;Lacteos;44100.43;18313.59;419;5;2;0;UNIT;Sí;;
NEW-1788552196503-809-6;7701046783;Bulk 809-6;Lacteos;6443.56;17790.08;291;5;2;0;UNIT;Sí;;2026-12-31
NEW-1788552194057-81-0;7708257392;Bulk 81-0;Bebidas;39594.49;18224.3;289;5;2;0;UNIT;Sí;;
NEW-1788552194057-81-1;7701049513;Bulk 81-1;Bebidas;22410.26;26228.13;450;5;2;0;UNIT;Sí;;
NEW-1788552194057-81-3;;Bulk 81-3;Snacks;43689.18;8138.67;172;5;2;0;UNIT;Sí;;2026-12-31
NEW-1788552196507-810-1;7706811667;Bulk 810-1;Lacteos;6893.04;10056.42;435;5;2;0;UNIT;Sí;;
NEW-1788552196511-811-1;7703251740;Bulk 811-1;Snacks;24797.17;29191.58;498;5;2;0;UNIT;Sí;;
NEW-1788552196511-811-4;7706856821;Bulk 811-4;Lacteos;8408.8;9946.73;213;5;2;0;UNIT;Sí;;
NEW-1788552196513-812-0;7703861458;Bulk 812-0;Nueva Cat;8487.52;12768.85;388;5;2;0;UNIT;Sí;;
NEW-1788552196513-812-2;7701138427;Bulk 812-2;Nueva Cat;41047.17;18898.98;337;5;2;0;UNIT;Sí;;2026-12-31
NEW-1788552196513-812-3;7702708709;Bulk 812-3;Lacteos;43105.62;2275.77;273;5;2;0;UNIT;Sí;;
NEW-1788552196513-812-5;7703169890;Bulk 812-5;Snacks;37859.37;5506.85;458;5;2;0;UNIT;Sí;;2026-12-31
NEW-1788552196517-813-4;7709076327;Bulk 813-4;Nueva Cat;22625.06;10186.37;117;5;2;0;UNIT;Sí;;
NEW-1788552196517-813-5;7709400406;Bulk 813-5;Lacteos;14550.65;9756.06;143;5;2;0;UNIT;Sí;;
NEW-1788552196517-813-6;;Bulk 813-6;Lacteos;12864.46;11705.76;560;5;2;0;UNIT;Sí;;
NEW-1788552196517-813-7;;Bulk 813-7;Bebidas;30359.16;28986.98;312;5;2;0;UNIT;Sí;;
NEW-1788552196521-814-2;7702513769;Bulk 814-2;Bebidas;8267.46;18096.28;319;5;2;0;UNIT;Sí;;
NEW-1788552196521-814-3;7706248455;Bulk 814-3;Lacteos;35872.32;5935.92;37;5;2;0;UNIT;Sí;;
NEW-1788552196523-815-0;;Bulk 815-0;Snacks;2278.6;5418.27;46;5;2;0;UNIT;Sí;;
NEW-1788552196525-816-0;7704396142;Bulk 816-0;Nueva Cat;31246.83;8863.29;217;5;2;0;UNIT;Sí;;
NEW-1788552196525-816-3;7709116334;Bulk 816-3;Lacteos;39291.19;2377.24;313;5;2;0;UNIT;Sí;;
NEW-1788552196528-817-0;;Bulk 817-0;Bebidas;24768.46;2533.95;318;5;2;0;UNIT;Sí;;
NEW-1788552196528-817-1;;Bulk 817-1;Lacteos;43336.72;15451.92;56;5;2;0;UNIT;Sí;;2026-12-31
NEW-1788552196528-817-2;7702253398;Bulk 817-2;Snacks;43331.03;20876.28;119;5;2;0;UNIT;Sí;;
NEW-1788552196528-817-4;;Bulk 817-4;Snacks;14326.36;1676.87;255;5;2;0;UNIT;Sí;;
NEW-1788552196528-817-5;;Bulk 817-5;Snacks;1286.63;11906.91;417;5;2;0;UNIT;Sí;;
NEW-1788552196528-817-6;7707713197;Bulk 817-6;Snacks;34863.21;28405.13;67;5;2;0;UNIT;Sí;;
NEW-1788552196532-818-0;7701253836;Bulk 818-0;Lacteos;21876.61;9369.71;251;5;2;0;UNIT;Sí;;2026-12-31
NEW-1788552196532-818-1;7705729812;Bulk 818-1;Lacteos;28792.68;18295.41;67;5;2;0;UNIT;Sí;;
NEW-1788552196532-818-2;7705124151;Bulk 818-2;Snacks;23404.41;6936.25;541;5;2;0;UNIT;Sí;;
NEW-1788552196534-819-2;;Bulk 819-2;Nueva Cat;12340.06;11122.45;372;5;2;0;UNIT;Sí;;
NEW-1788552196534-819-3;7708913995;Bulk 819-3;Lacteos;49883.92;1070.19;80;5;2;0;UNIT;Sí;;2026-12-31
NEW-1788552196534-819-4;;Bulk 819-4;Bebidas;38329.98;24214.52;330;5;2;0;UNIT;Sí;;
NEW-1788552196537-820-0;;Bulk 820-0;Lacteos;33681.64;22411.99;308;5;2;0;UNIT;Sí;;
NEW-1788552196537-820-1;;Bulk 820-1;Snacks;17154.5;13722;40;5;2;0;UNIT;Sí;;
NEW-1788552196537-820-3;7708700326;Bulk 820-3;Nueva Cat;24770.77;22013.46;383;5;2;0;UNIT;Sí;;
NEW-1788552196537-820-4;;Bulk 820-4;Bebidas;3893.94;16588.74;311;5;2;0;UNIT;Sí;;
NEW-1788552196537-820-5;7708519778;Bulk 820-5;Snacks;16066.75;19792.29;197;5;2;0;UNIT;Sí;;
NEW-1788552196537-820-6;7709818250;Bulk 820-6;Bebidas;13538.17;17321.88;156;5;2;0;UNIT;Sí;;
NEW-1788552196541-821-0;7704699472;Bulk 821-0;Snacks;20474.8;11146.64;437;5;2;0;UNIT;Sí;;
NEW-1788552196542-822-1;;Bulk 822-1;Bebidas;19134.7;6436.83;48;5;2;0;UNIT;Sí;;2026-12-31
NEW-1788552196543-823-1;7701478197;Bulk 823-1;Lacteos;4640.38;29260.88;273;5;2;0;UNIT;Sí;;2026-12-31
NEW-1788552196543-823-6;7707680722;Bulk 823-6;Lacteos;9226.22;16020.74;487;5;2;0;UNIT;Sí;;
NEW-1788552196543-823-7;7708513922;Bulk 823-7;Lacteos;13658.95;16868.94;254;5;2;0;UNIT;Sí;;
NEW-1788552196543-823-8;7704338808;Bulk 823-8;Snacks;19732.2;21839.68;495;5;2;0;UNIT;Sí;;
NEW-1788552196543-823-9;7706388933;Bulk 823-9;Bebidas;9496.9;27353.84;131;5;2;0;UNIT;Sí;;
NEW-1788552196547-824-0;7706297676;Bulk 824-0;Lacteos;34032.11;15405.29;47;5;2;0;UNIT;Sí;;
NEW-1788552196547-824-3;7701483643;Bulk 824-3;Bebidas;16698.61;19188.4;151;5;2;0;UNIT;Sí;;
NEW-1788552196547-824-4;7701394642;Bulk 824-4;Bebidas;28541.3;2309.4;257;5;2;0;UNIT;Sí;;
NEW-1788552196547-824-5;7703265864;Bulk 824-5;Nueva Cat;34588.56;16498.75;378;5;2;0;UNIT;Sí;;2026-12-31
NEW-1788552196551-826-0;7702387117;Bulk 826-0;Lacteos;11147.46;20461.5;256;5;2;0;UNIT;Sí;;
NEW-1788552196552-827-2;;Bulk 827-2;Bebidas;19155.92;25625.87;46;5;2;0;UNIT;Sí;;
NEW-1788552196552-827-3;;Bulk 827-3;Bebidas;33025.6;29853.33;184;5;2;0;UNIT;Sí;;
NEW-1788552196554-828-1;;Bulk 828-1;Snacks;4649.29;23158.6;469;5;2;0;UNIT;Sí;;
NEW-1788552196554-828-2;7702314045;Bulk 828-2;Lacteos;15388.52;14546.26;267;5;2;0;UNIT;Sí;;2026-12-31
NEW-1788552196554-828-3;7702001737;Bulk 828-3;Bebidas;4398.87;4464.05;47;5;2;0;UNIT;Sí;;
NEW-1788552196554-828-4;7709980198;Bulk 828-4;Nueva Cat;32031.25;10799.8;214;5;2;0;UNIT;Sí;;2026-12-31
NEW-1788552196557-829-3;7706999735;Bulk 829-3;Snacks;10142.82;7220.33;371;5;2;0;UNIT;Sí;;
NEW-1788552194059-83-0;;Bulk 83-0;Nueva Cat;12581.39;3162.39;235;5;2;0;UNIT;Sí;;
NEW-1788552196559-830-0;;Bulk 830-0;Bebidas;14916.36;24128.41;164;5;2;0;UNIT;Sí;;
NEW-1788552196559-830-4;;Bulk 830-4;Lacteos;11873.14;15272.58;403;5;2;0;UNIT;Sí;;2026-12-31
NEW-1788552196559-830-5;7701036887;Bulk 830-5;Nueva Cat;19941.96;3607.68;386;5;2;0;UNIT;Sí;;
NEW-1788552196561-831-0;7707774711;Bulk 831-0;Bebidas;40810.99;16456.13;171;5;2;0;UNIT;Sí;;
NEW-1788552196561-831-2;7706398673;Bulk 831-2;Lacteos;6374.73;24487.84;148;5;2;0;UNIT;Sí;;2026-12-31
NEW-1788552196563-832-0;7706680635;Bulk 832-0;Nueva Cat;13663.39;10916.65;324;5;2;0;UNIT;Sí;;
NEW-1788552196563-832-2;7703951414;Bulk 832-2;Snacks;36690.31;3130.88;150;5;2;0;UNIT;Sí;;
NEW-1788552196563-832-8;7706982722;Bulk 832-8;Lacteos;18942.18;21896.73;355;5;2;0;UNIT;Sí;;
NEW-1788552196566-833-0;7706374806;Bulk 833-0;Lacteos;41963.8;16064.02;180;5;2;0;UNIT;Sí;;
NEW-1788552196566-833-1;7704189897;Bulk 833-1;Bebidas;1218.65;29098.87;585;5;2;0;UNIT;Sí;;
NEW-1788552196566-833-2;;Bulk 833-2;Lacteos;14064.87;9115.71;348;5;2;0;UNIT;Sí;;
NEW-1788552196566-833-6;7705994267;Bulk 833-6;Snacks;18722.45;14469.66;104;5;2;0;UNIT;Sí;;
NEW-1788552196570-834-1;;Bulk 834-1;Bebidas;5185.06;14130.55;309;5;2;0;UNIT;Sí;;
NEW-1788552196570-834-4;7707830229;Bulk 834-4;Nueva Cat;1059.98;26729.8;314;5;2;0;UNIT;Sí;;
NEW-1788552196572-835-0;;Bulk 835-0;Lacteos;10284.88;9593.95;158;5;2;0;UNIT;Sí;;
NEW-1788552196572-835-2;;Bulk 835-2;Bebidas;38629.9;23303.91;302;5;2;0;UNIT;Sí;;
NEW-1788552196572-835-3;7703675838;Bulk 835-3;Snacks;21935.52;16160.29;197;5;2;0;UNIT;Sí;;2026-12-31
NEW-1788552196572-835-4;7703519911;Bulk 835-4;Nueva Cat;4721.33;28816.58;327;5;2;0;UNIT;Sí;;
NEW-1788552196572-835-5;7705922243;Bulk 835-5;Nueva Cat;22913.21;23307.1;306;5;2;0;UNIT;Sí;;
NEW-1788552196572-835-6;7704768809;Bulk 835-6;Snacks;3820.18;7269.08;306;5;2;0;UNIT;Sí;;
NEW-1788552196572-835-7;7701427369;Bulk 835-7;Bebidas;23450.97;1701.66;128;5;2;0;UNIT;Sí;;
NEW-1788552196576-836-0;;Bulk 836-0;Snacks;9152.16;16704.75;471;5;2;0;UNIT;Sí;;2026-12-31
NEW-1788552196576-836-4;7708537397;Bulk 836-4;Bebidas;33335.91;9421.04;280;5;2;0;UNIT;Sí;;
NEW-1788552196578-837-2;7706434440;Bulk 837-2;Snacks;46883.74;19337.62;383;5;2;0;UNIT;Sí;;2026-12-31
NEW-1788552196578-837-3;7709043785;Bulk 837-3;Bebidas;42992.89;24020.05;424;5;2;0;UNIT;Sí;;
NEW-1788552196580-838-0;7704757730;Bulk 838-0;Snacks;10434.73;3523.82;330;5;2;0;UNIT;Sí;;
NEW-1788552196580-838-1;;Bulk 838-1;Lacteos;39881.11;12061.36;322;5;2;0;UNIT;Sí;;
NEW-1788552196580-838-4;7704550465;Bulk 838-4;Lacteos;9378.27;7304.35;486;5;2;0;UNIT;Sí;;
NEW-1788552196580-838-6;;Bulk 838-6;Snacks;26981.13;12111.75;223;5;2;0;UNIT;Sí;;2026-12-31
NEW-1788552196580-838-7;7703560976;Bulk 838-7;Nueva Cat;18880.66;22550.17;348;5;2;0;UNIT;Sí;;
NEW-1788552196580-838-8;7707448003;Bulk 838-8;Snacks;32247.94;7601.71;254;5;2;0;UNIT;Sí;;
NEW-1788552196585-839-0;7703604742;Bulk 839-0;Lacteos;42620.24;23016.94;137;5;2;0;UNIT;Sí;;
NEW-1788552196585-839-1;7709936584;Bulk 839-1;Snacks;2662.8;22751.94;122;5;2;0;UNIT;Sí;;2026-12-31
NEW-1788552196585-839-2;7703541119;Bulk 839-2;Nueva Cat;19672.93;12889.3;115;5;2;0;UNIT;Sí;;2026-12-31
NEW-1788552196585-839-5;7709637716;Bulk 839-5;Snacks;29155.19;17183.32;471;5;2;0;UNIT;Sí;;
NEW-1788552194060-84-3;7706321379;Bulk 84-3;Nueva Cat;11338.8;24877.15;132;5;2;0;UNIT;Sí;;
NEW-1788552194060-84-5;7709573268;Bulk 84-5;Snacks;16228.26;25908.08;433;5;2;0;UNIT;Sí;;
NEW-1788552194060-84-6;;Bulk 84-6;Snacks;3245.19;10684.87;103;5;2;0;UNIT;Sí;;2026-12-31
NEW-1788552196590-841-2;7704536275;Bulk 841-2;Nueva Cat;13091.02;9154.74;74;5;2;0;UNIT;Sí;;
NEW-1788552196590-841-3;;Bulk 841-3;Bebidas;39942.63;12687.9;170;5;2;0;UNIT;Sí;;
NEW-1788552196590-841-4;7704917114;Bulk 841-4;Bebidas;15383.18;20009.93;46;5;2;0;UNIT;Sí;;
NEW-1788552196590-841-5;7705661123;Bulk 841-5;Lacteos;1402.37;7871.09;264;5;2;0;UNIT;Sí;;
NEW-1788552196590-841-6;7706887578;Bulk 841-6;Snacks;40913.47;29026.43;310;5;2;0;UNIT;Sí;;
NEW-1788552196590-841-7;7704293248;Bulk 841-7;Snacks;22364.31;7157.63;155;5;2;0;UNIT;Sí;;
NEW-1788552196590-841-8;7706581378;Bulk 841-8;Bebidas;7998.76;3078.02;95;5;2;0;UNIT;Sí;;2026-12-31
NEW-1788552196590-841-9;7708063029;Bulk 841-9;Nueva Cat;31814.56;3264.89;321;5;2;0;UNIT;Sí;;
NEW-1788552196595-842-2;7704411998;Bulk 842-2;Nueva Cat;12367.26;18439.09;131;5;2;0;UNIT;Sí;;
NEW-1788552196595-842-3;7707124483;Bulk 842-3;Snacks;26885.58;12712.94;46;5;2;0;UNIT;Sí;;
NEW-1788552196595-842-4;;Bulk 842-4;Nueva Cat;22931.29;19381.86;381;5;2;0;UNIT;Sí;;
NEW-1788552196595-842-5;7705502639;Bulk 842-5;Snacks;24863.01;20490.07;49;5;2;0;UNIT;Sí;;2026-12-31
NEW-1788552196595-842-6;7705872166;Bulk 842-6;Snacks;9154.17;14506.87;302;5;2;0;UNIT;Sí;;
NEW-1788552196595-842-8;7703879175;Bulk 842-8;Bebidas;3411.3;27231.29;354;5;2;0;UNIT;Sí;;2026-12-31
NEW-1788552196599-843-0;;Bulk 843-0;Nueva Cat;2739.2;13241.86;47;5;2;0;UNIT;Sí;;2026-12-31
NEW-1788552196600-844-2;7704012662;Bulk 844-2;Bebidas;17323.85;18375.01;420;5;2;0;UNIT;Sí;;
NEW-1788552196600-844-3;;Bulk 844-3;Snacks;10044.19;2128.55;135;5;2;0;UNIT;Sí;;
NEW-1788552196600-844-6;7708846873;Bulk 844-6;Snacks;22355.66;5082.9;486;5;2;0;UNIT;Sí;;
NEW-1788552196606-845-1;7706331948;Bulk 845-1;Lacteos;24516.67;13617.07;319;5;2;0;UNIT;Sí;;
NEW-1788552196606-845-3;7702080243;Bulk 845-3;Nueva Cat;11415.17;16121.63;216;5;2;0;UNIT;Sí;;
NEW-1788552196608-846-1;7709505841;Bulk 846-1;Nueva Cat;15491.56;2086.3;278;5;2;0;UNIT;Sí;;
NEW-1788552196609-847-0;7704077285;Bulk 847-0;Lacteos;38422.7;22562.79;163;5;2;0;UNIT;Sí;;
NEW-1788552196609-847-2;7702683298;Bulk 847-2;Lacteos;3637.48;18187.75;582;5;2;0;UNIT;Sí;;
NEW-1788552196609-847-3;7706110423;Bulk 847-3;Nueva Cat;28847.7;22413.46;85;5;2;0;UNIT;Sí;;
NEW-1788552196612-848-0;7706918461;Bulk 848-0;Bebidas;30047.79;16225.97;291;5;2;0;UNIT;Sí;;2026-12-31
NEW-1788552196612-848-2;7703036000;Bulk 848-2;Lacteos;23269.25;14522.01;74;5;2;0;UNIT;Sí;;
NEW-1788552196612-848-3;7705438111;Bulk 848-3;Bebidas;36174.92;9799;202;5;2;0;UNIT;Sí;;2026-12-31
NEW-1788552196612-848-4;;Bulk 848-4;Bebidas;35433.43;20442.05;129;5;2;0;UNIT;Sí;;
NEW-1788552196612-848-6;7702471691;Bulk 848-6;Nueva Cat;3240.61;19538.37;216;5;2;0;UNIT;Sí;;
NEW-1788552196616-849-0;;Bulk 849-0;Lacteos;38219.65;6799.27;440;5;2;0;UNIT;Sí;;
NEW-1788552194063-85-2;;Bulk 85-2;Lacteos;45011.87;13219.14;423;5;2;0;UNIT;Sí;;
NEW-1788552194063-85-6;7709639392;Bulk 85-6;Bebidas;29701.69;26973.53;480;5;2;0;UNIT;Sí;;
NEW-1788552194063-85-7;;Bulk 85-7;Lacteos;19852.38;23918.73;83;5;2;0;UNIT;Sí;;
NEW-1788552194063-85-8;7706307596;Bulk 85-8;Snacks;20091.44;19198.71;474;5;2;0;UNIT;Sí;;
NEW-1788552196620-850-0;7701559886;Bulk 850-0;Snacks;27910.85;11630.08;237;5;2;0;UNIT;Sí;;2026-12-31
NEW-1788552196620-851-0;7705464584;Bulk 851-0;Snacks;30353.2;27480.54;124;5;2;0;UNIT;Sí;;
NEW-1788552196620-851-1;;Bulk 851-1;Bebidas;26150.26;21245.91;537;5;2;0;UNIT;Sí;;
NEW-1788552196622-852-1;7709315178;Bulk 852-1;Lacteos;39089.4;2501.25;137;5;2;0;UNIT;Sí;;
NEW-1788552196622-852-2;7701315656;Bulk 852-2;Nueva Cat;44446.51;27838.29;312;5;2;0;UNIT;Sí;;2026-12-31
NEW-1788552196623-853-0;7708750100;Bulk 853-0;Nueva Cat;14634.62;15306.65;384;5;2;0;UNIT;Sí;;
NEW-1788552196623-853-3;7701360817;Bulk 853-3;Lacteos;49129.55;21122.55;338;5;2;0;UNIT;Sí;;2026-12-31
NEW-1788552196625-854-0;;Bulk 854-0;Nueva Cat;46519.12;12575.16;217;5;2;0;UNIT;Sí;;
NEW-1788552196625-854-2;;Bulk 854-2;Nueva Cat;43178.81;14903.84;286;5;2;0;UNIT;Sí;;
NEW-1788552196649-855-2;7705095467;Bulk 855-2;Lacteos;34515.02;23798.53;106;5;2;0;UNIT;Sí;;
NEW-1788552196649-855-4;7701863609;Bulk 855-4;Bebidas;13803.43;23856.63;242;5;2;0;UNIT;Sí;;
NEW-1788552196655-857-0;7707402872;Bulk 857-0;Nueva Cat;21290.08;8876.76;306;5;2;0;UNIT;Sí;;
NEW-1788552196655-857-1;7706220635;Bulk 857-1;Lacteos;39365.67;6674.66;160;5;2;0;UNIT;Sí;;
NEW-1788552196655-857-3;7701896276;Bulk 857-3;Bebidas;30146.3;16514.81;287;5;2;0;UNIT;Sí;;
NEW-1788552196655-857-4;;Bulk 857-4;Snacks;24142.18;16825.01;365;5;2;0;UNIT;Sí;;
NEW-1788552196655-857-5;;Bulk 857-5;Nueva Cat;30408.82;15289.39;425;5;2;0;UNIT;Sí;;
NEW-1788552196659-858-2;;Bulk 858-2;Snacks;41204.49;7003.48;323;5;2;0;UNIT;Sí;;
NEW-1788552196659-858-3;7703891490;Bulk 858-3;Lacteos;16902.47;16223.37;393;5;2;0;UNIT;Sí;;
NEW-1788552196659-858-4;7704185422;Bulk 858-4;Snacks;32221.01;15580.88;168;5;2;0;UNIT;Sí;;
NEW-1788552196659-858-5;7709565030;Bulk 858-5;Snacks;34687.42;10422.43;356;5;2;0;UNIT;Sí;;
NEW-1788552196659-858-6;;Bulk 858-6;Bebidas;5704.62;6971.07;468;5;2;0;UNIT;Sí;;
NEW-1788552196662-859-1;7701282419;Bulk 859-1;Nueva Cat;34793.5;29841.36;547;5;2;0;UNIT;Sí;;
NEW-1788552196662-859-2;7709027050;Bulk 859-2;Lacteos;43789.92;10365.69;385;5;2;0;UNIT;Sí;;
NEW-1788552196662-859-4;7702919247;Bulk 859-4;Lacteos;41168.54;9041.67;357;5;2;0;UNIT;Sí;;
NEW-1788552196662-859-5;7702940702;Bulk 859-5;Nueva Cat;23421.37;11389.21;109;5;2;0;UNIT;Sí;;2026-12-31
NEW-1788552196662-859-6;7707358326;Bulk 859-6;Lacteos;31252.75;15399.54;405;5;2;0;UNIT;Sí;;
NEW-1788552194066-86-1;7707624454;Bulk 86-1;Nueva Cat;13548.7;21237.14;304;5;2;0;UNIT;Sí;;
NEW-1788552194066-86-4;7705233009;Bulk 86-4;Nueva Cat;35980.39;16248.18;243;5;2;0;UNIT;Sí;;
NEW-1788552196668-860-0;7702101134;Bulk 860-0;Snacks;11437.37;20893.47;47;5;2;0;UNIT;Sí;;
NEW-1788552196669-861-3;7705279966;Bulk 861-3;Lacteos;1051.49;12340.4;472;5;2;0;UNIT;Sí;;
NEW-1788552196669-861-8;7706877808;Bulk 861-8;Nueva Cat;3599.95;8610.28;436;5;2;0;UNIT;Sí;;
NEW-1788552196673-862-0;;Bulk 862-0;Snacks;40056.78;1411.35;481;5;2;0;UNIT;Sí;;2026-12-31
NEW-1788552196673-862-2;;Bulk 862-2;Bebidas;12008.62;15033;435;5;2;0;UNIT;Sí;;
NEW-1788552196674-863-0;7702449772;Bulk 863-0;Nueva Cat;32712.46;3152.23;41;5;2;0;UNIT;Sí;;
NEW-1788552196674-863-1;7709589598;Bulk 863-1;Lacteos;36106.33;7981.03;445;5;2;0;UNIT;Sí;;
NEW-1788552196674-863-2;7704333435;Bulk 863-2;Nueva Cat;7640.88;23274.1;313;5;2;0;UNIT;Sí;;
NEW-1788552196674-863-5;;Bulk 863-5;Snacks;12034.76;18779.49;247;5;2;0;UNIT;Sí;;
NEW-1788552196674-863-6;;Bulk 863-6;Nueva Cat;21144.9;1992.27;411;5;2;0;UNIT;Sí;;
NEW-1788552196674-863-7;;Bulk 863-7;Nueva Cat;27124.73;25578.52;361;5;2;0;UNIT;Sí;;
NEW-1788552196674-863-8;;Bulk 863-8;Snacks;42150;14505.62;114;5;2;0;UNIT;Sí;;
NEW-1788552196678-864-0;7704507297;Bulk 864-0;Snacks;6292.33;27886.8;170;5;2;0;UNIT;Sí;;
NEW-1788552196678-864-1;7708919740;Bulk 864-1;Snacks;13925.2;19555.16;438;5;2;0;UNIT;Sí;;
NEW-1788552196678-864-2;7704898466;Bulk 864-2;Lacteos;43972.62;1003.08;544;5;2;0;UNIT;Sí;;
NEW-1788552196678-864-3;;Bulk 864-3;Bebidas;29622.98;10689.18;157;5;2;0;UNIT;Sí;;2026-12-31
NEW-1788552196682-865-0;;Bulk 865-0;Lacteos;46415.26;1877.17;5;5;2;0;UNIT;Sí;;
NEW-1788552196682-865-2;7705943891;Bulk 865-2;Nueva Cat;34052.39;15116.91;123;5;2;0;UNIT;Sí;;
NEW-1788552196685-866-2;7702706471;Bulk 866-2;Bebidas;25206.89;26066.09;198;5;2;0;UNIT;Sí;;
NEW-1788552196685-866-3;7706619568;Bulk 866-3;Bebidas;15261.24;1310.24;14;5;2;0;UNIT;Sí;;
NEW-1788552196685-866-4;;Bulk 866-4;Bebidas;16030.07;9848.79;269;5;2;0;UNIT;Sí;;
NEW-1788552196685-866-6;7709321021;Bulk 866-6;Nueva Cat;44547.51;2734.82;212;5;2;0;UNIT;Sí;;
NEW-1788552196690-867-0;7708961565;Bulk 867-0;Bebidas;39771.7;29000.11;99;5;2;0;UNIT;Sí;;
NEW-1788552196690-867-1;7701375007;Bulk 867-1;Bebidas;8768;14081.59;213;5;2;0;UNIT;Sí;;
NEW-1788552196690-867-2;7702741354;Bulk 867-2;Snacks;7300.13;6763.22;74;5;2;0;UNIT;Sí;;
NEW-1788552196690-867-3;;Bulk 867-3;Bebidas;45275.44;5377.57;234;5;2;0;UNIT;Sí;;
NEW-1788552196693-868-1;7707321881;Bulk 868-1;Snacks;26392.4;6903.17;323;5;2;0;UNIT;Sí;;2026-12-31
NEW-1788552196693-868-2;;Bulk 868-2;Nueva Cat;17277.27;26766.53;366;5;2;0;UNIT;Sí;;
NEW-1788552196693-868-4;7709138789;Bulk 868-4;Bebidas;1283.9;1406.52;181;5;2;0;UNIT;Sí;;2026-12-31
NEW-1788552196693-868-5;;Bulk 868-5;Lacteos;43651.75;17116.3;444;5;2;0;UNIT;Sí;;
NEW-1788552196693-868-6;;Bulk 868-6;Nueva Cat;38083.14;18170.06;396;5;2;0;UNIT;Sí;;
NEW-1788552196697-869-0;7708523719;Bulk 869-0;Bebidas;14319.18;18277.61;297;5;2;0;UNIT;Sí;;
NEW-1788552196697-869-1;7702907568;Bulk 869-1;Nueva Cat;5438.95;13168.71;402;5;2;0;UNIT;Sí;;
NEW-1788552194070-87-0;7705122260;Bulk 87-0;Lacteos;18386;8449.45;140;5;2;0;UNIT;Sí;;
NEW-1788552196701-870-0;7706279937;Bulk 870-0;Snacks;35687.41;19964.77;369;5;2;0;UNIT;Sí;;2026-12-31
NEW-1788552196701-870-1;7705830434;Bulk 870-1;Lacteos;37654.54;1284.54;455;5;2;0;UNIT;Sí;;
NEW-1788552196701-870-3;7702591983;Bulk 870-3;Nueva Cat;29256.26;11544.05;337;5;2;0;UNIT;Sí;;
NEW-1788552196704-872-0;;Bulk 872-0;Snacks;12307.71;11347.18;309;5;2;0;UNIT;Sí;;
NEW-1788552196704-872-1;7701283352;Bulk 872-1;Nueva Cat;2372.33;24307.87;46;5;2;0;UNIT;Sí;;
NEW-1788552196704-872-2;7708519395;Bulk 872-2;Lacteos;46560.25;27980.04;271;5;2;0;UNIT;Sí;;2026-12-31
NEW-1788552196706-873-2;7707129068;Bulk 873-2;Nueva Cat;44765.12;18485.24;85;5;2;0;UNIT;Sí;;
NEW-1788552196707-874-0;7708215171;Bulk 874-0;Bebidas;6783.85;18930.59;110;5;2;0;UNIT;Sí;;
NEW-1788552196707-874-1;7705325842;Bulk 874-1;Lacteos;20547.85;8370.71;593;5;2;0;UNIT;Sí;;
NEW-1788552196707-874-2;7703833540;Bulk 874-2;Snacks;19655.05;28480.29;218;5;2;0;UNIT;Sí;;2026-12-31
NEW-1788552196707-874-3;7704641455;Bulk 874-3;Nueva Cat;32767.23;3549.84;115;5;2;0;UNIT;Sí;;
NEW-1788552196707-874-4;7702538655;Bulk 874-4;Lacteos;41348.55;14465.87;128;5;2;0;UNIT;Sí;;
NEW-1788552196710-875-1;7704069444;Bulk 875-1;Bebidas;45306.86;24017.95;308;5;2;0;UNIT;Sí;;
NEW-1788552196710-875-2;;Bulk 875-2;Bebidas;19111;26439.84;296;5;2;0;UNIT;Sí;;
NEW-1788552196712-876-0;;Bulk 876-0;Nueva Cat;21507.7;28476.78;218;5;2;0;UNIT;Sí;;2026-12-31
NEW-1788552196712-876-1;7705557157;Bulk 876-1;Snacks;13807.45;3123.03;133;5;2;0;UNIT;Sí;;
NEW-1788552196715-877-0;7707954984;Bulk 877-0;Lacteos;12942.17;7649.3;83;5;2;0;UNIT;Sí;;
NEW-1788552196717-878-0;7704326893;Bulk 878-0;Nueva Cat;29793.05;29675.01;75;5;2;0;UNIT;Sí;;
NEW-1788552196717-878-1;7706328078;Bulk 878-1;Bebidas;9833.09;26888.04;541;5;2;0;UNIT;Sí;;
NEW-1788552196717-878-2;7709407730;Bulk 878-2;Lacteos;49907.21;2941.85;530;5;2;0;UNIT;Sí;;2026-12-31
NEW-1788552196717-878-3;7702404670;Bulk 878-3;Snacks;23561.01;13311.12;539;5;2;0;UNIT;Sí;;2026-12-31
NEW-1788552196717-878-4;7704452759;Bulk 878-4;Nueva Cat;33353.74;24235.83;136;5;2;0;UNIT;Sí;;
NEW-1788552196717-878-6;7709015444;Bulk 878-6;Nueva Cat;6027.22;12214.28;199;5;2;0;UNIT;Sí;;
NEW-1788552196717-878-7;;Bulk 878-7;Nueva Cat;20965.73;954.28;281;5;2;0;UNIT;Sí;;
NEW-1788552196717-878-8;7706178194;Bulk 878-8;Snacks;42581.61;12088.41;48;5;2;0;UNIT;Sí;;
NEW-1788552196722-879-1;7709901450;Bulk 879-1;Lacteos;30195.32;29070.04;376;5;2;0;UNIT;Sí;;
NEW-1788552196722-879-3;7709280611;Bulk 879-3;Lacteos;36551.58;26315.33;58;5;2;0;UNIT;Sí;;2026-12-31
NEW-1788552196722-879-4;7709091208;Bulk 879-4;Nueva Cat;44220.54;4429.73;197;5;2;0;UNIT;Sí;;
NEW-1788552196722-879-6;7702685224;Bulk 879-6;Lacteos;23744.85;7452.45;256;5;2;0;UNIT;Sí;;
NEW-1788552196722-879-7;;Bulk 879-7;Lacteos;41619.71;3096.91;412;5;2;0;UNIT;Sí;;2026-12-31
NEW-1788552194071-88-2;;Bulk 88-2;Lacteos;49579.69;27855.61;136;5;2;0;UNIT;Sí;;
NEW-1788552194071-88-6;;Bulk 88-6;Bebidas;17908.67;17938.99;220;5;2;0;UNIT;Sí;;2026-12-31
NEW-1788552194071-88-8;7703827249;Bulk 88-8;Snacks;8143.26;15597.59;201;5;2;0;UNIT;Sí;;
NEW-1788552194071-88-9;7703061705;Bulk 88-9;Nueva Cat;649.72;12348.07;374;5;2;0;UNIT;Sí;;
NEW-1788552196732-880-3;7707159657;Bulk 880-3;Snacks;14616.83;16944.91;206;5;2;0;UNIT;Sí;;
NEW-1788552196736-881-0;7701046872;Bulk 881-0;Snacks;24121.91;20651.77;282;5;2;0;UNIT;Sí;;
NEW-1788552196736-881-2;;Bulk 881-2;Snacks;24551.41;5068.28;355;5;2;0;UNIT;Sí;;
NEW-1788552196736-881-3;7705765053;Bulk 881-3;Lacteos;35327.48;18221.92;258;5;2;0;UNIT;Sí;;
NEW-1788552196736-881-5;;Bulk 881-5;Snacks;24350.73;25931.14;178;5;2;0;UNIT;Sí;;
NEW-1788552196742-882-2;7703278951;Bulk 882-2;Nueva Cat;43201.79;26738.48;363;5;2;0;UNIT;Sí;;
NEW-1788552196742-882-3;7708127261;Bulk 882-3;Bebidas;41317.25;8582.86;164;5;2;0;UNIT;Sí;;
NEW-1788552196747-883-0;7704631486;Bulk 883-0;Nueva Cat;5732.55;1659.57;281;5;2;0;UNIT;Sí;;
NEW-1788552196747-883-2;;Bulk 883-2;Snacks;24789.6;9245;418;5;2;0;UNIT;Sí;;
NEW-1788552196747-883-4;7702245936;Bulk 883-4;Bebidas;19347.49;4785.59;452;5;2;0;UNIT;Sí;;
NEW-1788552196753-884-1;7701570437;Bulk 884-1;Snacks;26836.91;9134.22;146;5;2;0;UNIT;Sí;;
NEW-1788552196754-885-0;7701475469;Bulk 885-0;Nueva Cat;43337.85;22762.69;376;5;2;0;UNIT;Sí;;
NEW-1788552196754-885-1;7703540533;Bulk 885-1;Snacks;46012.86;18049.5;341;5;2;0;UNIT;Sí;;2026-12-31
NEW-1788552196754-885-2;7708889117;Bulk 885-2;Lacteos;46776.74;29161.04;148;5;2;0;UNIT;Sí;;2026-12-31
NEW-1788552196754-885-4;;Bulk 885-4;Bebidas;29295.96;13781.64;46;5;2;0;UNIT;Sí;;
NEW-1788552196754-885-5;7704674689;Bulk 885-5;Nueva Cat;35526.43;9375.43;497;5;2;0;UNIT;Sí;;
NEW-1788552196754-885-6;7704922645;Bulk 885-6;Snacks;34542.21;4321.59;369;5;2;0;UNIT;Sí;;
NEW-1788552196754-885-7;7709679182;Bulk 885-7;Snacks;22640.4;21792.26;392;5;2;0;UNIT;Sí;;
NEW-1788552196754-885-8;;Bulk 885-8;Nueva Cat;13766.09;23724.97;513;5;2;0;UNIT;Sí;;2026-12-31
NEW-1788552196760-886-0;7701090002;Bulk 886-0;Lacteos;44784.59;23262.37;306;5;2;0;UNIT;Sí;;
NEW-1788552196760-886-1;7703180026;Bulk 886-1;Lacteos;13208.86;23986.86;45;5;2;0;UNIT;Sí;;
NEW-1788552196760-886-2;7701908355;Bulk 886-2;Snacks;38427.31;5263.08;137;5;2;0;UNIT;Sí;;
NEW-1788552196760-886-3;;Bulk 886-3;Bebidas;29220.56;9580.73;63;5;2;0;UNIT;Sí;;
NEW-1788552196760-886-4;;Bulk 886-4;Bebidas;37730.09;11704.88;47;5;2;0;UNIT;Sí;;
NEW-1788552196766-887-1;7701394804;Bulk 887-1;Bebidas;9071;14075.48;46;5;2;0;UNIT;Sí;;
NEW-1788552196766-887-2;7705070542;Bulk 887-2;Snacks;48606.96;1465.56;420;5;2;0;UNIT;Sí;;2026-12-31
NEW-1788552196766-887-3;7701628548;Bulk 887-3;Lacteos;5180.16;5990.91;235;5;2;0;UNIT;Sí;;2026-12-31
NEW-1788552196766-887-6;7709567265;Bulk 887-6;Lacteos;23621.21;2383.72;2;5;2;0;UNIT;Sí;;
NEW-1788552196766-887-7;;Bulk 887-7;Nueva Cat;16811.91;438.47;473;5;2;0;UNIT;Sí;;
NEW-1788552196766-887-8;;Bulk 887-8;Bebidas;1650.42;21286.15;64;5;2;0;UNIT;Sí;;
NEW-1788552196770-888-1;;Bulk 888-1;Snacks;11032.62;1151.98;191;5;2;0;UNIT;Sí;;
NEW-1788552196770-888-2;;Bulk 888-2;Nueva Cat;49685.67;28011.17;279;5;2;0;UNIT;Sí;;
NEW-1788552194076-89-0;;Bulk 89-0;Lacteos;1100.91;1477.67;224;5;2;0;UNIT;Sí;;
NEW-1788552194076-89-1;7704890842;Bulk 89-1;Nueva Cat;4613.39;17361.06;556;5;2;0;UNIT;Sí;;
NEW-1788552194076-89-2;;Bulk 89-2;Nueva Cat;23535.08;29906.23;460;5;2;0;UNIT;Sí;;
NEW-1788552196773-890-0;7707530536;Bulk 890-0;Snacks;39849.57;28329.55;336;5;2;0;UNIT;Sí;;
NEW-1788552196773-890-2;7704069577;Bulk 890-2;Lacteos;34022.08;24358.94;365;5;2;0;UNIT;Sí;;
NEW-1788552196773-890-4;7704925541;Bulk 890-4;Lacteos;24365.89;19554.08;49;5;2;0;UNIT;Sí;;2026-12-31
NEW-1788552196773-890-5;7702600289;Bulk 890-5;Snacks;47529.62;19731.98;410;5;2;0;UNIT;Sí;;
NEW-1788552196777-891-1;7707068594;Bulk 891-1;Lacteos;8017.2;13691.19;206;5;2;0;UNIT;Sí;;2026-12-31
NEW-1788552196778-892-1;7701616387;Bulk 892-1;Snacks;15908.87;23025.03;509;5;2;0;UNIT;Sí;;2026-12-31
NEW-1788552196778-892-3;;Bulk 892-3;Bebidas;1519.78;9352.85;74;5;2;0;UNIT;Sí;;
NEW-1788552196780-893-0;7702823209;Bulk 893-0;Nueva Cat;7172.06;24912.53;319;5;2;0;UNIT;Sí;;
NEW-1788552196780-893-2;7702153291;Bulk 893-2;Snacks;31580.22;18626.36;515;5;2;0;UNIT;Sí;;
NEW-1788552196780-893-3;;Bulk 893-3;Nueva Cat;7038.64;15234.44;249;5;2;0;UNIT;Sí;;
NEW-1788552196783-894-1;7709757015;Bulk 894-1;Lacteos;30873.25;24049.96;199;5;2;0;UNIT;Sí;;2026-12-31
NEW-1788552196783-894-2;7706029393;Bulk 894-2;Lacteos;38627.23;1098.05;343;5;2;0;UNIT;Sí;;2026-12-31
NEW-1788552196783-894-4;;Bulk 894-4;Snacks;36686.46;11653.58;447;5;2;0;UNIT;Sí;;
NEW-1788552196783-894-8;;Bulk 894-8;Bebidas;49244.36;17951.13;373;5;2;0;UNIT;Sí;;
NEW-1788552196783-894-9;7703497698;Bulk 894-9;Bebidas;44097.82;20347.32;524;5;2;0;UNIT;Sí;;
NEW-1788552196787-895-0;7705986115;Bulk 895-0;Nueva Cat;35599.09;21748.56;362;5;2;0;UNIT;Sí;;
NEW-1788552196788-896-1;;Bulk 896-1;Bebidas;44917.02;18500;110;5;2;0;UNIT;Sí;;
NEW-1788552196788-896-3;7707244833;Bulk 896-3;Bebidas;20408.87;1540.96;454;5;2;0;UNIT;Sí;;
NEW-1788552196788-896-5;;Bulk 896-5;Snacks;13825.76;16972.3;497;5;2;0;UNIT;Sí;;
NEW-1788552196792-897-0;7707291904;Bulk 897-0;Snacks;37346.19;27712.98;323;5;2;0;UNIT;Sí;;
NEW-1788552196792-897-1;7702894603;Bulk 897-1;Nueva Cat;5911.45;3827.31;356;5;2;0;UNIT;Sí;;2026-12-31
NEW-1788552196792-897-2;;Bulk 897-2;Snacks;46002.15;24611.03;152;5;2;0;UNIT;Sí;;2026-12-31
NEW-1788552196794-898-0;7706259898;Bulk 898-0;Nueva Cat;48879.98;6080.78;491;5;2;0;UNIT;Sí;;
NEW-1788552196795-899-0;;Bulk 899-0;Nueva Cat;5969.9;23422.94;49;5;2;0;UNIT;Sí;;2026-12-31
NEW-1788552196795-899-4;;Bulk 899-4;Snacks;48436.09;7155.34;190;5;2;0;UNIT;Sí;;
NEW-1788552196795-899-5;7703284301;Bulk 899-5;Bebidas;17162.24;29297.14;439;5;2;0;UNIT;Sí;;
NEW-1788552196795-899-6;;Bulk 899-6;Lacteos;10799.72;16142.75;174;5;2;0;UNIT;Sí;;
NEW-1788552193850-9-1;7701879667;Bulk 9-1;Lacteos;32673.21;12537.24;295;5;2;0;UNIT;Sí;;
NEW-1788552193850-9-2;7702595470;Bulk 9-2;Lacteos;34582.63;810.37;445;5;2;0;UNIT;Sí;;2026-12-31
NEW-1788552193850-9-5;7703015083;Bulk 9-5;Bebidas;28314.49;24254.68;190;5;2;0;UNIT;Sí;;
NEW-1788552193850-9-6;7707275133;Bulk 9-6;Snacks;21337.44;27178.66;530;5;2;0;UNIT;Sí;;
NEW-1788552194078-90-1;7707362126;Bulk 90-1;Nueva Cat;15101.61;24930.8;44;5;2;0;UNIT;Sí;;
NEW-1788552194078-90-2;7704993214;Bulk 90-2;Nueva Cat;1614.47;26015.74;71;5;2;0;UNIT;Sí;;
NEW-1788552194078-90-4;7709460027;Bulk 90-4;Lacteos;5228.56;26958.5;447;5;2;0;UNIT;Sí;;
NEW-1788552194078-90-5;7702192707;Bulk 90-5;Bebidas;7776.77;29414.59;286;5;2;0;UNIT;Sí;;
NEW-1788552194078-90-6;7708731674;Bulk 90-6;Nueva Cat;25882.12;19356.65;47;5;2;0;UNIT;Sí;;2026-12-31
NEW-1788552194078-90-7;7708726356;Bulk 90-7;Lacteos;16864.03;3444.34;122;5;2;0;UNIT;Sí;;
NEW-1788552196799-900-1;7702954262;Bulk 900-1;Lacteos;45597.25;378.46;49;5;2;0;UNIT;Sí;;
NEW-1788552196799-900-2;;Bulk 900-2;Lacteos;780.77;26590.4;117;5;2;0;UNIT;Sí;;
NEW-1788552196799-900-8;;Bulk 900-8;Lacteos;42060.56;1133.97;428;5;2;0;UNIT;Sí;;
NEW-1788552196803-901-4;7704709911;Bulk 901-4;Lacteos;31574.82;18131.02;129;5;2;0;UNIT;Sí;;
NEW-1788552196805-902-0;7702203925;Bulk 902-0;Lacteos;46961.04;5021.61;402;5;2;0;UNIT;Sí;;
NEW-1788552196805-902-1;7707757990;Bulk 902-1;Nueva Cat;8526.96;17674.86;43;5;2;0;UNIT;Sí;;
NEW-1788552196808-903-0;7709086328;Bulk 903-0;Nueva Cat;20976.84;1558.07;59;5;2;0;UNIT;Sí;;
NEW-1788552196808-903-2;7704639621;Bulk 903-2;Snacks;11869.71;8703.13;321;5;2;0;UNIT;Sí;;
NEW-1788552196810-904-1;7706095345;Bulk 904-1;Bebidas;47391.4;19910.27;419;5;2;0;UNIT;Sí;;
NEW-1788552196811-905-1;7701198057;Bulk 905-1;Bebidas;6858.33;22607.3;532;5;2;0;UNIT;Sí;;
NEW-1788552196812-906-0;7705885338;Bulk 906-0;Nueva Cat;40570.54;27328.55;133;5;2;0;UNIT;Sí;;
NEW-1788552196814-907-0;;Bulk 907-0;Snacks;49744.3;7022.22;84;5;2;0;UNIT;Sí;;
NEW-1788552196816-908-0;7705738461;Bulk 908-0;Snacks;49104.22;14610.33;132;5;2;0;UNIT;Sí;;
NEW-1788552196816-908-1;;Bulk 908-1;Bebidas;31698.87;16453.03;331;5;2;0;UNIT;Sí;;
NEW-1788552196816-908-2;;Bulk 908-2;Bebidas;22082.71;22300.68;381;5;2;0;UNIT;Sí;;
NEW-1788552196818-909-1;7706855374;Bulk 909-1;Bebidas;8251.46;28953.32;183;5;2;0;UNIT;Sí;;
NEW-1788552196818-909-2;7701642645;Bulk 909-2;Lacteos;30388.77;15676.56;373;5;2;0;UNIT;Sí;;
NEW-1788552196818-909-4;;Bulk 909-4;Nueva Cat;16826.67;26008.24;418;5;2;0;UNIT;Sí;;
NEW-1788552196818-909-7;7702950222;Bulk 909-7;Nueva Cat;48122.53;21855.45;138;5;2;0;UNIT;Sí;;2026-12-31
NEW-1788552194082-91-2;7702047684;Bulk 91-2;Nueva Cat;45478.76;4583.72;434;5;2;0;UNIT;Sí;;
NEW-1788552194082-91-4;7705818558;Bulk 91-4;Lacteos;39132.39;9341.39;496;5;2;0;UNIT;Sí;;2026-12-31
NEW-1788552194082-91-5;7701394261;Bulk 91-5;Snacks;36914.92;18625.61;291;5;2;0;UNIT;Sí;;
NEW-1788552196823-910-1;7709635940;Bulk 910-1;Bebidas;28113.71;24460.17;350;5;2;0;UNIT;Sí;;
NEW-1788552196823-910-2;7709465753;Bulk 910-2;Lacteos;7446.76;24969.95;106;5;2;0;UNIT;Sí;;
NEW-1788552196823-910-4;7702232163;Bulk 910-4;Snacks;46399.21;29635.49;351;5;2;0;UNIT;Sí;;
NEW-1788552196826-911-2;7706438866;Bulk 911-2;Snacks;34279.53;12003.38;524;5;2;0;UNIT;Sí;;2026-12-31
NEW-1788552196849-912-1;7703647576;Bulk 912-1;Lacteos;43354.42;7340.37;176;5;2;0;UNIT;Sí;;
NEW-1788552196849-912-3;7701779613;Bulk 912-3;Bebidas;24329.73;26538.36;479;5;2;0;UNIT;Sí;;
NEW-1788552196854-913-4;7705649893;Bulk 913-4;Bebidas;44268.95;541.46;116;5;2;0;UNIT;Sí;;
NEW-1788552196854-913-5;;Bulk 913-5;Bebidas;24514.61;3385.69;199;5;2;0;UNIT;Sí;;
NEW-1788552196854-913-7;;Bulk 913-7;Lacteos;13630.22;13830.54;224;5;2;0;UNIT;Sí;;
NEW-1788552196854-913-8;7709949822;Bulk 913-8;Lacteos;3739.44;17056.46;248;5;2;0;UNIT;Sí;;
NEW-1788552196854-913-9;7702546188;Bulk 913-9;Nueva Cat;47718.58;15272.59;198;5;2;0;UNIT;Sí;;
NEW-1788552196862-914-0;;Bulk 914-0;Snacks;11601.97;22846.81;316;5;2;0;UNIT;Sí;;
NEW-1788552196862-914-2;7707205238;Bulk 914-2;Lacteos;23863.22;2612.7;448;5;2;0;UNIT;Sí;;
NEW-1788552196862-914-3;;Bulk 914-3;Lacteos;44269.86;11340.43;461;5;2;0;UNIT;Sí;;
NEW-1788552196862-914-5;7703405003;Bulk 914-5;Snacks;44196.06;10599.19;378;5;2;0;UNIT;Sí;;
NEW-1788552196862-914-6;7709295416;Bulk 914-6;Bebidas;15529.33;9809.46;294;5;2;0;UNIT;Sí;;2026-12-31
NEW-1788552196862-914-9;;Bulk 914-9;Bebidas;26639.38;8450.02;214;5;2;0;UNIT;Sí;;
NEW-1788552196876-915-0;;Bulk 915-0;Lacteos;30383.18;14113.86;170;5;2;0;UNIT;Sí;;
NEW-1788552196876-915-1;7708349480;Bulk 915-1;Snacks;26660.97;24838.33;252;5;2;0;UNIT;Sí;;
NEW-1788552196876-915-5;;Bulk 915-5;Snacks;16671.59;25803.5;393;5;2;0;UNIT;Sí;;2026-12-31
NEW-1788552196876-915-7;;Bulk 915-7;Bebidas;24049.09;1608.74;429;5;2;0;UNIT;Sí;;
NEW-1788552196876-915-8;;Bulk 915-8;Bebidas;20658.12;20322.48;368;5;2;0;UNIT;Sí;;
NEW-1788552196876-915-9;7709677329;Bulk 915-9;Lacteos;21305.46;15041.99;153;5;2;0;UNIT;Sí;;
NEW-1788552196886-917-2;7704785095;Bulk 917-2;Snacks;25817.51;22042.01;432;5;2;0;UNIT;Sí;;
NEW-1788552196886-917-3;7708285483;Bulk 917-3;Snacks;2627.94;28269.95;218;5;2;0;UNIT;Sí;;
NEW-1788552194088-92-0;7702227761;Bulk 92-0;Snacks;14876.2;1003.86;418;5;2;0;UNIT;Sí;;2026-12-31
NEW-1788552194088-92-1;7709437682;Bulk 92-1;Nueva Cat;39022.3;8253.3;499;5;2;0;UNIT;Sí;;2026-12-31
NEW-1788552196889-920-1;7703132391;Bulk 920-1;Snacks;27251.72;9011.75;516;5;2;0;UNIT;Sí;;
NEW-1788552196889-920-4;7701933689;Bulk 920-4;Nueva Cat;34738.94;20973.98;204;5;2;0;UNIT;Sí;;
NEW-1788552196889-920-5;7702044269;Bulk 920-5;Snacks;44051.36;20633.83;164;5;2;0;UNIT;Sí;;
NEW-1788552196889-920-6;;Bulk 920-6;Lacteos;15426.85;8512.88;142;5;2;0;UNIT;Sí;;
NEW-1788552196893-921-0;7701238846;Bulk 921-0;Snacks;1825.87;21075.41;175;5;2;0;UNIT;Sí;;
NEW-1788552196893-921-5;7703010595;Bulk 921-5;Bebidas;17968.48;18155.02;93;5;2;0;UNIT;Sí;;
NEW-1788552196896-923-0;7701405375;Bulk 923-0;Bebidas;24087.22;24235.65;440;5;2;0;UNIT;Sí;;
NEW-1788552196896-923-1;;Bulk 923-1;Nueva Cat;33617.34;21628.27;327;5;2;0;UNIT;Sí;;
NEW-1788552196896-923-2;7701549818;Bulk 923-2;Bebidas;8186.18;3111.26;408;5;2;0;UNIT;Sí;;
NEW-1788552196896-923-3;7705986969;Bulk 923-3;Snacks;24810.83;2587.25;323;5;2;0;UNIT;Sí;;
NEW-1788552196899-924-0;7704794724;Bulk 924-0;Lacteos;31458.39;11425.36;231;5;2;0;UNIT;Sí;;
NEW-1788552196899-924-2;7706184201;Bulk 924-2;Nueva Cat;48697.28;16996.52;122;5;2;0;UNIT;Sí;;2026-12-31
NEW-1788552196899-924-3;;Bulk 924-3;Snacks;11214.67;19371.74;75;5;2;0;UNIT;Sí;;
NEW-1788552196902-925-1;7708870671;Bulk 925-1;Snacks;40661.35;28937.13;227;5;2;0;UNIT;Sí;;
NEW-1788552196902-925-3;7701505578;Bulk 925-3;Lacteos;5849.37;9131.99;46;5;2;0;UNIT;Sí;;2026-12-31
NEW-1788552196902-925-5;7707979667;Bulk 925-5;Snacks;40654.59;9759.19;392;5;2;0;UNIT;Sí;;
NEW-1788552196902-925-6;;Bulk 925-6;Nueva Cat;17675.62;10831.37;431;5;2;0;UNIT;Sí;;
NEW-1788552196902-925-7;7707495814;Bulk 925-7;Lacteos;5257.35;19326.54;128;5;2;0;UNIT;Sí;;
NEW-1788552196906-926-0;;Bulk 926-0;Snacks;11071.14;17324.83;464;5;2;0;UNIT;Sí;;
NEW-1788552196906-926-1;7707109246;Bulk 926-1;Lacteos;41604.58;5561.41;345;5;2;0;UNIT;Sí;;2026-12-31
NEW-1788552196906-926-6;7703612704;Bulk 926-6;Bebidas;38163.87;8461.39;156;5;2;0;UNIT;Sí;;2026-12-31
NEW-1788552196909-927-0;7703451243;Bulk 927-0;Snacks;47277.45;3510.78;538;5;2;0;UNIT;Sí;;
NEW-1788552196909-927-3;7707454542;Bulk 927-3;Lacteos;38502.54;1079.71;190;5;2;0;UNIT;Sí;;
NEW-1788552196909-927-4;7709707056;Bulk 927-4;Nueva Cat;33296.29;19624.47;299;5;2;0;UNIT;Sí;;
NEW-1788552196909-927-6;7706826746;Bulk 927-6;Nueva Cat;15026.36;18107.41;156;5;2;0;UNIT;Sí;;
NEW-1788552196912-928-1;7708685751;Bulk 928-1;Lacteos;29278.76;26818.73;159;5;2;0;UNIT;Sí;;
NEW-1788552196912-928-3;;Bulk 928-3;Snacks;9715.31;21197.04;477;5;2;0;UNIT;Sí;;
NEW-1788552196912-928-5;7706248179;Bulk 928-5;Lacteos;35641.56;9008.04;70;5;2;0;UNIT;Sí;;
NEW-1788552196916-929-1;7707137384;Bulk 929-1;Lacteos;30758.13;664.27;442;5;2;0;UNIT;Sí;;2026-12-31
NEW-1788552194089-93-0;;Bulk 93-0;Bebidas;36098.31;23176.5;301;5;2;0;UNIT;Sí;;
NEW-1788552194089-93-3;;Bulk 93-3;Lacteos;30568.45;29445.51;288;5;2;0;UNIT;Sí;;
NEW-1788552196917-930-1;7709356004;Bulk 930-1;Nueva Cat;14555.68;16406.97;274;5;2;0;UNIT;Sí;;
NEW-1788552196917-930-3;7706034533;Bulk 930-3;Bebidas;43828.82;28850.63;471;5;2;0;UNIT;Sí;;
NEW-1788552196917-930-5;7706312525;Bulk 930-5;Nueva Cat;46978.73;17889.85;358;5;2;0;UNIT;Sí;;
NEW-1788552196921-931-0;7705540181;Bulk 931-0;Snacks;11405.28;12441.3;126;5;2;0;UNIT;Sí;;
NEW-1788552196921-931-3;;Bulk 931-3;Nueva Cat;2829.43;23187.07;212;5;2;0;UNIT;Sí;;
NEW-1788552196923-932-1;7702009762;Bulk 932-1;Snacks;3750.84;5522.81;392;5;2;0;UNIT;Sí;;
NEW-1788552196923-932-5;;Bulk 932-5;Bebidas;18970.22;20641.59;47;5;2;0;UNIT;Sí;;
NEW-1788552196925-933-0;7707057728;Bulk 933-0;Snacks;24625.7;28185.18;386;5;2;0;UNIT;Sí;;2026-12-31
NEW-1788552196925-933-4;7709004276;Bulk 933-4;Bebidas;35613.26;17112.71;528;5;2;0;UNIT;Sí;;
NEW-1788552196927-934-3;;Bulk 934-3;Nueva Cat;46127.12;17684.81;327;5;2;0;UNIT;Sí;;
NEW-1788552196929-935-0;;Bulk 935-0;Lacteos;20432.1;27073.23;216;5;2;0;UNIT;Sí;;
NEW-1788552196929-935-2;7702981838;Bulk 935-2;Lacteos;14097.41;4309.52;169;5;2;0;UNIT;Sí;;
NEW-1788552196929-935-3;7701103046;Bulk 935-3;Nueva Cat;25112;5852.38;324;5;2;0;UNIT;Sí;;
NEW-1788552196929-935-4;7708516468;Bulk 935-4;Bebidas;31980.55;7953.18;288;5;2;0;UNIT;Sí;;
NEW-1788552196929-935-6;7708642569;Bulk 935-6;Snacks;25916.68;5379.88;240;5;2;0;UNIT;Sí;;
NEW-1788552196929-935-7;7705485199;Bulk 935-7;Lacteos;8582.47;21597.83;294;5;2;0;UNIT;Sí;;
NEW-1788552196929-935-8;7707177559;Bulk 935-8;Bebidas;17857.77;24452.33;118;5;2;0;UNIT;Sí;;
NEW-1788552196929-935-9;7702157571;Bulk 935-9;Snacks;31674.42;16731.75;125;5;2;0;UNIT;Sí;;
NEW-1788552196938-937-1;7708961829;Bulk 937-1;Snacks;17608.98;26021.95;330;5;2;0;UNIT;Sí;;
NEW-1788552196939-938-0;;Bulk 938-0;Bebidas;26558.29;3851.78;165;5;2;0;UNIT;Sí;;
NEW-1788552196939-938-2;;Bulk 938-2;Nueva Cat;3467.52;5485.48;92;5;2;0;UNIT;Sí;;2026-12-31
NEW-1788552196941-939-0;7705502435;Bulk 939-0;Lacteos;33498.64;3518.74;168;5;2;0;UNIT;Sí;;2026-12-31
NEW-1788552196941-939-1;;Bulk 939-1;Bebidas;32552.01;11741.96;316;5;2;0;UNIT;Sí;;
NEW-1788552196941-939-2;;Bulk 939-2;Nueva Cat;28968.98;15406.62;292;5;2;0;UNIT;Sí;;
NEW-1788552194091-94-2;7709570968;Bulk 94-2;Lacteos;31190.34;8579.41;14;5;2;0;UNIT;Sí;;
NEW-1788552194091-94-3;7706229681;Bulk 94-3;Bebidas;45861.28;1893.82;76;5;2;0;UNIT;Sí;;
NEW-1788552194091-94-4;7707460291;Bulk 94-4;Nueva Cat;25153.52;27912.67;411;5;2;0;UNIT;Sí;;
NEW-1788552194091-94-6;;Bulk 94-6;Lacteos;34362.67;13035.52;149;5;2;0;UNIT;Sí;;
NEW-1788552196943-940-0;7704987638;Bulk 940-0;Bebidas;30119.26;12436.53;338;5;2;0;UNIT;Sí;;
NEW-1788552196943-940-2;;Bulk 940-2;Lacteos;38803.59;4846.71;347;5;2;0;UNIT;Sí;;2026-12-31
NEW-1788552196944-941-2;7704786774;Bulk 941-2;Bebidas;24268.3;12877.54;131;5;2;0;UNIT;Sí;;
NEW-1788552196944-941-3;7701672471;Bulk 941-3;Lacteos;8343.99;4075.8;176;5;2;0;UNIT;Sí;;
NEW-1788552196944-941-4;7706463451;Bulk 941-4;Lacteos;29572;22316.01;124;5;2;0;UNIT;Sí;;
NEW-1788552196944-941-5;;Bulk 941-5;Lacteos;38138.32;7130.97;60;5;2;0;UNIT;Sí;;2026-12-31
NEW-1788552196944-941-7;7705710381;Bulk 941-7;Bebidas;32562.73;11533.64;480;5;2;0;UNIT;Sí;;
NEW-1788552196944-941-9;7703316862;Bulk 941-9;Nueva Cat;38266.31;16278.71;258;5;2;0;UNIT;Sí;;
NEW-1788552196952-942-0;7705031132;Bulk 942-0;Snacks;25009.63;22109.19;180;5;2;0;UNIT;Sí;;2026-12-31
NEW-1788552196952-942-1;7707015317;Bulk 942-1;Nueva Cat;43450.77;5225.82;46;5;2;0;UNIT;Sí;;
NEW-1788552196952-942-3;7705475454;Bulk 942-3;Nueva Cat;43831.85;13912.43;456;5;2;0;UNIT;Sí;;
NEW-1788552196954-943-3;7701704813;Bulk 943-3;Nueva Cat;14843.25;26817.63;114;5;2;0;UNIT;Sí;;
NEW-1788552196954-943-5;7708854951;Bulk 943-5;Lacteos;30334.86;4476.13;289;5;2;0;UNIT;Sí;;
NEW-1788552196954-943-6;;Bulk 943-6;Nueva Cat;36700.92;13014.07;122;5;2;0;UNIT;Sí;;
NEW-1788552196957-944-0;7709387840;Bulk 944-0;Nueva Cat;44272.88;652.66;332;5;2;0;UNIT;Sí;;
NEW-1788552196957-944-2;;Bulk 944-2;Lacteos;18676.84;348.89;138;5;2;0;UNIT;Sí;;
NEW-1788552196959-945-0;7707175042;Bulk 945-0;Lacteos;12326.52;8251.63;423;5;2;0;UNIT;Sí;;
NEW-1788552196959-945-1;;Bulk 945-1;Bebidas;29017.67;29144.19;328;5;2;0;UNIT;Sí;;
NEW-1788552196959-945-4;;Bulk 945-4;Nueva Cat;43865.57;25771.91;274;5;2;0;UNIT;Sí;;2026-12-31
NEW-1788552196962-946-0;7707660181;Bulk 946-0;Lacteos;27660.02;2358;273;5;2;0;UNIT;Sí;;
NEW-1788552196962-946-2;7703446918;Bulk 946-2;Lacteos;10497.77;12185.93;349;5;2;0;UNIT;Sí;;
NEW-1788552196963-947-3;;Bulk 947-3;Lacteos;36129.56;16002.43;335;5;2;0;UNIT;Sí;;2026-12-31
NEW-1788552196969-948-1;;Bulk 948-1;Snacks;43636.39;16913.11;345;5;2;0;UNIT;Sí;;
NEW-1788552196969-948-3;;Bulk 948-3;Nueva Cat;22275.04;8218.59;292;5;2;0;UNIT;Sí;;2026-12-31
NEW-1788552196969-948-4;7708828527;Bulk 948-4;Lacteos;32302.49;2325.26;87;5;2;0;UNIT;Sí;;
NEW-1788552196969-948-5;7706098885;Bulk 948-5;Bebidas;11105.71;23449.29;130;5;2;0;UNIT;Sí;;2026-12-31
NEW-1788552196969-948-7;7709411186;Bulk 948-7;Bebidas;41433.97;14821.53;269;5;2;0;UNIT;Sí;;2026-12-31
NEW-1788552196969-948-8;7701100393;Bulk 948-8;Snacks;44729.25;28617.94;363;5;2;0;UNIT;Sí;;
NEW-1788552196969-948-9;;Bulk 948-9;Nueva Cat;24292.06;11892.31;527;5;2;0;UNIT;Sí;;
NEW-1788552196974-949-0;;Bulk 949-0;Nueva Cat;27985.49;11812.41;485;5;2;0;UNIT;Sí;;2026-12-31
NEW-1788552196974-949-1;;Bulk 949-1;Snacks;48559.26;9548.01;337;5;2;0;UNIT;Sí;;
NEW-1788552196977-951-0;7709842597;Bulk 951-0;Bebidas;39781.81;13237.16;148;5;2;0;UNIT;Sí;;
NEW-1788552196977-951-1;;Bulk 951-1;Bebidas;49899.49;24983.36;225;5;2;0;UNIT;Sí;;
NEW-1788552196977-951-5;;Bulk 951-5;Nueva Cat;2863.7;13923.84;370;5;2;0;UNIT;Sí;;
NEW-1788552196977-951-7;;Bulk 951-7;Lacteos;31730.88;20078.38;321;5;2;0;UNIT;Sí;;
NEW-1788552196981-952-0;;Bulk 952-0;Bebidas;5071.04;8756.41;68;5;2;0;UNIT;Sí;;
NEW-1788552196981-952-1;7705420493;Bulk 952-1;Lacteos;36896.12;16902.56;302;5;2;0;UNIT;Sí;;
NEW-1788552196981-952-2;7709521301;Bulk 952-2;Bebidas;32766.42;21245.75;479;5;2;0;UNIT;Sí;;
NEW-1788552196981-952-3;;Bulk 952-3;Bebidas;29893.8;22117.33;329;5;2;0;UNIT;Sí;;
NEW-1788552196981-952-4;;Bulk 952-4;Bebidas;7663.69;25921.17;457;5;2;0;UNIT;Sí;;
NEW-1788552196981-952-5;;Bulk 952-5;Lacteos;21269.84;9118.76;555;5;2;0;UNIT;Sí;;2026-12-31
NEW-1788552196985-953-2;7705417826;Bulk 953-2;Nueva Cat;6228.41;24567.5;44;5;2;0;UNIT;Sí;;
NEW-1788552196985-953-3;7709538103;Bulk 953-3;Bebidas;41027.68;8220.25;217;5;2;0;UNIT;Sí;;
NEW-1788552196985-953-4;7707654133;Bulk 953-4;Lacteos;11502.47;2651.81;252;5;2;0;UNIT;Sí;;
NEW-1788552196985-953-6;7701685512;Bulk 953-6;Lacteos;10788.84;1563.89;69;5;2;0;UNIT;Sí;;2026-12-31
NEW-1788552196985-953-7;7702242995;Bulk 953-7;Snacks;7796.02;7676.35;142;5;2;0;UNIT;Sí;;
NEW-1788552196985-953-9;7706708291;Bulk 953-9;Nueva Cat;39651.51;4500.49;145;5;2;0;UNIT;Sí;;2026-12-31
NEW-1788552196989-954-0;7702143369;Bulk 954-0;Snacks;40071.83;27034.11;48;5;2;0;UNIT;Sí;;
NEW-1788552196989-954-1;7702962935;Bulk 954-1;Bebidas;21355.56;25336.01;104;5;2;0;UNIT;Sí;;
NEW-1788552196989-954-2;7701016204;Bulk 954-2;Lacteos;23995.24;15855.58;169;5;2;0;UNIT;Sí;;
NEW-1788552196992-955-1;7702458517;Bulk 955-1;Lacteos;24890.79;19568.33;80;5;2;0;UNIT;Sí;;
NEW-1788552196992-955-2;7704665377;Bulk 955-2;Snacks;23909.92;6148.98;209;5;2;0;UNIT;Sí;;
NEW-1788552196992-955-3;;Bulk 955-3;Lacteos;44331.87;12265.85;240;5;2;0;UNIT;Sí;;2026-12-31
NEW-1788552196992-955-4;7705840100;Bulk 955-4;Nueva Cat;3404.27;17940.38;365;5;2;0;UNIT;Sí;;
NEW-1788552196995-956-0;;Bulk 956-0;Bebidas;26543.68;19090.21;257;5;2;0;UNIT;Sí;;
NEW-1788552196996-957-3;;Bulk 957-3;Snacks;2330.46;22807.42;81;5;2;0;UNIT;Sí;;
NEW-1788552197000-958-1;7707279325;Bulk 958-1;Nueva Cat;17161.27;3716.7;244;5;2;0;UNIT;Sí;;2026-12-31
NEW-1788552197000-958-2;7702660313;Bulk 958-2;Lacteos;27881.74;18151.76;130;5;2;0;UNIT;Sí;;
NEW-1788552197000-958-3;7707921395;Bulk 958-3;Bebidas;27848.34;14579.92;426;5;2;0;UNIT;Sí;;
NEW-1788552197000-958-4;7705057177;Bulk 958-4;Bebidas;12879.6;2639.17;321;5;2;0;UNIT;Sí;;
NEW-1788552197005-959-0;7706409591;Bulk 959-0;Snacks;32426.79;27216.59;353;5;2;0;UNIT;Sí;;
NEW-1788552197005-959-1;7708274559;Bulk 959-1;Snacks;12517.04;6111.89;73;5;2;0;UNIT;Sí;;
NEW-1788552197005-959-3;7705788368;Bulk 959-3;Bebidas;4528.9;28575.01;309;5;2;0;UNIT;Sí;;
NEW-1788552197005-959-7;;Bulk 959-7;Snacks;24462.68;12894.91;268;5;2;0;UNIT;Sí;;
NEW-1788552197005-959-8;7703903740;Bulk 959-8;Nueva Cat;2594.43;24835.2;439;5;2;0;UNIT;Sí;;2026-12-31
NEW-1788552197012-961-0;7705126253;Bulk 961-0;Bebidas;38730.85;16324.95;236;5;2;0;UNIT;Sí;;2026-12-31
NEW-1788552197012-962-0;;Bulk 962-0;Snacks;12504.19;17476.8;419;5;2;0;UNIT;Sí;;2026-12-31
NEW-1788552197012-962-6;;Bulk 962-6;Snacks;18992.89;29212.76;190;5;2;0;UNIT;Sí;;
NEW-1788552197020-963-0;7704843031;Bulk 963-0;Snacks;7399.2;10353.31;47;5;2;0;UNIT;Sí;;2026-12-31
NEW-1788552197021-964-3;7708724769;Bulk 964-3;Lacteos;36182.98;457.38;326;5;2;0;UNIT;Sí;;
NEW-1788552197021-964-4;7705066641;Bulk 964-4;Lacteos;46349.28;27500.32;576;5;2;0;UNIT;Sí;;
NEW-1788552197021-964-7;7705269287;Bulk 964-7;Nueva Cat;31629.1;18513.86;402;5;2;0;UNIT;Sí;;2026-12-31
NEW-1788552197025-965-0;7709717527;Bulk 965-0;Lacteos;25204.22;29442.81;419;5;2;0;UNIT;Sí;;
NEW-1788552197025-965-4;;Bulk 965-4;Nueva Cat;11523.22;21734.94;44;5;2;0;UNIT;Sí;;
NEW-1788552197025-965-6;7703950106;Bulk 965-6;Lacteos;24089.35;14563.97;456;5;2;0;UNIT;Sí;;
NEW-1788552197028-966-2;7701921606;Bulk 966-2;Snacks;6579.65;10299.7;120;5;2;0;UNIT;Sí;;
NEW-1788552197028-966-4;7703143516;Bulk 966-4;Lacteos;33670.66;7431.1;183;5;2;0;UNIT;Sí;;
NEW-1788552197028-966-5;;Bulk 966-5;Snacks;43890.63;20351.56;470;5;2;0;UNIT;Sí;;
NEW-1788552197030-967-0;7708012213;Bulk 967-0;Nueva Cat;34070.53;28809.83;219;5;2;0;UNIT;Sí;;2026-12-31
NEW-1788552197032-968-1;7706414676;Bulk 968-1;Bebidas;805.73;3174;127;5;2;0;UNIT;Sí;;
NEW-1788552197032-968-2;7702389723;Bulk 968-2;Snacks;6601.08;12177.1;437;5;2;0;UNIT;Sí;;
NEW-1788552197032-968-3;7709170517;Bulk 968-3;Nueva Cat;1679.95;28423.61;45;5;2;0;UNIT;Sí;;
NEW-1788552197032-968-4;7709793332;Bulk 968-4;Snacks;19981.05;24927.54;365;5;2;0;UNIT;Sí;;
NEW-1788552197032-968-5;7705106295;Bulk 968-5;Bebidas;49689.45;9412.34;71;5;2;0;UNIT;Sí;;2026-12-31
NEW-1788552197032-968-7;7708435850;Bulk 968-7;Snacks;21213.93;2175.22;206;5;2;0;UNIT;Sí;;
NEW-1788552197032-968-8;7704433664;Bulk 968-8;Nueva Cat;25378.14;23926.64;449;5;2;0;UNIT;Sí;;
NEW-1788552197032-968-9;7706584923;Bulk 968-9;Nueva Cat;36846.03;16379.8;208;5;2;0;UNIT;Sí;;2026-12-31
NEW-1788552197038-969-0;7706521573;Bulk 969-0;Lacteos;33433.77;6425.29;194;5;2;0;UNIT;Sí;;
NEW-1788552197038-969-1;7709804868;Bulk 969-1;Lacteos;48843.49;28494.94;45;5;2;0;UNIT;Sí;;
NEW-1788552197038-969-6;7705525300;Bulk 969-6;Bebidas;23911.26;16630.48;505;5;2;0;UNIT;Sí;;
NEW-1788552194096-97-0;;Bulk 97-0;Bebidas;34385.28;12134.38;449;5;2;0;UNIT;Sí;;2026-12-31
NEW-1788552197042-970-0;7701836402;Bulk 970-0;Bebidas;12958.82;2597.24;364;5;2;0;UNIT;Sí;;
NEW-1788552197042-970-7;7707356817;Bulk 970-7;Snacks;45254.03;22051.94;315;5;2;0;UNIT;Sí;;
NEW-1788552197045-971-0;7709485217;Bulk 971-0;Snacks;4061.81;1094.52;41;5;2;0;UNIT;Sí;;2026-12-31
NEW-1788552197045-971-1;7701659825;Bulk 971-1;Snacks;33015.66;28083.7;486;5;2;0;UNIT;Sí;;
NEW-1788552197045-971-5;7704662103;Bulk 971-5;Nueva Cat;37724.98;17597.71;56;5;2;0;UNIT;Sí;;
NEW-1788552197045-971-6;7701688132;Bulk 971-6;Bebidas;13796.93;20785.07;233;5;2;0;UNIT;Sí;;
NEW-1788552197045-971-8;7707419903;Bulk 971-8;Snacks;22138.05;7968.07;210;5;2;0;UNIT;Sí;;2026-12-31
NEW-1788552197049-972-0;;Bulk 972-0;Nueva Cat;3849.03;29661.04;46;5;2;0;UNIT;Sí;;
NEW-1788552197049-972-1;;Bulk 972-1;Snacks;15024.03;27024.33;53;5;2;0;UNIT;Sí;;2026-12-31
NEW-1788552197049-972-2;7703510851;Bulk 972-2;Snacks;17664.23;17448.73;90;5;2;0;UNIT;Sí;;
NEW-1788552197049-972-3;7701109897;Bulk 972-3;Lacteos;11112.36;29589.9;169;5;2;0;UNIT;Sí;;
NEW-1788552197049-972-5;7701366271;Bulk 972-5;Snacks;45727.73;4316.46;99;5;2;0;UNIT;Sí;;
NEW-1788552197049-972-6;7704236888;Bulk 972-6;Lacteos;28611.96;28943.63;310;5;2;0;UNIT;Sí;;2026-12-31
NEW-1788552197049-972-7;7705662531;Bulk 972-7;Bebidas;1008.3;14285.67;365;5;2;0;UNIT;Sí;;2026-12-31
NEW-1788552197054-973-4;7709454874;Bulk 973-4;Lacteos;24668.98;14726.21;375;5;2;0;UNIT;Sí;;
NEW-1788552197054-973-5;;Bulk 973-5;Nueva Cat;41885.33;4227.66;355;5;2;0;UNIT;Sí;;
NEW-1788552197054-973-7;7706551782;Bulk 973-7;Nueva Cat;16882.27;11705.37;311;5;2;0;UNIT;Sí;;
NEW-1788552197054-973-8;7709234835;Bulk 973-8;Nueva Cat;34373.06;23456.86;468;5;2;0;UNIT;Sí;;2026-12-31
NEW-1788552197061-975-2;;Bulk 975-2;Bebidas;45275.41;15126.77;482;5;2;0;UNIT;Sí;;
NEW-1788552197061-975-3;7705070024;Bulk 975-3;Lacteos;22908.62;10335.91;493;5;2;0;UNIT;Sí;;
NEW-1788552197061-975-4;7705297585;Bulk 975-4;Snacks;13906.64;25802.89;137;5;2;0;UNIT;Sí;;
NEW-1788552197064-976-0;7704043675;Bulk 976-0;Snacks;37308.01;23628.15;323;5;2;0;UNIT;Sí;;2026-12-31
NEW-1788552197064-976-1;7704215355;Bulk 976-1;Nueva Cat;10865.55;1955.25;110;5;2;0;UNIT;Sí;;
NEW-1788552197064-976-3;7708051386;Bulk 976-3;Lacteos;40851.77;248.95;248;5;2;0;UNIT;Sí;;
NEW-1788552197064-976-6;;Bulk 976-6;Lacteos;36074.23;22189.52;113;5;2;0;UNIT;Sí;;
NEW-1788552197064-976-7;;Bulk 976-7;Lacteos;17340.15;25797.57;308;5;2;0;UNIT;Sí;;2026-12-31
NEW-1788552197071-977-0;7704812856;Bulk 977-0;Bebidas;20656.28;22264.58;265;5;2;0;UNIT;Sí;;
NEW-1788552197071-977-5;7702828993;Bulk 977-5;Snacks;31232.75;18340.02;281;5;2;0;UNIT;Sí;;
NEW-1788552197071-977-7;7706751028;Bulk 977-7;Bebidas;11336.33;14204.85;251;5;2;0;UNIT;Sí;;
NEW-1788552197074-978-3;;Bulk 978-3;Bebidas;43146.97;11258.04;47;5;2;0;UNIT;Sí;;2026-12-31
NEW-1788552197074-978-5;7706448198;Bulk 978-5;Snacks;835.74;11983.74;165;5;2;0;UNIT;Sí;;
NEW-1788552197074-978-7;7708614586;Bulk 978-7;Nueva Cat;5302.91;5032.63;482;5;2;0;UNIT;Sí;;
NEW-1788552197074-978-8;7704619108;Bulk 978-8;Nueva Cat;12221.05;7554.68;225;5;2;0;UNIT;Sí;;2026-12-31
NEW-1788552197078-979-2;7706893751;Bulk 979-2;Snacks;41210.94;20217.52;452;5;2;0;UNIT;Sí;;
NEW-1788552194097-98-0;7709954366;Bulk 98-0;Snacks;18554.32;4086.26;93;5;2;0;UNIT;Sí;;
NEW-1788552194097-98-1;7708330144;Bulk 98-1;Snacks;674.86;4779.51;212;5;2;0;UNIT;Sí;;
NEW-1788552194097-98-2;7702872412;Bulk 98-2;Lacteos;12751.3;11398.28;83;5;2;0;UNIT;Sí;;
NEW-1788552194097-98-3;7706673550;Bulk 98-3;Snacks;20640.53;5049.83;283;5;2;0;UNIT;Sí;;2026-12-31
NEW-1788552194097-98-4;7703068733;Bulk 98-4;Lacteos;10987.91;24742.19;172;5;2;0;UNIT;Sí;;
NEW-1788552194097-98-6;;Bulk 98-6;Snacks;21631.41;4632.01;45;5;2;0;UNIT;Sí;;
NEW-1788552194097-98-7;7708311009;Bulk 98-7;Snacks;47069.46;22153.81;260;5;2;0;UNIT;Sí;;
NEW-1788552197080-982-2;7702725272;Bulk 982-2;Lacteos;21312.21;18965.83;143;5;2;0;UNIT;Sí;;
NEW-1788552197080-982-3;7706854497;Bulk 982-3;Bebidas;49528.75;1219.64;84;5;2;0;UNIT;Sí;;
NEW-1788552197080-982-4;;Bulk 982-4;Lacteos;46697.02;23612.14;206;5;2;0;UNIT;Sí;;
NEW-1788552197080-982-6;7709394206;Bulk 982-6;Bebidas;23172.55;19905.65;467;5;2;0;UNIT;Sí;;
NEW-1788552197085-983-0;7703512190;Bulk 983-0;Bebidas;36957.25;23569.23;104;5;2;0;UNIT;Sí;;
NEW-1788552197088-984-0;7705922551;Bulk 984-0;Bebidas;4707.3;12346.19;341;5;2;0;UNIT;Sí;;2026-12-31
NEW-1788552197088-984-1;;Bulk 984-1;Lacteos;41133.02;27736.28;217;5;2;0;UNIT;Sí;;
PROD-0008;7705012950;Bulk 984-3;Bebidas;48761.05;5129.03;271;3;3;8;L;Sí;;2026-12-31
NEW-1788552197088-984-4;;Bulk 984-4;Snacks;9953.46;15082.93;407;5;2;0;UNIT;Sí;;2026-12-31
NEW-1788552197093-985-0;7709974077;Bulk 985-0;Bebidas;26631.83;24942.98;178;5;2;0;UNIT;Sí;;
NEW-1788552197093-985-2;7704213055;Bulk 985-2;Bebidas;5939.97;24715.3;113;5;2;0;UNIT;Sí;;
NEW-1788552197093-985-4;7703639660;Bulk 985-4;Bebidas;3323.97;22479.81;264;5;2;0;UNIT;Sí;;2026-12-31
NEW-1788552197095-986-0;7703284257;Bulk 986-0;Nueva Cat;21856.39;4007.4;525;5;2;0;UNIT;Sí;;2026-12-31
NEW-1788552197097-988-0;7702745632;Bulk 988-0;Lacteos;32314.68;24204.33;476;5;2;0;UNIT;Sí;;
NEW-1788552197097-988-1;;Bulk 988-1;Lacteos;35164.76;3059.26;111;5;2;0;UNIT;Sí;;
NEW-1788552197097-988-2;7706590849;Bulk 988-2;Lacteos;30148.23;4565.33;431;5;2;0;UNIT;Sí;;
NEW-1788552197097-988-4;;Bulk 988-4;Nueva Cat;46025.46;10143.14;241;5;2;0;UNIT;Sí;;
NEW-1788552197097-988-5;7706363176;Bulk 988-5;Nueva Cat;40398.12;23731.14;250;5;2;0;UNIT;Sí;;
NEW-1788552197097-988-6;7709604265;Bulk 988-6;Snacks;25486.44;4149.97;373;5;2;0;UNIT;Sí;;2026-12-31
NEW-1788552197097-988-7;7704090273;Bulk 988-7;Lacteos;43226.7;8414.84;151;5;2;0;UNIT;Sí;;
NEW-1788552197097-988-9;;Bulk 988-9;Nueva Cat;33700.24;25256.86;370;5;2;0;UNIT;Sí;;2026-12-31
NEW-1788552194102-99-1;7708439692;Bulk 99-1;Lacteos;11106.49;28289.94;117;5;2;0;UNIT;Sí;;
NEW-1788552197108-990-2;7702458940;Bulk 990-2;Snacks;22787.85;13013.09;147;5;2;0;UNIT;Sí;;
NEW-1788552197111-991-1;7702539124;Bulk 991-1;Snacks;27321.84;4966.02;99;5;2;0;UNIT;Sí;;
NEW-1788552197111-991-5;;Bulk 991-5;Snacks;34753.13;21714.14;358;5;2;0;UNIT;Sí;;
NEW-1788552197114-992-1;7705853001;Bulk 992-1;Lacteos;17443.85;7572;215;5;2;0;UNIT;Sí;;
NEW-1788552197114-992-4;7705251571;Bulk 992-4;Bebidas;41894.53;395.63;455;5;2;0;UNIT;Sí;;
NEW-1788552197114-992-5;;Bulk 992-5;Snacks;36867.65;20489.72;527;5;2;0;UNIT;Sí;;2026-12-31
NEW-1788552197114-992-7;7701550370;Bulk 992-7;Bebidas;7915.59;6416.98;545;5;2;0;UNIT;Sí;;
NEW-1788552197114-992-8;7708775872;Bulk 992-8;Snacks;14479.62;6606.6;194;5;2;0;UNIT;Sí;;
NEW-1788552197120-993-0;7704242226;Bulk 993-0;Nueva Cat;4977.13;8185.4;497;5;2;0;UNIT;Sí;;
PROD-0005;7704893585;Bulk 993-1;Lacteos;49241.15;28336.97;403;4;4;0;L;Sí;;2026-12-31
NEW-1788552197120-993-2;7704046224;Bulk 993-2;Snacks;36479.71;14127.67;504;5;2;0;UNIT;Sí;;
NEW-1788552197120-993-4;7707326965;Bulk 993-4;Bebidas;36949.25;11283.18;479;5;2;0;UNIT;Sí;;
NEW-1788552197120-993-5;;Bulk 993-5;Lacteos;27629.18;2287.91;271;5;2;0;UNIT;Sí;;2026-12-31
NEW-1788552197123-994-2;;Bulk 994-2;Lacteos;44244.7;4170.69;52;5;2;0;UNIT;Sí;;
PROD-0006;7709298083;Bulk 995-1;Nueva Cat;3977.26;8003.8;314;8;4;5;L;Sí;;2026-12-31
NEW-1788552197126-995-2;7704402463;Bulk 995-2;Bebidas;17153.05;21698.94;227;5;2;0;UNIT;Sí;;2026-12-31
NEW-1788552197126-995-4;7709704399;Bulk 995-4;Bebidas;27537.88;25666.51;46;5;2;0;UNIT;Sí;;
NEW-1788552197126-995-5;7703806506;Bulk 995-5;Lacteos;32373.11;19768.39;171;5;2;0;UNIT;Sí;;
PROD-0003;7704710531;Bulk 995-6;Lacteos;39443.12;13931.38;275;4;1;0;UNIT;Sí;;2026-12-31
PROD-0001;7701847017;Bulk 995-7;Nueva Cat;23892.57;3089.69;181;4;4;8;L;Sí;;2026-12-31
PROD-0004;7705620172;Bulk 996-0;Lacteos;13628.41;11103.63;162;4;3;0;UNIT;Sí;;2026-12-31
PROD-0010;7707552694;Bulk 997-0;Nueva Cat;38506.29;21401.35;84;10;3;19;KG;Sí;;2026-12-31
NEW-1788552197129-997-1;7706253713;Bulk 997-1;Bebidas;22490.39;22071.84;287;5;2;0;UNIT;Sí;;2026-12-31
NEW-1788552197129-997-2;7708278838;Bulk 997-2;Nueva Cat;39899.05;23844.44;61;5;2;0;UNIT;Sí;;
PROD-0009;7703976100;Bulk 997-4;Nueva Cat;45821.78;632.13;322;5;3;19;UNIT;Sí;;2026-12-31
NEW-1788552197129-997-5;7706603677;Bulk 997-5;Nueva Cat;35449.47;4355.44;544;5;2;0;UNIT;Sí;;
NEW-1788552197129-997-6;7708007912;Bulk 997-6;Snacks;38474.47;7460.08;183;5;2;0;UNIT;Sí;;
NEW-1788552197129-997-7;7707524472;Bulk 997-7;Snacks;31256.64;10732.76;120;5;2;0;UNIT;Sí;;
NEW-1788552197133-998-0;7708077779;Bulk 998-0;Lacteos;13399.12;14783.17;313;5;2;0;UNIT;Sí;;
NEW-1788552197133-998-2;7703085174;Bulk 998-2;Snacks;9306.52;2082.23;124;5;2;0;UNIT;Sí;;
PROD-0007;7707388030;Bulk 998-3;Snacks;47370.05;11906.28;149;2;2;19;KG;Sí;;2026-12-31
NEW-1788552197133-998-4;;Bulk 998-4;Snacks;31246.92;12318.18;382;5;2;0;UNIT;Sí;;2026-12-31
PROD-0002;7707658064;Bulk 999-0;Lacteos;809.25;12932.78;452;6;4;8;KG;Sí;;2026-12-31
PROD-0100;7701000099;Producto 100;Bebidas;39643.19;22993.05;99;5;5;19;UNIT;Sí;;2027-03-28
PROD-0101;;Producto 101;Snacks;3494.01;2096.41;122;3;2;0;L;Sí;;2026-10-10
PROD-0102;7701000101;Producto 102;Lacteos;24327.63;16056.24;220;5;2;19;UNIT;Sí;;
PROD-0103;7701000102;Producto 103;Bebidas;36281.09;24671.14;46;7;2;5;L;Sí;;
PROD-0104;7701000103;Producto 104;Snacks;39929.54;24357.02;117;9;1;8;L;Sí;;2027-01-13
PROD-0105;7701000104;Producto 105;Lacteos;36072.49;25972.19;49;9;3;0;KG;Sí;;2027-01-07
PROD-0106;7701000105;Producto 106;Bebidas;26969.77;8630.33;74;3;1;19;L;Sí;;2027-03-17
PROD-0107;7701000106;Producto 107;Snacks;14664.17;6452.23;290;3;2;8;L;Sí;;
PROD-0108;7701000107;Producto 108;Lacteos;49418.72;30639.61;70;6;3;19;KG;Sí;;
PROD-0109;7701000108;Producto 109;Bebidas;24713.55;13345.32;169;9;4;8;UNIT;Sí;;
PROD-0011;;Producto 11;Snacks;15148.51;5301.98;127;6;5;5;UNIT;Sí;;2027-07-29
PROD-0110;7701000109;Producto 110;Snacks;16862.69;6576.45;169;4;1;0;KG;Sí;;
PROD-0111;7701000110;Producto 111;Lacteos;3964.85;2775.39;89;6;5;0;L;Sí;;
PROD-0112;;Producto 112;Bebidas;8946.69;2684.01;163;4;2;19;L;Sí;;
PROD-0113;7701000112;Producto 113;Snacks;23401.67;8658.62;85;6;5;8;L;Sí;;2027-05-22
PROD-0114;7701000113;Producto 114;Lacteos;35326.04;25788.01;62;7;2;0;L;Sí;;
PROD-0115;7701000114;Producto 115;Bebidas;48452.97;31978.96;186;6;4;0;L;Sí;;2026-10-04
PROD-0116;7701000115;Producto 116;Snacks;38154.21;25563.32;148;10;2;19;KG;Sí;;2027-07-11
PROD-0117;7701000116;Producto 117;Lacteos;2571.34;1234.24;46;3;4;8;UNIT;Sí;;
PROD-0118;7701000117;Producto 118;Bebidas;1527.51;565.18;44;10;4;19;UNIT;Sí;;2026-12-18
PROD-0119;7701000118;Producto 119;Snacks;16933.21;6603.95;109;8;4;19;UNIT;Sí;;2027-06-18
PROD-0012;7701000011;Producto 12;Lacteos;48650.95;18973.87;350;3;4;8;KG;Sí;;
PROD-0120;7701000119;Producto 120;Lacteos;13361.74;6814.49;42;9;2;19;L;Sí;;
PROD-0121;7701000120;Producto 121;Bebidas;47372.56;31265.89;46;5;5;0;UNIT;Sí;;
PROD-0122;7701000121;Producto 122;Snacks;2483.64;1515.02;71;3;1;0;UNIT;Sí;;
PROD-0123;7701000122;Producto 123;Lacteos;10106.84;4244.87;187;4;3;19;UNIT;Sí;;
PROD-0124;;Producto 124;Bebidas;13503.29;8642.11;119;10;3;5;KG;Sí;;2027-03-04
PROD-0125;;Producto 125;Snacks;6282.32;2324.46;181;3;3;19;KG;Sí;;
PROD-0126;7701000125;Producto 126;Lacteos;17318.75;9698.5;100;3;1;0;UNIT;Sí;;
PROD-0127;7701000126;Producto 127;Bebidas;11662.65;6064.58;222;7;2;19;L;Sí;;
PROD-0128;7701000127;Producto 128;Snacks;10336.92;6719;41;7;3;8;UNIT;Sí;;
PROD-0129;7701000128;Producto 129;Lacteos;24774.79;10157.66;71;5;2;5;KG;Sí;;
PROD-0013;;Producto 13;Bebidas;10744.23;6553.98;228;9;2;5;UNIT;Sí;;2027-01-07
PROD-0130;7701000129;Producto 130;Bebidas;16336.18;6861.2;45;7;3;0;UNIT;Sí;;
PROD-0131;7701000130;Producto 131;Snacks;28357.48;10208.69;166;5;4;19;KG;Sí;;
PROD-0132;7701000131;Producto 132;Lacteos;24962.4;17723.3;209;10;5;5;L;Sí;;
PROD-0133;7701000132;Producto 133;Bebidas;40155.43;24896.37;45;8;3;0;KG;Sí;;
PROD-0134;7701000133;Producto 134;Snacks;14858.73;8915.24;253;9;4;5;UNIT;Sí;;
PROD-0135;7701000134;Producto 135;Lacteos;26605.12;20219.89;45;4;5;0;L;Sí;;
PROD-0136;7701000135;Producto 136;Bebidas;30424.57;10040.11;59;6;4;5;L;Sí;;
PROD-0137;;Producto 137;Snacks;42538.16;19567.55;95;8;3;0;KG;Sí;;
PROD-0138;;Producto 138;Lacteos;46447.54;28797.47;228;2;4;5;UNIT;Sí;;
PROD-0139;;Producto 139;Bebidas;2689.94;914.58;141;8;5;5;KG;Sí;;
PROD-0014;7701000013;Producto 14;Snacks;37002.41;22941.49;216;6;1;19;UNIT;Sí;;
PROD-0140;;Producto 140;Snacks;23854.44;11688.68;43;3;1;19;UNIT;Sí;;
PROD-0141;7701000140;Producto 141;Lacteos;9922.78;6549.03;76;8;1;5;UNIT;Sí;;
PROD-0142;7701000141;Producto 142;Bebidas;22457.94;17292.61;76;7;5;0;KG;Sí;;
PROD-0143;;Producto 143;Snacks;21328.87;10877.72;112;10;5;19;KG;Sí;;
PROD-0144;7701000143;Producto 144;Lacteos;21742.49;9566.7;116;10;2;0;L;Sí;;
PROD-0145;7701000144;Producto 145;Bebidas;9325.31;6993.98;110;6;5;5;L;Sí;;
PROD-0146;;Producto 146;Snacks;22919.81;7334.34;106;8;4;0;L;Sí;;2027-02-24
PROD-0147;7701000146;Producto 147;Lacteos;23736.53;14954.01;228;5;3;19;L;Sí;;
PROD-0148;7701000147;Producto 148;Bebidas;39298.63;22793.21;95;10;3;5;L;Sí;;
PROD-0149;;Producto 149;Snacks;13955.93;5442.81;92;6;1;8;L;Sí;;
PROD-0015;;Producto 15;Lacteos;35424.81;23026.13;183;3;5;5;KG;Sí;;
PROD-0150;;Producto 150;Lacteos;48128.36;27433.17;64;4;2;5;UNIT;Sí;;
PROD-0151;7701000150;Producto 151;Bebidas;49455.2;18298.42;43;5;3;0;KG;Sí;;
PROD-0152;;Producto 152;Snacks;46918;23459;98;4;1;8;L;Sí;;
PROD-0153;7701000152;Producto 153;Lacteos;39058.92;26560.07;94;8;1;5;L;Sí;;
PROD-0154;;Producto 154;Bebidas;46734.47;14955.03;113;2;5;19;L;Sí;;
PROD-0155;;Producto 155;Snacks;38156.26;14880.94;110;10;1;5;KG;Sí;;
PROD-0156;7701000155;Producto 156;Lacteos;6937.18;2705.5;10000041;8;2;0;L;Sí;;2026-11-15
PROD-0157;;Producto 157;Bebidas;26558.8;17263.22;71;9;4;19;UNIT;Sí;;
PROD-0158;7701000157;Producto 158;Snacks;4721.78;1605.41;224;3;2;8;UNIT;Sí;;
PROD-0159;7701000158;Producto 159;Lacteos;41795.57;19225.96;141;3;4;8;KG;Sí;;
PROD-0016;7701000015;Producto 16;Bebidas;49433.93;18784.89;107;5;3;8;L;Sí;;
PROD-0160;7701000159;Producto 160;Bebidas;35702.36;23563.56;45;2;5;5;KG;Sí;;
PROD-0161;;Producto 161;Snacks;38717.89;23230.73;99;8;1;19;L;Sí;;
PROD-0162;;Producto 162;Lacteos;43024.01;24093.45;42;10;3;19;UNIT;Sí;;2026-10-24
PROD-0163;;Producto 163;Bebidas;33406.28;16703.14;42;9;2;0;UNIT;Sí;;2027-07-26
PROD-0164;7701000163;Producto 164;Snacks;37976.67;29242.04;96;10;4;19;UNIT;Sí;;
PROD-0165;;Producto 165;Lacteos;40675.38;30506.53;137;9;5;8;UNIT;Sí;;
PROD-0166;7701000165;Producto 166;Bebidas;36880.31;22496.99;154;5;4;8;UNIT;Sí;;
PROD-0167;7701000166;Producto 167;Snacks;5700.69;1938.23;45;3;4;0;UNIT;Sí;;
PROD-0168;;Producto 168;Lacteos;5987.5;4550.5;121;4;3;19;KG;Sí;;
PROD-0169;7701000168;Producto 169;Bebidas;49381.01;31603.85;130;2;4;5;L;Sí;;
PROD-0017;7701000016;Producto 17;Snacks;20226.42;9506.42;169;6;3;5;UNIT;Sí;;
PROD-0170;;Producto 170;Snacks;9017.01;2885.44;252;6;4;19;KG;Sí;;
PROD-0171;7701000170;Producto 171;Lacteos;39431.47;13012.39;133;10;4;5;L;Sí;;
PROD-0172;7701000171;Producto 172;Bebidas;31704.6;16169.35;47;8;4;5;UNIT;Sí;;2026-11-08
PROD-0173;7701000172;Producto 173;Snacks;44713.75;24592.56;83;7;1;19;UNIT;Sí;;
PROD-0174;7701000173;Producto 174;Lacteos;32067.75;24050.81;43;2;2;8;KG;Sí;;
PROD-0175;;Producto 175;Bebidas;5291.63;1904.99;10000025;8;3;19;UNIT;Sí;;
PROD-0176;7701000175;Producto 176;Snacks;3298.2;1978.92;182;9;1;8;L;Sí;;
PROD-0177;;Producto 177;Lacteos;2805.72;1430.92;118;6;3;8;L;Sí;;
PROD-0178;7701000177;Producto 178;Bebidas;23893.24;18875.66;192;7;1;19;L;Sí;;
PROD-0179;7701000178;Producto 179;Snacks;45228.98;14473.27;74;6;2;19;KG;Sí;;
PROD-0018;;Producto 18;Lacteos;16605.6;7472.52;110;8;2;8;UNIT;Sí;;
PROD-0180;;Producto 180;Lacteos;17391.94;13043.95;10000028;8;2;5;L;Sí;;2027-03-06
PROD-0181;7701000180;Producto 181;Bebidas;31075.98;23617.74;10000124;8;4;0;KG;Sí;;
PROD-0182;7701000181;Producto 182;Snacks;43940.3;18894.33;46;9;4;8;L;Sí;;2027-03-01
PROD-0183;7701000182;Producto 183;Lacteos;23228.41;11381.92;48;8;1;19;L;Sí;;
PROD-0184;7701000183;Producto 184;Bebidas;33666.17;16833.08;179;10;5;0;UNIT;Sí;;
PROD-0185;;Producto 185;Snacks;40942.66;13101.65;132;10;1;8;UNIT;Sí;;
PROD-0186;;Producto 186;Lacteos;8947.61;3579.04;186;2;5;19;L;Sí;;
PROD-0187;;Producto 187;Bebidas;43943.29;33836.33;66;9;1;19;KG;Sí;;2027-04-27
PROD-0188;;Producto 188;Snacks;27875.54;12543.99;91;8;5;5;L;Sí;;
PROD-0189;;Producto 189;Lacteos;34217;19161.52;220;3;1;8;UNIT;Sí;;
PROD-0019;7701000018;Producto 19;Bebidas;16032.84;5130.51;98;8;5;0;L;Sí;;
PROD-0190;7701000189;Producto 190;Bebidas;9195.74;3862.21;106;8;3;19;L;Sí;;
PROD-0191;7701000190;Producto 191;Snacks;43621.48;15703.73;260;4;3;19;L;Sí;;2026-10-21
PROD-0192;;Producto 192;Lacteos;25727.88;11320.27;264;2;1;5;KG;Sí;;
PROD-0193;;Producto 193;Bebidas;6341.54;5009.82;42;8;1;0;UNIT;Sí;;
PROD-0194;7701000193;Producto 194;Snacks;13026.38;8597.41;211;6;1;19;L;Sí;;
PROD-0195;7701000194;Producto 195;Lacteos;11864.72;4152.65;45;8;2;5;UNIT;Sí;;
PROD-0196;;Producto 196;Bebidas;17040.58;7327.45;199;3;4;5;UNIT;Sí;;
PROD-0197;7701000196;Producto 197;Snacks;49425.55;19275.96;20000149;5;5;19;UNIT;Sí;;
PROD-0198;;Producto 198;Lacteos;32424.29;19778.82;170;10;2;19;UNIT;Sí;;2027-07-29
PROD-0199;7701000198;Producto 199;Bebidas;11859.68;4032.29;10000167;6;2;5;L;Sí;;
PROD-0020;7701000019;Producto 20;Snacks;22248.44;8454.41;166;3;4;8;L;Sí;;2027-07-25
PROD-0200;7701000199;Producto 200;Snacks;30533.47;11908.05;236;5;1;19;UNIT;Sí;;
PROD-0021;7701000020;Producto 21;Lacteos;10816.28;5299.98;98;9;4;19;UNIT;Sí;;
PROD-0022;7701000021;Producto 22;Bebidas;3932.35;1494.29;86;7;5;8;L;Sí;;2027-09-01
PROD-0023;7701000022;Producto 23;Snacks;30169.77;14481.49;115;10;4;19;UNIT;Sí;;
PROD-0024;7701000023;Producto 24;Lacteos;42311.16;16078.24;63;8;5;0;L;Sí;;
PROD-0025;;Producto 25;Bebidas;23579.26;15326.52;48;4;3;5;KG;Sí;;
PROD-0026;7701000025;Producto 26;Snacks;35960.37;25172.26;255;5;3;0;KG;Sí;;
PROD-0027;;Producto 27;Lacteos;21540.15;10123.87;98;6;3;0;KG;Sí;;
PROD-0028;7701000027;Producto 28;Bebidas;22140.87;8192.12;46;5;3;0;UNIT;Sí;;2026-10-04
PROD-0029;;Producto 29;Snacks;41172.71;13586.99;4;10;4;0;KG;Sí;;2027-03-16
PROD-0030;;Producto 30;Lacteos;39920.98;22754.96;168;2;1;8;UNIT;Sí;;
PROD-0031;7701000030;Producto 31;Bebidas;33770.95;21275.7;94;5;2;19;L;Sí;;
PROD-0032;7701000031;Producto 32;Snacks;27065.33;10826.13;204;9;5;19;L;Sí;;
PROD-0033;7701000032;Producto 33;Lacteos;28642.54;20049.78;61;6;3;5;L;Sí;;2027-03-10
PROD-0034;7701000033;Producto 34;Bebidas;49223.6;33472.05;131;5;5;8;UNIT;Sí;;
PROD-0035;7701000034;Producto 35;Snacks;44053.72;22467.4;64;8;1;8;UNIT;Sí;;2027-04-06
PROD-0036;7701000035;Producto 36;Lacteos;48091.46;25969.39;49;3;5;8;L;Sí;;2027-05-24
PROD-0037;7701000036;Producto 37;Bebidas;27464.29;14830.72;135;5;4;5;L;Sí;;2027-04-29
PROD-0038;7701000037;Producto 38;Snacks;26134.36;8363;46;9;5;0;L;Sí;;
PROD-0039;7701000038;Producto 39;Lacteos;4695.1;1502.43;46;7;5;8;L;Sí;;
PROD-0040;;Producto 40;Bebidas;17581.43;6153.5;46;4;4;0;KG;Sí;;
PROD-0041;7701000040;Producto 41;Snacks;24661.15;14796.69;95;3;1;19;UNIT;Sí;;
PROD-0042;7701000041;Producto 42;Lacteos;17355.71;7289.4;36;5;4;19;UNIT;Sí;;
PROD-0043;;Producto 43;Bebidas;36868.17;25807.72;168;2;4;0;KG;Sí;;2027-02-21
PROD-0044;;Producto 44;Snacks;43583.34;30508.34;185;6;4;19;UNIT;Sí;;
PROD-0045;7701000044;Producto 45;Lacteos;38623.15;16221.72;47;3;5;8;KG;Sí;;
PROD-0046;;Producto 46;Bebidas;37383.18;11962.62;319;4;4;8;L;Sí;;
PROD-0047;7701000046;Producto 47;Snacks;12926.26;9436.17;87;3;5;0;UNIT;Sí;;
PROD-0048;7701000047;Producto 48;Lacteos;7249.21;5799.37;49;6;4;5;UNIT;Sí;;
PROD-0049;7701000048;Producto 49;Bebidas;48962.52;34763.39;59;6;3;0;UNIT;Sí;;
PROD-0050;;Producto 50;Snacks;25217.34;8069.55;173;6;1;5;KG;Sí;;
PROD-0051;7701000050;Producto 51;Lacteos;3705.82;2779.37;143;6;3;8;KG;Sí;;2026-10-04
PROD-0052;7701000051;Producto 52;Bebidas;24031.62;12736.76;133;3;2;0;L;Sí;;2026-10-04
PROD-0053;;Producto 53;Snacks;46590.52;20499.83;44;7;3;19;KG;Sí;;
PROD-0054;7701000053;Producto 54;Lacteos;23683.06;16104.48;45;9;3;8;UNIT;Sí;;
PROD-0055;7701000054;Producto 55;Bebidas;45569.56;15037.95;120;7;5;5;KG;Sí;;
PROD-0056;;Producto 56;Snacks;49218.82;38882.87;241;2;5;19;UNIT;Sí;;2027-06-22
PROD-0057;7701000056;Producto 57;Lacteos;24812.16;18361;128;6;5;19;KG;Sí;;
PROD-0058;;Producto 58;Bebidas;12901.47;4902.56;44;4;4;8;KG;Sí;;
PROD-0059;7701000058;Producto 59;Snacks;31953.63;25243.37;10000116;9;2;19;KG;Sí;;2026-10-04
PROD-0060;7701000059;Producto 60;Lacteos;45023.4;23862.4;159;6;3;19;L;Sí;;
PROD-0061;7701000060;Producto 61;Bebidas;9047.67;5428.6;47;9;2;8;KG;Sí;;2027-01-23
PROD-0062;7701000061;Producto 62;Snacks;8866.62;7004.63;46;7;5;8;L;Sí;;2027-03-17
PROD-0063;;Producto 63;Lacteos;507.16;167.36;153;6;1;19;L;Sí;;
PROD-0064;;Producto 64;Bebidas;31884.61;9565.38;125;8;4;19;UNIT;Sí;;
PROD-0065;7701000064;Producto 65;Snacks;31495.11;18582.11;187;5;3;8;UNIT;Sí;;
PROD-0066;7701000065;Producto 66;Lacteos;7190.81;4674.03;142;7;2;5;KG;Sí;;2027-08-13
PROD-0067;7701000066;Producto 67;Bebidas;48952.68;36714.51;153;4;1;5;UNIT;Sí;;2027-02-22
PROD-0068;7701000067;Producto 68;Snacks;49141.76;27027.97;229;10;2;0;L;Sí;;
PROD-0069;;Producto 69;Lacteos;11582.17;8918.27;45;4;5;8;KG;Sí;;
PROD-0070;7701000069;Producto 70;Bebidas;16136.63;9036.51;44;10;4;5;KG;Sí;;
PROD-0071;7701000070;Producto 71;Snacks;44483.14;26245.05;169;7;4;5;KG;Sí;;
PROD-0072;7701000071;Producto 72;Lacteos;20733.49;8086.06;131;2;1;8;KG;Sí;;
PROD-0073;7701000072;Producto 73;Bebidas;14415.66;4613.01;111;3;2;8;KG;Sí;;
PROD-0074;;Producto 74;Snacks;17340.1;8149.85;116;5;5;5;L;Sí;;2026-09-07
PROD-0075;7701000074;Producto 75;Lacteos;47666.19;25263.08;112;10;3;8;KG;Sí;;
PROD-0076;7701000075;Producto 76;Bebidas;8537.87;6403.4;45;2;3;0;KG;Sí;;
PROD-0077;7701000076;Producto 77;Snacks;30105.88;23783.65;255;9;1;8;UNIT;Sí;;
PROD-0078;7701000077;Producto 78;Lacteos;46045.94;22562.51;203;5;2;8;KG;Sí;;
PROD-0079;7701000078;Producto 79;Bebidas;43643.41;32296.12;45;8;3;8;KG;Sí;;
PROD-0080;;Producto 80;Snacks;49855.91;20440.92;82;3;2;0;L;Sí;;
PROD-0081;7701000080;Producto 81;Lacteos;26586.48;14090.83;48;8;2;19;KG;Sí;;2027-01-25
PROD-0082;7701000081;Producto 82;Bebidas;13565.85;4883.71;162;2;4;5;KG;Sí;;
PROD-0083;7701000082;Producto 83;Snacks;3739.49;2281.09;262;6;3;0;UNIT;Sí;;2026-10-30
PROD-0084;;Producto 84;Lacteos;20044.17;6614.58;119;10;4;5;UNIT;Sí;;
PROD-0085;7701000084;Producto 85;Bebidas;6661.55;2598;87;4;4;19;KG;Sí;;2027-07-08
PROD-0086;;Producto 86;Snacks;41227.5;16903.27;46;3;1;19;L;Sí;;2027-08-09
PROD-0087;7701000086;Producto 87;Lacteos;33742.6;20920.41;149;2;5;8;UNIT;Sí;;
PROD-0088;7701000087;Producto 88;Bebidas;26515.04;12727.22;47;3;1;5;L;Sí;;2027-09-01
PROD-0089;;Producto 89;Snacks;2459.22;1869.01;92;5;2;19;UNIT;Sí;;2027-06-05
PROD-0090;;Producto 90;Lacteos;32077.62;18284.24;49;9;4;8;KG;Sí;;
PROD-0091;7701000090;Producto 91;Bebidas;21164.82;14815.37;139;3;2;5;KG;Sí;;
PROD-0092;7701000091;Producto 92;Snacks;30637.59;17769.8;10000200;8;1;5;KG;Sí;;
PROD-0093;7701000092;Producto 93;Lacteos;32654.22;20245.62;92;3;3;19;KG;Sí;;
PROD-0094;7701000093;Producto 94;Bebidas;20315.43;8126.17;10000277;10;1;19;KG;Sí;;
PROD-0095;7701000094;Producto 95;Snacks;43344.57;19071.61;58;5;5;19;UNIT;Sí;;
PROD-0096;7701000095;Producto 96;Lacteos;47463.9;31800.81;45;4;2;5;UNIT;Sí;;
PROD-0097;7701000096;Producto 97;Bebidas;35604.6;13529.75;48;6;3;0;KG;Sí;;2026-09-09
PROD-0098;7701000097;Producto 98;Snacks;32317.19;19390.31;58;6;2;19;KG;Sí;;2027-05-24
PROD-0099;7701000098;Producto 99;Lacteos;49105.64;22097.54;46;5;1;5;KG;Sí;;
STRESS-1788552187740-0;;Stress Product 0;Snacks;45669.02;4309.75;579;5;2;0;L;Sí;;
STRESS-1788552187746-1;;Stress Product 1;Bebidas;31646.65;6294.08;904;5;2;0;UNIT;Sí;;
STRESS-1788552187757-10;;Stress Product 10;Lacteos;14507.72;43808.48;579;5;2;5;UNIT;Sí;;
STRESS-1788552187911-100;;Stress Product 100;Snacks;3048.57;12271.26;877;5;2;5;L;Sí;;
STRESS-1788552189045-1000;;Stress Product 1000;Lacteos;70323.75;329.45;143;5;2;5;UNIT;Sí;;
STRESS-1788552189049-1001;;Stress Product 1001;Snacks;89003.47;3648.45;411;5;2;0;UNIT;Sí;;
STRESS-1788552189051-1002;;Stress Product 1002;Lacteos;80256.02;38504.2;643;5;2;5;KG;Sí;;
STRESS-1788552189053-1003;;Stress Product 1003;Bebidas;10197.44;22534.92;112;5;2;5;KG;Sí;;
STRESS-1788552189054-1004;;Stress Product 1004;Bebidas;86447.29;31144.42;128;5;2;19;KG;Sí;;
STRESS-1788552189055-1005;;Stress Product 1005;Bebidas;88767.45;35160.94;325;5;2;5;KG;Sí;;
STRESS-1788552189056-1006;;Stress Product 1006;Snacks;40840.82;23791.66;720;5;2;19;L;Sí;;
STRESS-1788552189058-1007;;Stress Product 1007;Lacteos;42633.06;31975.78;503;5;2;5;UNIT;Sí;;
STRESS-1788552189060-1008;;Stress Product 1008;Lacteos;11865.77;38084.89;191;5;2;5;UNIT;Sí;;
STRESS-1788552189061-1009;;Stress Product 1009;Lacteos;23769.39;41270.61;120;5;2;5;KG;Sí;;
STRESS-1788552187912-101;;Stress Product 101;Snacks;46741.57;24724.1;869;5;2;5;KG;Sí;;
STRESS-1788552189062-1010;;Stress Product 1010;Snacks;1723.99;17222.23;133;5;2;19;UNIT;Sí;;
STRESS-1788552189064-1011;;Stress Product 1011;Bebidas;40037.32;33406.87;778;5;2;0;L;Sí;;
STRESS-1788552189065-1012;;Stress Product 1012;Snacks;77053.62;11738.97;316;5;2;19;L;Sí;;
STRESS-1788552189066-1013;;Stress Product 1013;Snacks;17462.48;47739.66;39;5;2;19;L;Sí;;
STRESS-1788552189068-1014;;Stress Product 1014;Bebidas;22861.3;39418.05;389;5;2;19;KG;Sí;;
STRESS-1788552189069-1015;;Stress Product 1015;Snacks;81400.96;7417.95;567;5;2;0;UNIT;Sí;;
STRESS-1788552189071-1016;;Stress Product 1016;Bebidas;50033.65;35604.74;331;5;2;19;L;Sí;;
STRESS-1788552189072-1017;;Stress Product 1017;Lacteos;98745.57;17188.61;48;5;2;19;L;Sí;;
STRESS-1788552189073-1018;;Stress Product 1018;Bebidas;82376.01;22051.13;814;5;2;0;UNIT;Sí;;
STRESS-1788552189074-1019;;Stress Product 1019;Bebidas;97510.52;18501.36;424;5;2;5;KG;Sí;;
STRESS-1788552187913-102;;Stress Product 102;Bebidas;28367.54;40553.24;148;5;2;5;L;Sí;;
STRESS-1788552189075-1020;;Stress Product 1020;Lacteos;81680.15;20014.13;876;5;2;0;UNIT;Sí;;
STRESS-1788552189076-1021;;Stress Product 1021;Lacteos;62305.61;49898.52;162;5;2;5;UNIT;Sí;;
STRESS-1788552189077-1022;;Stress Product 1022;Bebidas;42370.72;47130.38;733;5;2;19;L;Sí;;
STRESS-1788552189078-1023;;Stress Product 1023;Bebidas;28576.66;46930.84;1011;5;2;0;L;Sí;;
STRESS-1788552189079-1024;;Stress Product 1024;Bebidas;31495.03;12038.31;741;5;2;19;UNIT;Sí;;
STRESS-1788552189079-1025;;Stress Product 1025;Lacteos;31766.09;46630.37;506;5;2;19;KG;Sí;;
STRESS-1788552189080-1026;;Stress Product 1026;Lacteos;32655.98;23909.95;996;5;2;5;KG;Sí;;
STRESS-1788552189082-1027;;Stress Product 1027;Lacteos;26579.59;38310.14;707;5;2;19;L;Sí;;
STRESS-1788552189083-1028;;Stress Product 1028;Lacteos;90137.46;16017.45;177;5;2;5;KG;Sí;;
STRESS-1788552189084-1029;;Stress Product 1029;Lacteos;76151.27;3122.11;499;5;2;19;KG;Sí;;
STRESS-1788552187917-103;;Stress Product 103;Bebidas;23853.99;34062.72;10000817;5;2;5;L;Sí;;
STRESS-1788552189085-1030;;Stress Product 1030;Lacteos;99879.01;36151.49;188;5;2;19;UNIT;Sí;;
STRESS-1788552189086-1031;;Stress Product 1031;Lacteos;5005.93;1469.38;779;5;2;19;KG;Sí;;
STRESS-1788552189087-1032;;Stress Product 1032;Lacteos;950.4;29947.06;954;5;2;0;UNIT;Sí;;
STRESS-1788552189087-1033;;Stress Product 1033;Bebidas;49573.88;34456.57;533;5;2;5;L;Sí;;
STRESS-1788552189088-1034;;Stress Product 1034;Bebidas;12364.15;32722.96;546;5;2;5;L;Sí;;
STRESS-1788552189089-1035;;Stress Product 1035;Snacks;43151.22;13551.23;980;5;2;19;UNIT;Sí;;
STRESS-1788552189090-1036;;Stress Product 1036;Lacteos;70088.61;3283.94;89;5;2;0;L;Sí;;
STRESS-1788552189091-1037;;Stress Product 1037;Bebidas;91659.02;21526.65;983;5;2;19;KG;Sí;;
STRESS-1788552189092-1038;;Stress Product 1038;Snacks;29995.18;47780.69;576;5;2;5;KG;Sí;;
STRESS-1788552189093-1039;;Stress Product 1039;Snacks;51683.93;9462.5;112;5;2;19;UNIT;Sí;;
STRESS-1788552187920-104;;Stress Product 104;Bebidas;6517.48;13800.4;138;5;2;19;L;Sí;;
STRESS-1788552189093-1040;;Stress Product 1040;Snacks;47771.91;45450.92;823;5;2;5;UNIT;Sí;;
STRESS-1788552189094-1041;;Stress Product 1041;Bebidas;20854.1;3023.92;270;5;2;5;UNIT;Sí;;
STRESS-1788552189095-1042;;Stress Product 1042;Snacks;53596.13;7702.64;82;5;2;5;L;Sí;;
STRESS-1788552189095-1043;;Stress Product 1043;Lacteos;30355.55;7156.72;522;5;2;0;UNIT;Sí;;
STRESS-1788552189096-1044;;Stress Product 1044;Bebidas;48189.58;19365.38;128;5;2;5;UNIT;Sí;;
STRESS-1788552189097-1045;;Stress Product 1045;Snacks;56862.5;11142.34;46;5;2;0;L;Sí;;
STRESS-1788552189098-1046;;Stress Product 1046;Bebidas;66948.39;27295.73;88;5;2;19;KG;Sí;;
STRESS-1788552189098-1047;;Stress Product 1047;Lacteos;20051.2;22336.16;46;5;2;0;KG;Sí;;
STRESS-1788552189099-1048;;Stress Product 1048;Bebidas;94076.26;8406.19;54;5;2;5;UNIT;Sí;;
STRESS-1788552189100-1049;;Stress Product 1049;Bebidas;11407.01;38186.49;74;5;2;5;KG;Sí;;
STRESS-1788552187921-105;;Stress Product 105;Bebidas;83841.6;26678.13;851;5;2;0;KG;Sí;;
STRESS-1788552189101-1050;;Stress Product 1050;Snacks;3380.96;30071.53;841;5;2;0;UNIT;Sí;;
STRESS-1788552189102-1051;;Stress Product 1051;Bebidas;42632.93;42291.77;624;5;2;19;KG;Sí;;
STRESS-1788552189103-1052;;Stress Product 1052;Lacteos;31290.63;8009.15;45;5;2;5;KG;Sí;;
STRESS-1788552189104-1053;;Stress Product 1053;Snacks;85626.34;7909.39;696;5;2;5;L;Sí;;
STRESS-1788552189104-1054;;Stress Product 1054;Snacks;14937.25;36830.45;874;5;2;5;UNIT;Sí;;
STRESS-1788552189105-1055;;Stress Product 1055;Lacteos;42382.52;46311.86;595;5;2;19;KG;Sí;;
STRESS-1788552189106-1056;;Stress Product 1056;Lacteos;16622.84;28459.72;46;5;2;0;L;Sí;;
STRESS-1788552189106-1057;;Stress Product 1057;Bebidas;7209.05;28340.07;131;5;2;0;L;Sí;;
STRESS-1788552189107-1058;;Stress Product 1058;Bebidas;10378.67;32410.33;727;5;2;0;L;Sí;;
STRESS-1788552189108-1059;;Stress Product 1059;Snacks;61129.32;4255.89;79;5;2;19;L;Sí;;
STRESS-1788552187923-106;;Stress Product 106;Bebidas;20360.23;43826.99;757;5;2;5;KG;Sí;;
STRESS-1788552189108-1060;;Stress Product 1060;Lacteos;51893.24;42845.6;175;5;2;5;KG;Sí;;
STRESS-1788552189109-1061;;Stress Product 1061;Lacteos;25890.86;37702.03;356;5;2;0;L;Sí;;
STRESS-1788552189110-1062;;Stress Product 1062;Snacks;6678.05;37382.38;978;5;2;5;UNIT;Sí;;
STRESS-1788552189110-1063;;Stress Product 1063;Bebidas;23312.12;34653.43;767;5;2;19;UNIT;Sí;;
STRESS-1788552189111-1064;;Stress Product 1064;Snacks;80415.33;47461.96;306;5;2;19;KG;Sí;;
STRESS-1788552189112-1065;;Stress Product 1065;Bebidas;52440.05;30429.41;809;5;2;19;UNIT;Sí;;
STRESS-1788552189112-1066;;Stress Product 1066;Snacks;25041.92;13495.42;107;5;2;19;L;Sí;;
STRESS-1788552189113-1067;;Stress Product 1067;Snacks;49183.74;34795.56;43;5;2;5;L;Sí;;
STRESS-1788552189122-1068;;Stress Product 1068;Snacks;17577.35;17982.43;830;5;2;5;L;Sí;;
STRESS-1788552189123-1069;;Stress Product 1069;Lacteos;28184.69;21883.77;757;5;2;0;UNIT;Sí;;
STRESS-1788552187924-107;;Stress Product 107;Lacteos;24419.22;9278.28;262;5;2;5;KG;Sí;;
STRESS-1788552189124-1070;;Stress Product 1070;Lacteos;33304.52;30572.53;900;5;2;19;L;Sí;;
STRESS-1788552189125-1071;;Stress Product 1071;Bebidas;95745.66;10998.04;929;5;2;5;KG;Sí;;
STRESS-1788552189126-1072;;Stress Product 1072;Lacteos;80225.04;4716.39;48;5;2;19;L;Sí;;
STRESS-1788552189126-1073;;Stress Product 1073;Snacks;51042.48;4845.88;839;5;2;0;UNIT;Sí;;
STRESS-1788552189127-1074;;Stress Product 1074;Snacks;68821.23;23160.85;152;5;2;5;KG;Sí;;
STRESS-1788552189128-1075;;Stress Product 1075;Bebidas;43631.99;30195.62;68;5;2;0;KG;Sí;;
STRESS-1788552189128-1076;;Stress Product 1076;Snacks;92512.24;16540.6;742;5;2;0;KG;Sí;;
STRESS-1788552189129-1077;;Stress Product 1077;Snacks;86694.11;17617.49;343;5;2;19;UNIT;Sí;;
STRESS-1788552189130-1078;;Stress Product 1078;Snacks;87811.38;41720.37;369;5;2;0;UNIT;Sí;;
STRESS-1788552189137-1079;;Stress Product 1079;Bebidas;4253.63;39835.18;848;5;2;0;L;Sí;;
STRESS-1788552187931-108;;Stress Product 108;Snacks;98739.9;2012.58;204;5;2;0;L;Sí;;
STRESS-1788552189139-1080;;Stress Product 1080;Lacteos;11860;15690.93;736;5;2;0;KG;Sí;;
STRESS-1788552189140-1081;;Stress Product 1081;Snacks;36742.52;6531.45;682;5;2;5;KG;Sí;;
STRESS-1788552189140-1082;;Stress Product 1082;Lacteos;41360.05;26506.51;293;5;2;5;KG;Sí;;
STRESS-1788552189142-1083;;Stress Product 1083;Lacteos;66151.27;11404.64;61;5;2;0;L;Sí;;
STRESS-1788552189142-1084;;Stress Product 1084;Lacteos;27573.06;32925.15;751;5;2;5;L;Sí;;
STRESS-1788552189144-1085;;Stress Product 1085;Snacks;46391.52;19827.35;74;5;2;19;L;Sí;;
STRESS-1788552189144-1086;;Stress Product 1086;Snacks;47749.72;15856.59;991;5;2;19;L;Sí;;
STRESS-1788552189145-1087;;Stress Product 1087;Bebidas;79995.76;34447;552;5;2;5;KG;Sí;;
STRESS-1788552189146-1088;;Stress Product 1088;Snacks;43353.48;9711.16;132;5;2;5;UNIT;Sí;;
STRESS-1788552189147-1089;;Stress Product 1089;Snacks;68827.37;35265.31;135;5;2;0;KG;Sí;;
STRESS-1788552187935-109;;Stress Product 109;Bebidas;87630.38;40874.65;47;5;2;5;L;Sí;;
STRESS-1788552189149-1090;;Stress Product 1090;Snacks;5663.37;12756.11;640;5;2;0;UNIT;Sí;;
STRESS-1788552189150-1091;;Stress Product 1091;Lacteos;5756.54;3041.98;773;5;2;0;KG;Sí;;
STRESS-1788552189152-1092;;Stress Product 1092;Bebidas;84673.35;14268.81;544;5;2;0;KG;Sí;;
STRESS-1788552189153-1093;;Stress Product 1093;Lacteos;34858.01;16994.74;207;5;2;5;UNIT;Sí;;
STRESS-1788552189155-1094;;Stress Product 1094;Lacteos;29431.61;47347.18;311;5;2;0;L;Sí;;
STRESS-1788552189156-1095;;Stress Product 1095;Lacteos;44303.18;41067.84;465;5;2;0;UNIT;Sí;;
STRESS-1788552189157-1096;;Stress Product 1096;Lacteos;27238.87;24076.65;938;5;2;5;UNIT;Sí;;
STRESS-1788552189158-1097;;Stress Product 1097;Bebidas;13629.9;9974.33;368;5;2;5;L;Sí;;
STRESS-1788552189159-1098;;Stress Product 1098;Bebidas;47543.51;34639.67;45;5;2;0;UNIT;Sí;;
STRESS-1788552189160-1099;;Stress Product 1099;Lacteos;27689.47;25098.49;312;5;2;19;L;Sí;;
STRESS-1788552187758-11;;Stress Product 11;Bebidas;77423.3;726.7;45;5;2;19;KG;Sí;;
STRESS-1788552187938-110;;Stress Product 110;Lacteos;93523.51;5483.61;244;5;2;0;KG;Sí;;
STRESS-1788552189161-1100;;Stress Product 1100;Lacteos;18108.09;23174.32;741;5;2;19;KG;Sí;;
STRESS-1788552189162-1101;;Stress Product 1101;Snacks;77064.67;42449.59;86;5;2;19;UNIT;Sí;;
STRESS-1788552189162-1102;;Stress Product 1102;Snacks;57238.07;6463.9;633;5;2;0;L;Sí;;
STRESS-1788552189163-1103;;Stress Product 1103;Snacks;83730.27;49395.87;461;5;2;0;UNIT;Sí;;
STRESS-1788552189165-1104;;Stress Product 1104;Bebidas;77547.55;15773.53;205;5;2;5;L;Sí;;
STRESS-1788552189166-1105;;Stress Product 1105;Snacks;64686.36;21451.33;141;5;2;5;UNIT;Sí;;
STRESS-1788552189166-1106;;Stress Product 1106;Lacteos;66508.86;13515.93;290;5;2;5;L;Sí;;
STRESS-1788552189169-1107;;Stress Product 1107;Snacks;5201.15;48887.45;597;5;2;19;L;Sí;;
STRESS-1788552189171-1108;;Stress Product 1108;Lacteos;53482.78;16950.2;199;5;2;0;UNIT;Sí;;
STRESS-1788552189172-1109;;Stress Product 1109;Lacteos;99794.75;43939.63;432;5;2;0;UNIT;Sí;;
STRESS-1788552187939-111;;Stress Product 111;Lacteos;8876.41;24227.69;276;5;2;0;L;Sí;;
STRESS-1788552189173-1110;;Stress Product 1110;Lacteos;92010.8;7454.26;918;5;2;5;L;Sí;;
STRESS-1788552189174-1111;;Stress Product 1111;Bebidas;6677.52;4805.12;926;5;2;19;KG;Sí;;
STRESS-1788552189175-1112;;Stress Product 1112;Bebidas;80000.84;7345.34;144;5;2;19;KG;Sí;;
STRESS-1788552189176-1113;;Stress Product 1113;Bebidas;75964.68;10554.55;93;5;2;19;KG;Sí;;
STRESS-1788552189177-1114;;Stress Product 1114;Lacteos;23107.11;11977.72;885;5;2;5;L;Sí;;
STRESS-1788552189178-1115;;Stress Product 1115;Snacks;57263.43;12253.78;972;5;2;0;UNIT;Sí;;
STRESS-1788552189179-1116;;Stress Product 1116;Snacks;87303.57;10071.66;178;5;2;5;UNIT;Sí;;
STRESS-1788552189180-1117;;Stress Product 1117;Snacks;71795.23;4243.61;75;5;2;5;L;Sí;;
STRESS-1788552189181-1118;;Stress Product 1118;Snacks;22523.73;30407.19;505;5;2;0;KG;Sí;;
STRESS-1788552189183-1119;;Stress Product 1119;Bebidas;35217.13;12147.84;309;5;2;0;UNIT;Sí;;
STRESS-1788552187941-112;;Stress Product 112;Snacks;11152.08;16771.34;950;5;2;5;UNIT;Sí;;
STRESS-1788552189184-1120;;Stress Product 1120;Lacteos;45152.83;39726.57;47;5;2;0;KG;Sí;;
STRESS-1788552189185-1121;;Stress Product 1121;Snacks;79273.22;14386.18;197;5;2;0;KG;Sí;;
STRESS-1788552189186-1122;;Stress Product 1122;Snacks;15858.6;41961.3;842;5;2;5;L;Sí;;
STRESS-1788552189187-1123;;Stress Product 1123;Snacks;88999.41;15547.89;146;5;2;5;L;Sí;;
STRESS-1788552189188-1124;;Stress Product 1124;Bebidas;52020.89;15042.42;108;5;2;5;L;Sí;;
STRESS-1788552189189-1125;;Stress Product 1125;Lacteos;38429.68;17880.72;788;5;2;5;KG;Sí;;
STRESS-1788552189189-1126;;Stress Product 1126;Snacks;44494.03;9524.99;10000862;5;2;5;KG;Sí;;
STRESS-1788552189190-1127;;Stress Product 1127;Snacks;8290.08;19607.24;797;5;2;0;L;Sí;;
STRESS-1788552189191-1128;;Stress Product 1128;Lacteos;62803.05;18082.55;908;5;2;19;L;Sí;;
STRESS-1788552189192-1129;;Stress Product 1129;Snacks;82321.57;9491.44;183;5;2;5;UNIT;Sí;;
STRESS-1788552187942-113;;Stress Product 113;Bebidas;67053.75;40304.92;137;5;2;5;UNIT;Sí;;
STRESS-1788552189193-1130;;Stress Product 1130;Bebidas;96636.92;11625.45;431;5;2;19;L;Sí;;
STRESS-1788552189194-1131;;Stress Product 1131;Snacks;96579.15;28182.37;9999977;5;2;0;UNIT;Sí;;
STRESS-1788552189195-1132;;Stress Product 1132;Snacks;30139.21;35754.96;456;5;2;0;KG;Sí;;
STRESS-1788552189195-1133;;Stress Product 1133;Snacks;79371.13;44382.46;175;5;2;0;L;Sí;;
STRESS-1788552189196-1134;;Stress Product 1134;Lacteos;1939.28;16974.41;153;5;2;5;UNIT;Sí;;
STRESS-1788552189197-1135;;Stress Product 1135;Lacteos;45374.42;27435.81;210;5;2;19;UNIT;Sí;;
STRESS-1788552189199-1136;;Stress Product 1136;Lacteos;62635.43;23467.97;344;5;2;0;KG;Sí;;
STRESS-1788552189200-1137;;Stress Product 1137;Bebidas;19957.28;24353.58;624;5;2;5;UNIT;Sí;;
STRESS-1788552189201-1138;;Stress Product 1138;Snacks;47078.76;35451.03;634;5;2;0;KG;Sí;;
STRESS-1788552189202-1139;;Stress Product 1139;Snacks;10724.17;19512.43;225;5;2;19;L;Sí;;
STRESS-1788552187944-114;;Stress Product 114;Bebidas;79028.95;40932.74;238;5;2;19;UNIT;Sí;;
STRESS-1788552189203-1140;;Stress Product 1140;Lacteos;25921.36;43093.74;714;5;2;5;L;Sí;;
STRESS-1788552189204-1141;;Stress Product 1141;Snacks;20590.81;24465.47;341;5;2;5;UNIT;Sí;;
STRESS-1788552189204-1142;;Stress Product 1142;Lacteos;5318.72;4759.52;494;5;2;19;UNIT;Sí;;
STRESS-1788552189205-1143;;Stress Product 1143;Lacteos;51168.37;46051.88;657;5;2;0;L;Sí;;
STRESS-1788552189206-1144;;Stress Product 1144;Bebidas;95109.84;28781.58;83;5;2;19;UNIT;Sí;;
STRESS-1788552189207-1145;;Stress Product 1145;Bebidas;23690.27;5601.76;906;5;2;5;UNIT;Sí;;
STRESS-1788552189207-1146;;Stress Product 1146;Snacks;58212.92;17060.67;764;5;2;0;KG;Sí;;
STRESS-1788552189208-1147;;Stress Product 1147;Lacteos;99024.12;3863.45;514;5;2;0;L;Sí;;
STRESS-1788552189209-1148;;Stress Product 1148;Lacteos;61168.42;13643.75;463;5;2;5;KG;Sí;;
STRESS-1788552189210-1149;;Stress Product 1149;Lacteos;90062.8;46528.41;10000764;5;2;5;KG;Sí;;
STRESS-1788552187946-115;;Stress Product 115;Lacteos;97823.43;46502.31;401;5;2;19;UNIT;Sí;;
STRESS-1788552189210-1150;;Stress Product 1150;Bebidas;11485.26;17474.58;581;5;2;0;L;Sí;;
STRESS-1788552189211-1151;;Stress Product 1151;Bebidas;64038.29;42371.19;617;5;2;19;L;Sí;;
STRESS-1788552189212-1152;;Stress Product 1152;Snacks;32239.39;24743.97;10000544;5;2;0;UNIT;Sí;;
STRESS-1788552189212-1153;;Stress Product 1153;Lacteos;95497.92;34534.69;481;5;2;5;UNIT;Sí;;
STRESS-1788552189213-1154;;Stress Product 1154;Lacteos;2107;3814.67;234;5;2;19;L;Sí;;
STRESS-1788552189214-1155;;Stress Product 1155;Bebidas;36260.05;3423.98;77;5;2;0;L;Sí;;
STRESS-1788552189215-1156;;Stress Product 1156;Snacks;78639.77;6744.43;488;5;2;0;KG;Sí;;
STRESS-1788552189216-1157;;Stress Product 1157;Bebidas;8572.28;40752.4;972;5;2;0;L;Sí;;
STRESS-1788552189217-1158;;Stress Product 1158;Snacks;71540.88;33538.88;122;5;2;5;UNIT;Sí;;
STRESS-1788552189218-1159;;Stress Product 1159;Lacteos;13174.13;22572.69;134;5;2;19;L;Sí;;
STRESS-1788552187948-116;;Stress Product 116;Bebidas;29451.34;9824.41;76;5;2;0;L;Sí;;
STRESS-1788552189219-1160;;Stress Product 1160;Lacteos;475.37;26882.17;67;5;2;0;L;Sí;;
STRESS-1788552189219-1161;;Stress Product 1161;Snacks;12411.04;22181.74;655;5;2;0;L;Sí;;
STRESS-1788552189220-1162;;Stress Product 1162;Snacks;70856.37;10565.23;360;5;2;19;KG;Sí;;
STRESS-1788552189221-1163;;Stress Product 1163;Bebidas;56055.72;21004.24;10000681;5;2;19;UNIT;Sí;;
STRESS-1788552189222-1164;;Stress Product 1164;Lacteos;85527.85;34472.98;771;5;2;19;L;Sí;;
STRESS-1788552189222-1165;;Stress Product 1165;Snacks;76960.09;1593.27;1026;5;2;5;KG;Sí;;
STRESS-1788552189223-1166;;Stress Product 1166;Lacteos;25051.9;38268.54;822;5;2;0;KG;Sí;;
STRESS-1788552189224-1167;;Stress Product 1167;Bebidas;88659.5;44361.89;1164;5;2;0;L;Sí;;
STRESS-1788552189224-1168;;Stress Product 1168;Bebidas;15676.18;6659.86;611;5;2;5;UNIT;Sí;;
STRESS-1788552189225-1169;;Stress Product 1169;Lacteos;7590.15;21520.98;10000372;5;2;5;L;Sí;;
STRESS-1788552187950-117;;Stress Product 117;Lacteos;12195.63;17331.17;837;5;2;19;KG;Sí;;
STRESS-1788552189226-1170;;Stress Product 1170;Bebidas;55052.17;44194.88;49;5;2;5;L;Sí;;
STRESS-1788552189227-1171;;Stress Product 1171;Lacteos;57899.85;8115.73;291;5;2;5;KG;Sí;;
STRESS-1788552189227-1172;;Stress Product 1172;Bebidas;11453.17;25813.53;169;5;2;5;L;Sí;;
STRESS-1788552189228-1173;;Stress Product 1173;Snacks;74229.97;5214.82;574;5;2;19;L;Sí;;
STRESS-1788552189230-1174;;Stress Product 1174;Snacks;64881.61;44237.41;393;5;2;5;UNIT;Sí;;
STRESS-1788552189232-1175;;Stress Product 1175;Lacteos;87153.44;30367.09;380;5;2;0;KG;Sí;;
STRESS-1788552189234-1176;;Stress Product 1176;Lacteos;50573.02;15362.09;107;5;2;5;UNIT;Sí;;
STRESS-1788552189236-1177;;Stress Product 1177;Bebidas;86381.74;4196.34;45;5;2;19;KG;Sí;;
STRESS-1788552189237-1178;;Stress Product 1178;Lacteos;32863.22;41503.46;10000081;5;2;0;L;Sí;;
STRESS-1788552189238-1179;;Stress Product 1179;Lacteos;7892.65;2651.68;139;5;2;19;L;Sí;;
STRESS-1788552187951-118;;Stress Product 118;Lacteos;11570.42;32586.37;637;5;2;5;KG;Sí;;
STRESS-1788552189240-1180;;Stress Product 1180;Snacks;73643.85;21461.36;224;5;2;19;KG;Sí;;
STRESS-1788552189240-1181;;Stress Product 1181;Snacks;5977.01;11725.55;636;5;2;19;UNIT;Sí;;
STRESS-1788552189241-1182;;Stress Product 1182;Bebidas;89535.59;24296.65;885;5;2;19;KG;Sí;;
STRESS-1788552189242-1183;;Stress Product 1183;Bebidas;80447.86;6093.86;981;5;2;0;L;Sí;;
STRESS-1788552189243-1184;;Stress Product 1184;Snacks;75606.47;20442.63;465;5;2;0;UNIT;Sí;;
STRESS-1788552189244-1185;;Stress Product 1185;Snacks;27080.12;43469.55;959;5;2;19;KG;Sí;;
STRESS-1788552189245-1186;;Stress Product 1186;Lacteos;99222.58;6647.32;44;5;2;5;KG;Sí;;
STRESS-1788552189245-1187;;Stress Product 1187;Lacteos;98536.44;5188.5;493;5;2;5;L;Sí;;
STRESS-1788552189246-1188;;Stress Product 1188;Lacteos;84109.11;43376.44;380;5;2;19;UNIT;Sí;;
STRESS-1788552189247-1189;;Stress Product 1189;Lacteos;5694.57;25073.21;975;5;2;19;UNIT;Sí;;
STRESS-1788552187953-119;;Stress Product 119;Bebidas;64995.4;3619.23;602;5;2;0;L;Sí;;
STRESS-1788552189249-1190;;Stress Product 1190;Bebidas;37434.95;9106.08;114;5;2;5;UNIT;Sí;;
STRESS-1788552189250-1191;;Stress Product 1191;Lacteos;52901.09;29987.01;631;5;2;5;UNIT;Sí;;
STRESS-1788552189250-1192;;Stress Product 1192;Bebidas;28536.04;41854.63;1025;5;2;0;UNIT;Sí;;
STRESS-1788552189251-1193;;Stress Product 1193;Bebidas;95508.02;14893.97;676;5;2;19;UNIT;Sí;;
STRESS-1788552189252-1194;;Stress Product 1194;Snacks;48762.42;31435.02;531;5;2;19;L;Sí;;
STRESS-1788552189253-1195;;Stress Product 1195;Bebidas;99847.41;28031.1;45;5;2;0;KG;Sí;;
STRESS-1788552189254-1196;;Stress Product 1196;Lacteos;78726.44;11346;10000818;5;2;5;L;Sí;;
STRESS-1788552189255-1197;;Stress Product 1197;Bebidas;60021.64;34918.49;604;5;2;5;L;Sí;;
STRESS-1788552189255-1198;;Stress Product 1198;Snacks;93749.14;9054.34;276;5;2;19;KG;Sí;;
STRESS-1788552189256-1199;;Stress Product 1199;Bebidas;26601.36;1200.02;403;5;2;5;L;Sí;;
STRESS-1788552187760-12;;Stress Product 12;Bebidas;2255.87;31573.59;389;5;2;0;L;Sí;;
STRESS-1788552187954-120;;Stress Product 120;Bebidas;38416.93;8332.23;712;5;2;19;UNIT;Sí;;
STRESS-1788552189257-1200;;Stress Product 1200;Lacteos;73174.1;25489.02;564;5;2;5;UNIT;Sí;;
STRESS-1788552189258-1201;;Stress Product 1201;Lacteos;70119.32;15857.92;822;5;2;0;UNIT;Sí;;
STRESS-1788552189260-1202;;Stress Product 1202;Lacteos;49856.58;6390.73;135;5;2;5;UNIT;Sí;;
STRESS-1788552189261-1203;;Stress Product 1203;Snacks;53334.39;16991.6;251;5;2;19;UNIT;Sí;;
STRESS-1788552189261-1204;;Stress Product 1204;Bebidas;22447.12;31712.67;760;5;2;19;KG;Sí;;
STRESS-1788552189262-1205;;Stress Product 1205;Lacteos;67036.95;13670.63;631;5;2;19;UNIT;Sí;;
STRESS-1788552189263-1206;;Stress Product 1206;Lacteos;60407.35;34986.78;209;5;2;19;L;Sí;;
STRESS-1788552189264-1207;;Stress Product 1207;Lacteos;25364.69;17835.11;817;5;2;5;UNIT;Sí;;
STRESS-1788552189265-1208;;Stress Product 1208;Bebidas;6764.23;17734.13;462;5;2;19;KG;Sí;;
STRESS-1788552189266-1209;;Stress Product 1209;Snacks;75584.42;31790.56;683;5;2;19;L;Sí;;
STRESS-1788552187956-121;;Stress Product 121;Bebidas;60400.72;4512.59;56;5;2;19;UNIT;Sí;;
STRESS-1788552189267-1210;;Stress Product 1210;Lacteos;34156.96;42601.76;234;5;2;0;L;Sí;;
STRESS-1788552189268-1211;;Stress Product 1211;Bebidas;91461.13;38794.36;389;5;2;5;UNIT;Sí;;
STRESS-1788552189269-1212;;Stress Product 1212;Snacks;63855.53;17848.77;277;5;2;5;UNIT;Sí;;
STRESS-1788552189270-1213;;Stress Product 1213;Bebidas;50641.9;28468.32;10000633;5;2;5;L;Sí;;
STRESS-1788552189270-1214;;Stress Product 1214;Lacteos;74149.15;49168.2;207;5;2;19;L;Sí;;
STRESS-1788552189271-1215;;Stress Product 1215;Snacks;95099.84;33627.25;488;5;2;0;KG;Sí;;
STRESS-1788552189272-1216;;Stress Product 1216;Lacteos;56922.71;23964.79;10000443;5;2;0;KG;Sí;;
STRESS-1788552189272-1217;;Stress Product 1217;Lacteos;18042.94;21511.98;970;5;2;5;L;Sí;;
STRESS-1788552189273-1218;;Stress Product 1218;Snacks;18002.97;38691.52;370;5;2;19;L;Sí;;
STRESS-1788552189274-1219;;Stress Product 1219;Lacteos;21807.1;448.26;764;5;2;19;UNIT;Sí;;
STRESS-1788552187957-122;;Stress Product 122;Snacks;1070.3;49985.49;728;5;2;5;L;Sí;;
STRESS-1788552189275-1220;;Stress Product 1220;Snacks;70471.59;27564.78;176;5;2;5;UNIT;Sí;;
STRESS-1788552189276-1221;;Stress Product 1221;Lacteos;72566.4;37527.38;378;5;2;19;KG;Sí;;
STRESS-1788552189277-1222;;Stress Product 1222;Lacteos;72509.89;6613.22;294;5;2;19;KG;Sí;;
STRESS-1788552189278-1223;;Stress Product 1223;Lacteos;31361.9;40633.29;744;5;2;0;L;Sí;;
STRESS-1788552189279-1224;;Stress Product 1224;Lacteos;99215.36;31622.66;759;5;2;0;UNIT;Sí;;
STRESS-1788552189280-1225;;Stress Product 1225;Lacteos;47441.23;45904.69;876;5;2;5;KG;Sí;;
STRESS-1788552189281-1226;;Stress Product 1226;Bebidas;81496.57;45291.73;804;5;2;5;L;Sí;;
STRESS-1788552189283-1227;;Stress Product 1227;Lacteos;67399.5;34398.51;295;5;2;0;KG;Sí;;
STRESS-1788552189284-1228;;Stress Product 1228;Bebidas;4394.96;38645.64;233;5;2;0;UNIT;Sí;;
STRESS-1788552189285-1229;;Stress Product 1229;Snacks;30254.76;27288.99;66;5;2;0;UNIT;Sí;;
STRESS-1788552187958-123;;Stress Product 123;Snacks;19902.11;2404.68;225;5;2;19;L;Sí;;
STRESS-1788552189292-1230;;Stress Product 1230;Lacteos;28385.91;17563.98;59;5;2;5;KG;Sí;;
STRESS-1788552189293-1231;;Stress Product 1231;Snacks;58874.27;45183.58;1044;5;2;19;UNIT;Sí;;
STRESS-1788552189294-1232;;Stress Product 1232;Bebidas;30526.48;47590.99;547;5;2;0;UNIT;Sí;;
STRESS-1788552189295-1233;;Stress Product 1233;Snacks;81172.36;30976.59;419;5;2;19;KG;Sí;;
STRESS-1788552189295-1234;;Stress Product 1234;Bebidas;14587.56;26434.33;211;5;2;19;KG;Sí;;
STRESS-1788552189296-1235;;Stress Product 1235;Snacks;5619.9;47855.04;863;5;2;5;KG;Sí;;
STRESS-1788552189298-1236;;Stress Product 1236;Snacks;55057.36;11906.84;49;5;2;5;KG;Sí;;
STRESS-1788552189299-1237;;Stress Product 1237;Bebidas;55590.08;7453.65;45;5;2;0;KG;Sí;;
STRESS-1788552189300-1238;;Stress Product 1238;Snacks;16988.98;31455.58;171;5;2;5;KG;Sí;;
STRESS-1788552189300-1239;;Stress Product 1239;Lacteos;74828.27;44059.21;687;5;2;0;UNIT;Sí;;
STRESS-1788552187960-124;;Stress Product 124;Lacteos;97213.32;16951.16;431;5;2;5;L;Sí;;
STRESS-1788552189301-1240;;Stress Product 1240;Lacteos;66472.77;36030.11;855;5;2;19;KG;Sí;;
STRESS-1788552189302-1241;;Stress Product 1241;Snacks;71882.37;39808.21;85;5;2;0;KG;Sí;;
STRESS-1788552189308-1242;;Stress Product 1242;Bebidas;84859.12;41884.89;106;5;2;0;UNIT;Sí;;
STRESS-1788552189310-1243;;Stress Product 1243;Lacteos;90915.9;37437.52;39;5;2;0;KG;Sí;;
STRESS-1788552189310-1244;;Stress Product 1244;Snacks;30525.56;13796.89;957;5;2;19;L;Sí;;
STRESS-1788552189311-1245;;Stress Product 1245;Lacteos;59476.26;46446.53;981;5;2;5;UNIT;Sí;;
STRESS-1788552189312-1246;;Stress Product 1246;Snacks;14181.72;43727.28;344;5;2;0;L;Sí;;
STRESS-1788552189313-1247;;Stress Product 1247;Lacteos;16739.14;42430.59;692;5;2;5;L;Sí;;
STRESS-1788552189314-1248;;Stress Product 1248;Bebidas;32188.22;15844.91;552;5;2;5;KG;Sí;;
STRESS-1788552189315-1249;;Stress Product 1249;Lacteos;70164.43;1411.41;630;5;2;19;KG;Sí;;
STRESS-1788552187961-125;;Stress Product 125;Bebidas;52122.14;39314.1;981;5;2;0;KG;Sí;;
STRESS-1788552189317-1250;;Stress Product 1250;Snacks;45244.81;33419.13;1000;5;2;0;L;Sí;;
STRESS-1788552189317-1251;;Stress Product 1251;Bebidas;44113.35;5114.65;838;5;2;0;UNIT;Sí;;
STRESS-1788552189318-1252;;Stress Product 1252;Snacks;95582.95;12649.36;374;5;2;0;KG;Sí;;
STRESS-1788552189319-1253;;Stress Product 1253;Bebidas;35076.75;46152.98;992;5;2;19;UNIT;Sí;;
STRESS-1788552189320-1254;;Stress Product 1254;Bebidas;22377.74;30887.31;278;5;2;5;KG;Sí;;
STRESS-1788552189321-1255;;Stress Product 1255;Bebidas;17311.38;30523.37;508;5;2;5;UNIT;Sí;;
STRESS-1788552189321-1256;;Stress Product 1256;Lacteos;49332.49;44508.36;329;5;2;19;UNIT;Sí;;
STRESS-1788552189323-1257;;Stress Product 1257;Bebidas;48407.05;14987.59;350;5;2;5;KG;Sí;;
STRESS-1788552189324-1258;;Stress Product 1258;Bebidas;38945.94;12258.09;52;5;2;5;L;Sí;;
STRESS-1788552189325-1259;;Stress Product 1259;Lacteos;1704.75;2197.11;810;5;2;5;KG;Sí;;
STRESS-1788552187963-126;;Stress Product 126;Lacteos;99645.06;19665.54;10000253;5;2;0;UNIT;Sí;;
STRESS-1788552189326-1260;;Stress Product 1260;Bebidas;56754.79;30326.57;886;5;2;19;UNIT;Sí;;
STRESS-1788552189327-1261;;Stress Product 1261;Snacks;73510.31;14154.98;305;5;2;19;KG;Sí;;
STRESS-1788552189328-1262;;Stress Product 1262;Snacks;68480.74;38394.3;908;5;2;19;KG;Sí;;
STRESS-1788552189328-1263;;Stress Product 1263;Lacteos;30440.98;38644.14;467;5;2;5;UNIT;Sí;;
STRESS-1788552189329-1264;;Stress Product 1264;Bebidas;90158.6;26093.48;186;5;2;19;L;Sí;;
STRESS-1788552189330-1265;;Stress Product 1265;Snacks;22316.53;7279.59;282;5;2;5;UNIT;Sí;;
STRESS-1788552189331-1266;;Stress Product 1266;Bebidas;57273.77;5038.43;771;5;2;5;KG;Sí;;
STRESS-1788552189333-1267;;Stress Product 1267;Lacteos;16785.17;7064.66;727;5;2;19;KG;Sí;;
STRESS-1788552189334-1268;;Stress Product 1268;Snacks;34018.36;9648.82;926;5;2;5;L;Sí;;
STRESS-1788552189335-1269;;Stress Product 1269;Bebidas;75087.26;10643.97;782;5;2;5;L;Sí;;
STRESS-1788552187965-127;;Stress Product 127;Bebidas;20925.29;3478.59;46;5;2;0;KG;Sí;;
STRESS-1788552189336-1270;;Stress Product 1270;Bebidas;42906.28;8097.65;75;5;2;19;KG;Sí;;
STRESS-1788552189337-1271;;Stress Product 1271;Snacks;19730.38;6430.79;481;5;2;0;KG;Sí;;
STRESS-1788552189340-1272;;Stress Product 1272;Bebidas;56362.59;40921.08;822;5;2;0;KG;Sí;;
STRESS-1788552189343-1273;;Stress Product 1273;Lacteos;85095.85;15979.8;863;5;2;0;L;Sí;;
STRESS-1788552189345-1274;;Stress Product 1274;Lacteos;13580.51;45768.86;45;5;2;19;L;Sí;;
STRESS-1788552189347-1275;;Stress Product 1275;Bebidas;10790.61;1687.95;217;5;2;0;KG;Sí;;
STRESS-1788552189349-1276;;Stress Product 1276;Snacks;77731.11;1161.97;866;5;2;5;UNIT;Sí;;
STRESS-1788552189351-1277;;Stress Product 1277;Bebidas;26315.85;20336.83;222;5;2;0;L;Sí;;
STRESS-1788552189352-1278;;Stress Product 1278;Bebidas;29426.67;26050.94;951;5;2;0;UNIT;Sí;;
STRESS-1788552189354-1279;;Stress Product 1279;Lacteos;20899.76;9441.16;578;5;2;19;KG;Sí;;
STRESS-1788552187966-128;;Stress Product 128;Snacks;71855.02;27218.97;731;5;2;19;L;Sí;;
STRESS-1788552189355-1280;;Stress Product 1280;Lacteos;72652.56;7618.55;757;5;2;0;KG;Sí;;
STRESS-1788552189356-1281;;Stress Product 1281;Bebidas;14896.1;12649.66;50;5;2;5;UNIT;Sí;;
STRESS-1788552189357-1282;;Stress Product 1282;Snacks;75163.09;42021.98;47;5;2;0;UNIT;Sí;;
STRESS-1788552189359-1283;;Stress Product 1283;Snacks;72943.78;34402.63;1048;5;2;19;UNIT;Sí;;
STRESS-1788552189361-1284;;Stress Product 1284;Snacks;13400.06;27876.74;634;5;2;19;UNIT;Sí;;
STRESS-1788552189361-1285;;Stress Product 1285;Snacks;41227.77;45397.24;874;5;2;19;L;Sí;;
STRESS-1788552189362-1286;;Stress Product 1286;Snacks;17901.77;44155.34;1037;5;2;0;KG;Sí;;
STRESS-1788552189364-1287;;Stress Product 1287;Bebidas;4328.37;7941.37;658;5;2;19;KG;Sí;;
STRESS-1788552189366-1288;;Stress Product 1288;Snacks;61763.12;10804.22;895;5;2;19;L;Sí;;
STRESS-1788552189367-1289;;Stress Product 1289;Bebidas;63713.05;36359.24;104;5;2;5;L;Sí;;
STRESS-1788552187968-129;;Stress Product 129;Snacks;37276.82;38094.06;495;5;2;19;KG;Sí;;
STRESS-1788552189368-1290;;Stress Product 1290;Lacteos;95017.41;30205.75;475;5;2;5;KG;Sí;;
STRESS-1788552189370-1291;;Stress Product 1291;Lacteos;66055.31;13250.24;491;5;2;0;UNIT;Sí;;
STRESS-1788552189372-1292;;Stress Product 1292;Lacteos;35258.16;34128.27;937;5;2;19;KG;Sí;;
STRESS-1788552189373-1293;;Stress Product 1293;Snacks;24542.58;33921;42;5;2;0;UNIT;Sí;;
STRESS-1788552189374-1294;;Stress Product 1294;Lacteos;6861.13;2433.83;121;5;2;5;L;Sí;;
STRESS-1788552189375-1295;;Stress Product 1295;Lacteos;13982.96;40862.03;644;5;2;0;KG;Sí;;
STRESS-1788552189376-1296;;Stress Product 1296;Snacks;40575.61;32707.18;631;5;2;0;KG;Sí;;
STRESS-1788552189376-1297;;Stress Product 1297;Lacteos;8926.11;15407.64;442;5;2;0;UNIT;Sí;;
STRESS-1788552189377-1298;;Stress Product 1298;Snacks;37241.46;34116.11;821;5;2;5;UNIT;Sí;;
STRESS-1788552189378-1299;;Stress Product 1299;Lacteos;18707.29;42134.83;314;5;2;19;UNIT;Sí;;
STRESS-1788552187762-13;;Stress Product 13;Snacks;52714.55;34688.16;934;5;2;19;UNIT;Sí;;
STRESS-1788552187969-130;;Stress Product 130;Lacteos;10519.03;43827.74;10000343;5;2;19;KG;Sí;;
STRESS-1788552189378-1300;;Stress Product 1300;Bebidas;44847.02;23646.02;985;5;2;5;KG;Sí;;
STRESS-1788552189379-1301;;Stress Product 1301;Lacteos;35192.78;15121.75;533;5;2;19;UNIT;Sí;;
STRESS-1788552189381-1302;;Stress Product 1302;Snacks;71232.83;19914.64;889;5;2;19;L;Sí;;
STRESS-1788552189383-1303;;Stress Product 1303;Lacteos;77567.3;5444.56;946;5;2;0;KG;Sí;;
STRESS-1788552189385-1304;;Stress Product 1304;Bebidas;80256.3;7178.08;300;5;2;5;L;Sí;;
STRESS-1788552189387-1305;;Stress Product 1305;Lacteos;15066.65;25106.2;132;5;2;0;L;Sí;;
STRESS-1788552189388-1306;;Stress Product 1306;Snacks;79835.96;2280.36;751;5;2;0;L;Sí;;
STRESS-1788552189389-1307;;Stress Product 1307;Bebidas;26489.76;31825.07;407;5;2;0;L;Sí;;
STRESS-1788552189390-1308;;Stress Product 1308;Snacks;39288.65;32196.04;385;5;2;0;KG;Sí;;
STRESS-1788552189391-1309;;Stress Product 1309;Snacks;49383.36;7551.84;10000483;5;2;19;UNIT;Sí;;
STRESS-1788552187970-131;;Stress Product 131;Snacks;52961.89;39351.54;1155;5;2;0;L;Sí;;
STRESS-1788552189392-1310;;Stress Product 1310;Bebidas;21538.96;19969.21;45;5;2;0;L;Sí;;
STRESS-1788552189394-1311;;Stress Product 1311;Lacteos;6269.86;5153.32;251;5;2;5;KG;Sí;;
STRESS-1788552189395-1312;;Stress Product 1312;Bebidas;23458.69;24109.99;499;5;2;0;L;Sí;;
STRESS-1788552189396-1313;;Stress Product 1313;Snacks;43533.7;18591.25;550;5;2;0;KG;Sí;;
STRESS-1788552189398-1314;;Stress Product 1314;Bebidas;89037.11;517.72;597;5;2;0;L;Sí;;
STRESS-1788552189399-1315;;Stress Product 1315;Bebidas;55289.12;45912.05;576;5;2;19;L;Sí;;
STRESS-1788552189401-1316;;Stress Product 1316;Snacks;35898.79;16270.21;577;5;2;19;KG;Sí;;
STRESS-1788552189402-1317;;Stress Product 1317;Bebidas;66810.69;727.51;594;5;2;5;UNIT;Sí;;
STRESS-1788552189402-1318;;Stress Product 1318;Snacks;85764.93;45645.51;459;5;2;5;UNIT;Sí;;
STRESS-1788552189403-1319;;Stress Product 1319;Bebidas;8463.89;43484.77;654;5;2;19;L;Sí;;
STRESS-1788552187971-132;;Stress Product 132;Lacteos;50755.43;19128.47;835;5;2;0;L;Sí;;
STRESS-1788552189404-1320;;Stress Product 1320;Snacks;68031.12;6262.3;463;5;2;0;L;Sí;;
STRESS-1788552189405-1321;;Stress Product 1321;Lacteos;3660.53;46847.43;804;5;2;19;L;Sí;;
STRESS-1788552189406-1322;;Stress Product 1322;Lacteos;12843.42;11518.21;694;5;2;19;KG;Sí;;
STRESS-1788552189406-1323;;Stress Product 1323;Snacks;69468.31;5228.38;906;5;2;0;UNIT;Sí;;
STRESS-1788552189407-1324;;Stress Product 1324;Snacks;36444.98;32129.47;10000801;5;2;19;UNIT;Sí;;
STRESS-1788552189408-1325;;Stress Product 1325;Lacteos;98102.39;23230.31;958;5;2;5;KG;Sí;;
STRESS-1788552189408-1326;;Stress Product 1326;Bebidas;35817.76;42124.05;1009;5;2;19;L;Sí;;
STRESS-1788552189409-1327;;Stress Product 1327;Snacks;36726.83;35757.45;626;5;2;0;KG;Sí;;
STRESS-1788552189410-1328;;Stress Product 1328;Snacks;18704.93;3319.25;110;5;2;19;L;Sí;;
STRESS-1788552189411-1329;;Stress Product 1329;Snacks;45692.43;42895.23;979;5;2;5;UNIT;Sí;;
STRESS-1788552187972-133;;Stress Product 133;Snacks;61807.29;37103.79;682;5;2;0;KG;Sí;;
STRESS-1788552189412-1330;;Stress Product 1330;Lacteos;52645.94;18762.04;390;5;2;5;KG;Sí;;
STRESS-1788552189413-1331;;Stress Product 1331;Bebidas;78868.88;2388.54;899;5;2;5;UNIT;Sí;;
STRESS-1788552189414-1332;;Stress Product 1332;Snacks;30224.92;16802.52;140;5;2;19;UNIT;Sí;;
STRESS-1788552189415-1333;;Stress Product 1333;Lacteos;584.11;3178.33;1040;5;2;5;UNIT;Sí;;
STRESS-1788552189416-1334;;Stress Product 1334;Snacks;853.81;23896.35;48;5;2;5;UNIT;Sí;;
STRESS-1788552189418-1335;;Stress Product 1335;Bebidas;37768.44;27423.36;698;5;2;19;KG;Sí;;
STRESS-1788552189420-1336;;Stress Product 1336;Bebidas;3372.47;46518.24;313;5;2;0;L;Sí;;
STRESS-1788552189421-1337;;Stress Product 1337;Snacks;8503.97;5072.27;875;5;2;0;KG;Sí;;
STRESS-1788552189422-1338;;Stress Product 1338;Bebidas;331.07;17007.76;522;5;2;5;L;Sí;;
STRESS-1788552189423-1339;;Stress Product 1339;Bebidas;47548.62;21900.54;46;5;2;0;L;Sí;;
STRESS-1788552187974-134;;Stress Product 134;Bebidas;25338.15;2311.6;44;5;2;19;KG;Sí;;
STRESS-1788552189424-1340;;Stress Product 1340;Snacks;77806.54;41422.85;424;5;2;5;KG;Sí;;
STRESS-1788552189424-1341;;Stress Product 1341;Lacteos;90819.1;21147.94;47;5;2;5;UNIT;Sí;;
STRESS-1788552189425-1342;;Stress Product 1342;Lacteos;89316.53;30763.38;652;5;2;0;KG;Sí;;
STRESS-1788552189426-1343;;Stress Product 1343;Bebidas;19934.9;26091.68;1024;5;2;0;KG;Sí;;
STRESS-1788552189427-1344;;Stress Product 1344;Lacteos;89348.02;3324.44;59;5;2;19;L;Sí;;
STRESS-1788552189428-1345;;Stress Product 1345;Snacks;19509.65;44989.79;883;5;2;19;UNIT;Sí;;
STRESS-1788552189429-1346;;Stress Product 1346;Lacteos;90720.89;14308.67;343;5;2;19;KG;Sí;;
STRESS-1788552189429-1347;;Stress Product 1347;Lacteos;35023.08;46632.43;131;5;2;19;L;Sí;;
STRESS-1788552189430-1348;;Stress Product 1348;Snacks;35455.49;46016.79;252;5;2;0;L;Sí;;
STRESS-1788552189432-1349;;Stress Product 1349;Lacteos;49964.61;37130.87;643;5;2;19;KG;Sí;;
STRESS-1788552187975-135;;Stress Product 135;Lacteos;22601.02;37899.03;849;5;2;0;UNIT;Sí;;
STRESS-1788552189433-1350;;Stress Product 1350;Lacteos;20367.89;23931.18;327;5;2;0;KG;Sí;;
STRESS-1788552189434-1351;;Stress Product 1351;Lacteos;46068.38;1653.87;445;5;2;19;L;Sí;;
STRESS-1788552189435-1352;;Stress Product 1352;Bebidas;98257.52;36974.86;491;5;2;5;UNIT;Sí;;
STRESS-1788552189436-1353;;Stress Product 1353;Snacks;76700.8;3790.11;766;5;2;19;UNIT;Sí;;
STRESS-1788552189437-1354;;Stress Product 1354;Bebidas;99471.36;20255.31;853;5;2;0;UNIT;Sí;;
STRESS-1788552189437-1355;;Stress Product 1355;Lacteos;74318.62;19302.73;88;5;2;0;UNIT;Sí;;
STRESS-1788552189438-1356;;Stress Product 1356;Bebidas;54778.53;34049.47;504;5;2;5;KG;Sí;;
STRESS-1788552189439-1357;;Stress Product 1357;Snacks;42793.15;19917.28;649;5;2;0;KG;Sí;;
STRESS-1788552189440-1358;;Stress Product 1358;Lacteos;65836;7025.33;771;5;2;0;UNIT;Sí;;
STRESS-1788552189441-1359;;Stress Product 1359;Lacteos;56029.58;28306.57;643;5;2;19;UNIT;Sí;;
STRESS-1788552187978-136;;Stress Product 136;Bebidas;82839.53;17864.98;835;5;2;19;L;Sí;;
STRESS-1788552189442-1360;;Stress Product 1360;Snacks;99763.46;18561.46;142;5;2;5;KG;Sí;;
STRESS-1788552189443-1361;;Stress Product 1361;Snacks;96118.9;6967.71;116;5;2;0;KG;Sí;;
STRESS-1788552189443-1362;;Stress Product 1362;Bebidas;8101.14;44464.4;494;5;2;19;L;Sí;;
STRESS-1788552189444-1363;;Stress Product 1363;Snacks;55117.42;344.48;114;5;2;0;KG;Sí;;
STRESS-1788552189445-1364;;Stress Product 1364;Bebidas;56100.65;45193.72;48;5;2;0;L;Sí;;
STRESS-1788552189445-1365;;Stress Product 1365;Lacteos;91133.23;44881.89;660;5;2;5;KG;Sí;;
STRESS-1788552189446-1366;;Stress Product 1366;Snacks;92499.68;11825.42;902;5;2;5;KG;Sí;;
STRESS-1788552189449-1367;;Stress Product 1367;Bebidas;68612.8;31234.64;10000538;5;2;19;L;Sí;;
STRESS-1788552189452-1368;;Stress Product 1368;Bebidas;32708.04;7323.95;690;5;2;5;L;Sí;;
STRESS-1788552189453-1369;;Stress Product 1369;Lacteos;64333.06;29045.29;923;5;2;0;KG;Sí;;
STRESS-1788552187981-137;;Stress Product 137;Bebidas;44232.83;31125.72;45;5;2;5;KG;Sí;;
STRESS-1788552189455-1370;;Stress Product 1370;Bebidas;2162.59;43198.78;424;5;2;19;KG;Sí;;
STRESS-1788552189457-1371;;Stress Product 1371;Snacks;36897.78;24229.72;44;5;2;5;L;Sí;;
STRESS-1788552189458-1372;;Stress Product 1372;Snacks;21795.32;39883.69;626;5;2;5;UNIT;Sí;;
STRESS-1788552189458-1373;;Stress Product 1373;Snacks;82852.38;2072.32;685;5;2;5;L;Sí;;
STRESS-1788552189460-1374;;Stress Product 1374;Lacteos;30466.07;16690.22;270;5;2;19;KG;Sí;;
STRESS-1788552189460-1375;;Stress Product 1375;Bebidas;61134.27;17567.04;282;5;2;0;UNIT;Sí;;
STRESS-1788552189461-1376;;Stress Product 1376;Bebidas;81817.83;15412.51;851;5;2;19;KG;Sí;;
STRESS-1788552189462-1377;;Stress Product 1377;Lacteos;54291.7;10886.6;290;5;2;19;UNIT;Sí;;
STRESS-1788552189464-1378;;Stress Product 1378;Snacks;90872.95;32077.52;960;5;2;5;L;Sí;;
STRESS-1788552189465-1379;;Stress Product 1379;Snacks;17293;49589.22;646;5;2;5;KG;Sí;;
STRESS-1788552187983-138;;Stress Product 138;Snacks;82896.49;104.67;84;5;2;5;KG;Sí;;
STRESS-1788552189466-1380;;Stress Product 1380;Snacks;76470.11;16838.05;596;5;2;5;UNIT;Sí;;
STRESS-1788552189467-1381;;Stress Product 1381;Bebidas;10068.32;43249.7;842;5;2;5;L;Sí;;
STRESS-1788552189468-1382;;Stress Product 1382;Snacks;73172.65;46316.44;872;5;2;0;UNIT;Sí;;
STRESS-1788552189468-1383;;Stress Product 1383;Bebidas;12952.97;31811.39;339;5;2;0;KG;Sí;;
STRESS-1788552189469-1384;;Stress Product 1384;Bebidas;35200.27;42922.04;10000136;5;2;19;UNIT;Sí;;
STRESS-1788552189470-1385;;Stress Product 1385;Lacteos;84479.86;22654.36;1;5;2;19;KG;Sí;;
STRESS-1788552189471-1386;;Stress Product 1386;Lacteos;94171.26;18246.98;86;5;2;0;KG;Sí;;
STRESS-1788552189471-1387;;Stress Product 1387;Snacks;6052.92;48787.37;243;5;2;0;UNIT;Sí;;
STRESS-1788552189472-1388;;Stress Product 1388;Bebidas;33019.42;30887.48;494;5;2;0;L;Sí;;
STRESS-1788552189473-1389;;Stress Product 1389;Lacteos;13438.76;16111.13;43;5;2;5;KG;Sí;;
STRESS-1788552187984-139;;Stress Product 139;Bebidas;32689.53;14046.24;747;5;2;0;KG;Sí;;
STRESS-1788552189474-1390;;Stress Product 1390;Lacteos;75660.96;44304.61;776;5;2;19;KG;Sí;;
STRESS-1788552189474-1391;;Stress Product 1391;Lacteos;71397.81;11570.58;895;5;2;5;L;Sí;;
STRESS-1788552189497-1392;;Stress Product 1392;Lacteos;2148.42;18664.74;480;5;2;5;UNIT;Sí;;
STRESS-1788552189499-1393;;Stress Product 1393;Snacks;47251.36;36533.94;81;5;2;0;KG;Sí;;
STRESS-1788552189501-1394;;Stress Product 1394;Lacteos;8858.17;31627.91;585;5;2;0;KG;Sí;;
STRESS-1788552189502-1395;;Stress Product 1395;Lacteos;80691.54;42328.14;154;5;2;0;UNIT;Sí;;
STRESS-1788552189504-1396;;Stress Product 1396;Snacks;73200.57;9752.83;10000631;5;2;5;UNIT;Sí;;
STRESS-1788552189505-1397;;Stress Product 1397;Bebidas;32467.11;45491.34;10000220;5;2;5;KG;Sí;;
STRESS-1788552189506-1398;;Stress Product 1398;Bebidas;69722.16;45442.29;264;5;2;0;UNIT;Sí;;
STRESS-1788552189508-1399;;Stress Product 1399;Bebidas;88120.25;46866.01;621;5;2;19;UNIT;Sí;;
STRESS-1788552187763-14;;Stress Product 14;Bebidas;74600.45;3329.89;840;5;2;0;L;Sí;;
STRESS-1788552187985-140;;Stress Product 140;Lacteos;48269.77;43569.63;42;5;2;0;UNIT;Sí;;
STRESS-1788552189510-1400;;Stress Product 1400;Bebidas;64917.69;48003.83;44;5;2;5;L;Sí;;
STRESS-1788552189511-1401;;Stress Product 1401;Snacks;72179.08;8068.14;525;5;2;0;L;Sí;;
STRESS-1788552189513-1402;;Stress Product 1402;Bebidas;92774.17;25954.19;859;5;2;0;UNIT;Sí;;
STRESS-1788552189514-1403;;Stress Product 1403;Snacks;72318.68;39827.58;171;5;2;19;UNIT;Sí;;
STRESS-1788552189520-1404;;Stress Product 1404;Lacteos;27215.49;49618.99;47;5;2;19;KG;Sí;;
STRESS-1788552189521-1405;;Stress Product 1405;Snacks;45136.22;36011.77;220;5;2;5;KG;Sí;;
STRESS-1788552189522-1406;;Stress Product 1406;Snacks;79949.37;3325.27;908;5;2;19;L;Sí;;
STRESS-1788552189523-1407;;Stress Product 1407;Lacteos;49931.86;45478.74;10000020;5;2;5;UNIT;Sí;;
STRESS-1788552189525-1408;;Stress Product 1408;Snacks;84670.59;13681.45;414;5;2;5;KG;Sí;;
STRESS-1788552189526-1409;;Stress Product 1409;Bebidas;77761.12;29025.87;268;5;2;19;KG;Sí;;
STRESS-1788552187986-141;;Stress Product 141;Lacteos;44190.48;29407.46;584;5;2;0;L;Sí;;
STRESS-1788552189527-1410;;Stress Product 1410;Snacks;48144.83;47044.11;295;5;2;0;KG;Sí;;
STRESS-1788552189528-1411;;Stress Product 1411;Bebidas;32654.33;6363.95;317;5;2;5;KG;Sí;;
STRESS-1788552189529-1412;;Stress Product 1412;Bebidas;91137;15760.91;46;5;2;0;KG;Sí;;
STRESS-1788552189530-1413;;Stress Product 1413;Bebidas;60668.78;32870.93;39;5;2;5;L;Sí;;
STRESS-1788552189531-1414;;Stress Product 1414;Bebidas;24451.99;32700.66;159;5;2;0;KG;Sí;;
STRESS-1788552189533-1415;;Stress Product 1415;Snacks;89540.99;35711.13;944;5;2;19;KG;Sí;;
STRESS-1788552189534-1416;;Stress Product 1416;Bebidas;83320.52;32315.43;308;5;2;0;L;Sí;;
STRESS-1788552189535-1417;;Stress Product 1417;Bebidas;50637.27;3418.15;897;5;2;19;KG;Sí;;
STRESS-1788552189535-1418;;Stress Product 1418;Lacteos;34064.48;2473.75;156;5;2;19;KG;Sí;;
STRESS-1788552189536-1419;;Stress Product 1419;Lacteos;70028.1;45351.08;615;5;2;19;KG;Sí;;
STRESS-1788552187987-142;;Stress Product 142;Lacteos;33147.95;3593.2;267;5;2;0;L;Sí;;
STRESS-1788552189537-1420;;Stress Product 1420;Lacteos;77799.69;33045.66;679;5;2;5;KG;Sí;;
STRESS-1788552189537-1421;;Stress Product 1421;Lacteos;1660.26;18003.44;644;5;2;0;UNIT;Sí;;
STRESS-1788552189538-1422;;Stress Product 1422;Lacteos;70741.28;9365.91;330;5;2;19;UNIT;Sí;;
STRESS-1788552189539-1423;;Stress Product 1423;Bebidas;18130.94;34921.23;499;5;2;19;KG;Sí;;
STRESS-1788552189540-1424;;Stress Product 1424;Lacteos;69856.83;24947.81;35;5;2;5;L;Sí;;
STRESS-1788552189541-1425;;Stress Product 1425;Bebidas;82221.58;40373.26;10000254;5;2;5;UNIT;Sí;;
STRESS-1788552189542-1426;;Stress Product 1426;Snacks;48396.83;22579.82;870;5;2;19;KG;Sí;;
STRESS-1788552189542-1427;;Stress Product 1427;Snacks;29493.65;47351.22;46;5;2;0;UNIT;Sí;;
STRESS-1788552189543-1428;;Stress Product 1428;Bebidas;27242.66;13230.73;774;5;2;0;UNIT;Sí;;
STRESS-1788552189544-1429;;Stress Product 1429;Bebidas;69347.88;47074.35;953;5;2;19;KG;Sí;;
STRESS-1788552187987-143;;Stress Product 143;Snacks;24013.52;21645.19;884;5;2;19;KG;Sí;;
STRESS-1788552189545-1430;;Stress Product 1430;Bebidas;99501.75;14905.01;194;5;2;19;KG;Sí;;
STRESS-1788552189545-1431;;Stress Product 1431;Bebidas;43265.6;1013.37;644;5;2;19;UNIT;Sí;;
STRESS-1788552189546-1432;;Stress Product 1432;Snacks;20556.62;3251.62;479;5;2;5;UNIT;Sí;;
STRESS-1788552189547-1433;;Stress Product 1433;Lacteos;85921.47;21675.41;150;5;2;19;UNIT;Sí;;
STRESS-1788552189548-1434;;Stress Product 1434;Bebidas;22598.8;15229.97;646;5;2;5;L;Sí;;
STRESS-1788552189550-1435;;Stress Product 1435;Snacks;9920.94;49260.97;154;5;2;0;UNIT;Sí;;
STRESS-1788552189552-1436;;Stress Product 1436;Lacteos;98740.05;8382.77;151;5;2;5;L;Sí;;
STRESS-1788552189554-1437;;Stress Product 1437;Snacks;72493.93;32247.53;914;5;2;5;L;Sí;;
STRESS-1788552189555-1438;;Stress Product 1438;Lacteos;42962.07;9704.85;609;5;2;5;L;Sí;;
STRESS-1788552189556-1439;;Stress Product 1439;Bebidas;83178.2;19611.33;450;5;2;0;L;Sí;;
STRESS-1788552187988-144;;Stress Product 144;Lacteos;47066.83;40896.53;98;5;2;0;UNIT;Sí;;
STRESS-1788552189558-1440;;Stress Product 1440;Snacks;10718.42;35563.22;678;5;2;19;KG;Sí;;
STRESS-1788552189560-1441;;Stress Product 1441;Snacks;40906.15;39080.94;942;5;2;19;KG;Sí;;
STRESS-1788552189561-1442;;Stress Product 1442;Snacks;75539.85;22249.04;10000793;5;2;5;UNIT;Sí;;
STRESS-1788552189562-1443;;Stress Product 1443;Snacks;45002.19;33028.72;122;5;2;19;KG;Sí;;
STRESS-1788552189563-1444;;Stress Product 1444;Bebidas;332.68;36454.69;927;5;2;0;UNIT;Sí;;
STRESS-1788552189564-1445;;Stress Product 1445;Snacks;65813.09;42484.71;488;5;2;0;L;Sí;;
STRESS-1788552189565-1446;;Stress Product 1446;Lacteos;9052.69;4314.25;597;5;2;5;L;Sí;;
STRESS-1788552189566-1447;;Stress Product 1447;Snacks;72156.3;628.95;116;5;2;0;L;Sí;;
STRESS-1788552189567-1448;;Stress Product 1448;Snacks;13441;31218.06;460;5;2;19;KG;Sí;;
STRESS-1788552189568-1449;;Stress Product 1449;Bebidas;52308.7;35052.58;977;5;2;5;UNIT;Sí;;
STRESS-1788552187989-145;;Stress Product 145;Snacks;7779.34;25783.06;912;5;2;19;L;Sí;;
STRESS-1788552189568-1450;;Stress Product 1450;Snacks;90552.27;41592.14;484;5;2;0;KG;Sí;;
STRESS-1788552189569-1451;;Stress Product 1451;Bebidas;93176.91;32088.41;974;5;2;19;UNIT;Sí;;
STRESS-1788552189570-1452;;Stress Product 1452;Lacteos;69436.01;12711.05;847;5;2;5;KG;Sí;;
STRESS-1788552189571-1453;;Stress Product 1453;Bebidas;17287.3;23573.59;665;5;2;0;L;Sí;;
STRESS-1788552189573-1454;;Stress Product 1454;Lacteos;36325.6;26788.33;849;5;2;0;KG;Sí;;
STRESS-1788552189574-1455;;Stress Product 1455;Bebidas;926.24;49152.72;146;5;2;0;UNIT;Sí;;
STRESS-1788552189575-1456;;Stress Product 1456;Bebidas;98280.25;44705.6;649;5;2;19;KG;Sí;;
STRESS-1788552189576-1457;;Stress Product 1457;Snacks;71564.47;22911.2;388;5;2;5;UNIT;Sí;;
STRESS-1788552189577-1458;;Stress Product 1458;Bebidas;37073.5;30249.55;177;5;2;5;UNIT;Sí;;
STRESS-1788552189577-1459;;Stress Product 1459;Snacks;22170.55;8243.32;346;5;2;0;L;Sí;;
STRESS-1788552187989-146;;Stress Product 146;Bebidas;3096.64;30438.04;100;5;2;5;UNIT;Sí;;
STRESS-1788552189578-1460;;Stress Product 1460;Bebidas;64098.41;18411.17;904;5;2;19;L;Sí;;
STRESS-1788552189579-1461;;Stress Product 1461;Bebidas;15149.35;36907.24;611;5;2;0;L;Sí;;
STRESS-1788552189580-1462;;Stress Product 1462;Lacteos;72097.28;9194.99;611;5;2;19;KG;Sí;;
STRESS-1788552189582-1463;;Stress Product 1463;Snacks;43978.93;49385.57;802;5;2;5;KG;Sí;;
STRESS-1788552189583-1464;;Stress Product 1464;Lacteos;90047.14;17984.93;294;5;2;19;UNIT;Sí;;
STRESS-1788552189584-1465;;Stress Product 1465;Bebidas;87785.96;33728.67;417;5;2;19;UNIT;Sí;;
STRESS-1788552189585-1466;;Stress Product 1466;Bebidas;92340.43;13902.42;200;5;2;5;UNIT;Sí;;
STRESS-1788552189586-1467;;Stress Product 1467;Bebidas;99886.01;17151.93;630;5;2;5;KG;Sí;;
STRESS-1788552189587-1468;;Stress Product 1468;Lacteos;88669.62;29977.97;303;5;2;5;L;Sí;;
STRESS-1788552189589-1469;;Stress Product 1469;Lacteos;45563.43;13076.9;519;5;2;19;L;Sí;;
STRESS-1788552187990-147;;Stress Product 147;Snacks;52544.97;25387.01;92;5;2;0;KG;Sí;;
STRESS-1788552189592-1470;;Stress Product 1470;Bebidas;454.1;16132.96;58;5;2;19;L;Sí;;
STRESS-1788552189595-1471;;Stress Product 1471;Lacteos;63782.36;16020.48;1066;5;2;19;L;Sí;;
STRESS-1788552189597-1472;;Stress Product 1472;Bebidas;51888.62;49888.97;831;5;2;19;UNIT;Sí;;
STRESS-1788552189599-1473;;Stress Product 1473;Bebidas;29255.41;13298.38;131;5;2;5;L;Sí;;
STRESS-1788552189601-1474;;Stress Product 1474;Snacks;49910.42;37075.3;790;5;2;5;L;Sí;;
STRESS-1788552189604-1475;;Stress Product 1475;Bebidas;62744.5;23155.6;96;5;2;0;KG;Sí;;
STRESS-1788552189608-1476;;Stress Product 1476;Bebidas;97871.15;34198.47;920;5;2;5;KG;Sí;;
STRESS-1788552189610-1477;;Stress Product 1477;Lacteos;68412.79;18117.82;1045;5;2;0;UNIT;Sí;;
STRESS-1788552189613-1478;;Stress Product 1478;Snacks;79347.24;14594.68;392;5;2;19;L;Sí;;
STRESS-1788552189615-1479;;Stress Product 1479;Lacteos;46554.23;6104.02;533;5;2;0;UNIT;Sí;;
STRESS-1788552187991-148;;Stress Product 148;Lacteos;94005.8;40608.35;836;5;2;19;L;Sí;;
STRESS-1788552189616-1480;;Stress Product 1480;Bebidas;46487.87;12940.88;44;5;2;5;L;Sí;;
STRESS-1788552189617-1481;;Stress Product 1481;Bebidas;26360.11;22970.44;46;5;2;5;UNIT;Sí;;
STRESS-1788552189618-1482;;Stress Product 1482;Bebidas;43947.76;9073.35;289;5;2;19;KG;Sí;;
STRESS-1788552189619-1483;;Stress Product 1483;Lacteos;66845.3;29278.05;970;5;2;19;KG;Sí;;
STRESS-1788552189620-1484;;Stress Product 1484;Snacks;94448.53;3152;233;5;2;5;L;Sí;;
STRESS-1788552189621-1485;;Stress Product 1485;Snacks;53251.6;24477.43;628;5;2;0;L;Sí;;
STRESS-1788552189622-1486;;Stress Product 1486;Bebidas;69804.7;30145.12;43;5;2;19;KG;Sí;;
STRESS-1788552189622-1487;;Stress Product 1487;Lacteos;68117.31;32439.07;579;5;2;0;KG;Sí;;
STRESS-1788552189623-1488;;Stress Product 1488;Lacteos;75996.22;47360.25;86;5;2;5;UNIT;Sí;;
STRESS-1788552189624-1489;;Stress Product 1489;Snacks;94044.89;37775.29;258;5;2;5;L;Sí;;
STRESS-1788552187992-149;;Stress Product 149;Lacteos;50306.14;12695.32;778;5;2;5;L;Sí;;
STRESS-1788552189625-1490;;Stress Product 1490;Bebidas;43453.75;10180.52;721;5;2;0;UNIT;Sí;;
STRESS-1788552189626-1491;;Stress Product 1491;Snacks;18391.46;13204.74;914;5;2;0;KG;Sí;;
STRESS-1788552189627-1492;;Stress Product 1492;Bebidas;59193.8;31188.56;691;5;2;0;UNIT;Sí;;
STRESS-1788552189627-1493;;Stress Product 1493;Snacks;53952.53;6584.83;493;5;2;0;UNIT;Sí;;
STRESS-1788552189628-1494;;Stress Product 1494;Lacteos;25136.58;10410.85;940;5;2;19;UNIT;Sí;;
STRESS-1788552189629-1495;;Stress Product 1495;Lacteos;30431.47;35129.17;956;5;2;5;L;Sí;;
STRESS-1788552189630-1496;;Stress Product 1496;Snacks;34600.31;2834.73;10;5;2;0;L;Sí;;
STRESS-1788552189631-1497;;Stress Product 1497;Snacks;40756;24115.24;872;5;2;5;UNIT;Sí;;
STRESS-1788552189631-1498;;Stress Product 1498;Lacteos;84886.82;41971.76;757;5;2;5;L;Sí;;
STRESS-1788552189632-1499;;Stress Product 1499;Bebidas;20344.52;27931.45;778;5;2;0;L;Sí;;
STRESS-1788552187764-15;;Stress Product 15;Lacteos;55517.69;16310.46;839;5;2;5;L;Sí;;
STRESS-1788552187993-150;;Stress Product 150;Snacks;76696.93;28334.63;797;5;2;5;KG;Sí;;
STRESS-1788552189634-1500;;Stress Product 1500;Lacteos;84526.39;43039.75;712;5;2;5;L;Sí;;
STRESS-1788552189635-1501;;Stress Product 1501;Bebidas;19976.19;8647.12;409;5;2;5;L;Sí;;
STRESS-1788552189638-1502;;Stress Product 1502;Snacks;93572.08;45419.64;157;5;2;19;UNIT;Sí;;
STRESS-1788552189640-1503;;Stress Product 1503;Lacteos;39172.89;40999.77;420;5;2;19;KG;Sí;;
STRESS-1788552189641-1504;;Stress Product 1504;Bebidas;65539.62;24899.61;193;5;2;5;L;Sí;;
STRESS-1788552189643-1505;;Stress Product 1505;Snacks;95959.84;39511.46;668;5;2;5;KG;Sí;;
STRESS-1788552189644-1506;;Stress Product 1506;Snacks;94731.98;41445.46;954;5;2;5;KG;Sí;;
STRESS-1788552189645-1507;;Stress Product 1507;Lacteos;17121.03;19382.51;46;5;2;5;UNIT;Sí;;
STRESS-1788552189645-1508;;Stress Product 1508;Bebidas;58829.81;31349.15;474;5;2;19;UNIT;Sí;;
STRESS-1788552189646-1509;;Stress Product 1509;Lacteos;304.63;15166.8;388;5;2;5;KG;Sí;;
STRESS-1788552187994-151;;Stress Product 151;Snacks;26399.73;40611.09;589;5;2;5;L;Sí;;
STRESS-1788552189647-1510;;Stress Product 1510;Lacteos;3549.78;7770.79;768;5;2;0;L;Sí;;
STRESS-1788552189649-1511;;Stress Product 1511;Bebidas;94636.83;27729.75;854;5;2;5;KG;Sí;;
STRESS-1788552189650-1512;;Stress Product 1512;Snacks;47813.03;13202.04;45;5;2;5;UNIT;Sí;;
STRESS-1788552189653-1513;;Stress Product 1513;Lacteos;87368.67;19274.91;48;5;2;5;KG;Sí;;
STRESS-1788552189656-1514;;Stress Product 1514;Bebidas;47155.95;45591.32;95;5;2;19;UNIT;Sí;;
STRESS-1788552189657-1515;;Stress Product 1515;Lacteos;24927.81;20739.94;474;5;2;5;L;Sí;;
STRESS-1788552189658-1516;;Stress Product 1516;Lacteos;71187.83;7905.93;211;5;2;19;UNIT;Sí;;
STRESS-1788552189660-1517;;Stress Product 1517;Snacks;52373.06;25768.99;1066;5;2;5;UNIT;Sí;;
STRESS-1788552189661-1518;;Stress Product 1518;Lacteos;90769.61;28114.37;918;5;2;0;KG;Sí;;
STRESS-1788552189662-1519;;Stress Product 1519;Snacks;77493.22;10204.71;696;5;2;0;L;Sí;;
STRESS-1788552187994-152;;Stress Product 152;Bebidas;34023.11;19353.17;297;5;2;5;KG;Sí;;
STRESS-1788552189662-1520;;Stress Product 1520;Bebidas;10881.43;42625.95;356;5;2;0;L;Sí;;
STRESS-1788552189664-1521;;Stress Product 1521;Snacks;19896.04;6237.54;127;5;2;5;L;Sí;;
STRESS-1788552189665-1522;;Stress Product 1522;Bebidas;55749.58;38449.66;48;5;2;5;L;Sí;;
STRESS-1788552189667-1523;;Stress Product 1523;Lacteos;71522.17;17555.03;45;5;2;0;UNIT;Sí;;
STRESS-1788552189668-1524;;Stress Product 1524;Snacks;96248.34;39506.11;47;5;2;19;L;Sí;;
STRESS-1788552189670-1525;;Stress Product 1525;Bebidas;51806.64;45164.92;898;5;2;19;UNIT;Sí;;
STRESS-1788552189671-1526;;Stress Product 1526;Bebidas;29527.4;48147.42;901;5;2;0;L;Sí;;
STRESS-1788552189672-1527;;Stress Product 1527;Snacks;90500.24;16227.02;106;5;2;5;KG;Sí;;
STRESS-1788552189673-1528;;Stress Product 1528;Lacteos;71548.18;41480.8;576;5;2;0;KG;Sí;;
STRESS-1788552189674-1529;;Stress Product 1529;Lacteos;3143.69;12951.95;908;5;2;19;UNIT;Sí;;
STRESS-1788552187995-153;;Stress Product 153;Snacks;11741.49;7433.32;963;5;2;5;L;Sí;;
STRESS-1788552189675-1530;;Stress Product 1530;Bebidas;73288.16;12246.96;43;5;2;5;UNIT;Sí;;
STRESS-1788552189676-1531;;Stress Product 1531;Bebidas;46283.18;15990.04;426;5;2;0;L;Sí;;
STRESS-1788552189677-1532;;Stress Product 1532;Snacks;77518.57;43085.05;416;5;2;19;L;Sí;;
STRESS-1788552189677-1533;;Stress Product 1533;Bebidas;24749.17;32080.5;194;5;2;0;L;Sí;;
STRESS-1788552189678-1534;;Stress Product 1534;Snacks;48412.72;37471.56;570;5;2;5;L;Sí;;
STRESS-1788552189679-1535;;Stress Product 1535;Bebidas;75787.36;15219.54;701;5;2;19;UNIT;Sí;;
STRESS-1788552189679-1536;;Stress Product 1536;Lacteos;97084.51;25999.11;863;5;2;0;KG;Sí;;
STRESS-1788552189681-1537;;Stress Product 1537;Snacks;6630.5;20100.81;113;5;2;5;L;Sí;;
STRESS-1788552189683-1538;;Stress Product 1538;Lacteos;20153.58;46932.47;630;5;2;5;UNIT;Sí;;
STRESS-1788552189684-1539;;Stress Product 1539;Snacks;88320.07;27106.27;573;5;2;5;KG;Sí;;
STRESS-1788552187996-154;;Stress Product 154;Lacteos;582.05;38611.28;442;5;2;19;L;Sí;;
STRESS-1788552189685-1540;;Stress Product 1540;Bebidas;5840.11;76.84;10000541;5;2;0;UNIT;Sí;;
STRESS-1788552189686-1541;;Stress Product 1541;Lacteos;79510.85;8850.8;89;5;2;0;KG;Sí;;
STRESS-1788552189687-1542;;Stress Product 1542;Snacks;79973.77;46006.75;302;5;2;0;UNIT;Sí;;
STRESS-1788552189688-1543;;Stress Product 1543;Bebidas;47181.53;30763.04;50;5;2;0;UNIT;Sí;;
STRESS-1788552189688-1544;;Stress Product 1544;Bebidas;50702.33;1052.73;146;5;2;5;KG;Sí;;
STRESS-1788552189689-1545;;Stress Product 1545;Bebidas;23359.16;27253.98;827;5;2;19;UNIT;Sí;;
STRESS-1788552189690-1546;;Stress Product 1546;Lacteos;40768.03;45752.78;10000300;5;2;19;KG;Sí;;
STRESS-1788552189691-1547;;Stress Product 1547;Snacks;21158.5;40193.64;550;5;2;0;UNIT;Sí;;
STRESS-1788552189692-1548;;Stress Product 1548;Lacteos;43161.22;30455.78;291;5;2;0;KG;Sí;;
STRESS-1788552189693-1549;;Stress Product 1549;Lacteos;65238.27;45211.33;915;5;2;19;KG;Sí;;
STRESS-1788552187997-155;;Stress Product 155;Bebidas;62896.94;43160.07;10000684;5;2;5;UNIT;Sí;;
STRESS-1788552189694-1550;;Stress Product 1550;Lacteos;33298.7;17624.57;811;5;2;0;KG;Sí;;
STRESS-1788552189694-1551;;Stress Product 1551;Snacks;6950.04;47255.34;119;5;2;0;UNIT;Sí;;
STRESS-1788552189695-1552;;Stress Product 1552;Lacteos;79861.92;487.61;799;5;2;0;KG;Sí;;
STRESS-1788552189696-1553;;Stress Product 1553;Lacteos;57998;27542.39;522;5;2;19;UNIT;Sí;;
STRESS-1788552189719-1554;;Stress Product 1554;Lacteos;4722.83;21382.09;44;5;2;19;UNIT;Sí;;
STRESS-1788552189720-1555;;Stress Product 1555;Lacteos;8393.13;3428.75;251;5;2;5;UNIT;Sí;;
STRESS-1788552189722-1556;;Stress Product 1556;Snacks;26655.4;181.45;694;5;2;5;KG;Sí;;
STRESS-1788552189723-1557;;Stress Product 1557;Lacteos;62166.38;29840.17;370;5;2;0;KG;Sí;;
STRESS-1788552189724-1558;;Stress Product 1558;Bebidas;71566.4;44099.35;825;5;2;0;L;Sí;;
STRESS-1788552189726-1559;;Stress Product 1559;Bebidas;88319.18;10935.29;809;5;2;5;KG;Sí;;
STRESS-1788552187998-156;;Stress Product 156;Lacteos;29123.28;23354.57;523;5;2;19;UNIT;Sí;;
STRESS-1788552189728-1560;;Stress Product 1560;Snacks;83118.72;2116.32;128;5;2;5;L;Sí;;
STRESS-1788552189729-1561;;Stress Product 1561;Bebidas;32196.46;13700.4;998;5;2;0;L;Sí;;
STRESS-1788552189733-1562;;Stress Product 1562;Bebidas;28732.7;27781;72;5;2;0;L;Sí;;
STRESS-1788552189736-1563;;Stress Product 1563;Bebidas;57962.65;28498.48;621;5;2;5;UNIT;Sí;;
STRESS-1788552189738-1564;;Stress Product 1564;Snacks;10458.89;17168.84;191;5;2;0;KG;Sí;;
STRESS-1788552189740-1565;;Stress Product 1565;Bebidas;29959.67;25322.7;149;5;2;0;UNIT;Sí;;
STRESS-1788552189741-1566;;Stress Product 1566;Lacteos;41968.01;13278.05;863;5;2;5;UNIT;Sí;;
STRESS-1788552189751-1567;;Stress Product 1567;Lacteos;69158.42;32242.64;517;5;2;0;L;Sí;;
STRESS-1788552189754-1568;;Stress Product 1568;Lacteos;13093.07;19717.22;500;5;2;19;KG;Sí;;
STRESS-1788552189756-1569;;Stress Product 1569;Lacteos;75098.62;46407.01;128;5;2;19;L;Sí;;
STRESS-1788552187999-157;;Stress Product 157;Lacteos;30473.43;19481.12;822;5;2;0;KG;Sí;;
STRESS-1788552189759-1570;;Stress Product 1570;Snacks;48728.29;47249.96;339;5;2;5;UNIT;Sí;;
STRESS-1788552189761-1571;;Stress Product 1571;Snacks;40362.41;33864.84;204;5;2;0;KG;Sí;;
STRESS-1788552189766-1572;;Stress Product 1572;Bebidas;22017.9;2346.97;542;5;2;0;L;Sí;;
STRESS-1788552189768-1573;;Stress Product 1573;Bebidas;67176.95;33967.53;49;5;2;19;L;Sí;;
STRESS-1788552189770-1574;;Stress Product 1574;Snacks;99710.7;37707.6;149;5;2;5;KG;Sí;;
STRESS-1788552189773-1575;;Stress Product 1575;Snacks;36107.19;7827.5;249;5;2;0;L;Sí;;
STRESS-1788552189775-1576;;Stress Product 1576;Snacks;45612.28;19831.13;120;5;2;19;L;Sí;;
STRESS-1788552189777-1577;;Stress Product 1577;Lacteos;59423.75;31341.89;540;5;2;0;KG;Sí;;
STRESS-1788552189780-1578;;Stress Product 1578;Snacks;24803.03;34429.36;906;5;2;19;KG;Sí;;
STRESS-1788552189783-1579;;Stress Product 1579;Lacteos;85049.91;31205.37;194;5;2;0;L;Sí;;
STRESS-1788552188000-158;;Stress Product 158;Lacteos;52513.09;34171.36;519;5;2;0;L;Sí;;
STRESS-1788552189785-1580;;Stress Product 1580;Lacteos;64978.94;49940.04;99;5;2;0;UNIT;Sí;;
STRESS-1788552189786-1581;;Stress Product 1581;Snacks;94831.86;44652.36;47;5;2;0;KG;Sí;;
STRESS-1788552189788-1582;;Stress Product 1582;Lacteos;20644.81;17637.63;937;5;2;0;UNIT;Sí;;
STRESS-1788552189790-1583;;Stress Product 1583;Bebidas;35733.09;49503.05;938;5;2;5;L;Sí;;
STRESS-1788552189791-1584;;Stress Product 1584;Snacks;33326.08;39769.05;860;5;2;5;L;Sí;;
STRESS-1788552189793-1585;;Stress Product 1585;Lacteos;22770.82;38800.62;990;5;2;19;L;Sí;;
STRESS-1788552189798-1586;;Stress Product 1586;Lacteos;48760.38;15389.56;592;5;2;0;L;Sí;;
STRESS-1788552189801-1587;;Stress Product 1587;Snacks;66167.52;16480.21;734;5;2;5;L;Sí;;
STRESS-1788552189804-1588;;Stress Product 1588;Bebidas;82051.93;21159.97;801;5;2;0;KG;Sí;;
STRESS-1788552189807-1589;;Stress Product 1589;Bebidas;53191.64;35186.25;932;5;2;5;KG;Sí;;
STRESS-1788552188001-159;;Stress Product 159;Snacks;17885.94;33011.18;431;5;2;5;KG;Sí;;
STRESS-1788552189809-1590;;Stress Product 1590;Bebidas;47649.83;4309.68;849;5;2;19;UNIT;Sí;;
STRESS-1788552189811-1591;;Stress Product 1591;Lacteos;31939;32129.4;10000671;5;2;19;L;Sí;;
STRESS-1788552189812-1592;;Stress Product 1592;Bebidas;65131.1;8233;617;5;2;5;UNIT;Sí;;
STRESS-1788552189814-1593;;Stress Product 1593;Bebidas;71893.11;19029.12;883;5;2;19;KG;Sí;;
STRESS-1788552189815-1594;;Stress Product 1594;Bebidas;24930.39;39560.38;454;5;2;0;L;Sí;;
STRESS-1788552189817-1595;;Stress Product 1595;Lacteos;65086.05;28771.32;800;5;2;19;L;Sí;;
STRESS-1788552189818-1596;;Stress Product 1596;Lacteos;57385.31;22264.87;585;5;2;5;KG;Sí;;
STRESS-1788552189819-1597;;Stress Product 1597;Lacteos;98795.34;41115.12;992;5;2;0;UNIT;Sí;;
STRESS-1788552189820-1598;;Stress Product 1598;Bebidas;4393.47;48641.95;46;5;2;0;L;Sí;;
STRESS-1788552189820-1599;;Stress Product 1599;Bebidas;90459.14;38015.26;648;5;2;0;UNIT;Sí;;
STRESS-1788552187765-16;;Stress Product 16;Bebidas;51836.11;31631.88;636;5;2;5;UNIT;Sí;;
STRESS-1788552188002-160;;Stress Product 160;Bebidas;30806.45;38144.29;174;5;2;19;UNIT;Sí;;
STRESS-1788552189821-1600;;Stress Product 1600;Bebidas;18564.91;9826.29;43;5;2;5;UNIT;Sí;;
STRESS-1788552189822-1601;;Stress Product 1601;Lacteos;93809.68;43661.1;54;5;2;5;UNIT;Sí;;
STRESS-1788552189823-1602;;Stress Product 1602;Snacks;93948.41;39851.31;650;5;2;0;UNIT;Sí;;
STRESS-1788552189824-1603;;Stress Product 1603;Bebidas;20117.98;47735.22;265;5;2;19;L;Sí;;
STRESS-1788552189826-1604;;Stress Product 1604;Lacteos;4538.23;29319.85;256;5;2;5;L;Sí;;
STRESS-1788552189827-1605;;Stress Product 1605;Snacks;12411.79;20151.68;44;5;2;19;L;Sí;;
STRESS-1788552189828-1606;;Stress Product 1606;Bebidas;37661.33;36631.7;778;5;2;0;UNIT;Sí;;
STRESS-1788552189829-1607;;Stress Product 1607;Lacteos;30995.79;39523.16;921;5;2;19;KG;Sí;;
STRESS-1788552189830-1608;;Stress Product 1608;Snacks;1228.14;33048;452;5;2;0;L;Sí;;
STRESS-1788552189832-1609;;Stress Product 1609;Lacteos;82957.04;17204.81;870;5;2;0;KG;Sí;;
STRESS-1788552188003-161;;Stress Product 161;Snacks;18474.77;31305.99;194;5;2;5;UNIT;Sí;;
STRESS-1788552189833-1610;;Stress Product 1610;Bebidas;81596.52;28917.1;485;5;2;19;UNIT;Sí;;
STRESS-1788552189834-1611;;Stress Product 1611;Snacks;85881.33;24990.61;452;5;2;0;L;Sí;;
STRESS-1788552189834-1612;;Stress Product 1612;Lacteos;84501.79;815.37;138;5;2;19;UNIT;Sí;;
STRESS-1788552189835-1613;;Stress Product 1613;Lacteos;37584.03;47011.7;537;5;2;19;UNIT;Sí;;
STRESS-1788552189836-1614;;Stress Product 1614;Snacks;35679.45;25499.94;204;5;2;5;KG;Sí;;
STRESS-1788552189837-1615;;Stress Product 1615;Lacteos;60756.36;33538.5;90;5;2;0;KG;Sí;;
STRESS-1788552189838-1616;;Stress Product 1616;Lacteos;96584.09;47514.94;785;5;2;5;L;Sí;;
STRESS-1788552189838-1617;;Stress Product 1617;Snacks;96359.31;8188.6;514;5;2;19;UNIT;Sí;;
STRESS-1788552189839-1618;;Stress Product 1618;Snacks;20302.92;28493.26;590;5;2;19;L;Sí;;
STRESS-1788552189841-1619;;Stress Product 1619;Lacteos;21381.47;48181.76;902;5;2;0;L;Sí;;
STRESS-1788552188004-162;;Stress Product 162;Lacteos;7200.07;2225.29;746;5;2;19;UNIT;Sí;;
STRESS-1788552189842-1620;;Stress Product 1620;Snacks;22557.32;44683.96;782;5;2;0;UNIT;Sí;;
STRESS-1788552189843-1621;;Stress Product 1621;Lacteos;80146.4;5973.24;10000170;5;2;5;UNIT;Sí;;
STRESS-1788552189844-1622;;Stress Product 1622;Lacteos;34185.68;165.7;830;5;2;0;KG;Sí;;
STRESS-1788552189845-1623;;Stress Product 1623;Bebidas;25096.79;29988.61;453;5;2;19;KG;Sí;;
STRESS-1788552189846-1624;;Stress Product 1624;Bebidas;4357.61;27784.13;461;5;2;19;L;Sí;;
STRESS-1788552189847-1625;;Stress Product 1625;Snacks;90466.5;38128.77;387;5;2;5;KG;Sí;;
STRESS-1788552189848-1626;;Stress Product 1626;Snacks;69888.01;7610.91;650;5;2;0;L;Sí;;
STRESS-1788552189849-1627;;Stress Product 1627;Snacks;35576.94;20517.43;75;5;2;0;L;Sí;;
STRESS-1788552189850-1628;;Stress Product 1628;Snacks;71954.71;32149.32;638;5;2;19;KG;Sí;;
STRESS-1788552189850-1629;;Stress Product 1629;Lacteos;59973.88;24276.96;1056;5;2;19;L;Sí;;
STRESS-1788552188005-163;;Stress Product 163;Snacks;58217.28;45432.23;812;5;2;19;L;Sí;;
STRESS-1788552189851-1630;;Stress Product 1630;Lacteos;69613.21;8927.29;163;5;2;5;L;Sí;;
STRESS-1788552189852-1631;;Stress Product 1631;Bebidas;64261.32;13687.01;988;5;2;5;UNIT;Sí;;
STRESS-1788552189853-1632;;Stress Product 1632;Snacks;4669.4;20931.62;45;5;2;5;KG;Sí;;
STRESS-1788552189854-1633;;Stress Product 1633;Lacteos;16530.76;16081.49;614;5;2;5;UNIT;Sí;;
STRESS-1788552189855-1634;;Stress Product 1634;Snacks;28378.6;33450.86;985;5;2;5;UNIT;Sí;;
STRESS-1788552189856-1635;;Stress Product 1635;Lacteos;20095.07;36279.61;976;5;2;19;UNIT;Sí;;
STRESS-1788552189858-1636;;Stress Product 1636;Snacks;67997.21;25055.95;221;5;2;5;L;Sí;;
STRESS-1788552189859-1637;;Stress Product 1637;Lacteos;85543.51;19500.28;845;5;2;19;UNIT;Sí;;
STRESS-1788552189860-1638;;Stress Product 1638;Snacks;35018.99;40557.47;568;5;2;5;UNIT;Sí;;
STRESS-1788552189861-1639;;Stress Product 1639;Lacteos;20986.32;30661.05;376;5;2;0;KG;Sí;;
STRESS-1788552188006-164;;Stress Product 164;Bebidas;83369.46;23898.68;932;5;2;5;L;Sí;;
STRESS-1788552189862-1640;;Stress Product 1640;Snacks;68030.03;4256.29;49;5;2;0;L;Sí;;
STRESS-1788552189863-1641;;Stress Product 1641;Bebidas;46257.13;5332.03;174;5;2;5;UNIT;Sí;;
STRESS-1788552189864-1642;;Stress Product 1642;Snacks;86990.52;49752.31;817;5;2;5;UNIT;Sí;;
STRESS-1788552189865-1643;;Stress Product 1643;Snacks;95873.5;2014.27;860;5;2;19;UNIT;Sí;;
STRESS-1788552189866-1644;;Stress Product 1644;Lacteos;5116.59;4739.33;43;5;2;19;UNIT;Sí;;
STRESS-1788552189866-1645;;Stress Product 1645;Snacks;18278.83;1614.19;903;5;2;0;L;Sí;;
STRESS-1788552189867-1646;;Stress Product 1646;Bebidas;65251.67;40000.36;10000111;5;2;5;UNIT;Sí;;
STRESS-1788552189868-1647;;Stress Product 1647;Snacks;38085.89;9138.32;46;5;2;5;KG;Sí;;
STRESS-1788552189869-1648;;Stress Product 1648;Lacteos;54820.84;24131.44;121;5;2;0;KG;Sí;;
STRESS-1788552189870-1649;;Stress Product 1649;Bebidas;2274.29;31380.02;254;5;2;0;UNIT;Sí;;
STRESS-1788552188006-165;;Stress Product 165;Bebidas;33968.01;49947.69;196;5;2;0;KG;Sí;;
STRESS-1788552189871-1650;;Stress Product 1650;Bebidas;91952.48;8452.93;125;5;2;0;UNIT;Sí;;
STRESS-1788552189872-1651;;Stress Product 1651;Lacteos;13201.75;46905.61;741;5;2;19;L;Sí;;
STRESS-1788552189872-1652;;Stress Product 1652;Bebidas;5809.29;15013.92;10000839;5;2;0;UNIT;Sí;;
STRESS-1788552189873-1653;;Stress Product 1653;Snacks;96741.76;23225.18;897;5;2;0;L;Sí;;
STRESS-1788552189874-1654;;Stress Product 1654;Bebidas;15268.12;10870.08;49;5;2;5;L;Sí;;
STRESS-1788552189875-1655;;Stress Product 1655;Snacks;78605.55;31058.66;363;5;2;19;KG;Sí;;
STRESS-1788552189875-1656;;Stress Product 1656;Bebidas;60217.15;12274.99;692;5;2;5;L;Sí;;
STRESS-1788552189876-1657;;Stress Product 1657;Bebidas;56703.85;3408.37;178;5;2;19;L;Sí;;
STRESS-1788552189877-1658;;Stress Product 1658;Snacks;23250.87;48460.78;447;5;2;0;KG;Sí;;
STRESS-1788552189878-1659;;Stress Product 1659;Lacteos;16700.12;13119.42;100;5;2;0;UNIT;Sí;;
STRESS-1788552188007-166;;Stress Product 166;Snacks;91191.22;42538.48;62;5;2;19;UNIT;Sí;;
STRESS-1788552189878-1660;;Stress Product 1660;Bebidas;82998.05;12175.95;729;5;2;0;KG;Sí;;
STRESS-1788552189879-1661;;Stress Product 1661;Snacks;16989.23;4273.82;672;5;2;19;UNIT;Sí;;
STRESS-1788552189880-1662;;Stress Product 1662;Snacks;55935.7;21525.69;913;5;2;0;L;Sí;;
STRESS-1788552189881-1663;;Stress Product 1663;Bebidas;69592.3;26459.72;457;5;2;19;KG;Sí;;
STRESS-1788552189882-1664;;Stress Product 1664;Lacteos;75909.69;4323.86;441;5;2;0;UNIT;Sí;;
STRESS-1788552189883-1665;;Stress Product 1665;Lacteos;93515.09;12898.21;471;5;2;0;UNIT;Sí;;
STRESS-1788552189884-1666;;Stress Product 1666;Snacks;21636.02;38113.81;1044;5;2;19;UNIT;Sí;;
STRESS-1788552189884-1667;;Stress Product 1667;Lacteos;30360.1;4178.03;588;5;2;0;KG;Sí;;
STRESS-1788552189885-1668;;Stress Product 1668;Lacteos;29865.21;11928.46;440;5;2;0;UNIT;Sí;;
STRESS-1788552189887-1669;;Stress Product 1669;Snacks;76215.95;1999.37;45;5;2;0;KG;Sí;;
STRESS-1788552188008-167;;Stress Product 167;Bebidas;74167.07;49016.32;481;5;2;19;UNIT;Sí;;
STRESS-1788552189888-1670;;Stress Product 1670;Bebidas;41364.58;41127.76;302;5;2;5;UNIT;Sí;;
STRESS-1788552189890-1671;;Stress Product 1671;Bebidas;75709.3;23895.46;665;5;2;19;L;Sí;;
STRESS-1788552189891-1672;;Stress Product 1672;Snacks;92130.07;22411.43;629;5;2;0;L;Sí;;
STRESS-1788552189892-1673;;Stress Product 1673;Bebidas;6044.17;7694.67;549;5;2;5;L;Sí;;
STRESS-1788552189893-1674;;Stress Product 1674;Lacteos;84051.69;36100.05;45;5;2;5;UNIT;Sí;;
STRESS-1788552189894-1675;;Stress Product 1675;Lacteos;62876.64;7245.29;455;5;2;5;L;Sí;;
STRESS-1788552189895-1676;;Stress Product 1676;Bebidas;73094.67;43614.93;170;5;2;5;UNIT;Sí;;
STRESS-1788552189895-1677;;Stress Product 1677;Lacteos;52224.9;37058.65;119;5;2;19;L;Sí;;
STRESS-1788552189896-1678;;Stress Product 1678;Snacks;40168.71;10493.24;440;5;2;0;KG;Sí;;
STRESS-1788552189897-1679;;Stress Product 1679;Snacks;66005.2;21634.35;66;5;2;0;KG;Sí;;
STRESS-1788552188010-168;;Stress Product 168;Snacks;70530.38;48023.21;43;5;2;5;KG;Sí;;
STRESS-1788552189898-1680;;Stress Product 1680;Bebidas;8751.08;15384.3;204;5;2;19;L;Sí;;
STRESS-1788552189899-1681;;Stress Product 1681;Snacks;10752.36;7619.57;480;5;2;19;KG;Sí;;
STRESS-1788552189900-1682;;Stress Product 1682;Lacteos;18635.23;28406.79;585;5;2;5;KG;Sí;;
STRESS-1788552189901-1683;;Stress Product 1683;Snacks;95756.46;42848.24;134;5;2;0;KG;Sí;;
STRESS-1788552189902-1684;;Stress Product 1684;Bebidas;8499.33;15384.56;506;5;2;5;L;Sí;;
STRESS-1788552189903-1685;;Stress Product 1685;Bebidas;35620.38;3693.03;730;5;2;5;L;Sí;;
STRESS-1788552189904-1686;;Stress Product 1686;Bebidas;50810.97;32679.22;150;5;2;0;L;Sí;;
STRESS-1788552189905-1687;;Stress Product 1687;Bebidas;32953.07;12433.44;735;5;2;19;KG;Sí;;
STRESS-1788552189905-1688;;Stress Product 1688;Lacteos;19561.47;11253.55;904;5;2;5;L;Sí;;
STRESS-1788552189906-1689;;Stress Product 1689;Lacteos;33014.81;45319.77;615;5;2;5;L;Sí;;
STRESS-1788552188011-169;;Stress Product 169;Snacks;10664.61;30656.41;659;5;2;5;UNIT;Sí;;
STRESS-1788552189907-1690;;Stress Product 1690;Bebidas;38597.8;41421.11;265;5;2;5;UNIT;Sí;;
STRESS-1788552189908-1691;;Stress Product 1691;Lacteos;54337.63;42243.99;148;5;2;19;KG;Sí;;
STRESS-1788552189908-1692;;Stress Product 1692;Bebidas;72589.8;23633.87;1076;5;2;0;L;Sí;;
STRESS-1788552189909-1693;;Stress Product 1693;Bebidas;48919.82;23591.72;44;5;2;19;L;Sí;;
STRESS-1788552189910-1694;;Stress Product 1694;Snacks;44651.11;19655.99;120;5;2;5;L;Sí;;
STRESS-1788552189911-1695;;Stress Product 1695;Bebidas;1436.17;12313.97;930;5;2;19;UNIT;Sí;;
STRESS-1788552189911-1696;;Stress Product 1696;Bebidas;41267.9;28872.06;719;5;2;19;KG;Sí;;
STRESS-1788552189912-1697;;Stress Product 1697;Lacteos;81507.8;14629.78;991;5;2;0;KG;Sí;;
STRESS-1788552189913-1698;;Stress Product 1698;Bebidas;55773.98;24907.35;178;5;2;19;L;Sí;;
STRESS-1788552189914-1699;;Stress Product 1699;Lacteos;6200.4;49686.56;0;5;2;0;L;Sí;;
STRESS-1788552187767-17;;Stress Product 17;Bebidas;7897.26;34009.18;890;5;2;0;L;Sí;;
STRESS-1788552188012-170;;Stress Product 170;Lacteos;21746.32;32290.64;491;5;2;5;UNIT;Sí;;
STRESS-1788552189916-1700;;Stress Product 1700;Bebidas;27793.87;44265.38;855;5;2;19;KG;Sí;;
STRESS-1788552189918-1701;;Stress Product 1701;Lacteos;4897.01;41427.29;488;5;2;19;L;Sí;;
STRESS-1788552189921-1702;;Stress Product 1702;Bebidas;43692.92;34777.1;278;5;2;19;KG;Sí;;
STRESS-1788552189922-1703;;Stress Product 1703;Snacks;53234.72;33475.57;518;5;2;19;L;Sí;;
STRESS-1788552189924-1704;;Stress Product 1704;Lacteos;30703.63;16159.77;879;5;2;5;KG;Sí;;
STRESS-1788552189925-1705;;Stress Product 1705;Lacteos;88213.18;36533.29;46;5;2;0;UNIT;Sí;;
STRESS-1788552189926-1706;;Stress Product 1706;Snacks;33470.97;12555.66;619;5;2;0;KG;Sí;;
STRESS-1788552189927-1707;;Stress Product 1707;Snacks;18263.82;17081.61;865;5;2;5;KG;Sí;;
STRESS-1788552189928-1708;;Stress Product 1708;Bebidas;93594.31;7376.51;10000671;5;2;0;UNIT;Sí;;
STRESS-1788552189929-1709;;Stress Product 1709;Bebidas;14558.67;43119.81;226;5;2;0;UNIT;Sí;;
STRESS-1788552188014-171;;Stress Product 171;Bebidas;80497.14;45981.02;124;5;2;5;L;Sí;;
STRESS-1788552189930-1710;;Stress Product 1710;Bebidas;76938.53;19616.39;690;5;2;5;L;Sí;;
STRESS-1788552189931-1711;;Stress Product 1711;Lacteos;60533.9;9288.07;107;5;2;0;KG;Sí;;
STRESS-1788552189932-1712;;Stress Product 1712;Bebidas;83900.13;29121.21;792;5;2;5;UNIT;Sí;;
STRESS-1788552189933-1713;;Stress Product 1713;Bebidas;2932.05;1486.45;1061;5;2;5;L;Sí;;
STRESS-1788552189935-1714;;Stress Product 1714;Snacks;80007.59;46772.55;656;5;2;5;KG;Sí;;
STRESS-1788552189958-1715;;Stress Product 1715;Lacteos;73522.89;15921.81;622;5;2;19;KG;Sí;;
STRESS-1788552189962-1716;;Stress Product 1716;Snacks;93175.77;6784.62;44;5;2;19;KG;Sí;;
STRESS-1788552189964-1717;;Stress Product 1717;Bebidas;59962.83;1798.89;894;5;2;19;L;Sí;;
STRESS-1788552189966-1718;;Stress Product 1718;Bebidas;21781.65;44612.79;248;5;2;5;L;Sí;;
STRESS-1788552189968-1719;;Stress Product 1719;Snacks;81855.6;42998.46;630;5;2;5;L;Sí;;
STRESS-1788552188015-172;;Stress Product 172;Snacks;48260.29;27237.16;378;5;2;5;UNIT;Sí;;
STRESS-1788552189970-1720;;Stress Product 1720;Snacks;42748.76;33227.25;304;5;2;0;L;Sí;;
STRESS-1788552189972-1721;;Stress Product 1721;Snacks;98071.36;44859.05;568;5;2;0;L;Sí;;
STRESS-1788552189974-1722;;Stress Product 1722;Lacteos;76404.1;6603.52;102;5;2;0;L;Sí;;
STRESS-1788552189976-1723;;Stress Product 1723;Snacks;70621;22922.81;76;5;2;0;KG;Sí;;
STRESS-1788552189978-1724;;Stress Product 1724;Bebidas;67054.1;18198.11;457;5;2;5;KG;Sí;;
STRESS-1788552189982-1725;;Stress Product 1725;Snacks;92659.53;34145.1;841;5;2;5;UNIT;Sí;;
STRESS-1788552189986-1726;;Stress Product 1726;Snacks;49065.57;45849.47;400;5;2;19;KG;Sí;;
STRESS-1788552189989-1727;;Stress Product 1727;Snacks;53101.17;18934.29;615;5;2;5;UNIT;Sí;;
STRESS-1788552189991-1728;;Stress Product 1728;Snacks;47578.04;23150.05;616;5;2;0;KG;Sí;;
STRESS-1788552189993-1729;;Stress Product 1729;Lacteos;86855.38;30350.13;636;5;2;5;L;Sí;;
STRESS-1788552188017-173;;Stress Product 173;Lacteos;79899.83;47614.33;120;5;2;5;KG;Sí;;
STRESS-1788552189995-1730;;Stress Product 1730;Snacks;62646.57;19855.75;286;5;2;19;KG;Sí;;
STRESS-1788552190002-1731;;Stress Product 1731;Lacteos;15957;38392.27;785;5;2;0;L;Sí;;
STRESS-1788552190004-1732;;Stress Product 1732;Lacteos;28503.13;29766.24;46;5;2;5;KG;Sí;;
STRESS-1788552190005-1733;;Stress Product 1733;Lacteos;36340.9;36990.61;871;5;2;19;KG;Sí;;
STRESS-1788552190006-1734;;Stress Product 1734;Bebidas;53618.91;48850.81;47;5;2;0;KG;Sí;;
STRESS-1788552190007-1735;;Stress Product 1735;Snacks;52725.19;22698.73;69;5;2;0;L;Sí;;
STRESS-1788552190008-1736;;Stress Product 1736;Snacks;29465.21;33876.78;253;5;2;5;UNIT;Sí;;
STRESS-1788552190010-1737;;Stress Product 1737;Snacks;99151.85;43165.37;548;5;2;0;UNIT;Sí;;
STRESS-1788552190011-1738;;Stress Product 1738;Lacteos;15358.54;46761.04;47;5;2;19;UNIT;Sí;;
STRESS-1788552190012-1739;;Stress Product 1739;Bebidas;95362.33;36409.65;410;5;2;5;KG;Sí;;
STRESS-1788552188017-174;;Stress Product 174;Bebidas;60563.69;30562.27;105;5;2;19;KG;Sí;;
STRESS-1788552190015-1740;;Stress Product 1740;Lacteos;56890.1;2891.15;416;5;2;0;L;Sí;;
STRESS-1788552190016-1741;;Stress Product 1741;Snacks;44685.62;35270.68;46;5;2;19;UNIT;Sí;;
STRESS-1788552190018-1742;;Stress Product 1742;Snacks;81540.07;343.8;501;5;2;0;KG;Sí;;
STRESS-1788552190019-1743;;Stress Product 1743;Snacks;79727.93;47740.77;849;5;2;5;UNIT;Sí;;
STRESS-1788552190021-1744;;Stress Product 1744;Lacteos;3339.87;42374.81;727;5;2;0;UNIT;Sí;;
STRESS-1788552190022-1745;;Stress Product 1745;Bebidas;45376.38;49176.28;896;5;2;5;UNIT;Sí;;
STRESS-1788552190024-1746;;Stress Product 1746;Snacks;56488.14;15757.85;590;5;2;0;UNIT;Sí;;
STRESS-1788552190027-1747;;Stress Product 1747;Lacteos;79153.87;46937.13;217;5;2;5;L;Sí;;
STRESS-1788552190029-1748;;Stress Product 1748;Lacteos;52127.97;5054.77;556;5;2;0;KG;Sí;;
STRESS-1788552190030-1749;;Stress Product 1749;Lacteos;62231.1;9031.22;389;5;2;0;KG;Sí;;
STRESS-1788552188019-175;;Stress Product 175;Snacks;92491.72;42140.54;408;5;2;19;L;Sí;;
STRESS-1788552190032-1750;;Stress Product 1750;Bebidas;4080.58;13847.81;788;5;2;0;L;Sí;;
STRESS-1788552190034-1751;;Stress Product 1751;Snacks;75891.21;15010.18;859;5;2;5;L;Sí;;
STRESS-1788552190035-1752;;Stress Product 1752;Snacks;41011.94;5140.09;695;5;2;5;KG;Sí;;
STRESS-1788552190037-1753;;Stress Product 1753;Bebidas;23581.93;21656.69;121;5;2;0;UNIT;Sí;;
STRESS-1788552190038-1754;;Stress Product 1754;Lacteos;78409.04;32290.99;830;5;2;0;UNIT;Sí;;
STRESS-1788552190039-1755;;Stress Product 1755;Bebidas;13907.1;48187.07;128;5;2;0;UNIT;Sí;;
STRESS-1788552190040-1756;;Stress Product 1756;Lacteos;82822.76;10585.71;503;5;2;5;UNIT;Sí;;
STRESS-1788552190041-1757;;Stress Product 1757;Snacks;33656.81;37400.31;497;5;2;0;UNIT;Sí;;
STRESS-1788552190042-1758;;Stress Product 1758;Lacteos;48995.62;30774.08;450;5;2;0;KG;Sí;;
STRESS-1788552190043-1759;;Stress Product 1759;Snacks;24470.42;9702.02;902;5;2;0;UNIT;Sí;;
STRESS-1788552188019-176;;Stress Product 176;Snacks;64129.68;20806.81;435;5;2;5;KG;Sí;;
STRESS-1788552190044-1760;;Stress Product 1760;Lacteos;20071.35;42218.3;738;5;2;19;KG;Sí;;
STRESS-1788552190045-1761;;Stress Product 1761;Bebidas;42295.12;48556.38;150;5;2;19;UNIT;Sí;;
STRESS-1788552190046-1762;;Stress Product 1762;Snacks;26851.31;40750.08;461;5;2;5;L;Sí;;
STRESS-1788552190048-1763;;Stress Product 1763;Lacteos;45110.13;4888.96;418;5;2;0;UNIT;Sí;;
STRESS-1788552190050-1764;;Stress Product 1764;Bebidas;95232.79;20379.28;548;5;2;5;L;Sí;;
STRESS-1788552190052-1765;;Stress Product 1765;Bebidas;74390.8;1317.23;421;5;2;0;UNIT;Sí;;
STRESS-1788552190054-1766;;Stress Product 1766;Bebidas;1414.9;14645.7;132;5;2;0;UNIT;Sí;;
STRESS-1788552190056-1767;;Stress Product 1767;Bebidas;93448.01;17647.22;759;5;2;0;KG;Sí;;
STRESS-1788552190057-1768;;Stress Product 1768;Lacteos;45419.89;19513.15;114;5;2;0;KG;Sí;;
STRESS-1788552190059-1769;;Stress Product 1769;Snacks;86714.08;5653.29;411;5;2;19;KG;Sí;;
STRESS-1788552188020-177;;Stress Product 177;Bebidas;56090.14;19960.77;45;5;2;19;UNIT;Sí;;
STRESS-1788552190061-1770;;Stress Product 1770;Lacteos;32010.81;17154.09;302;5;2;5;UNIT;Sí;;
STRESS-1788552190063-1771;;Stress Product 1771;Snacks;61329.68;30996.45;45;5;2;0;L;Sí;;
STRESS-1788552190064-1772;;Stress Product 1772;Snacks;14508.51;1998.17;976;5;2;5;L;Sí;;
STRESS-1788552190065-1773;;Stress Product 1773;Snacks;20522.7;30854.64;784;5;2;5;KG;Sí;;
STRESS-1788552190066-1774;;Stress Product 1774;Lacteos;3766.47;22409.72;779;5;2;0;UNIT;Sí;;
STRESS-1788552190067-1775;;Stress Product 1775;Bebidas;51479.33;34154.52;141;5;2;19;KG;Sí;;
STRESS-1788552190068-1776;;Stress Product 1776;Bebidas;94473.67;506.28;517;5;2;5;L;Sí;;
STRESS-1788552190069-1777;;Stress Product 1777;Bebidas;48062.28;41508.73;497;5;2;5;KG;Sí;;
STRESS-1788552190070-1778;;Stress Product 1778;Lacteos;77096.36;40547.53;193;5;2;19;L;Sí;;
STRESS-1788552190072-1779;;Stress Product 1779;Snacks;33928.24;5125.39;292;5;2;5;UNIT;Sí;;
STRESS-1788552188021-178;;Stress Product 178;Bebidas;30404.42;9939.65;210;5;2;19;UNIT;Sí;;
STRESS-1788552190075-1780;;Stress Product 1780;Lacteos;64612.12;8367.32;868;5;2;5;UNIT;Sí;;
STRESS-1788552190077-1781;;Stress Product 1781;Lacteos;3069.43;6313.91;435;5;2;19;KG;Sí;;
STRESS-1788552190078-1782;;Stress Product 1782;Snacks;69451.77;18195.75;426;5;2;19;L;Sí;;
STRESS-1788552190079-1783;;Stress Product 1783;Bebidas;98233.67;29584.73;917;5;2;5;L;Sí;;
STRESS-1788552190082-1784;;Stress Product 1784;Lacteos;45554.19;21751.7;664;5;2;0;L;Sí;;
STRESS-1788552190084-1785;;Stress Product 1785;Snacks;16397.41;18031.33;533;5;2;0;L;Sí;;
STRESS-1788552190086-1786;;Stress Product 1786;Bebidas;42965.5;25540.95;270;5;2;5;KG;Sí;;
STRESS-1788552190087-1787;;Stress Product 1787;Lacteos;13892.4;46315.69;702;5;2;19;L;Sí;;
STRESS-1788552190088-1788;;Stress Product 1788;Bebidas;99694.08;4468.52;396;5;2;0;L;Sí;;
STRESS-1788552190089-1789;;Stress Product 1789;Bebidas;1347.3;1613.6;641;5;2;5;KG;Sí;;
STRESS-1788552188022-179;;Stress Product 179;Lacteos;96598.7;49326.34;711;5;2;0;UNIT;Sí;;
STRESS-1788552190090-1790;;Stress Product 1790;Lacteos;83244.35;6137.83;858;5;2;0;UNIT;Sí;;
STRESS-1788552190091-1791;;Stress Product 1791;Snacks;93603.72;30939.96;167;5;2;19;L;Sí;;
STRESS-1788552190092-1792;;Stress Product 1792;Snacks;26581.95;30888.63;279;5;2;19;UNIT;Sí;;
STRESS-1788552190093-1793;;Stress Product 1793;Bebidas;1557.83;21902.58;282;5;2;19;UNIT;Sí;;
STRESS-1788552190094-1794;;Stress Product 1794;Lacteos;36380.56;44293.86;867;5;2;19;L;Sí;;
STRESS-1788552190095-1795;;Stress Product 1795;Lacteos;22615.96;46195.45;249;5;2;19;L;Sí;;
STRESS-1788552190096-1796;;Stress Product 1796;Lacteos;93861.52;33435.62;254;5;2;19;UNIT;Sí;;
STRESS-1788552190096-1797;;Stress Product 1797;Lacteos;70928.27;16377.45;572;5;2;0;UNIT;Sí;;
STRESS-1788552190097-1798;;Stress Product 1798;Lacteos;88352.16;44523.32;116;5;2;5;L;Sí;;
STRESS-1788552190099-1799;;Stress Product 1799;Lacteos;11189.18;37051.34;741;5;2;5;UNIT;Sí;;
STRESS-1788552187768-18;;Stress Product 18;Snacks;14015.19;46518.6;10000819;5;2;0;L;Sí;;
STRESS-1788552188023-180;;Stress Product 180;Snacks;40150.65;4174.34;776;5;2;19;UNIT;Sí;;
STRESS-1788552190100-1800;;Stress Product 1800;Snacks;99117.25;30023.86;329;5;2;19;KG;Sí;;
STRESS-1788552190101-1801;;Stress Product 1801;Snacks;26558.63;20556.04;147;5;2;19;KG;Sí;;
STRESS-1788552190103-1802;;Stress Product 1802;Snacks;39149.51;7848.36;387;5;2;0;KG;Sí;;
STRESS-1788552190104-1803;;Stress Product 1803;Bebidas;33168.66;26110.87;219;5;2;0;KG;Sí;;
STRESS-1788552190105-1804;;Stress Product 1804;Lacteos;94379.32;47927.93;47;5;2;5;UNIT;Sí;;
STRESS-1788552190106-1805;;Stress Product 1805;Bebidas;55117.25;20349.93;349;5;2;5;L;Sí;;
STRESS-1788552190107-1806;;Stress Product 1806;Lacteos;90221.97;49772.76;869;5;2;0;UNIT;Sí;;
STRESS-1788552190108-1807;;Stress Product 1807;Lacteos;13137.25;47322.03;109;5;2;0;KG;Sí;;
STRESS-1788552190109-1808;;Stress Product 1808;Snacks;92710.65;49540.02;858;5;2;19;UNIT;Sí;;
STRESS-1788552190110-1809;;Stress Product 1809;Bebidas;64351.42;44341.41;402;5;2;5;UNIT;Sí;;
STRESS-1788552188024-181;;Stress Product 181;Snacks;16085.74;24328.04;150;5;2;19;KG;Sí;;
STRESS-1788552190110-1810;;Stress Product 1810;Bebidas;86638.07;20255.04;440;5;2;5;L;Sí;;
STRESS-1788552190111-1811;;Stress Product 1811;Lacteos;99009.92;32489.99;45;5;2;5;KG;Sí;;
STRESS-1788552190112-1812;;Stress Product 1812;Lacteos;38112.5;34415.31;366;5;2;0;KG;Sí;;
STRESS-1788552190113-1813;;Stress Product 1813;Snacks;92722.67;27151.31;782;5;2;19;KG;Sí;;
STRESS-1788552190114-1814;;Stress Product 1814;Lacteos;50719.88;45359.64;366;5;2;5;L;Sí;;
STRESS-1788552190115-1815;;Stress Product 1815;Snacks;68564.41;49395.93;1010;5;2;19;KG;Sí;;
STRESS-1788552190116-1816;;Stress Product 1816;Snacks;20782.79;36156.8;483;5;2;0;KG;Sí;;
STRESS-1788552190116-1817;;Stress Product 1817;Snacks;9503.44;17184.16;802;5;2;5;L;Sí;;
STRESS-1788552190118-1818;;Stress Product 1818;Lacteos;43763.76;6209.39;205;5;2;19;L;Sí;;
STRESS-1788552190120-1819;;Stress Product 1819;Lacteos;86575.08;6904.83;848;5;2;0;UNIT;Sí;;
STRESS-1788552188025-182;;Stress Product 182;Lacteos;49727.18;31631.66;319;5;2;0;KG;Sí;;
STRESS-1788552190120-1820;;Stress Product 1820;Bebidas;83706.95;23691.3;483;5;2;0;L;Sí;;
STRESS-1788552190121-1821;;Stress Product 1821;Snacks;50073.46;44376.33;47;5;2;0;UNIT;Sí;;
STRESS-1788552190122-1822;;Stress Product 1822;Lacteos;86521.76;1962;548;5;2;19;KG;Sí;;
STRESS-1788552190123-1823;;Stress Product 1823;Snacks;5058.83;23483.06;504;5;2;5;UNIT;Sí;;
STRESS-1788552190124-1824;;Stress Product 1824;Snacks;9678.6;24568.22;356;5;2;5;L;Sí;;
STRESS-1788552190125-1825;;Stress Product 1825;Bebidas;64550.12;23170.72;239;5;2;0;UNIT;Sí;;
STRESS-1788552190126-1826;;Stress Product 1826;Bebidas;82056.52;49242.45;965;5;2;5;UNIT;Sí;;
STRESS-1788552190127-1827;;Stress Product 1827;Lacteos;75334.85;44420.78;126;5;2;5;UNIT;Sí;;
STRESS-1788552190128-1828;;Stress Product 1828;Bebidas;81940.73;32907.05;58;5;2;19;KG;Sí;;
STRESS-1788552190129-1829;;Stress Product 1829;Lacteos;95581.42;36746.04;476;5;2;19;KG;Sí;;
STRESS-1788552188025-183;;Stress Product 183;Lacteos;5325.94;2696.42;957;5;2;5;L;Sí;;
STRESS-1788552190129-1830;;Stress Product 1830;Snacks;84076.57;18294.42;961;5;2;19;KG;Sí;;
STRESS-1788552190131-1831;;Stress Product 1831;Snacks;28207.88;27458.87;675;5;2;5;KG;Sí;;
STRESS-1788552190133-1832;;Stress Product 1832;Bebidas;91349.42;39534.4;605;5;2;5;UNIT;Sí;;
STRESS-1788552190135-1833;;Stress Product 1833;Lacteos;45285.04;39510.51;879;5;2;19;KG;Sí;;
STRESS-1788552190136-1834;;Stress Product 1834;Lacteos;23707.95;25423.68;804;5;2;19;L;Sí;;
STRESS-1788552190137-1835;;Stress Product 1835;Snacks;50112.86;11917.55;122;5;2;19;L;Sí;;
STRESS-1788552190137-1836;;Stress Product 1836;Snacks;14745.29;24876.17;113;5;2;5;UNIT;Sí;;
STRESS-1788552190138-1837;;Stress Product 1837;Snacks;32961.46;12623.7;164;5;2;5;L;Sí;;
STRESS-1788552190139-1838;;Stress Product 1838;Snacks;27957.51;43563.07;710;5;2;5;L;Sí;;
STRESS-1788552190140-1839;;Stress Product 1839;Lacteos;44752.01;34920.36;577;5;2;19;L;Sí;;
STRESS-1788552188026-184;;Stress Product 184;Bebidas;21014.87;40408.52;849;5;2;5;L;Sí;;
STRESS-1788552190141-1840;;Stress Product 1840;Lacteos;91219.49;42312.79;872;5;2;0;KG;Sí;;
STRESS-1788552190142-1841;;Stress Product 1841;Bebidas;57926.16;38450.13;46;5;2;5;KG;Sí;;
STRESS-1788552190143-1842;;Stress Product 1842;Bebidas;41482.29;48205.06;610;5;2;5;UNIT;Sí;;
STRESS-1788552190143-1843;;Stress Product 1843;Bebidas;33452.13;15699.37;851;5;2;19;UNIT;Sí;;
STRESS-1788552190144-1844;;Stress Product 1844;Lacteos;59921.88;18663.74;317;5;2;0;KG;Sí;;
STRESS-1788552190145-1845;;Stress Product 1845;Bebidas;32286.77;23733.64;796;5;2;0;L;Sí;;
STRESS-1788552190146-1846;;Stress Product 1846;Snacks;47025.5;40093.23;543;5;2;5;KG;Sí;;
STRESS-1788552190147-1847;;Stress Product 1847;Lacteos;47952.12;445.21;977;5;2;19;L;Sí;;
STRESS-1788552190148-1848;;Stress Product 1848;Lacteos;73193.18;1575.89;317;5;2;0;KG;Sí;;
STRESS-1788552190149-1849;;Stress Product 1849;Lacteos;65423.53;19707.79;168;5;2;0;UNIT;Sí;;
STRESS-1788552188027-185;;Stress Product 185;Snacks;8009.38;32772.98;844;5;2;19;KG;Sí;;
STRESS-1788552190150-1850;;Stress Product 1850;Bebidas;5813.66;6265.41;69;5;2;0;KG;Sí;;
STRESS-1788552190151-1851;;Stress Product 1851;Lacteos;65700.06;7973.09;972;5;2;0;KG;Sí;;
STRESS-1788552190152-1852;;Stress Product 1852;Snacks;80463.81;29571.85;676;5;2;5;UNIT;Sí;;
STRESS-1788552190152-1853;;Stress Product 1853;Snacks;70843.12;28707.45;859;5;2;5;L;Sí;;
STRESS-1788552190153-1854;;Stress Product 1854;Bebidas;81971.3;25257.07;170;5;2;0;UNIT;Sí;;
STRESS-1788552190154-1855;;Stress Product 1855;Lacteos;35571.83;37617.12;934;5;2;5;L;Sí;;
STRESS-1788552190155-1856;;Stress Product 1856;Lacteos;8811.65;49468.26;155;5;2;19;UNIT;Sí;;
STRESS-1788552190155-1857;;Stress Product 1857;Bebidas;49206.89;29730.07;278;5;2;5;L;Sí;;
STRESS-1788552190156-1858;;Stress Product 1858;Lacteos;60120.57;9110.3;597;5;2;0;L;Sí;;
STRESS-1788552190157-1859;;Stress Product 1859;Lacteos;78560.04;14709.03;180;5;2;5;L;Sí;;
STRESS-1788552188028-186;;Stress Product 186;Bebidas;37426.55;22841.12;527;5;2;19;UNIT;Sí;;
STRESS-1788552190158-1860;;Stress Product 1860;Bebidas;79462.92;33659.06;251;5;2;5;L;Sí;;
STRESS-1788552190159-1861;;Stress Product 1861;Lacteos;92217.13;24007.17;46;5;2;0;L;Sí;;
STRESS-1788552190160-1862;;Stress Product 1862;Lacteos;79727.5;14625.52;195;5;2;5;L;Sí;;
STRESS-1788552190160-1863;;Stress Product 1863;Lacteos;28012.98;17077.75;894;5;2;0;UNIT;Sí;;
STRESS-1788552190161-1864;;Stress Product 1864;Snacks;63734.31;26074.14;47;5;2;19;L;Sí;;
STRESS-1788552190162-1865;;Stress Product 1865;Lacteos;5831.99;42335.94;533;5;2;0;UNIT;Sí;;
STRESS-1788552190163-1866;;Stress Product 1866;Bebidas;87785.54;41169.18;869;5;2;0;KG;Sí;;
STRESS-1788552190163-1867;;Stress Product 1867;Lacteos;94371.64;1833.35;315;5;2;5;UNIT;Sí;;
STRESS-1788552190165-1868;;Stress Product 1868;Lacteos;46826.11;7466.77;90;5;2;0;UNIT;Sí;;
STRESS-1788552190167-1869;;Stress Product 1869;Lacteos;60266.87;49629.74;187;5;2;0;UNIT;Sí;;
STRESS-1788552188028-187;;Stress Product 187;Snacks;91385.42;18170.35;379;5;2;19;UNIT;Sí;;
STRESS-1788552190169-1870;;Stress Product 1870;Bebidas;84017.8;29179.82;658;5;2;5;L;Sí;;
STRESS-1788552190171-1871;;Stress Product 1871;Bebidas;32438.32;18815.34;46;5;2;5;UNIT;Sí;;
STRESS-1788552190173-1872;;Stress Product 1872;Bebidas;81750.58;43777.38;864;5;2;19;KG;Sí;;
STRESS-1788552190174-1873;;Stress Product 1873;Bebidas;34981.96;10222.8;594;5;2;0;L;Sí;;
STRESS-1788552190175-1874;;Stress Product 1874;Snacks;21985.67;35363.18;332;5;2;0;KG;Sí;;
STRESS-1788552190176-1875;;Stress Product 1875;Snacks;34853.41;25372.97;355;5;2;0;UNIT;Sí;;
STRESS-1788552190177-1876;;Stress Product 1876;Lacteos;10489.2;22230.11;10000725;5;2;19;KG;Sí;;
STRESS-1788552190177-1877;;Stress Product 1877;Snacks;51777.09;37210.16;10000725;5;2;5;KG;Sí;;
STRESS-1788552190182-1878;;Stress Product 1878;Snacks;96187.88;5850.64;798;5;2;5;L;Sí;;
STRESS-1788552190183-1879;;Stress Product 1879;Snacks;14842.9;9473.39;126;5;2;0;UNIT;Sí;;
STRESS-1788552188029-188;;Stress Product 188;Snacks;77007.56;12462.89;22;5;2;5;UNIT;Sí;;
STRESS-1788552190184-1880;;Stress Product 1880;Snacks;46588.88;47912.16;542;5;2;19;L;Sí;;
STRESS-1788552190185-1881;;Stress Product 1881;Snacks;79744.82;31536.51;680;5;2;5;KG;Sí;;
STRESS-1788552190186-1882;;Stress Product 1882;Snacks;15849.26;24111.09;513;5;2;0;KG;Sí;;
STRESS-1788552190187-1883;;Stress Product 1883;Bebidas;75414.22;13826;897;5;2;0;UNIT;Sí;;
STRESS-1788552190188-1884;;Stress Product 1884;Snacks;47514.06;18455.01;814;5;2;19;KG;Sí;;
STRESS-1788552190188-1885;;Stress Product 1885;Lacteos;62788.27;24465.22;10000038;5;2;5;UNIT;Sí;;
STRESS-1788552190189-1886;;Stress Product 1886;Snacks;97718.29;43896.1;854;5;2;0;UNIT;Sí;;
STRESS-1788552190190-1887;;Stress Product 1887;Lacteos;20742.53;3089.41;42;5;2;0;UNIT;Sí;;
STRESS-1788552190191-1888;;Stress Product 1888;Snacks;25881.13;23766.53;635;5;2;19;UNIT;Sí;;
STRESS-1788552190192-1889;;Stress Product 1889;Snacks;10027.88;36465.55;653;5;2;5;UNIT;Sí;;
STRESS-1788552188030-189;;Stress Product 189;Bebidas;30449.99;7300.27;47;5;2;0;UNIT;Sí;;
STRESS-1788552190193-1890;;Stress Product 1890;Bebidas;88037.49;37306.74;595;5;2;19;UNIT;Sí;;
STRESS-1788552190193-1891;;Stress Product 1891;Lacteos;22565.42;33899.35;152;5;2;19;L;Sí;;
STRESS-1788552190194-1892;;Stress Product 1892;Lacteos;80343.43;49166.15;244;5;2;0;KG;Sí;;
STRESS-1788552190195-1893;;Stress Product 1893;Bebidas;13241.4;10513.06;10000735;5;2;5;KG;Sí;;
STRESS-1788552190196-1894;;Stress Product 1894;Snacks;67398;40647.7;335;5;2;19;KG;Sí;;
STRESS-1788552190202-1895;;Stress Product 1895;Bebidas;2436.57;40008.38;1023;5;2;0;KG;Sí;;
STRESS-1788552190203-1896;;Stress Product 1896;Lacteos;8936.63;10268.72;125;5;2;19;KG;Sí;;
STRESS-1788552190204-1897;;Stress Product 1897;Snacks;37412.12;31523.89;10000107;5;2;5;KG;Sí;;
STRESS-1788552190205-1898;;Stress Product 1898;Lacteos;58727.04;48897.18;700;5;2;0;L;Sí;;
STRESS-1788552190206-1899;;Stress Product 1899;Bebidas;48928.9;4901.32;498;5;2;5;UNIT;Sí;;
STRESS-1788552187770-19;;Stress Product 19;Bebidas;37761.92;49143;42;5;2;0;KG;Sí;;
STRESS-1788552188031-190;;Stress Product 190;Snacks;73052.78;40558.72;679;5;2;19;L;Sí;;
STRESS-1788552190206-1900;;Stress Product 1900;Bebidas;67125.19;26885.78;110;5;2;19;KG;Sí;;
STRESS-1788552190207-1901;;Stress Product 1901;Bebidas;46802.6;12930.01;854;5;2;0;UNIT;Sí;;
STRESS-1788552190208-1902;;Stress Product 1902;Bebidas;18893.55;9670.05;586;5;2;5;UNIT;Sí;;
STRESS-1788552190209-1903;;Stress Product 1903;Bebidas;4125.32;25789.33;504;5;2;19;L;Sí;;
STRESS-1788552190209-1904;;Stress Product 1904;Bebidas;7657.68;20493.73;653;5;2;19;UNIT;Sí;;
STRESS-1788552190210-1905;;Stress Product 1905;Lacteos;56217.36;11228.61;864;5;2;5;KG;Sí;;
STRESS-1788552190212-1906;;Stress Product 1906;Lacteos;67370.66;7061.53;72;5;2;19;UNIT;Sí;;
STRESS-1788552190213-1907;;Stress Product 1907;Snacks;46784.49;19234.75;625;5;2;19;L;Sí;;
STRESS-1788552190214-1908;;Stress Product 1908;Lacteos;83355.99;17061.25;824;5;2;5;UNIT;Sí;;
STRESS-1788552190216-1909;;Stress Product 1909;Lacteos;26492.43;42417.15;765;5;2;0;KG;Sí;;
STRESS-1788552188033-191;;Stress Product 191;Bebidas;17047.51;27034.42;173;5;2;5;KG;Sí;;
STRESS-1788552190217-1910;;Stress Product 1910;Lacteos;58792.82;42283.79;563;5;2;5;UNIT;Sí;;
STRESS-1788552190218-1911;;Stress Product 1911;Lacteos;64549.88;45945.07;873;5;2;19;UNIT;Sí;;
STRESS-1788552190219-1912;;Stress Product 1912;Snacks;81319.97;31714.31;64;5;2;19;L;Sí;;
STRESS-1788552190220-1913;;Stress Product 1913;Bebidas;31009.75;20882.89;10000965;5;2;5;KG;Sí;;
STRESS-1788552190221-1914;;Stress Product 1914;Bebidas;4900.77;36172.76;586;5;2;5;L;Sí;;
STRESS-1788552190222-1915;;Stress Product 1915;Bebidas;69301.97;12456.42;405;5;2;0;UNIT;Sí;;
STRESS-1788552190223-1916;;Stress Product 1916;Snacks;73828.43;24979.32;971;5;2;5;UNIT;Sí;;
STRESS-1788552190223-1917;;Stress Product 1917;Lacteos;9849.14;21004.15;851;5;2;0;L;Sí;;
STRESS-1788552190224-1918;;Stress Product 1918;Bebidas;28841.78;31237.65;481;5;2;19;KG;Sí;;
STRESS-1788552190225-1919;;Stress Product 1919;Lacteos;84398.03;31522.78;776;5;2;5;UNIT;Sí;;
STRESS-1788552188034-192;;Stress Product 192;Snacks;43227.1;35576.47;10000059;5;2;0;UNIT;Sí;;
STRESS-1788552190226-1920;;Stress Product 1920;Bebidas;728.01;33699.28;956;5;2;19;KG;Sí;;
STRESS-1788552190227-1921;;Stress Product 1921;Snacks;1439.89;49313.31;662;5;2;19;KG;Sí;;
STRESS-1788552190228-1922;;Stress Product 1922;Snacks;90424.45;12878.69;75;5;2;19;KG;Sí;;
STRESS-1788552190228-1923;;Stress Product 1923;Bebidas;53441.63;27889.78;204;5;2;5;UNIT;Sí;;
STRESS-1788552190229-1924;;Stress Product 1924;Snacks;95418.68;9026.81;988;5;2;0;KG;Sí;;
STRESS-1788552190230-1925;;Stress Product 1925;Lacteos;94978.53;46815.11;48;5;2;19;L;Sí;;
STRESS-1788552190231-1926;;Stress Product 1926;Snacks;49588.81;41965.94;483;5;2;5;UNIT;Sí;;
STRESS-1788552190232-1927;;Stress Product 1927;Bebidas;66837.5;12404.52;606;5;2;5;L;Sí;;
STRESS-1788552190233-1928;;Stress Product 1928;Snacks;76529.49;34256.48;731;5;2;5;UNIT;Sí;;
STRESS-1788552190234-1929;;Stress Product 1929;Snacks;10530.81;29173.03;395;5;2;5;UNIT;Sí;;
STRESS-1788552188035-193;;Stress Product 193;Lacteos;90635.91;42445.21;299;5;2;5;UNIT;Sí;;
STRESS-1788552190235-1930;;Stress Product 1930;Bebidas;44556.49;16517.95;475;5;2;0;L;Sí;;
STRESS-1788552190235-1931;;Stress Product 1931;Snacks;73497.52;45126.33;65;5;2;0;UNIT;Sí;;
STRESS-1788552190237-1932;;Stress Product 1932;Bebidas;48186.52;5015.57;971;5;2;0;UNIT;Sí;;
STRESS-1788552190238-1933;;Stress Product 1933;Snacks;81898.56;27028.97;97;5;2;0;UNIT;Sí;;
STRESS-1788552190238-1934;;Stress Product 1934;Bebidas;32797.96;40815.25;870;5;2;0;KG;Sí;;
STRESS-1788552190239-1935;;Stress Product 1935;Bebidas;9685.48;45763.59;179;5;2;0;KG;Sí;;
STRESS-1788552190240-1936;;Stress Product 1936;Bebidas;92349.96;36312;201;5;2;5;KG;Sí;;
STRESS-1788552190241-1937;;Stress Product 1937;Lacteos;86584.34;17552.75;631;5;2;19;KG;Sí;;
STRESS-1788552190242-1938;;Stress Product 1938;Snacks;13410.17;18268.86;179;5;2;19;UNIT;Sí;;
STRESS-1788552190243-1939;;Stress Product 1939;Lacteos;19899.24;4515.64;396;5;2;0;KG;Sí;;
STRESS-1788552188036-194;;Stress Product 194;Lacteos;88691.53;11514.39;404;5;2;19;KG;Sí;;
STRESS-1788552190244-1940;;Stress Product 1940;Lacteos;24335.89;6289.82;129;5;2;19;KG;Sí;;
STRESS-1788552190244-1941;;Stress Product 1941;Snacks;96684.95;39228.6;691;5;2;0;KG;Sí;;
STRESS-1788552190245-1942;;Stress Product 1942;Lacteos;59978.18;26734.46;186;5;2;0;UNIT;Sí;;
STRESS-1788552190246-1943;;Stress Product 1943;Bebidas;64637.3;39359.81;628;5;2;19;UNIT;Sí;;
STRESS-1788552190247-1944;;Stress Product 1944;Snacks;55256.25;41891.64;154;5;2;19;KG;Sí;;
STRESS-1788552190248-1945;;Stress Product 1945;Snacks;60792.68;29275.69;851;5;2;19;UNIT;Sí;;
STRESS-1788552190249-1946;;Stress Product 1946;Snacks;76500.65;8772.97;535;5;2;0;UNIT;Sí;;
STRESS-1788552190250-1947;;Stress Product 1947;Bebidas;43176.1;21875.67;284;5;2;19;UNIT;Sí;;
STRESS-1788552190251-1948;;Stress Product 1948;Bebidas;78471.03;18412.38;43;5;2;0;L;Sí;;
STRESS-1788552190252-1949;;Stress Product 1949;Lacteos;8041.23;9938.98;290;5;2;5;UNIT;Sí;;
STRESS-1788552188037-195;;Stress Product 195;Bebidas;51878.9;37803.17;205;5;2;5;L;Sí;;
STRESS-1788552190252-1950;;Stress Product 1950;Snacks;22993.78;10164.91;933;5;2;5;KG;Sí;;
STRESS-1788552190253-1951;;Stress Product 1951;Bebidas;48524.69;16195.6;184;5;2;19;KG;Sí;;
STRESS-1788552190254-1952;;Stress Product 1952;Bebidas;19742.88;47754.63;367;5;2;19;UNIT;Sí;;
STRESS-1788552190255-1953;;Stress Product 1953;Lacteos;89868.6;38935.55;227;5;2;19;L;Sí;;
STRESS-1788552190255-1954;;Stress Product 1954;Bebidas;36314.48;19785.53;719;5;2;19;L;Sí;;
STRESS-1788552190256-1955;;Stress Product 1955;Lacteos;93704.03;37254.9;785;5;2;19;L;Sí;;
STRESS-1788552190258-1956;;Stress Product 1956;Lacteos;28151.53;31089.46;675;5;2;0;KG;Sí;;
STRESS-1788552190259-1957;;Stress Product 1957;Bebidas;68922.02;36854.21;791;5;2;0;KG;Sí;;
STRESS-1788552190260-1958;;Stress Product 1958;Bebidas;1784.56;19080.78;795;5;2;0;L;Sí;;
STRESS-1788552190261-1959;;Stress Product 1959;Bebidas;1485.23;46215.85;489;5;2;19;KG;Sí;;
STRESS-1788552188037-196;;Stress Product 196;Snacks;60868.05;18714.69;614;5;2;0;KG;Sí;;
STRESS-1788552190262-1960;;Stress Product 1960;Lacteos;53963.07;30135.86;316;5;2;5;L;Sí;;
STRESS-1788552190263-1961;;Stress Product 1961;Bebidas;87342.55;34919.45;557;5;2;0;L;Sí;;
STRESS-1788552190264-1962;;Stress Product 1962;Bebidas;4119.38;2583.3;688;5;2;5;KG;Sí;;
STRESS-1788552190265-1963;;Stress Product 1963;Lacteos;18888.26;36861.33;20000841;5;2;0;UNIT;Sí;;
STRESS-1788552190267-1964;;Stress Product 1964;Bebidas;83037.97;48875.41;605;5;2;19;UNIT;Sí;;
STRESS-1788552190268-1965;;Stress Product 1965;Bebidas;17848.76;13316.45;393;5;2;19;KG;Sí;;
STRESS-1788552190269-1966;;Stress Product 1966;Bebidas;67716.58;26047.13;273;5;2;5;KG;Sí;;
STRESS-1788552190270-1967;;Stress Product 1967;Snacks;76212.41;204.33;409;5;2;0;KG;Sí;;
STRESS-1788552190271-1968;;Stress Product 1968;Lacteos;89791.5;37742.55;764;5;2;0;KG;Sí;;
STRESS-1788552190272-1969;;Stress Product 1969;Snacks;76122.33;15801.87;893;5;2;5;KG;Sí;;
STRESS-1788552188038-197;;Stress Product 197;Snacks;44171.23;47430.23;591;5;2;0;L;Sí;;
STRESS-1788552190273-1970;;Stress Product 1970;Snacks;27713.85;39297.23;533;5;2;19;UNIT;Sí;;
STRESS-1788552190274-1971;;Stress Product 1971;Lacteos;82011.1;23750.98;357;5;2;0;KG;Sí;;
STRESS-1788552190275-1972;;Stress Product 1972;Snacks;81521.85;5861.67;95;5;2;19;UNIT;Sí;;
STRESS-1788552190276-1973;;Stress Product 1973;Snacks;63425.75;29441.81;469;5;2;5;UNIT;Sí;;
STRESS-1788552190277-1974;;Stress Product 1974;Snacks;50225.77;18708.44;311;5;2;19;L;Sí;;
STRESS-1788552190278-1975;;Stress Product 1975;Bebidas;11418.19;43734.49;258;5;2;0;KG;Sí;;
STRESS-1788552190279-1976;;Stress Product 1976;Snacks;30410.53;26231.75;57;5;2;19;KG;Sí;;
STRESS-1788552190279-1977;;Stress Product 1977;Bebidas;75218.14;37817.86;610;5;2;19;UNIT;Sí;;
STRESS-1788552190281-1978;;Stress Product 1978;Bebidas;99084.12;6146.04;51;5;2;5;UNIT;Sí;;
STRESS-1788552190282-1979;;Stress Product 1979;Snacks;85430.76;6794.95;260;5;2;0;KG;Sí;;
STRESS-1788552188039-198;;Stress Product 198;Lacteos;34987.92;1317.42;630;5;2;0;UNIT;Sí;;
STRESS-1788552190284-1980;;Stress Product 1980;Lacteos;49648.74;15974.13;343;5;2;0;UNIT;Sí;;
STRESS-1788552190284-1981;;Stress Product 1981;Snacks;709.92;46504.4;218;5;2;19;KG;Sí;;
STRESS-1788552190285-1982;;Stress Product 1982;Bebidas;30659.75;44427.64;778;5;2;19;UNIT;Sí;;
STRESS-1788552190286-1983;;Stress Product 1983;Lacteos;51505.91;39963.86;867;5;2;0;UNIT;Sí;;
STRESS-1788552190287-1984;;Stress Product 1984;Bebidas;77197.82;45399.99;265;5;2;0;UNIT;Sí;;
STRESS-1788552190288-1985;;Stress Product 1985;Lacteos;81585.43;33148.7;250;5;2;0;L;Sí;;
STRESS-1788552190289-1986;;Stress Product 1986;Lacteos;41927.61;6083.16;1023;5;2;19;UNIT;Sí;;
STRESS-1788552190290-1987;;Stress Product 1987;Bebidas;59484.57;44199.71;618;5;2;19;KG;Sí;;
STRESS-1788552190291-1988;;Stress Product 1988;Snacks;48123.36;22700.52;49;5;2;5;UNIT;Sí;;
STRESS-1788552190292-1989;;Stress Product 1989;Lacteos;73021.35;34656.45;150;5;2;19;UNIT;Sí;;
STRESS-1788552188040-199;;Stress Product 199;Lacteos;71975.81;3495.16;64;5;2;19;KG;Sí;;
STRESS-1788552190293-1990;;Stress Product 1990;Snacks;36305.59;26225.47;359;5;2;5;L;Sí;;
STRESS-1788552190294-1991;;Stress Product 1991;Snacks;20184.24;16152.88;98;5;2;5;L;Sí;;
STRESS-1788552190294-1992;;Stress Product 1992;Snacks;38189.74;45570.68;587;5;2;0;UNIT;Sí;;
STRESS-1788552190295-1993;;Stress Product 1993;Lacteos;50864.73;17949.95;504;5;2;0;KG;Sí;;
STRESS-1788552190296-1994;;Stress Product 1994;Bebidas;90222.24;41954.21;638;5;2;5;KG;Sí;;
STRESS-1788552190297-1995;;Stress Product 1995;Snacks;87522.62;23065.2;515;5;2;5;L;Sí;;
STRESS-1788552190298-1996;;Stress Product 1996;Snacks;95593.35;15158.75;766;5;2;0;L;Sí;;
STRESS-1788552190299-1997;;Stress Product 1997;Bebidas;51651.44;14897.15;423;5;2;5;UNIT;Sí;;
STRESS-1788552190300-1998;;Stress Product 1998;Bebidas;55646.75;2304.33;973;5;2;5;L;Sí;;
STRESS-1788552190301-1999;;Stress Product 1999;Snacks;21619.86;33163.26;278;5;2;19;UNIT;Sí;;
STRESS-1788552187747-2;;Stress Product 2;Snacks;26825.84;38708.81;10000072;5;2;19;L;Sí;;
STRESS-1788552187772-20;;Stress Product 20;Snacks;4108.71;44210.82;648;5;2;5;KG;Sí;;
STRESS-1788552188042-200;;Stress Product 200;Bebidas;91332.3;14134.59;46;5;2;0;KG;Sí;;
STRESS-1788552188044-201;;Stress Product 201;Snacks;53814.14;43524.67;651;5;2;0;L;Sí;;
STRESS-1788552188045-202;;Stress Product 202;Bebidas;44090.11;1357.16;976;5;2;0;L;Sí;;
STRESS-1788552188046-203;;Stress Product 203;Lacteos;84652.61;30679.66;973;5;2;5;KG;Sí;;
STRESS-1788552188047-204;;Stress Product 204;Snacks;39831.1;1312.56;902;5;2;19;UNIT;Sí;;
STRESS-1788552188049-205;;Stress Product 205;Snacks;62305.33;13090.43;72;5;2;0;KG;Sí;;
STRESS-1788552188050-206;;Stress Product 206;Lacteos;78890.48;19415.94;49;5;2;19;L;Sí;;
STRESS-1788552188050-207;;Stress Product 207;Snacks;66461.38;20489.18;154;5;2;19;L;Sí;;
STRESS-1788552188051-208;;Stress Product 208;Snacks;7330.31;23950.03;816;5;2;19;L;Sí;;
STRESS-1788552188052-209;;Stress Product 209;Snacks;92203.66;37762.73;277;5;2;5;UNIT;Sí;;
STRESS-1788552187773-21;;Stress Product 21;Snacks;54013.13;43759.62;693;5;2;5;KG;Sí;;
STRESS-1788552188053-210;;Stress Product 210;Lacteos;97442.74;9053.6;452;5;2;0;KG;Sí;;
STRESS-1788552188054-211;;Stress Product 211;Bebidas;65960.16;34333.14;44;5;2;19;KG;Sí;;
STRESS-1788552188055-212;;Stress Product 212;Bebidas;10566.15;23811.74;397;5;2;19;KG;Sí;;
STRESS-1788552188055-213;;Stress Product 213;Snacks;64426.88;33195.82;190;5;2;19;UNIT;Sí;;
STRESS-1788552188056-214;;Stress Product 214;Snacks;66355.96;25159.57;427;5;2;0;UNIT;Sí;;
STRESS-1788552188057-215;;Stress Product 215;Snacks;65249.03;27345.23;553;5;2;5;UNIT;Sí;;
STRESS-1788552188058-216;;Stress Product 216;Snacks;96350.01;9581.42;169;5;2;19;L;Sí;;
STRESS-1788552188059-217;;Stress Product 217;Snacks;58939.04;24017.15;282;5;2;5;KG;Sí;;
STRESS-1788552188059-218;;Stress Product 218;Bebidas;79838.06;17347.43;252;5;2;5;L;Sí;;
STRESS-1788552188060-219;;Stress Product 219;Snacks;44609.98;25187.83;460;5;2;0;KG;Sí;;
STRESS-1788552187776-22;;Stress Product 22;Snacks;7299.97;24228.56;733;5;2;19;L;Sí;;
STRESS-1788552188061-220;;Stress Product 220;Snacks;58447.31;2151.62;292;5;2;5;UNIT;Sí;;
STRESS-1788552188061-221;;Stress Product 221;Lacteos;47828.02;33912.94;565;5;2;0;KG;Sí;;
STRESS-1788552188062-222;;Stress Product 222;Lacteos;2792.33;45092.6;683;5;2;19;KG;Sí;;
STRESS-1788552188063-223;;Stress Product 223;Bebidas;77018.12;44257.12;618;5;2;19;KG;Sí;;
STRESS-1788552188064-224;;Stress Product 224;Lacteos;22243.28;37609.18;292;5;2;0;KG;Sí;;
STRESS-1788552188065-225;;Stress Product 225;Bebidas;71747.32;733.65;398;5;2;19;UNIT;Sí;;
STRESS-1788552188066-226;;Stress Product 226;Lacteos;45180.24;510.27;806;5;2;19;UNIT;Sí;;
STRESS-1788552188067-227;;Stress Product 227;Lacteos;84467.05;29315.02;1087;5;2;0;UNIT;Sí;;
STRESS-1788552188068-228;;Stress Product 228;Lacteos;56249.22;15026.81;45;5;2;0;KG;Sí;;
STRESS-1788552188068-229;;Stress Product 229;Lacteos;81463.84;47551.88;307;5;2;5;KG;Sí;;
STRESS-1788552187777-23;;Stress Product 23;Lacteos;54839.97;45326.37;758;5;2;0;UNIT;Sí;;
STRESS-1788552188069-230;;Stress Product 230;Snacks;59582.03;25205.82;46;5;2;5;L;Sí;;
STRESS-1788552188070-231;;Stress Product 231;Lacteos;66195.71;4680.61;676;5;2;5;L;Sí;;
STRESS-1788552188070-232;;Stress Product 232;Lacteos;48226.76;11836.41;144;5;2;19;UNIT;Sí;;
STRESS-1788552188071-233;;Stress Product 233;Bebidas;20364.57;10364.16;901;5;2;19;L;Sí;;
STRESS-1788552188072-234;;Stress Product 234;Snacks;30079.99;19192.85;147;5;2;5;UNIT;Sí;;
STRESS-1788552188073-235;;Stress Product 235;Lacteos;24380.56;26806.6;84;5;2;0;UNIT;Sí;;
STRESS-1788552188074-236;;Stress Product 236;Snacks;78367.69;24174.43;585;5;2;5;L;Sí;;
STRESS-1788552188075-237;;Stress Product 237;Snacks;60872.81;41011.35;682;5;2;19;UNIT;Sí;;
STRESS-1788552188076-238;;Stress Product 238;Snacks;55463.21;43936.26;235;5;2;0;L;Sí;;
STRESS-1788552188076-239;;Stress Product 239;Bebidas;46850.11;8640.15;484;5;2;0;L;Sí;;
STRESS-1788552187778-24;;Stress Product 24;Snacks;65468.84;26842.52;686;5;2;19;KG;Sí;;
STRESS-1788552188077-240;;Stress Product 240;Snacks;66424.49;5310.29;970;5;2;19;L;Sí;;
STRESS-1788552188078-241;;Stress Product 241;Snacks;52808.93;45627.15;1188;5;2;0;KG;Sí;;
STRESS-1788552188079-242;;Stress Product 242;Bebidas;68275.81;34470.97;442;5;2;19;UNIT;Sí;;
STRESS-1788552188080-243;;Stress Product 243;Lacteos;7257.57;5946.35;323;5;2;0;L;Sí;;
STRESS-1788552188080-244;;Stress Product 244;Bebidas;99369.88;31383.29;820;5;2;0;UNIT;Sí;;
STRESS-1788552188081-245;;Stress Product 245;Bebidas;64765.64;45881.51;790;5;2;19;L;Sí;;
STRESS-1788552188082-246;;Stress Product 246;Snacks;333.88;15347.8;501;5;2;5;KG;Sí;;
STRESS-1788552188083-247;;Stress Product 247;Bebidas;92588.74;24854.75;750;5;2;0;UNIT;Sí;;
STRESS-1788552188084-248;;Stress Product 248;Bebidas;3518.86;4540.72;509;5;2;0;UNIT;Sí;;
STRESS-1788552188084-249;;Stress Product 249;Lacteos;66470.02;46547.53;790;5;2;5;L;Sí;;
STRESS-1788552187779-25;;Stress Product 25;Lacteos;18956.52;21814.3;180;5;2;0;KG;Sí;;
STRESS-1788552188085-250;;Stress Product 250;Snacks;31231.89;47994.22;527;5;2;5;KG;Sí;;
STRESS-1788552188086-251;;Stress Product 251;Snacks;88527.15;14081.64;892;5;2;19;L;Sí;;
STRESS-1788552188087-252;;Stress Product 252;Lacteos;4367.49;2875.19;845;5;2;5;KG;Sí;;
STRESS-1788552188088-253;;Stress Product 253;Snacks;86777.2;689.16;134;5;2;5;KG;Sí;;
STRESS-1788552188089-254;;Stress Product 254;Lacteos;21590.08;12085.06;419;5;2;19;UNIT;Sí;;
STRESS-1788552188090-255;;Stress Product 255;Lacteos;54085.73;36944.6;993;5;2;0;UNIT;Sí;;
STRESS-1788552188091-256;;Stress Product 256;Bebidas;5740.67;9607.94;152;5;2;0;KG;Sí;;
STRESS-1788552188092-257;;Stress Product 257;Lacteos;35946.63;47838.11;662;5;2;19;KG;Sí;;
STRESS-1788552188122-258;;Stress Product 258;Snacks;51077.98;46945.36;319;5;2;5;L;Sí;;
STRESS-1788552188123-259;;Stress Product 259;Snacks;72208.59;19608.37;526;5;2;0;L;Sí;;
STRESS-1788552187780-26;;Stress Product 26;Snacks;68230.4;34321.71;935;5;2;0;UNIT;Sí;;
STRESS-1788552188126-260;;Stress Product 260;Snacks;38403.57;5169.23;227;5;2;19;UNIT;Sí;;
STRESS-1788552188127-261;;Stress Product 261;Snacks;43637.7;32060.44;622;5;2;19;KG;Sí;;
STRESS-1788552188129-262;;Stress Product 262;Lacteos;90074.01;31547.57;373;5;2;19;UNIT;Sí;;
STRESS-1788552188131-263;;Stress Product 263;Bebidas;31330.29;8572.78;577;5;2;19;KG;Sí;;
STRESS-1788552188133-264;;Stress Product 264;Bebidas;24718.4;15997.62;923;5;2;5;UNIT;Sí;;
STRESS-1788552188135-265;;Stress Product 265;Bebidas;54929.33;38675.51;64;5;2;0;UNIT;Sí;;
STRESS-1788552188137-266;;Stress Product 266;Bebidas;81260.84;10104.88;684;5;2;5;KG;Sí;;
STRESS-1788552188139-267;;Stress Product 267;Bebidas;35383.99;16409.86;833;5;2;0;L;Sí;;
STRESS-1788552188147-268;;Stress Product 268;Bebidas;61051.4;40915.65;855;5;2;0;UNIT;Sí;;
STRESS-1788552188150-269;;Stress Product 269;Bebidas;70849.41;43192.54;48;5;2;5;L;Sí;;
STRESS-1788552187782-27;;Stress Product 27;Bebidas;5966.81;27044.3;218;5;2;19;KG;Sí;;
STRESS-1788552188153-270;;Stress Product 270;Snacks;65129.85;48613.8;206;5;2;5;UNIT;Sí;;
STRESS-1788552188155-271;;Stress Product 271;Bebidas;57982.83;34309.31;48;5;2;0;L;Sí;;
STRESS-1788552188157-272;;Stress Product 272;Bebidas;36208.64;28115.3;111;5;2;0;KG;Sí;;
STRESS-1788552188159-273;;Stress Product 273;Lacteos;32015.44;36026.92;939;5;2;19;UNIT;Sí;;
STRESS-1788552188160-274;;Stress Product 274;Lacteos;29789.28;23641.75;145;5;2;5;L;Sí;;
STRESS-1788552188162-275;;Stress Product 275;Snacks;33754.5;37596.86;91;5;2;19;L;Sí;;
STRESS-1788552188163-276;;Stress Product 276;Lacteos;68159.16;7282.84;45;5;2;0;UNIT;Sí;;
STRESS-1788552188165-277;;Stress Product 277;Lacteos;50109.08;32007.9;977;5;2;19;L;Sí;;
STRESS-1788552188168-278;;Stress Product 278;Bebidas;28174.14;30773.81;595;5;2;19;UNIT;Sí;;
STRESS-1788552188169-279;;Stress Product 279;Bebidas;90961.56;22615.14;85;5;2;19;UNIT;Sí;;
STRESS-1788552187783-28;;Stress Product 28;Bebidas;36969.28;23790.01;86;5;2;5;UNIT;Sí;;
STRESS-1788552188171-280;;Stress Product 280;Snacks;81264.04;20980.66;873;5;2;0;L;Sí;;
STRESS-1788552188172-281;;Stress Product 281;Bebidas;89003.17;16037.84;51;5;2;19;L;Sí;;
STRESS-1788552188174-282;;Stress Product 282;Bebidas;22126.45;18012.32;675;5;2;19;L;Sí;;
STRESS-1788552188176-283;;Stress Product 283;Snacks;27613.26;20199.68;98;5;2;5;KG;Sí;;
STRESS-1788552188177-284;;Stress Product 284;Lacteos;51502.62;28575.39;467;5;2;0;KG;Sí;;
STRESS-1788552188179-285;;Stress Product 285;Lacteos;50567.47;30740.39;1015;5;2;5;L;Sí;;
STRESS-1788552188181-286;;Stress Product 286;Snacks;67255.57;24264.97;1018;5;2;5;UNIT;Sí;;
STRESS-1788552188183-287;;Stress Product 287;Lacteos;92735.85;7600.45;10000465;5;2;19;KG;Sí;;
STRESS-1788552188184-288;;Stress Product 288;Bebidas;90870.15;37491.48;200;5;2;0;KG;Sí;;
STRESS-1788552188186-289;;Stress Product 289;Lacteos;43125.38;24416.09;916;5;2;5;L;Sí;;
STRESS-1788552187784-29;;Stress Product 29;Bebidas;15300.47;1768.58;10000119;5;2;0;L;Sí;;
STRESS-1788552188187-290;;Stress Product 290;Bebidas;81958.33;21339.41;640;5;2;19;L;Sí;;
STRESS-1788552188188-291;;Stress Product 291;Lacteos;9708.48;36565.32;972;5;2;19;L;Sí;;
STRESS-1788552188189-292;;Stress Product 292;Lacteos;11283.21;27088.02;46;5;2;19;KG;Sí;;
STRESS-1788552188190-293;;Stress Product 293;Bebidas;41837.54;23793.75;899;5;2;0;KG;Sí;;
STRESS-1788552188191-294;;Stress Product 294;Bebidas;57826.59;31704.75;123;5;2;0;KG;Sí;;
STRESS-1788552188192-295;;Stress Product 295;Bebidas;38951.46;49270.72;595;5;2;5;UNIT;Sí;;
STRESS-1788552188193-296;;Stress Product 296;Lacteos;51563.86;33617.03;1048;5;2;19;UNIT;Sí;;
STRESS-1788552188194-297;;Stress Product 297;Snacks;10029.77;26826.75;584;5;2;0;KG;Sí;;
STRESS-1788552188194-298;;Stress Product 298;Bebidas;41977.12;8408.28;45;5;2;5;UNIT;Sí;;
STRESS-1788552188197-299;;Stress Product 299;Bebidas;86540.71;9225.14;645;5;2;19;UNIT;Sí;;
STRESS-1788552187749-3;;Stress Product 3;Bebidas;56836.26;10806.45;617;5;2;5;UNIT;Sí;;
STRESS-1788552187785-30;;Stress Product 30;Lacteos;3601.8;43014.98;416;5;2;0;UNIT;Sí;;
STRESS-1788552188200-300;;Stress Product 300;Snacks;25231.69;39666.95;79;5;2;0;KG;Sí;;
STRESS-1788552188202-301;;Stress Product 301;Lacteos;45499.83;6546.15;924;5;2;19;UNIT;Sí;;
STRESS-1788552188204-302;;Stress Product 302;Lacteos;72272.62;48908.77;47;5;2;5;UNIT;Sí;;
STRESS-1788552188205-303;;Stress Product 303;Bebidas;92512.2;9011.08;382;5;2;5;KG;Sí;;
STRESS-1788552188207-304;;Stress Product 304;Bebidas;24017.49;49201.11;899;5;2;19;KG;Sí;;
STRESS-1788552188208-305;;Stress Product 305;Snacks;48693.67;9869.08;499;5;2;19;KG;Sí;;
STRESS-1788552188209-306;;Stress Product 306;Snacks;59506.47;49038.63;880;5;2;5;L;Sí;;
STRESS-1788552188210-307;;Stress Product 307;Lacteos;72504.52;36832.8;342;5;2;19;KG;Sí;;
STRESS-1788552188212-308;;Stress Product 308;Snacks;90602.28;26947.53;774;5;2;0;L;Sí;;
STRESS-1788552188213-309;;Stress Product 309;Snacks;44696.77;2840.99;790;5;2;0;KG;Sí;;
STRESS-1788552187786-31;;Stress Product 31;Bebidas;56064.92;21116.56;924;5;2;19;L;Sí;;
STRESS-1788552188215-310;;Stress Product 310;Bebidas;68897;28381.78;411;5;2;19;L;Sí;;
STRESS-1788552188217-311;;Stress Product 311;Bebidas;16894.14;30164.72;271;5;2;0;KG;Sí;;
STRESS-1788552188218-312;;Stress Product 312;Snacks;38858.84;9420.96;10000401;5;2;5;KG;Sí;;
STRESS-1788552188219-313;;Stress Product 313;Bebidas;95664.68;7607.78;299;5;2;5;KG;Sí;;
STRESS-1788552188220-314;;Stress Product 314;Snacks;40761.01;10908.1;617;5;2;5;L;Sí;;
STRESS-1788552188221-315;;Stress Product 315;Lacteos;49676.52;4883.51;48;5;2;19;KG;Sí;;
STRESS-1788552188221-316;;Stress Product 316;Lacteos;7241.99;45259.51;637;5;2;0;KG;Sí;;
STRESS-1788552188222-317;;Stress Product 317;Snacks;91894.58;26611.44;467;5;2;0;UNIT;Sí;;
STRESS-1788552188223-318;;Stress Product 318;Bebidas;99104.39;42076.66;158;5;2;5;UNIT;Sí;;
STRESS-1788552188224-319;;Stress Product 319;Snacks;43033.81;12321.62;10000867;5;2;5;KG;Sí;;
STRESS-1788552187787-32;;Stress Product 32;Bebidas;23038.52;2218.64;49;5;2;19;UNIT;Sí;;
STRESS-1788552188225-320;;Stress Product 320;Snacks;37363;24964.79;92;5;2;5;UNIT;Sí;;
STRESS-1788552188225-321;;Stress Product 321;Lacteos;58603.04;36336.06;551;5;2;5;KG;Sí;;
STRESS-1788552188227-322;;Stress Product 322;Bebidas;48882.6;7558.69;242;5;2;0;L;Sí;;
STRESS-1788552188228-323;;Stress Product 323;Snacks;26862.16;1599.04;133;5;2;0;L;Sí;;
STRESS-1788552188230-324;;Stress Product 324;Bebidas;30879.18;13812.76;248;5;2;5;L;Sí;;
STRESS-1788552188232-325;;Stress Product 325;Lacteos;15332.95;15657.61;768;5;2;0;UNIT;Sí;;
STRESS-1788552188233-326;;Stress Product 326;Bebidas;68973.21;30031.7;48;5;2;0;KG;Sí;;
STRESS-1788552188234-327;;Stress Product 327;Snacks;43142.84;38558.91;10000577;5;2;5;L;Sí;;
STRESS-1788552188235-328;;Stress Product 328;Snacks;34509.97;3197.95;628;5;2;5;KG;Sí;;
STRESS-1788552188237-329;;Stress Product 329;Lacteos;50572.4;7937;807;5;2;19;L;Sí;;
STRESS-1788552187788-33;;Stress Product 33;Lacteos;27865.04;29914.06;636;5;2;19;UNIT;Sí;;
STRESS-1788552188239-330;;Stress Product 330;Lacteos;34926.51;21113.41;398;5;2;0;UNIT;Sí;;
STRESS-1788552188240-331;;Stress Product 331;Bebidas;3210.7;46239.6;169;5;2;19;UNIT;Sí;;
STRESS-1788552188241-332;;Stress Product 332;Bebidas;84194.39;35677.15;208;5;2;0;KG;Sí;;
STRESS-1788552188243-333;;Stress Product 333;Lacteos;71694.48;44334.98;951;5;2;5;L;Sí;;
STRESS-1788552188244-334;;Stress Product 334;Snacks;30932.16;31973.14;565;5;2;5;UNIT;Sí;;
STRESS-1788552188245-335;;Stress Product 335;Snacks;18587.79;29924.13;669;5;2;19;KG;Sí;;
STRESS-1788552188245-336;;Stress Product 336;Bebidas;1844.22;4365.48;428;5;2;19;L;Sí;;
STRESS-1788552188247-337;;Stress Product 337;Lacteos;55722.9;11040.34;606;5;2;5;L;Sí;;
STRESS-1788552188248-338;;Stress Product 338;Lacteos;22545.72;47625.13;554;5;2;19;KG;Sí;;
STRESS-1788552188249-339;;Stress Product 339;Snacks;21577.5;10833.52;977;5;2;0;KG;Sí;;
STRESS-1788552187789-34;;Stress Product 34;Bebidas;53800.16;2143.36;953;5;2;19;L;Sí;;
STRESS-1788552188251-340;;Stress Product 340;Bebidas;53457.69;25468.17;645;5;2;0;UNIT;Sí;;
STRESS-1788552188252-341;;Stress Product 341;Bebidas;1318.46;5529.78;536;5;2;19;L;Sí;;
STRESS-1788552188253-342;;Stress Product 342;Bebidas;58313.13;27945.58;462;5;2;0;KG;Sí;;
STRESS-1788552188253-343;;Stress Product 343;Snacks;15522.83;47722.84;856;5;2;5;UNIT;Sí;;
STRESS-1788552188254-344;;Stress Product 344;Bebidas;25174.83;11016.29;92;5;2;19;L;Sí;;
STRESS-1788552188255-345;;Stress Product 345;Bebidas;2552.77;6964.68;722;5;2;5;UNIT;Sí;;
STRESS-1788552188255-346;;Stress Product 346;Snacks;6237.32;29141.66;914;5;2;5;L;Sí;;
STRESS-1788552188256-347;;Stress Product 347;Lacteos;12333.29;31473.48;146;5;2;19;L;Sí;;
STRESS-1788552188257-348;;Stress Product 348;Bebidas;65606.39;43040.47;390;5;2;19;KG;Sí;;
STRESS-1788552188258-349;;Stress Product 349;Bebidas;48918.34;33430.25;519;5;2;19;L;Sí;;
STRESS-1788552187791-35;;Stress Product 35;Bebidas;60240.67;47164.07;605;5;2;19;KG;Sí;;
STRESS-1788552188259-350;;Stress Product 350;Lacteos;91992.74;29042.44;909;5;2;0;UNIT;Sí;;
STRESS-1788552188260-351;;Stress Product 351;Lacteos;97181.85;14421.96;815;5;2;19;L;Sí;;
STRESS-1788552188261-352;;Stress Product 352;Snacks;51754.39;15563.73;787;5;2;5;L;Sí;;
STRESS-1788552188262-353;;Stress Product 353;Bebidas;50146.03;7075.42;977;5;2;19;UNIT;Sí;;
STRESS-1788552188263-354;;Stress Product 354;Lacteos;11107.96;11319.11;154;5;2;5;L;Sí;;
STRESS-1788552188264-355;;Stress Product 355;Snacks;82788.03;20079.67;277;5;2;5;KG;Sí;;
STRESS-1788552188265-356;;Stress Product 356;Lacteos;28905.97;34455.26;43;5;2;0;UNIT;Sí;;
STRESS-1788552188266-357;;Stress Product 357;Snacks;34567.17;45876.07;801;5;2;0;L;Sí;;
STRESS-1788552188267-358;;Stress Product 358;Snacks;76594.94;37355.71;535;5;2;19;L;Sí;;
STRESS-1788552188268-359;;Stress Product 359;Bebidas;62179.29;17339.34;83;5;2;5;L;Sí;;
STRESS-1788552187793-36;;Stress Product 36;Bebidas;5946.53;7593.01;334;5;2;5;KG;Sí;;
STRESS-1788552188268-360;;Stress Product 360;Lacteos;32768.6;2986.51;1021;5;2;5;L;Sí;;
STRESS-1788552188269-361;;Stress Product 361;Bebidas;21077.1;45465.6;42;5;2;5;L;Sí;;
STRESS-1788552188270-362;;Stress Product 362;Snacks;32019.39;44983.64;722;5;2;19;KG;Sí;;
STRESS-1788552188271-363;;Stress Product 363;Snacks;53625.93;5076.16;628;5;2;19;UNIT;Sí;;
STRESS-1788552188271-364;;Stress Product 364;Snacks;64769.77;2491.81;841;5;2;5;UNIT;Sí;;
STRESS-1788552188272-365;;Stress Product 365;Lacteos;52583.52;24850.73;61;5;2;0;L;Sí;;
STRESS-1788552188273-366;;Stress Product 366;Lacteos;52058.3;49029.07;81;5;2;0;L;Sí;;
STRESS-1788552188274-367;;Stress Product 367;Bebidas;41969.95;23350.48;372;5;2;19;L;Sí;;
STRESS-1788552188275-368;;Stress Product 368;Snacks;95610.8;25191.65;108;5;2;0;UNIT;Sí;;
STRESS-1788552188275-369;;Stress Product 369;Lacteos;46248.53;2070.61;435;5;2;0;UNIT;Sí;;
STRESS-1788552187794-37;;Stress Product 37;Bebidas;64446.7;10291.48;320;5;2;0;L;Sí;;
STRESS-1788552188276-370;;Stress Product 370;Snacks;93904.31;9617.5;45;5;2;5;L;Sí;;
STRESS-1788552188277-371;;Stress Product 371;Lacteos;84876.03;27411.4;144;5;2;19;L;Sí;;
STRESS-1788552188277-372;;Stress Product 372;Lacteos;53245.36;11581.18;636;5;2;19;KG;Sí;;
STRESS-1788552188278-373;;Stress Product 373;Bebidas;78444.67;46615.55;144;5;2;19;KG;Sí;;
STRESS-1788552188279-374;;Stress Product 374;Bebidas;9733.09;39816.32;46;5;2;0;UNIT;Sí;;
STRESS-1788552188279-375;;Stress Product 375;Lacteos;31347.57;40168.2;277;5;2;19;KG;Sí;;
STRESS-1788552188280-376;;Stress Product 376;Lacteos;22622.64;25035.54;671;5;2;5;UNIT;Sí;;
STRESS-1788552188281-377;;Stress Product 377;Bebidas;31405.94;48193.25;434;5;2;19;UNIT;Sí;;
STRESS-1788552188282-378;;Stress Product 378;Lacteos;36746.78;49526.56;550;5;2;19;L;Sí;;
STRESS-1788552188283-379;;Stress Product 379;Lacteos;9596.97;2033.12;46;5;2;19;UNIT;Sí;;
STRESS-1788552187795-38;;Stress Product 38;Lacteos;45431.67;37456.95;735;5;2;5;KG;Sí;;
STRESS-1788552188284-380;;Stress Product 380;Snacks;3189.95;41332.32;448;5;2;5;L;Sí;;
STRESS-1788552188285-381;;Stress Product 381;Lacteos;25624.95;29414.04;655;5;2;5;UNIT;Sí;;
STRESS-1788552188285-382;;Stress Product 382;Lacteos;85348.04;750.19;47;5;2;5;KG;Sí;;
STRESS-1788552188286-383;;Stress Product 383;Snacks;75516.2;41043.84;527;5;2;5;UNIT;Sí;;
STRESS-1788552188287-384;;Stress Product 384;Bebidas;15173.29;48740.44;45;5;2;19;UNIT;Sí;;
STRESS-1788552188287-385;;Stress Product 385;Bebidas;19332.96;11095.99;679;5;2;5;UNIT;Sí;;
STRESS-1788552188288-386;;Stress Product 386;Lacteos;82541.9;48492.71;655;5;2;5;KG;Sí;;
STRESS-1788552188289-387;;Stress Product 387;Snacks;98888.31;41522.8;183;5;2;19;L;Sí;;
STRESS-1788552188290-388;;Stress Product 388;Snacks;46107.45;16135.32;43;5;2;19;L;Sí;;
STRESS-1788552188291-389;;Stress Product 389;Bebidas;45344.19;30620.04;139;5;2;5;KG;Sí;;
STRESS-1788552187796-39;;Stress Product 39;Bebidas;20062.95;29175.53;137;5;2;19;KG;Sí;;
STRESS-1788552188292-390;;Stress Product 390;Bebidas;85514.1;6220.46;154;5;2;19;L;Sí;;
STRESS-1788552188293-391;;Stress Product 391;Snacks;67406.48;40035.62;301;5;2;0;KG;Sí;;
STRESS-1788552188294-392;;Stress Product 392;Lacteos;57274.29;13300.21;372;5;2;0;L;Sí;;
STRESS-1788552188294-393;;Stress Product 393;Lacteos;49684.57;22098.26;771;5;2;19;KG;Sí;;
STRESS-1788552188295-394;;Stress Product 394;Bebidas;37739.64;5467.88;382;5;2;5;UNIT;Sí;;
STRESS-1788552188296-395;;Stress Product 395;Lacteos;73171.02;48708.88;60;5;2;19;UNIT;Sí;;
STRESS-1788552188297-396;;Stress Product 396;Lacteos;44466.97;23873.99;237;5;2;19;KG;Sí;;
STRESS-1788552188298-397;;Stress Product 397;Snacks;9697.94;14758.99;1020;5;2;19;L;Sí;;
STRESS-1788552188298-398;;Stress Product 398;Bebidas;17428.13;32863.38;319;5;2;5;UNIT;Sí;;
STRESS-1788552188299-399;;Stress Product 399;Snacks;18880.48;47790.27;853;5;2;19;L;Sí;;
STRESS-1788552187750-4;;Stress Product 4;Lacteos;24659.15;20150.83;10000742;5;2;0;KG;Sí;;
STRESS-1788552187798-40;;Stress Product 40;Lacteos;61159.87;30023.19;958;5;2;0;L;Sí;;
STRESS-1788552188300-400;;Stress Product 400;Lacteos;27621.54;38469.38;553;5;2;0;UNIT;Sí;;
STRESS-1788552188301-401;;Stress Product 401;Snacks;72420.53;14647.81;381;5;2;0;KG;Sí;;
STRESS-1788552188301-402;;Stress Product 402;Lacteos;51606.12;24480.09;374;5;2;5;KG;Sí;;
STRESS-1788552188302-403;;Stress Product 403;Lacteos;37301.17;36397.44;927;5;2;5;L;Sí;;
STRESS-1788552188303-404;;Stress Product 404;Bebidas;34204.37;19030.07;367;5;2;19;KG;Sí;;
STRESS-1788552188304-405;;Stress Product 405;Snacks;12185.1;16875.5;435;5;2;0;L;Sí;;
STRESS-1788552188305-406;;Stress Product 406;Bebidas;67781.05;8953.94;890;5;2;5;L;Sí;;
STRESS-1788552188305-407;;Stress Product 407;Bebidas;38188.3;14191.76;696;5;2;0;KG;Sí;;
STRESS-1788552188307-408;;Stress Product 408;Bebidas;35054.58;20580.28;892;5;2;19;KG;Sí;;
STRESS-1788552188308-409;;Stress Product 409;Lacteos;13930.77;34710.32;111;5;2;5;UNIT;Sí;;
STRESS-1788552187800-41;;Stress Product 41;Snacks;86720.47;28361.71;881;5;2;5;KG;Sí;;
STRESS-1788552188309-410;;Stress Product 410;Lacteos;55442.01;14499.21;406;5;2;5;UNIT;Sí;;
STRESS-1788552188310-411;;Stress Product 411;Bebidas;70809.73;30510.45;874;5;2;0;L;Sí;;
STRESS-1788552188310-412;;Stress Product 412;Lacteos;91231.84;43370.25;816;5;2;5;L;Sí;;
STRESS-1788552188311-413;;Stress Product 413;Bebidas;6440.12;18199.65;923;5;2;0;KG;Sí;;
STRESS-1788552188312-414;;Stress Product 414;Bebidas;86593.56;22480.53;581;5;2;0;L;Sí;;
STRESS-1788552188313-415;;Stress Product 415;Bebidas;28148.62;44290.91;84;5;2;5;L;Sí;;
STRESS-1788552188314-416;;Stress Product 416;Snacks;3284.16;42727.76;499;5;2;19;UNIT;Sí;;
STRESS-1788552188315-417;;Stress Product 417;Lacteos;33620.51;42866.59;47;5;2;19;L;Sí;;
STRESS-1788552188315-418;;Stress Product 418;Bebidas;56466.94;304.94;65;5;2;19;UNIT;Sí;;
STRESS-1788552188316-419;;Stress Product 419;Snacks;71865.22;37941.36;655;5;2;19;KG;Sí;;
STRESS-1788552187801-42;;Stress Product 42;Lacteos;20061.22;45639;349;5;2;19;L;Sí;;
STRESS-1788552188339-420;;Stress Product 420;Snacks;73284.23;48025.78;10000477;5;2;19;L;Sí;;
STRESS-1788552188340-421;;Stress Product 421;Lacteos;8878.24;15822.94;92;5;2;0;L;Sí;;
STRESS-1788552188341-422;;Stress Product 422;Snacks;97222.31;24817.16;457;5;2;0;UNIT;Sí;;
STRESS-1788552188342-423;;Stress Product 423;Snacks;27193.15;42890.73;542;5;2;5;UNIT;Sí;;
STRESS-1788552188343-424;;Stress Product 424;Lacteos;97084.34;10869.89;378;5;2;5;UNIT;Sí;;
STRESS-1788552188344-425;;Stress Product 425;Lacteos;89453.11;48387.91;44;5;2;19;L;Sí;;
STRESS-1788552188345-426;;Stress Product 426;Lacteos;92435.44;12866.02;263;5;2;5;L;Sí;;
STRESS-1788552188346-427;;Stress Product 427;Lacteos;11388.14;36073.59;268;5;2;0;L;Sí;;
STRESS-1788552188347-428;;Stress Product 428;Snacks;90920.16;43141.26;730;5;2;0;KG;Sí;;
STRESS-1788552188354-429;;Stress Product 429;Lacteos;69953.58;18660.2;100;5;2;19;L;Sí;;
STRESS-1788552187802-43;;Stress Product 43;Bebidas;96733.83;3566.17;489;5;2;19;L;Sí;;
STRESS-1788552188355-430;;Stress Product 430;Bebidas;99752.04;17670.35;710;5;2;0;UNIT;Sí;;
STRESS-1788552188356-431;;Stress Product 431;Snacks;54996.68;14217.48;173;5;2;5;KG;Sí;;
STRESS-1788552188358-432;;Stress Product 432;Lacteos;71172.52;47612.69;876;5;2;0;UNIT;Sí;;
STRESS-1788552188359-433;;Stress Product 433;Snacks;75489.34;15722.12;614;5;2;19;UNIT;Sí;;
STRESS-1788552188360-434;;Stress Product 434;Lacteos;80272.88;10573.97;289;5;2;0;L;Sí;;
STRESS-1788552188361-435;;Stress Product 435;Bebidas;5648.04;10610.79;830;5;2;5;UNIT;Sí;;
STRESS-1788552188362-436;;Stress Product 436;Lacteos;46315.1;24162.13;522;5;2;5;KG;Sí;;
STRESS-1788552188363-437;;Stress Product 437;Lacteos;28098.89;7513.69;45;5;2;19;UNIT;Sí;;
STRESS-1788552188364-438;;Stress Product 438;Snacks;15856.38;7886.13;841;5;2;0;KG;Sí;;
STRESS-1788552188365-439;;Stress Product 439;Lacteos;80455.54;28225.26;914;5;2;5;KG;Sí;;
STRESS-1788552187804-44;;Stress Product 44;Snacks;29031.18;41286.7;10000317;5;2;5;L;Sí;;
STRESS-1788552188366-440;;Stress Product 440;Bebidas;23473.31;30288.06;10000312;5;2;0;KG;Sí;;
STRESS-1788552188367-441;;Stress Product 441;Snacks;2308.53;41902.8;44;5;2;0;KG;Sí;;
STRESS-1788552188367-442;;Stress Product 442;Bebidas;73461.87;40834.09;802;5;2;19;KG;Sí;;
STRESS-1788552188369-443;;Stress Product 443;Snacks;8194.08;28219.75;672;5;2;19;UNIT;Sí;;
STRESS-1788552188371-444;;Stress Product 444;Snacks;52990.33;1090.91;202;5;2;19;KG;Sí;;
STRESS-1788552188374-445;;Stress Product 445;Lacteos;41985.1;35920.03;745;5;2;19;KG;Sí;;
STRESS-1788552188376-446;;Stress Product 446;Snacks;13881.27;2069.95;691;5;2;19;L;Sí;;
STRESS-1788552188377-447;;Stress Product 447;Lacteos;62499.4;43827.22;530;5;2;19;UNIT;Sí;;
STRESS-1788552188377-448;;Stress Product 448;Bebidas;60518.43;20485.28;368;5;2;19;L;Sí;;
STRESS-1788552188378-449;;Stress Product 449;Bebidas;78027.49;21834.85;737;5;2;5;L;Sí;;
STRESS-1788552187805-45;;Stress Product 45;Lacteos;93112.66;42840.04;607;5;2;5;UNIT;Sí;;
STRESS-1788552188379-450;;Stress Product 450;Snacks;65068.28;10711.79;638;5;2;0;KG;Sí;;
STRESS-1788552188381-451;;Stress Product 451;Bebidas;5011.41;1328.37;114;5;2;0;KG;Sí;;
STRESS-1788552188384-452;;Stress Product 452;Bebidas;5904.11;6390.06;296;5;2;0;L;Sí;;
STRESS-1788552188386-453;;Stress Product 453;Snacks;69200.61;13027.39;609;5;2;0;L;Sí;;
STRESS-1788552188387-454;;Stress Product 454;Snacks;10523.12;14653.16;1054;5;2;19;KG;Sí;;
STRESS-1788552188389-455;;Stress Product 455;Snacks;84847.57;2178.38;796;5;2;0;KG;Sí;;
STRESS-1788552188390-456;;Stress Product 456;Snacks;33169.91;16137.66;45;5;2;0;KG;Sí;;
STRESS-1788552188390-457;;Stress Product 457;Snacks;58240.82;18460.89;286;5;2;5;UNIT;Sí;;
STRESS-1788552188391-458;;Stress Product 458;Lacteos;67948.81;17888.47;136;5;2;5;L;Sí;;
STRESS-1788552188392-459;;Stress Product 459;Lacteos;4192.7;4707.66;538;5;2;0;UNIT;Sí;;
STRESS-1788552187807-46;;Stress Product 46;Bebidas;64904.34;34299.8;10000917;5;2;0;L;Sí;;
STRESS-1788552188393-460;;Stress Product 460;Lacteos;8801.55;41979;680;5;2;0;UNIT;Sí;;
STRESS-1788552188394-461;;Stress Product 461;Lacteos;11856.56;43288.79;490;5;2;0;UNIT;Sí;;
STRESS-1788552188394-462;;Stress Product 462;Lacteos;89629.59;17368.09;109;5;2;19;L;Sí;;
STRESS-1788552188395-463;;Stress Product 463;Lacteos;38284.78;34371.78;447;5;2;5;L;Sí;;
STRESS-1788552188396-464;;Stress Product 464;Lacteos;80321.18;16684.69;847;5;2;0;KG;Sí;;
STRESS-1788552188396-465;;Stress Product 465;Bebidas;8017.68;9217.28;405;5;2;0;KG;Sí;;
STRESS-1788552188398-466;;Stress Product 466;Lacteos;26435.64;2425.93;199;5;2;5;UNIT;Sí;;
STRESS-1788552188400-467;;Stress Product 467;Bebidas;69078.27;5284.56;809;5;2;5;L;Sí;;
STRESS-1788552188401-468;;Stress Product 468;Bebidas;52474.74;7755.24;196;5;2;19;UNIT;Sí;;
STRESS-1788552188402-469;;Stress Product 469;Lacteos;93192.68;23690.41;43;5;2;0;KG;Sí;;
STRESS-1788552187808-47;;Stress Product 47;Lacteos;65277.29;19487.69;617;5;2;0;KG;Sí;;
STRESS-1788552188404-470;;Stress Product 470;Snacks;25505.32;49129.1;883;5;2;0;L;Sí;;
STRESS-1788552188405-471;;Stress Product 471;Bebidas;35937.16;3431.03;939;5;2;5;L;Sí;;
STRESS-1788552188406-472;;Stress Product 472;Lacteos;67640.37;2674.15;365;5;2;19;UNIT;Sí;;
STRESS-1788552188407-473;;Stress Product 473;Snacks;38089.94;10009.97;316;5;2;5;L;Sí;;
STRESS-1788552188408-474;;Stress Product 474;Bebidas;69955.9;8537.26;842;5;2;19;UNIT;Sí;;
STRESS-1788552188408-475;;Stress Product 475;Snacks;38216.32;19955.04;406;5;2;19;L;Sí;;
STRESS-1788552188409-476;;Stress Product 476;Snacks;62672.54;20918.09;636;5;2;0;UNIT;Sí;;
STRESS-1788552188410-477;;Stress Product 477;Snacks;4505.87;27481.15;936;5;2;19;L;Sí;;
STRESS-1788552188411-478;;Stress Product 478;Snacks;57389.97;18289.41;810;5;2;0;UNIT;Sí;;
STRESS-1788552188411-479;;Stress Product 479;Snacks;43467.99;38644.32;155;5;2;19;UNIT;Sí;;
STRESS-1788552187810-48;;Stress Product 48;Bebidas;98937.45;15656.37;286;5;2;19;L;Sí;;
STRESS-1788552188412-480;;Stress Product 480;Snacks;35664.63;24278.88;234;5;2;5;KG;Sí;;
STRESS-1788552188413-481;;Stress Product 481;Snacks;2128.57;43539.87;48;5;2;0;L;Sí;;
STRESS-1788552188415-482;;Stress Product 482;Bebidas;27964;36107.99;1019;5;2;5;L;Sí;;
STRESS-1788552188418-483;;Stress Product 483;Lacteos;55491.25;41489.41;704;5;2;0;KG;Sí;;
STRESS-1788552188420-484;;Stress Product 484;Snacks;74824.43;20836.25;1136;5;2;5;L;Sí;;
STRESS-1788552188421-485;;Stress Product 485;Bebidas;53465.97;16428.1;42;5;2;5;L;Sí;;
STRESS-1788552188422-486;;Stress Product 486;Lacteos;80898.43;41659.29;416;5;2;19;KG;Sí;;
STRESS-1788552188423-487;;Stress Product 487;Lacteos;95235.91;49738.31;177;5;2;5;UNIT;Sí;;
STRESS-1788552188424-488;;Stress Product 488;Snacks;27599.37;2407.77;587;5;2;0;UNIT;Sí;;
STRESS-1788552188424-489;;Stress Product 489;Bebidas;95911.77;37955.88;147;5;2;0;UNIT;Sí;;
STRESS-1788552187811-49;;Stress Product 49;Bebidas;53243.03;17559.22;609;5;2;19;L;Sí;;
STRESS-1788552188425-490;;Stress Product 490;Lacteos;61081.41;44442.6;672;5;2;19;L;Sí;;
STRESS-1788552188427-491;;Stress Product 491;Lacteos;98982.91;28039.45;760;5;2;19;L;Sí;;
STRESS-1788552188428-492;;Stress Product 492;Snacks;71049.91;48169.38;46;5;2;19;L;Sí;;
STRESS-1788552188430-493;;Stress Product 493;Bebidas;18022.58;43910.09;244;5;2;19;L;Sí;;
STRESS-1788552188431-494;;Stress Product 494;Bebidas;20335.63;32998.08;598;5;2;5;L;Sí;;
STRESS-1788552188433-495;;Stress Product 495;Lacteos;5904.98;18352.87;10000833;5;2;5;KG;Sí;;
STRESS-1788552188434-496;;Stress Product 496;Lacteos;99199.67;43649.05;700;5;2;19;L;Sí;;
STRESS-1788552188435-497;;Stress Product 497;Bebidas;4145.74;34457.2;213;5;2;19;UNIT;Sí;;
STRESS-1788552188437-498;;Stress Product 498;Lacteos;64529.87;30780.79;302;5;2;5;L;Sí;;
STRESS-1788552188438-499;;Stress Product 499;Bebidas;80281.47;49911.03;542;5;2;19;L;Sí;;
STRESS-1788552187751-5;;Stress Product 5;Bebidas;14503.48;4989.55;650;5;2;5;UNIT;Sí;;
STRESS-1788552187812-50;;Stress Product 50;Lacteos;86400.28;48592.48;799;5;2;0;KG;Sí;;
STRESS-1788552188439-500;;Stress Product 500;Bebidas;13672.19;11240.6;86;5;2;5;KG;Sí;;
STRESS-1788552188440-501;;Stress Product 501;Bebidas;8004.88;34902.5;614;5;2;5;UNIT;Sí;;
STRESS-1788552188442-502;;Stress Product 502;Bebidas;11315.1;12309.3;529;5;2;5;L;Sí;;
STRESS-1788552188442-503;;Stress Product 503;Snacks;7315.52;42115.33;881;5;2;0;KG;Sí;;
STRESS-1788552188443-504;;Stress Product 504;Lacteos;32496.84;33477.61;540;5;2;19;L;Sí;;
STRESS-1788552188444-505;;Stress Product 505;Bebidas;8226.63;42912.47;812;5;2;19;UNIT;Sí;;
STRESS-1788552188445-506;;Stress Product 506;Lacteos;83497.72;5208.55;391;5;2;0;UNIT;Sí;;
STRESS-1788552188445-507;;Stress Product 507;Lacteos;61509.64;22531.96;45;5;2;5;KG;Sí;;
STRESS-1788552188446-508;;Stress Product 508;Snacks;88621.29;13617.09;466;5;2;0;UNIT;Sí;;
STRESS-1788552188448-509;;Stress Product 509;Lacteos;224.78;12076.39;56;5;2;19;KG;Sí;;
STRESS-1788552187813-51;;Stress Product 51;Lacteos;80708.86;20707.27;96;5;2;5;KG;Sí;;
STRESS-1788552188450-510;;Stress Product 510;Bebidas;97878.78;25351.75;687;5;2;19;UNIT;Sí;;
STRESS-1788552188453-511;;Stress Product 511;Snacks;75631.54;49033;163;5;2;19;L;Sí;;
STRESS-1788552188456-512;;Stress Product 512;Bebidas;66834.06;3774.69;92;5;2;0;UNIT;Sí;;
STRESS-1788552188457-513;;Stress Product 513;Bebidas;23307.06;42883.6;47;5;2;19;UNIT;Sí;;
STRESS-1788552188457-514;;Stress Product 514;Snacks;44883.6;14570.87;849;5;2;19;KG;Sí;;
STRESS-1788552188458-515;;Stress Product 515;Lacteos;49064.36;18880.74;97;5;2;5;KG;Sí;;
STRESS-1788552188460-516;;Stress Product 516;Bebidas;59853.24;14300.82;979;5;2;19;UNIT;Sí;;
STRESS-1788552188461-517;;Stress Product 517;Snacks;37515.36;46681.07;721;5;2;0;L;Sí;;
STRESS-1788552188461-518;;Stress Product 518;Lacteos;31296.28;279.64;753;5;2;0;L;Sí;;
STRESS-1788552188462-519;;Stress Product 519;Bebidas;79662.2;39926.19;237;5;2;5;KG;Sí;;
STRESS-1788552187815-52;;Stress Product 52;Bebidas;25925.5;35042.96;70;5;2;19;KG;Sí;;
STRESS-1788552188464-520;;Stress Product 520;Lacteos;7407.2;16446.56;871;5;2;19;L;Sí;;
STRESS-1788552188466-521;;Stress Product 521;Bebidas;90249.4;26994.82;465;5;2;19;UNIT;Sí;;
STRESS-1788552188467-522;;Stress Product 522;Snacks;27148.57;24850.05;161;5;2;19;KG;Sí;;
STRESS-1788552188468-523;;Stress Product 523;Snacks;53308.44;45099.09;664;5;2;5;L;Sí;;
STRESS-1788552188469-524;;Stress Product 524;Lacteos;11988.91;10759.18;92;5;2;19;UNIT;Sí;;
STRESS-1788552188470-525;;Stress Product 525;Bebidas;72722.69;14286.92;545;5;2;19;UNIT;Sí;;
STRESS-1788552188471-526;;Stress Product 526;Lacteos;17880.13;27585.66;394;5;2;0;UNIT;Sí;;
STRESS-1788552188472-527;;Stress Product 527;Snacks;30253.71;48516.68;408;5;2;5;KG;Sí;;
STRESS-1788552188472-528;;Stress Product 528;Lacteos;515.14;5821;776;5;2;19;L;Sí;;
STRESS-1788552188473-529;;Stress Product 529;Lacteos;54573.71;8888.46;114;5;2;19;L;Sí;;
STRESS-1788552187818-53;;Stress Product 53;Lacteos;39765.17;843.71;796;5;2;5;L;Sí;;
STRESS-1788552188473-530;;Stress Product 530;Snacks;85782.62;14705.05;165;5;2;0;KG;Sí;;
STRESS-1788552188474-531;;Stress Product 531;Snacks;85406.05;9476.11;554;5;2;5;L;Sí;;
STRESS-1788552188475-532;;Stress Product 532;Lacteos;38794.83;14353.81;801;5;2;0;UNIT;Sí;;
STRESS-1788552188476-533;;Stress Product 533;Bebidas;20288.99;27780.34;20000628;5;2;19;KG;Sí;;
STRESS-1788552188476-534;;Stress Product 534;Snacks;16628.58;29518.8;1096;5;2;19;KG;Sí;;
STRESS-1788552188477-535;;Stress Product 535;Snacks;2724.08;48890.92;10000917;5;2;19;KG;Sí;;
STRESS-1788552188478-536;;Stress Product 536;Lacteos;1359.79;26950;259;5;2;0;L;Sí;;
STRESS-1788552188479-537;;Stress Product 537;Lacteos;18582.83;48779.68;342;5;2;19;L;Sí;;
STRESS-1788552188480-538;;Stress Product 538;Lacteos;91661.45;17161.44;45;5;2;19;UNIT;Sí;;
STRESS-1788552188482-539;;Stress Product 539;Lacteos;53576.67;48019.83;867;5;2;19;KG;Sí;;
STRESS-1788552187819-54;;Stress Product 54;Bebidas;32121.24;12701.36;472;5;2;19;KG;Sí;;
STRESS-1788552188483-540;;Stress Product 540;Lacteos;14031.84;34343.98;753;5;2;19;L;Sí;;
STRESS-1788552188484-541;;Stress Product 541;Bebidas;32277.76;23407.62;58;5;2;5;KG;Sí;;
STRESS-1788552188485-542;;Stress Product 542;Bebidas;52772.81;49611.29;44;5;2;19;KG;Sí;;
STRESS-1788552188486-543;;Stress Product 543;Snacks;89918.92;24679;135;5;2;19;KG;Sí;;
STRESS-1788552188487-544;;Stress Product 544;Lacteos;38001.96;28750.93;98;5;2;19;KG;Sí;;
STRESS-1788552188488-545;;Stress Product 545;Lacteos;18330.3;44289.98;297;5;2;0;UNIT;Sí;;
STRESS-1788552188488-546;;Stress Product 546;Lacteos;1170.09;20215.46;387;5;2;5;UNIT;Sí;;
STRESS-1788552188489-547;;Stress Product 547;Snacks;35913.13;14857.72;728;5;2;0;L;Sí;;
STRESS-1788552188490-548;;Stress Product 548;Snacks;20624.35;29157.15;429;5;2;19;L;Sí;;
STRESS-1788552188491-549;;Stress Product 549;Bebidas;53471.84;570.61;48;5;2;5;KG;Sí;;
STRESS-1788552187822-55;;Stress Product 55;Bebidas;12896.37;49111.17;420;5;2;5;UNIT;Sí;;
STRESS-1788552188492-550;;Stress Product 550;Snacks;51177.14;39303.21;485;5;2;19;KG;Sí;;
STRESS-1788552188492-551;;Stress Product 551;Lacteos;71490.86;6693.85;10000458;5;2;5;L;Sí;;
STRESS-1788552188493-552;;Stress Product 552;Lacteos;69052.02;19653.35;756;5;2;0;L;Sí;;
STRESS-1788552188493-553;;Stress Product 553;Bebidas;393.25;20383.58;229;5;2;0;UNIT;Sí;;
STRESS-1788552188494-554;;Stress Product 554;Lacteos;90029.5;39620.04;867;5;2;5;KG;Sí;;
STRESS-1788552188495-555;;Stress Product 555;Bebidas;32395.63;37384.17;373;5;2;5;KG;Sí;;
STRESS-1788552188496-556;;Stress Product 556;Bebidas;57549.8;17677.72;315;5;2;19;L;Sí;;
STRESS-1788552188496-557;;Stress Product 557;Bebidas;98878.28;13684.07;78;5;2;5;L;Sí;;
STRESS-1788552188497-558;;Stress Product 558;Bebidas;70009.07;45945.59;45;5;2;19;UNIT;Sí;;
STRESS-1788552188498-559;;Stress Product 559;Snacks;96266.99;40957.86;117;5;2;5;KG;Sí;;
STRESS-1788552187825-56;;Stress Product 56;Snacks;40187.05;7657.9;48;5;2;19;UNIT;Sí;;
STRESS-1788552188499-560;;Stress Product 560;Lacteos;86426.05;31991.95;254;5;2;0;KG;Sí;;
STRESS-1788552188500-561;;Stress Product 561;Snacks;26799.12;10845.32;620;5;2;5;L;Sí;;
STRESS-1788552188501-562;;Stress Product 562;Bebidas;80690.88;20124.62;539;5;2;19;UNIT;Sí;;
STRESS-1788552188502-563;;Stress Product 563;Snacks;52547.19;30695.36;263;5;2;19;L;Sí;;
STRESS-1788552188503-564;;Stress Product 564;Bebidas;45548.19;5192.71;458;5;2;5;L;Sí;;
STRESS-1788552188504-565;;Stress Product 565;Snacks;64675.18;45198.15;76;5;2;0;L;Sí;;
STRESS-1788552188504-566;;Stress Product 566;Bebidas;73350.36;34173.84;550;5;2;0;KG;Sí;;
STRESS-1788552188505-567;;Stress Product 567;Lacteos;97763.71;11900.89;246;5;2;5;KG;Sí;;
STRESS-1788552188506-568;;Stress Product 568;Lacteos;28065.36;29439.57;755;5;2;5;L;Sí;;
STRESS-1788552188506-569;;Stress Product 569;Snacks;84268.88;9452.67;1003;5;2;19;UNIT;Sí;;
STRESS-1788552187828-57;;Stress Product 57;Bebidas;94642.98;44436.02;536;5;2;0;UNIT;Sí;;
STRESS-1788552188507-570;;Stress Product 570;Lacteos;73571.83;47595.84;404;5;2;19;KG;Sí;;
STRESS-1788552188508-571;;Stress Product 571;Bebidas;34727.66;19749.44;69;5;2;0;UNIT;Sí;;
STRESS-1788552188508-572;;Stress Product 572;Bebidas;33383.64;13210.73;659;5;2;5;KG;Sí;;
STRESS-1788552188509-573;;Stress Product 573;Lacteos;82218.74;33051.38;689;5;2;0;UNIT;Sí;;
STRESS-1788552188510-574;;Stress Product 574;Snacks;55186.6;27927.84;271;5;2;5;KG;Sí;;
STRESS-1788552188511-575;;Stress Product 575;Lacteos;48129.88;28095.2;464;5;2;0;UNIT;Sí;;
STRESS-1788552188512-576;;Stress Product 576;Snacks;3340.86;24294.4;147;5;2;0;KG;Sí;;
STRESS-1788552188513-577;;Stress Product 577;Snacks;47680.3;39165.76;48;5;2;0;UNIT;Sí;;
STRESS-1788552188514-578;;Stress Product 578;Bebidas;30716.47;34633.32;193;5;2;0;UNIT;Sí;;
STRESS-1788552188516-579;;Stress Product 579;Bebidas;63151.26;32864.96;110;5;2;5;L;Sí;;
STRESS-1788552187832-58;;Stress Product 58;Bebidas;84973.57;37339.11;575;5;2;5;L;Sí;;
STRESS-1788552188516-580;;Stress Product 580;Lacteos;46744.65;32829.5;378;5;2;5;L;Sí;;
STRESS-1788552188517-581;;Stress Product 581;Snacks;42328.37;37693.17;748;5;2;5;UNIT;Sí;;
STRESS-1788552188540-582;;Stress Product 582;Snacks;54126.76;923.69;337;5;2;5;UNIT;Sí;;
STRESS-1788552188542-583;;Stress Product 583;Bebidas;87894.28;16092.68;617;5;2;19;UNIT;Sí;;
STRESS-1788552188544-584;;Stress Product 584;Lacteos;60947.82;1402.68;227;5;2;19;L;Sí;;
STRESS-1788552188545-585;;Stress Product 585;Lacteos;88372.2;38287.07;273;5;2;19;KG;Sí;;
STRESS-1788552188547-586;;Stress Product 586;Snacks;29796.32;18714.9;384;5;2;0;KG;Sí;;
STRESS-1788552188548-587;;Stress Product 587;Bebidas;23922.52;11933;10000545;5;2;19;KG;Sí;;
STRESS-1788552188550-588;;Stress Product 588;Snacks;50934.98;17982.19;734;5;2;19;KG;Sí;;
STRESS-1788552188551-589;;Stress Product 589;Lacteos;92800.97;24726.03;99;5;2;19;KG;Sí;;
STRESS-1788552187834-59;;Stress Product 59;Lacteos;57120.18;41868.67;362;5;2;0;L;Sí;;
STRESS-1788552188552-590;;Stress Product 590;Lacteos;85582.58;40147.57;572;5;2;0;UNIT;Sí;;
STRESS-1788552188557-591;;Stress Product 591;Bebidas;97719.94;6475.95;370;5;2;19;KG;Sí;;
STRESS-1788552188558-592;;Stress Product 592;Snacks;63206.26;35790.95;954;5;2;5;UNIT;Sí;;
STRESS-1788552188559-593;;Stress Product 593;Lacteos;83005.54;30842.28;890;5;2;19;L;Sí;;
STRESS-1788552188560-594;;Stress Product 594;Bebidas;66623.96;41460.67;124;5;2;0;KG;Sí;;
STRESS-1788552188561-595;;Stress Product 595;Bebidas;31030.1;45602.76;670;5;2;19;KG;Sí;;
STRESS-1788552188562-596;;Stress Product 596;Lacteos;37701.19;9953.68;766;5;2;0;L;Sí;;
STRESS-1788552188563-597;;Stress Product 597;Lacteos;43175.95;9348.86;154;5;2;0;UNIT;Sí;;
STRESS-1788552188564-598;;Stress Product 598;Snacks;47880.07;48828.89;10000091;5;2;19;L;Sí;;
STRESS-1788552188565-599;;Stress Product 599;Lacteos;94911.61;27623.37;225;5;2;19;L;Sí;;
STRESS-1788552187753-6;;Stress Product 6;Lacteos;70445.28;23097.18;105;5;2;19;L;Sí;;
STRESS-1788552187835-60;;Stress Product 60;Lacteos;67753;45264.47;685;5;2;0;UNIT;Sí;;
STRESS-1788552188566-600;;Stress Product 600;Lacteos;92363.9;7458.52;517;5;2;0;L;Sí;;
STRESS-1788552188566-601;;Stress Product 601;Snacks;31026.74;30825.52;837;5;2;19;KG;Sí;;
STRESS-1788552188567-602;;Stress Product 602;Lacteos;60629.15;11997.94;205;5;2;5;UNIT;Sí;;
STRESS-1788552188568-603;;Stress Product 603;Lacteos;86558.09;37619.82;897;5;2;19;L;Sí;;
STRESS-1788552188569-604;;Stress Product 604;Lacteos;31298.41;31039.33;483;5;2;19;KG;Sí;;
STRESS-1788552188569-605;;Stress Product 605;Snacks;92367.72;13190.23;43;5;2;5;UNIT;Sí;;
STRESS-1788552188570-606;;Stress Product 606;Lacteos;44455.56;33842.39;425;5;2;19;UNIT;Sí;;
STRESS-1788552188571-607;;Stress Product 607;Snacks;57198.6;47012.92;461;5;2;0;UNIT;Sí;;
STRESS-1788552188571-608;;Stress Product 608;Snacks;1056.87;19056.12;312;5;2;5;UNIT;Sí;;
STRESS-1788552188572-609;;Stress Product 609;Lacteos;82470.46;22599.7;516;5;2;0;UNIT;Sí;;
STRESS-1788552187836-61;;Stress Product 61;Snacks;61284.04;48179.81;124;5;2;0;L;Sí;;
STRESS-1788552188573-610;;Stress Product 610;Bebidas;26099.83;13827.11;451;5;2;19;L;Sí;;
STRESS-1788552188574-611;;Stress Product 611;Bebidas;54951.68;7357.32;224;5;2;19;L;Sí;;
STRESS-1788552188574-612;;Stress Product 612;Lacteos;7505.32;15792.82;754;5;2;0;UNIT;Sí;;
STRESS-1788552188576-613;;Stress Product 613;Bebidas;98147.24;9371.72;745;5;2;19;KG;Sí;;
STRESS-1788552188577-614;;Stress Product 614;Lacteos;71840.79;9562.06;256;5;2;19;KG;Sí;;
STRESS-1788552188578-615;;Stress Product 615;Snacks;14616.48;35782.6;478;5;2;0;UNIT;Sí;;
STRESS-1788552188579-616;;Stress Product 616;Bebidas;69383.28;8487.26;251;5;2;19;UNIT;Sí;;
STRESS-1788552188580-617;;Stress Product 617;Lacteos;74256.72;43501.77;524;5;2;0;UNIT;Sí;;
STRESS-1788552188581-618;;Stress Product 618;Snacks;7212.62;9724.36;1107;5;2;19;UNIT;Sí;;
STRESS-1788552188582-619;;Stress Product 619;Lacteos;82724.7;17225.4;838;5;2;0;UNIT;Sí;;
STRESS-1788552187837-62;;Stress Product 62;Lacteos;69258.04;21118.73;201;5;2;19;KG;Sí;;
STRESS-1788552188583-620;;Stress Product 620;Snacks;70025.4;35414.16;132;5;2;0;UNIT;Sí;;
STRESS-1788552188583-621;;Stress Product 621;Lacteos;11689.12;3872.58;399;5;2;5;UNIT;Sí;;
STRESS-1788552188584-622;;Stress Product 622;Snacks;81103.48;9888.98;189;5;2;5;L;Sí;;
STRESS-1788552188585-623;;Stress Product 623;Snacks;32218.5;41227.81;113;5;2;0;UNIT;Sí;;
STRESS-1788552188585-624;;Stress Product 624;Snacks;70030.5;6371.38;384;5;2;0;UNIT;Sí;;
STRESS-1788552188586-625;;Stress Product 625;Lacteos;85802.28;46213.98;264;5;2;0;L;Sí;;
STRESS-1788552188587-626;;Stress Product 626;Snacks;53778.39;38090.96;617;5;2;0;KG;Sí;;
STRESS-1788552188588-627;;Stress Product 627;Bebidas;44611.53;35601.81;309;5;2;5;KG;Sí;;
STRESS-1788552188588-628;;Stress Product 628;Snacks;81703.06;1734.56;215;5;2;19;UNIT;Sí;;
STRESS-1788552188589-629;;Stress Product 629;Snacks;95118.14;3249.4;61;5;2;5;KG;Sí;;
STRESS-1788552187839-63;;Stress Product 63;Bebidas;94489.69;6118.82;388;5;2;19;KG;Sí;;
STRESS-1788552188590-630;;Stress Product 630;Bebidas;88359.85;35996.66;718;5;2;19;UNIT;Sí;;
STRESS-1788552188591-631;;Stress Product 631;Snacks;75406.72;7915;0;5;2;19;UNIT;Sí;;
STRESS-1788552188591-632;;Stress Product 632;Bebidas;61139.06;39485.92;355;5;2;0;L;Sí;;
STRESS-1788552188592-633;;Stress Product 633;Snacks;34400.11;19211.13;632;5;2;19;UNIT;Sí;;
STRESS-1788552188594-634;;Stress Product 634;Lacteos;99649.4;26580.02;530;5;2;0;UNIT;Sí;;
STRESS-1788552188595-635;;Stress Product 635;Bebidas;86663.24;25352.73;862;5;2;19;L;Sí;;
STRESS-1788552188595-636;;Stress Product 636;Snacks;49039.52;33911.78;45;5;2;0;L;Sí;;
STRESS-1788552188596-637;;Stress Product 637;Bebidas;75386.33;15871.76;10000470;5;2;5;KG;Sí;;
STRESS-1788552188597-638;;Stress Product 638;Lacteos;94703.76;14870.3;489;5;2;19;L;Sí;;
STRESS-1788552188598-639;;Stress Product 639;Lacteos;59122.38;31592.67;132;5;2;0;UNIT;Sí;;
STRESS-1788552187839-64;;Stress Product 64;Lacteos;75067.68;33680.74;53;5;2;19;KG;Sí;;
STRESS-1788552188599-640;;Stress Product 640;Snacks;12459.29;5527.98;49;5;2;19;UNIT;Sí;;
STRESS-1788552188599-641;;Stress Product 641;Lacteos;73027.65;24231.01;517;5;2;19;UNIT;Sí;;
STRESS-1788552188600-642;;Stress Product 642;Lacteos;85043.08;17115.28;843;5;2;0;KG;Sí;;
STRESS-1788552188601-643;;Stress Product 643;Bebidas;46213.08;4652.7;105;5;2;19;KG;Sí;;
STRESS-1788552188602-644;;Stress Product 644;Lacteos;76579.33;48045.64;774;5;2;0;UNIT;Sí;;
STRESS-1788552188603-645;;Stress Product 645;Bebidas;1096.8;45602.78;141;5;2;5;L;Sí;;
STRESS-1788552188603-646;;Stress Product 646;Bebidas;42987.52;24293.87;186;5;2;0;UNIT;Sí;;
STRESS-1788552188604-647;;Stress Product 647;Bebidas;59728.27;27073.52;294;5;2;19;UNIT;Sí;;
STRESS-1788552188605-648;;Stress Product 648;Lacteos;56366.43;2136.35;815;5;2;0;UNIT;Sí;;
STRESS-1788552188605-649;;Stress Product 649;Snacks;39317.82;47788.7;781;5;2;19;KG;Sí;;
STRESS-1788552187841-65;;Stress Product 65;Snacks;90875.33;5957.23;45;5;2;5;UNIT;Sí;;
STRESS-1788552188606-650;;Stress Product 650;Snacks;10754.05;22947.03;165;5;2;0;KG;Sí;;
STRESS-1788552188607-651;;Stress Product 651;Lacteos;96549.56;2464.77;512;5;2;19;L;Sí;;
STRESS-1788552188608-652;;Stress Product 652;Bebidas;55166.12;28768.62;10000924;5;2;5;UNIT;Sí;;
STRESS-1788552188608-653;;Stress Product 653;Bebidas;65593.74;6321.49;43;5;2;19;L;Sí;;
STRESS-1788552188609-654;;Stress Product 654;Bebidas;45319.24;14284.83;354;5;2;5;KG;Sí;;
STRESS-1788552188610-655;;Stress Product 655;Lacteos;63219.29;43545.27;272;5;2;5;L;Sí;;
STRESS-1788552188611-656;;Stress Product 656;Bebidas;45379.59;25020.34;962;5;2;19;UNIT;Sí;;
STRESS-1788552188611-657;;Stress Product 657;Lacteos;5615.55;1435.94;345;5;2;5;UNIT;Sí;;
STRESS-1788552188612-658;;Stress Product 658;Lacteos;34785.33;18589.02;88;5;2;5;UNIT;Sí;;
STRESS-1788552188613-659;;Stress Product 659;Snacks;868.41;32293.8;780;5;2;5;UNIT;Sí;;
STRESS-1788552187842-66;;Stress Product 66;Snacks;48287.59;3951;976;5;2;19;UNIT;Sí;;
STRESS-1788552188614-660;;Stress Product 660;Bebidas;82400.91;26788.03;55;5;2;0;UNIT;Sí;;
STRESS-1788552188616-661;;Stress Product 661;Lacteos;8181.05;45034.95;321;5;2;5;KG;Sí;;
STRESS-1788552188617-662;;Stress Product 662;Snacks;45476.67;35989.99;189;5;2;19;UNIT;Sí;;
STRESS-1788552188618-663;;Stress Product 663;Lacteos;54515.33;33217.99;206;5;2;0;L;Sí;;
STRESS-1788552188619-664;;Stress Product 664;Lacteos;47907.07;33005.41;276;5;2;0;KG;Sí;;
STRESS-1788552188620-665;;Stress Product 665;Bebidas;26226.26;3739.31;0;5;2;5;KG;Sí;;
STRESS-1788552188621-666;;Stress Product 666;Snacks;66028.29;965.87;527;5;2;19;UNIT;Sí;;
STRESS-1788552188622-667;;Stress Product 667;Bebidas;88169.13;20880.01;499;5;2;0;KG;Sí;;
STRESS-1788552188624-668;;Stress Product 668;Lacteos;43823.33;47047.84;459;5;2;5;L;Sí;;
STRESS-1788552188626-669;;Stress Product 669;Snacks;83680.25;21622.73;42;5;2;5;L;Sí;;
STRESS-1788552187844-67;;Stress Product 67;Bebidas;766.39;43220.83;536;5;2;0;UNIT;Sí;;
STRESS-1788552188627-670;;Stress Product 670;Snacks;55927.88;37403.11;369;5;2;5;KG;Sí;;
STRESS-1788552188628-671;;Stress Product 671;Lacteos;56496.51;3850.6;458;5;2;0;UNIT;Sí;;
STRESS-1788552188629-672;;Stress Product 672;Snacks;75708.75;30800.28;60;5;2;0;UNIT;Sí;;
STRESS-1788552188630-673;;Stress Product 673;Bebidas;39089.96;45822.17;680;5;2;5;L;Sí;;
STRESS-1788552188632-674;;Stress Product 674;Bebidas;13488.97;31367.18;803;5;2;0;KG;Sí;;
STRESS-1788552188633-675;;Stress Product 675;Snacks;90316.46;20852.33;279;5;2;5;L;Sí;;
STRESS-1788552188635-676;;Stress Product 676;Snacks;82997.9;15714.67;47;5;2;5;L;Sí;;
STRESS-1788552188635-677;;Stress Product 677;Bebidas;35703.38;16889.59;676;5;2;5;UNIT;Sí;;
STRESS-1788552188637-678;;Stress Product 678;Lacteos;99734.21;45707.73;500;5;2;0;L;Sí;;
STRESS-1788552188638-679;;Stress Product 679;Lacteos;4630.94;29072.17;763;5;2;0;KG;Sí;;
STRESS-1788552187845-68;;Stress Product 68;Snacks;85978.67;33208.4;331;5;2;0;KG;Sí;;
STRESS-1788552188638-680;;Stress Product 680;Snacks;46548.02;48545.8;526;5;2;0;KG;Sí;;
STRESS-1788552188639-681;;Stress Product 681;Snacks;528.42;32890.12;10001022;5;2;5;KG;Sí;;
STRESS-1788552188640-682;;Stress Product 682;Snacks;90232.78;9873.25;666;5;2;19;UNIT;Sí;;
STRESS-1788552188641-683;;Stress Product 683;Lacteos;72202.21;17253.87;80;5;2;5;KG;Sí;;
STRESS-1788552188642-684;;Stress Product 684;Snacks;49454.97;21197.48;190;5;2;19;L;Sí;;
STRESS-1788552188643-685;;Stress Product 685;Snacks;5870.09;21310.25;633;5;2;5;KG;Sí;;
STRESS-1788552188644-686;;Stress Product 686;Snacks;80342.67;10496.56;42;5;2;0;UNIT;Sí;;
STRESS-1788552188645-687;;Stress Product 687;Snacks;82962.98;13719.87;407;5;2;19;UNIT;Sí;;
STRESS-1788552188645-688;;Stress Product 688;Snacks;10275.39;34292.98;283;5;2;5;UNIT;Sí;;
STRESS-1788552188646-689;;Stress Product 689;Bebidas;93549.45;3617.27;308;5;2;5;UNIT;Sí;;
STRESS-1788552187846-69;;Stress Product 69;Bebidas;58318.28;8994.26;416;5;2;0;UNIT;Sí;;
STRESS-1788552188647-690;;Stress Product 690;Lacteos;75910.75;37987.14;311;5;2;5;KG;Sí;;
STRESS-1788552188648-691;;Stress Product 691;Bebidas;40865.05;23409.01;64;5;2;19;L;Sí;;
STRESS-1788552188650-692;;Stress Product 692;Snacks;63046.44;3167.38;164;5;2;0;L;Sí;;
STRESS-1788552188651-693;;Stress Product 693;Snacks;4327.6;24167.96;511;5;2;0;UNIT;Sí;;
STRESS-1788552188652-694;;Stress Product 694;Snacks;17858.31;31745.78;536;5;2;0;L;Sí;;
STRESS-1788552188654-695;;Stress Product 695;Lacteos;28653.73;2895.41;640;5;2;19;L;Sí;;
STRESS-1788552188656-696;;Stress Product 696;Snacks;67995.75;29529.53;521;5;2;19;UNIT;Sí;;
STRESS-1788552188657-697;;Stress Product 697;Bebidas;25010.83;12703.68;115;5;2;19;KG;Sí;;
STRESS-1788552188658-698;;Stress Product 698;Lacteos;88695.12;36037.34;842;5;2;19;L;Sí;;
STRESS-1788552188659-699;;Stress Product 699;Bebidas;58235.13;45873.25;1015;5;2;0;KG;Sí;;
STRESS-1788552187754-7;;Stress Product 7;Lacteos;55790.38;9518.83;875;5;2;5;L;Sí;;
STRESS-1788552187848-70;;Stress Product 70;Lacteos;29549.89;9300.08;489;5;2;0;KG;Sí;;
STRESS-1788552188660-700;;Stress Product 700;Bebidas;52124.83;31056.11;756;5;2;0;KG;Sí;;
STRESS-1788552188661-701;;Stress Product 701;Bebidas;76002.54;49042.28;769;5;2;0;KG;Sí;;
STRESS-1788552188661-702;;Stress Product 702;Bebidas;32091.4;30384.52;257;5;2;0;UNIT;Sí;;
STRESS-1788552188662-703;;Stress Product 703;Lacteos;74300.4;37054.46;534;5;2;5;KG;Sí;;
STRESS-1788552188663-704;;Stress Product 704;Lacteos;72271.62;26135.92;832;5;2;5;UNIT;Sí;;
STRESS-1788552188664-705;;Stress Product 705;Snacks;94731.01;48587.91;487;5;2;0;UNIT;Sí;;
STRESS-1788552188665-706;;Stress Product 706;Snacks;97345.25;14957.98;116;5;2;0;L;Sí;;
STRESS-1788552188666-707;;Stress Product 707;Lacteos;9034.11;10326.51;814;5;2;0;KG;Sí;;
STRESS-1788552188667-708;;Stress Product 708;Lacteos;48030.76;37225.93;46;5;2;19;UNIT;Sí;;
STRESS-1788552188669-709;;Stress Product 709;Snacks;67514.94;35883.67;902;5;2;19;UNIT;Sí;;
STRESS-1788552187850-71;;Stress Product 71;Bebidas;28692.79;15323.16;986;5;2;19;UNIT;Sí;;
STRESS-1788552188670-710;;Stress Product 710;Bebidas;7060.82;14432.96;516;5;2;19;UNIT;Sí;;
STRESS-1788552188671-711;;Stress Product 711;Bebidas;35734.32;33135.92;419;5;2;0;UNIT;Sí;;
STRESS-1788552188672-712;;Stress Product 712;Snacks;54980.5;28635.11;73;5;2;19;L;Sí;;
STRESS-1788552188673-713;;Stress Product 713;Bebidas;97092.51;14783.02;574;5;2;5;KG;Sí;;
STRESS-1788552188674-714;;Stress Product 714;Bebidas;97296.08;27583.49;379;5;2;5;L;Sí;;
STRESS-1788552188675-715;;Stress Product 715;Bebidas;17562;15346.61;329;5;2;19;UNIT;Sí;;
STRESS-1788552188676-716;;Stress Product 716;Snacks;8515;41032.34;182;5;2;5;L;Sí;;
STRESS-1788552188676-717;;Stress Product 717;Lacteos;76752.72;22756.99;47;5;2;5;KG;Sí;;
STRESS-1788552188677-718;;Stress Product 718;Lacteos;91248.87;44877.65;138;5;2;19;KG;Sí;;
STRESS-1788552188678-719;;Stress Product 719;Snacks;63003.5;30220.5;819;5;2;0;KG;Sí;;
STRESS-1788552187852-72;;Stress Product 72;Snacks;47985.78;12654.29;125;5;2;5;L;Sí;;
STRESS-1788552188678-720;;Stress Product 720;Snacks;10236.58;33233.32;671;5;2;5;UNIT;Sí;;
STRESS-1788552188679-721;;Stress Product 721;Bebidas;68419.95;15256.26;998;5;2;5;UNIT;Sí;;
STRESS-1788552188680-722;;Stress Product 722;Bebidas;17756.57;49908.93;451;5;2;0;UNIT;Sí;;
STRESS-1788552188681-723;;Stress Product 723;Snacks;16986.04;33075.05;668;5;2;19;KG;Sí;;
STRESS-1788552188682-724;;Stress Product 724;Lacteos;19100.54;48700.85;47;5;2;0;KG;Sí;;
STRESS-1788552188683-725;;Stress Product 725;Snacks;91489.95;21568.44;428;5;2;5;UNIT;Sí;;
STRESS-1788552188684-726;;Stress Product 726;Bebidas;19963.42;23592.55;484;5;2;5;UNIT;Sí;;
STRESS-1788552188685-727;;Stress Product 727;Lacteos;85118.96;17504.72;61;5;2;5;L;Sí;;
STRESS-1788552188686-728;;Stress Product 728;Bebidas;40830.18;4262.53;990;5;2;0;KG;Sí;;
STRESS-1788552188687-729;;Stress Product 729;Snacks;77692.47;32278.28;550;5;2;19;UNIT;Sí;;
STRESS-1788552187854-73;;Stress Product 73;Bebidas;58945.98;44202.75;10000058;5;2;19;L;Sí;;
STRESS-1788552188688-730;;Stress Product 730;Bebidas;89807.77;19094.58;167;5;2;0;UNIT;Sí;;
STRESS-1788552188689-731;;Stress Product 731;Snacks;9809.87;30690.16;87;5;2;0;L;Sí;;
STRESS-1788552188690-732;;Stress Product 732;Lacteos;12425.99;49567.62;726;5;2;5;UNIT;Sí;;
STRESS-1788552188690-733;;Stress Product 733;Bebidas;17245.2;17620.38;10000159;5;2;19;UNIT;Sí;;
STRESS-1788552188691-734;;Stress Product 734;Bebidas;61564.44;32011.75;394;5;2;5;L;Sí;;
STRESS-1788552188692-735;;Stress Product 735;Lacteos;99385;41995.31;331;5;2;0;UNIT;Sí;;
STRESS-1788552188693-736;;Stress Product 736;Lacteos;41613.27;30861.97;194;5;2;0;KG;Sí;;
STRESS-1788552188693-737;;Stress Product 737;Bebidas;58897.99;27107.58;1056;5;2;5;UNIT;Sí;;
STRESS-1788552188694-738;;Stress Product 738;Lacteos;60723.01;26576.91;538;5;2;19;KG;Sí;;
STRESS-1788552188695-739;;Stress Product 739;Bebidas;66215.48;46914.29;332;5;2;0;KG;Sí;;
STRESS-1788552187855-74;;Stress Product 74;Lacteos;71776.61;10563.28;679;5;2;5;L;Sí;;
STRESS-1788552188695-740;;Stress Product 740;Bebidas;2440;37545.13;210;5;2;5;KG;Sí;;
STRESS-1788552188696-741;;Stress Product 741;Snacks;81671.69;38266.82;309;5;2;19;UNIT;Sí;;
STRESS-1788552188697-742;;Stress Product 742;Bebidas;36139.59;7407.22;466;5;2;5;UNIT;Sí;;
STRESS-1788552188721-743;;Stress Product 743;Snacks;12648.99;36755.72;44;5;2;5;KG;Sí;;
STRESS-1788552188725-744;;Stress Product 744;Lacteos;76199.12;30388.8;922;5;2;19;KG;Sí;;
STRESS-1788552188727-745;;Stress Product 745;Lacteos;53000.62;38195.85;542;5;2;19;L;Sí;;
STRESS-1788552188728-746;;Stress Product 746;Lacteos;70390.14;42870.48;488;5;2;19;L;Sí;;
STRESS-1788552188731-747;;Stress Product 747;Snacks;49078.13;35359.49;707;5;2;19;L;Sí;;
STRESS-1788552188733-748;;Stress Product 748;Lacteos;61859.8;40218.35;439;5;2;0;UNIT;Sí;;
STRESS-1788552188736-749;;Stress Product 749;Bebidas;4905.22;19058.92;848;5;2;0;L;Sí;;
STRESS-1788552187857-75;;Stress Product 75;Snacks;29047.34;9172.39;634;5;2;0;UNIT;Sí;;
STRESS-1788552188737-750;;Stress Product 750;Lacteos;7321.66;43616.15;459;5;2;0;L;Sí;;
STRESS-1788552188738-751;;Stress Product 751;Lacteos;40482.92;34912.63;103;5;2;5;KG;Sí;;
STRESS-1788552188739-752;;Stress Product 752;Lacteos;77319.85;17221.61;1018;5;2;19;UNIT;Sí;;
STRESS-1788552188748-753;;Stress Product 753;Snacks;93487.63;26138.98;418;5;2;19;KG;Sí;;
STRESS-1788552188750-754;;Stress Product 754;Bebidas;50145.29;11720.06;45;5;2;5;L;Sí;;
STRESS-1788552188751-755;;Stress Product 755;Snacks;17271.99;37360.82;760;5;2;5;L;Sí;;
STRESS-1788552188752-756;;Stress Product 756;Snacks;30391.97;49514.52;1030;5;2;5;L;Sí;;
STRESS-1788552188753-757;;Stress Product 757;Snacks;72069.84;30625.1;763;5;2;0;L;Sí;;
STRESS-1788552188754-758;;Stress Product 758;Lacteos;57364;8647.74;164;5;2;5;KG;Sí;;
STRESS-1788552188755-759;;Stress Product 759;Snacks;43271.45;17250.59;1015;5;2;0;UNIT;Sí;;
STRESS-1788552187857-76;;Stress Product 76;Snacks;86228.61;40071.21;158;5;2;19;KG;Sí;;
STRESS-1788552188756-760;;Stress Product 760;Bebidas;12975.8;14516.97;883;5;2;5;UNIT;Sí;;
STRESS-1788552188757-761;;Stress Product 761;Bebidas;49591.84;24669.98;963;5;2;5;UNIT;Sí;;
STRESS-1788552188758-762;;Stress Product 762;Lacteos;84494.01;22011.6;710;5;2;19;UNIT;Sí;;
STRESS-1788552188759-763;;Stress Product 763;Bebidas;17357.03;1097.93;1043;5;2;0;UNIT;Sí;;
STRESS-1788552188759-764;;Stress Product 764;Lacteos;35586.79;21575.75;202;5;2;19;UNIT;Sí;;
STRESS-1788552188760-765;;Stress Product 765;Snacks;15975.51;19279.22;10000667;5;2;5;L;Sí;;
STRESS-1788552188761-766;;Stress Product 766;Lacteos;25080.76;16709.02;108;5;2;19;L;Sí;;
STRESS-1788552188763-767;;Stress Product 767;Snacks;71097.19;29651.91;113;5;2;0;UNIT;Sí;;
STRESS-1788552188766-768;;Stress Product 768;Lacteos;93501.44;40524.73;604;5;2;19;L;Sí;;
STRESS-1788552188768-769;;Stress Product 769;Bebidas;91604.25;48037.93;10000591;5;2;19;KG;Sí;;
STRESS-1788552187858-77;;Stress Product 77;Lacteos;46590.62;25173.95;10000589;5;2;19;L;Sí;;
STRESS-1788552188770-770;;Stress Product 770;Snacks;75565.59;38314.31;666;5;2;5;UNIT;Sí;;
STRESS-1788552188772-771;;Stress Product 771;Snacks;24894.18;17322.33;63;5;2;5;KG;Sí;;
STRESS-1788552188773-772;;Stress Product 772;Bebidas;48584.73;31097.56;441;5;2;5;KG;Sí;;
STRESS-1788552188774-773;;Stress Product 773;Snacks;24095.25;14156.17;947;5;2;19;KG;Sí;;
STRESS-1788552188774-774;;Stress Product 774;Snacks;55138.92;19093.1;804;5;2;5;L;Sí;;
STRESS-1788552188775-775;;Stress Product 775;Bebidas;27715.2;29801.79;10000342;5;2;0;L;Sí;;
STRESS-1788552188777-776;;Stress Product 776;Snacks;77394.82;18644.33;550;5;2;5;KG;Sí;;
STRESS-1788552188779-777;;Stress Product 777;Snacks;1299;25146.87;91;5;2;0;L;Sí;;
STRESS-1788552188780-778;;Stress Product 778;Bebidas;60797.91;44424.13;120;5;2;19;UNIT;Sí;;
STRESS-1788552188781-779;;Stress Product 779;Snacks;9540.17;14666.68;46;5;2;19;UNIT;Sí;;
STRESS-1788552187859-78;;Stress Product 78;Lacteos;8596.48;2457.33;787;5;2;19;KG;Sí;;
STRESS-1788552188783-780;;Stress Product 780;Snacks;39501.08;24481.77;787;5;2;5;KG;Sí;;
STRESS-1788552188784-781;;Stress Product 781;Snacks;24995.25;48543.36;513;5;2;0;KG;Sí;;
STRESS-1788552188785-782;;Stress Product 782;Lacteos;76743.37;12733.82;397;5;2;5;UNIT;Sí;;
STRESS-1788552188786-783;;Stress Product 783;Bebidas;51951.27;41680.28;137;5;2;0;UNIT;Sí;;
STRESS-1788552188787-784;;Stress Product 784;Snacks;9350.64;13401.02;119;5;2;0;UNIT;Sí;;
STRESS-1788552188788-785;;Stress Product 785;Lacteos;870.03;30282.02;129;5;2;0;UNIT;Sí;;
STRESS-1788552188789-786;;Stress Product 786;Lacteos;91595.64;1884.22;923;5;2;19;UNIT;Sí;;
STRESS-1788552188789-787;;Stress Product 787;Lacteos;7629.03;8943.73;400;5;2;5;L;Sí;;
STRESS-1788552188790-788;;Stress Product 788;Snacks;16704.13;32392.15;295;5;2;5;KG;Sí;;
STRESS-1788552188791-789;;Stress Product 789;Lacteos;53584.58;45297.02;38;5;2;5;KG;Sí;;
STRESS-1788552187860-79;;Stress Product 79;Snacks;16212.09;11598.26;794;5;2;19;UNIT;Sí;;
STRESS-1788552188793-790;;Stress Product 790;Bebidas;88260.42;6412.1;294;5;2;5;UNIT;Sí;;
STRESS-1788552188795-791;;Stress Product 791;Lacteos;93007.22;41873.9;118;5;2;0;KG;Sí;;
STRESS-1788552188798-792;;Stress Product 792;Bebidas;99883;22936.16;1035;5;2;19;L;Sí;;
STRESS-1788552188799-793;;Stress Product 793;Lacteos;94809.82;42131.77;258;5;2;5;KG;Sí;;
STRESS-1788552188801-794;;Stress Product 794;Snacks;66384.62;30530.42;696;5;2;5;KG;Sí;;
STRESS-1788552188801-795;;Stress Product 795;Bebidas;43953.5;33097.75;59;5;2;0;KG;Sí;;
STRESS-1788552188802-796;;Stress Product 796;Snacks;64132.37;7153.84;714;5;2;19;L;Sí;;
STRESS-1788552188804-797;;Stress Product 797;Bebidas;5877.58;31784.89;950;5;2;0;UNIT;Sí;;
STRESS-1788552188804-798;;Stress Product 798;Bebidas;35443.47;45966.44;276;5;2;5;KG;Sí;;
STRESS-1788552188805-799;;Stress Product 799;Snacks;45054.8;21692.46;247;5;2;19;UNIT;Sí;;
STRESS-1788552187755-8;;Stress Product 8;Snacks;55161.59;15933.01;343;5;2;19;L;Sí;;
STRESS-1788552187861-80;;Stress Product 80;Bebidas;38929.17;23939.2;54;5;2;19;KG;Sí;;
STRESS-1788552188806-800;;Stress Product 800;Snacks;25144.23;24191.68;400;5;2;19;UNIT;Sí;;
STRESS-1788552188807-801;;Stress Product 801;Snacks;68882.81;26852.73;318;5;2;0;L;Sí;;
STRESS-1788552188807-802;;Stress Product 802;Bebidas;30448.73;32999.42;331;5;2;0;L;Sí;;
STRESS-1788552188808-803;;Stress Product 803;Snacks;23776.09;47302.91;959;5;2;19;L;Sí;;
STRESS-1788552188809-804;;Stress Product 804;Bebidas;49798.94;10878.75;44;5;2;0;KG;Sí;;
STRESS-1788552188810-805;;Stress Product 805;Bebidas;77769.48;4179.54;64;5;2;5;L;Sí;;
STRESS-1788552188810-806;;Stress Product 806;Bebidas;69511.7;27062.19;478;5;2;5;UNIT;Sí;;
STRESS-1788552188811-807;;Stress Product 807;Bebidas;49168.92;32320.27;483;5;2;19;UNIT;Sí;;
STRESS-1788552188812-808;;Stress Product 808;Snacks;92601.2;26134.21;383;5;2;0;UNIT;Sí;;
STRESS-1788552188812-809;;Stress Product 809;Bebidas;45768.12;2779.43;99;5;2;5;KG;Sí;;
STRESS-1788552187862-81;;Stress Product 81;Snacks;65904.71;2743.06;613;5;2;5;UNIT;Sí;;
STRESS-1788552188813-810;;Stress Product 810;Lacteos;63899.57;42161.18;299;5;2;5;L;Sí;;
STRESS-1788552188814-811;;Stress Product 811;Bebidas;70872.51;8759.9;350;5;2;19;L;Sí;;
STRESS-1788552188815-812;;Stress Product 812;Bebidas;62610.16;22352.37;10000141;5;2;19;KG;Sí;;
STRESS-1788552188816-813;;Stress Product 813;Snacks;6932.58;16546.9;383;5;2;19;L;Sí;;
STRESS-1788552188817-814;;Stress Product 814;Lacteos;18038.69;12905.54;337;5;2;0;KG;Sí;;
STRESS-1788552188817-815;;Stress Product 815;Lacteos;11239.33;38406.29;531;5;2;0;L;Sí;;
STRESS-1788552188818-816;;Stress Product 816;Bebidas;4958.32;32735.77;1011;5;2;5;L;Sí;;
STRESS-1788552188819-817;;Stress Product 817;Bebidas;66946.08;17325.33;74;5;2;5;UNIT;Sí;;
STRESS-1788552188820-818;;Stress Product 818;Bebidas;98310.16;24345.65;162;5;2;0;L;Sí;;
STRESS-1788552188821-819;;Stress Product 819;Lacteos;82601.03;12519.71;379;5;2;0;KG;Sí;;
STRESS-1788552187863-82;;Stress Product 82;Snacks;50837.47;12144.37;967;5;2;0;L;Sí;;
STRESS-1788552188821-820;;Stress Product 820;Bebidas;97076.15;37224.13;10000778;5;2;5;KG;Sí;;
STRESS-1788552188822-821;;Stress Product 821;Lacteos;53857.25;49095.51;267;5;2;0;UNIT;Sí;;
STRESS-1788552188823-822;;Stress Product 822;Snacks;42706.77;19520.88;271;5;2;5;KG;Sí;;
STRESS-1788552188824-823;;Stress Product 823;Bebidas;95000.47;32657.16;83;5;2;5;L;Sí;;
STRESS-1788552188825-824;;Stress Product 824;Bebidas;27994.41;45090.26;611;5;2;0;KG;Sí;;
STRESS-1788552188825-825;;Stress Product 825;Lacteos;71525.05;7984.02;583;5;2;5;L;Sí;;
STRESS-1788552188826-826;;Stress Product 826;Bebidas;38408.84;13659.86;117;5;2;5;UNIT;Sí;;
STRESS-1788552188827-827;;Stress Product 827;Lacteos;45553.99;18043.52;665;5;2;5;UNIT;Sí;;
STRESS-1788552188828-828;;Stress Product 828;Snacks;52691.16;8827.14;749;5;2;0;UNIT;Sí;;
STRESS-1788552188828-829;;Stress Product 829;Lacteos;46004.69;36614.65;513;5;2;19;UNIT;Sí;;
STRESS-1788552187864-83;;Stress Product 83;Bebidas;32035.36;21797.77;810;5;2;5;KG;Sí;;
STRESS-1788552188829-830;;Stress Product 830;Snacks;92031.55;34057.39;707;5;2;5;UNIT;Sí;;
STRESS-1788552188830-831;;Stress Product 831;Snacks;32605.16;23631.96;43;5;2;0;UNIT;Sí;;
STRESS-1788552188831-832;;Stress Product 832;Snacks;62925.85;6604.47;729;5;2;19;KG;Sí;;
STRESS-1788552188832-833;;Stress Product 833;Lacteos;83368.03;28654.31;218;5;2;0;KG;Sí;;
STRESS-1788552188833-834;;Stress Product 834;Bebidas;15199.24;33174.98;46;5;2;0;KG;Sí;;
STRESS-1788552188834-835;;Stress Product 835;Snacks;31635.06;38736.19;771;5;2;0;L;Sí;;
STRESS-1788552188834-836;;Stress Product 836;Bebidas;39916.88;24963.52;279;5;2;0;KG;Sí;;
STRESS-1788552188835-837;;Stress Product 837;Lacteos;33241.29;24074.66;452;5;2;5;L;Sí;;
STRESS-1788552188836-838;;Stress Product 838;Snacks;13257.85;23819.26;46;5;2;5;L;Sí;;
STRESS-1788552188837-839;;Stress Product 839;Snacks;7528.38;43628.13;717;5;2;19;UNIT;Sí;;
STRESS-1788552187866-84;;Stress Product 84;Snacks;5632.71;45325.43;648;5;2;0;L;Sí;;
STRESS-1788552188837-840;;Stress Product 840;Bebidas;49504;48932.92;376;5;2;19;UNIT;Sí;;
STRESS-1788552188838-841;;Stress Product 841;Snacks;78974.88;14151.08;345;5;2;0;L;Sí;;
STRESS-1788552188839-842;;Stress Product 842;Lacteos;27394.3;48982.38;579;5;2;5;UNIT;Sí;;
STRESS-1788552188841-843;;Stress Product 843;Snacks;59546.2;33212.46;524;5;2;19;L;Sí;;
STRESS-1788552188842-844;;Stress Product 844;Lacteos;39052.22;11294.23;590;5;2;5;UNIT;Sí;;
STRESS-1788552188843-845;;Stress Product 845;Lacteos;51637.98;11760.92;294;5;2;0;L;Sí;;
STRESS-1788552188844-846;;Stress Product 846;Bebidas;87650.9;37587.97;763;5;2;19;KG;Sí;;
STRESS-1788552188844-847;;Stress Product 847;Snacks;63157.99;3134.11;251;5;2;0;UNIT;Sí;;
STRESS-1788552188845-848;;Stress Product 848;Lacteos;11056.76;29869.51;332;5;2;5;KG;Sí;;
STRESS-1788552188846-849;;Stress Product 849;Bebidas;16791.69;31790.42;392;5;2;5;KG;Sí;;
STRESS-1788552187867-85;;Stress Product 85;Bebidas;12977.27;11538.12;292;5;2;19;UNIT;Sí;;
STRESS-1788552188847-850;;Stress Product 850;Lacteos;49244.75;2931.27;687;5;2;5;L;Sí;;
STRESS-1788552188848-851;;Stress Product 851;Bebidas;22791.09;10863.38;85;5;2;19;UNIT;Sí;;
STRESS-1788552188848-852;;Stress Product 852;Lacteos;55175.47;35122.47;851;5;2;5;UNIT;Sí;;
STRESS-1788552188849-853;;Stress Product 853;Lacteos;1423.57;3532.72;526;5;2;0;UNIT;Sí;;
STRESS-1788552188850-854;;Stress Product 854;Snacks;48162.2;14662.26;1035;5;2;0;KG;Sí;;
STRESS-1788552188851-855;;Stress Product 855;Bebidas;79462.71;26199.37;45;5;2;0;UNIT;Sí;;
STRESS-1788552188852-856;;Stress Product 856;Snacks;28563.64;4932.48;91;5;2;5;KG;Sí;;
STRESS-1788552188853-857;;Stress Product 857;Lacteos;283.18;8847.55;318;5;2;19;L;Sí;;
STRESS-1788552188853-858;;Stress Product 858;Snacks;2248.96;27772.78;653;5;2;19;L;Sí;;
STRESS-1788552188854-859;;Stress Product 859;Bebidas;43108.03;48859.44;487;5;2;5;UNIT;Sí;;
STRESS-1788552187869-86;;Stress Product 86;Bebidas;70479.43;22472.98;573;5;2;19;L;Sí;;
STRESS-1788552188855-860;;Stress Product 860;Lacteos;42834.78;39714.75;880;5;2;0;L;Sí;;
STRESS-1788552188856-861;;Stress Product 861;Lacteos;95937.52;35316.24;805;5;2;19;L;Sí;;
STRESS-1788552188857-862;;Stress Product 862;Snacks;81081;17846.96;977;5;2;19;KG;Sí;;
STRESS-1788552188858-863;;Stress Product 863;Bebidas;54511.39;49777.42;272;5;2;19;KG;Sí;;
STRESS-1788552188858-864;;Stress Product 864;Bebidas;44471.32;2352.42;761;5;2;0;KG;Sí;;
STRESS-1788552188859-865;;Stress Product 865;Bebidas;14006.92;33793.71;163;5;2;0;KG;Sí;;
STRESS-1788552188860-866;;Stress Product 866;Snacks;32440.58;12934.56;594;5;2;0;UNIT;Sí;;
STRESS-1788552188861-867;;Stress Product 867;Bebidas;63156.94;7015.68;49;5;2;0;UNIT;Sí;;
STRESS-1788552188861-868;;Stress Product 868;Lacteos;53992.43;22753.55;781;5;2;19;KG;Sí;;
STRESS-1788552188862-869;;Stress Product 869;Snacks;58023.58;43282.8;311;5;2;5;KG;Sí;;
STRESS-1788552187871-87;;Stress Product 87;Bebidas;86128.03;49852.41;883;5;2;0;KG;Sí;;
STRESS-1788552188863-870;;Stress Product 870;Snacks;29837.02;41072.07;325;5;2;5;KG;Sí;;
STRESS-1788552188863-871;;Stress Product 871;Bebidas;84198.22;34749.76;68;5;2;0;KG;Sí;;
STRESS-1788552188864-872;;Stress Product 872;Snacks;68468.77;32482;465;5;2;19;L;Sí;;
STRESS-1788552188865-873;;Stress Product 873;Lacteos;86112.78;27822.77;10000394;5;2;5;KG;Sí;;
STRESS-1788552188866-874;;Stress Product 874;Bebidas;87157.85;33192.98;46;5;2;19;UNIT;Sí;;
STRESS-1788552188867-875;;Stress Product 875;Bebidas;31297.9;39270.95;100;5;2;0;UNIT;Sí;;
STRESS-1788552188867-876;;Stress Product 876;Bebidas;2269.44;2483.09;47;5;2;5;L;Sí;;
STRESS-1788552188868-877;;Stress Product 877;Bebidas;52361.76;27877.51;174;5;2;5;KG;Sí;;
STRESS-1788552188869-878;;Stress Product 878;Snacks;33253;22643.76;388;5;2;0;UNIT;Sí;;
STRESS-1788552188870-879;;Stress Product 879;Lacteos;34549.51;47774.27;599;5;2;0;KG;Sí;;
STRESS-1788552187872-88;;Stress Product 88;Snacks;52011.13;9292.54;139;5;2;19;KG;Sí;;
STRESS-1788552188871-880;;Stress Product 880;Lacteos;61328.25;20483.54;40;5;2;19;UNIT;Sí;;
STRESS-1788552188871-881;;Stress Product 881;Bebidas;87863.37;31663.7;1001;5;2;5;L;Sí;;
STRESS-1788552188872-882;;Stress Product 882;Lacteos;56201.34;45293.17;929;5;2;19;L;Sí;;
STRESS-1788552188873-883;;Stress Product 883;Lacteos;50190.81;27471.89;519;5;2;0;UNIT;Sí;;
STRESS-1788552188874-884;;Stress Product 884;Bebidas;66457.91;30017.3;489;5;2;5;KG;Sí;;
STRESS-1788552188875-885;;Stress Product 885;Snacks;9229.01;41922.68;48;5;2;19;KG;Sí;;
STRESS-1788552188875-886;;Stress Product 886;Bebidas;71750.62;20218.75;981;5;2;19;L;Sí;;
STRESS-1788552188876-887;;Stress Product 887;Bebidas;84052.18;21139.33;49;5;2;0;L;Sí;;
STRESS-1788552188877-888;;Stress Product 888;Bebidas;33944.69;45606.55;298;5;2;19;UNIT;Sí;;
STRESS-1788552188877-889;;Stress Product 889;Lacteos;10695.27;14884.33;650;5;2;5;UNIT;Sí;;
STRESS-1788552187874-89;;Stress Product 89;Snacks;99363.48;6435.94;848;5;2;0;KG;Sí;;
STRESS-1788552188878-890;;Stress Product 890;Bebidas;71200.72;1417.23;681;5;2;19;UNIT;Sí;;
STRESS-1788552188879-891;;Stress Product 891;Lacteos;48939.08;28562.15;46;5;2;19;UNIT;Sí;;
STRESS-1788552188880-892;;Stress Product 892;Lacteos;70373.29;45027.46;248;5;2;0;UNIT;Sí;;
STRESS-1788552188881-893;;Stress Product 893;Lacteos;59603.31;30522.92;87;5;2;19;UNIT;Sí;;
STRESS-1788552188883-894;;Stress Product 894;Lacteos;2668.76;37878.6;48;5;2;0;L;Sí;;
STRESS-1788552188883-895;;Stress Product 895;Lacteos;82893.38;32615.18;10000471;5;2;5;KG;Sí;;
STRESS-1788552188884-896;;Stress Product 896;Snacks;48439.77;3970.21;10000648;5;2;0;L;Sí;;
STRESS-1788552188885-897;;Stress Product 897;Lacteos;4515.89;14574.15;984;5;2;0;KG;Sí;;
STRESS-1788552188886-898;;Stress Product 898;Snacks;89810.11;46939.65;132;5;2;5;UNIT;Sí;;
STRESS-1788552188886-899;;Stress Product 899;Bebidas;85988.96;37706.27;309;5;2;0;UNIT;Sí;;
STRESS-1788552187756-9;;Stress Product 9;Bebidas;48365.79;26914.12;87;5;2;0;UNIT;Sí;;
STRESS-1788552187874-90;;Stress Product 90;Snacks;31402.94;14628.23;45;5;2;0;L;Sí;;
STRESS-1788552188887-900;;Stress Product 900;Bebidas;74453.15;24578.45;48;5;2;19;L;Sí;;
STRESS-1788552188888-901;;Stress Product 901;Lacteos;49501.8;26983.01;203;5;2;0;KG;Sí;;
STRESS-1788552188889-902;;Stress Product 902;Lacteos;1063;3193.06;673;5;2;0;UNIT;Sí;;
STRESS-1788552188889-903;;Stress Product 903;Snacks;83520.55;39490.9;414;5;2;19;L;Sí;;
STRESS-1788552188890-904;;Stress Product 904;Bebidas;37948.13;23557.98;966;5;2;5;UNIT;Sí;;
STRESS-1788552188912-905;;Stress Product 905;Snacks;55440.45;12908.35;584;5;2;19;KG;Sí;;
STRESS-1788552188914-906;;Stress Product 906;Lacteos;10185.84;37347.19;899;5;2;19;UNIT;Sí;;
STRESS-1788552188916-907;;Stress Product 907;Snacks;66892.39;4962.71;927;5;2;5;KG;Sí;;
STRESS-1788552188918-908;;Stress Product 908;Snacks;78072.69;8921.4;347;5;2;5;UNIT;Sí;;
STRESS-1788552188919-909;;Stress Product 909;Bebidas;16991.96;45141.92;437;5;2;5;KG;Sí;;
STRESS-1788552187875-91;;Stress Product 91;Lacteos;34248.15;14995.11;46;5;2;19;UNIT;Sí;;
STRESS-1788552188920-910;;Stress Product 910;Snacks;96759.14;41722.5;361;5;2;5;KG;Sí;;
STRESS-1788552188921-911;;Stress Product 911;Bebidas;66019.39;21288.31;615;5;2;0;KG;Sí;;
STRESS-1788552188922-912;;Stress Product 912;Snacks;4931.32;30317.06;10000296;5;2;0;L;Sí;;
STRESS-1788552188923-913;;Stress Product 913;Snacks;3604.88;10092.51;772;5;2;19;L;Sí;;
STRESS-1788552188924-914;;Stress Product 914;Snacks;25471.93;19559.68;809;5;2;0;KG;Sí;;
STRESS-1788552188930-915;;Stress Product 915;Bebidas;69496.2;38452.63;685;5;2;0;L;Sí;;
STRESS-1788552188933-916;;Stress Product 916;Bebidas;97310.18;7242.48;45;5;2;0;L;Sí;;
STRESS-1788552188935-917;;Stress Product 917;Lacteos;37540.3;46100.68;816;5;2;19;L;Sí;;
STRESS-1788552188937-918;;Stress Product 918;Bebidas;24429.05;20847.43;150;5;2;19;UNIT;Sí;;
STRESS-1788552188939-919;;Stress Product 919;Snacks;42551.47;25145.15;785;5;2;0;KG;Sí;;
STRESS-1788552187876-92;;Stress Product 92;Lacteos;36865.88;36892.4;117;5;2;0;KG;Sí;;
STRESS-1788552188941-920;;Stress Product 920;Bebidas;49731.97;27974.56;10000037;5;2;5;L;Sí;;
STRESS-1788552188942-921;;Stress Product 921;Snacks;21135.33;3719.78;33;5;2;19;UNIT;Sí;;
STRESS-1788552188944-922;;Stress Product 922;Snacks;97099.15;21939.63;45;5;2;0;KG;Sí;;
STRESS-1788552188946-923;;Stress Product 923;Lacteos;78052.79;46801.31;351;5;2;0;KG;Sí;;
STRESS-1788552188949-924;;Stress Product 924;Lacteos;64844.78;600.25;244;5;2;19;UNIT;Sí;;
STRESS-1788552188953-925;;Stress Product 925;Snacks;61511.8;31424.9;176;5;2;0;KG;Sí;;
STRESS-1788552188956-926;;Stress Product 926;Lacteos;36378.06;13750.8;671;5;2;0;KG;Sí;;
STRESS-1788552188957-927;;Stress Product 927;Bebidas;74545.98;17708.69;686;5;2;19;L;Sí;;
STRESS-1788552188959-928;;Stress Product 928;Snacks;11680.34;8455.02;165;5;2;5;KG;Sí;;
STRESS-1788552188960-929;;Stress Product 929;Bebidas;70357.51;23019;169;5;2;19;L;Sí;;
STRESS-1788552187877-93;;Stress Product 93;Snacks;7904.01;27568.64;898;5;2;19;UNIT;Sí;;
STRESS-1788552188961-930;;Stress Product 930;Lacteos;34543.52;1378.25;935;5;2;5;KG;Sí;;
STRESS-1788552188963-931;;Stress Product 931;Lacteos;1267.15;21157.95;300;5;2;19;L;Sí;;
STRESS-1788552188965-932;;Stress Product 932;Lacteos;8221.84;31106.38;215;5;2;19;L;Sí;;
STRESS-1788552188967-933;;Stress Product 933;Bebidas;42484.56;34121.5;523;5;2;0;L;Sí;;
STRESS-1788552188968-934;;Stress Product 934;Snacks;27452.15;17807.51;718;5;2;0;UNIT;Sí;;
STRESS-1788552188970-935;;Stress Product 935;Lacteos;11636.41;36437.1;360;5;2;0;UNIT;Sí;;
STRESS-1788552188971-936;;Stress Product 936;Lacteos;27065.77;14895.16;528;5;2;5;L;Sí;;
STRESS-1788552188972-937;;Stress Product 937;Lacteos;90616.75;9823.58;632;5;2;19;L;Sí;;
STRESS-1788552188973-938;;Stress Product 938;Snacks;70277.13;20726.85;906;5;2;19;L;Sí;;
STRESS-1788552188973-939;;Stress Product 939;Lacteos;25193.09;7539.55;219;5;2;19;L;Sí;;
STRESS-1788552187878-94;;Stress Product 94;Bebidas;55206.14;44719.89;792;5;2;19;KG;Sí;;
STRESS-1788552188974-940;;Stress Product 940;Bebidas;69599.91;41506.35;295;5;2;19;L;Sí;;
STRESS-1788552188975-941;;Stress Product 941;Lacteos;8886.87;22991.53;331;5;2;19;KG;Sí;;
STRESS-1788552188976-942;;Stress Product 942;Snacks;8251.02;4924.31;898;5;2;19;UNIT;Sí;;
STRESS-1788552188976-943;;Stress Product 943;Lacteos;32323.01;748.35;819;5;2;5;L;Sí;;
STRESS-1788552188977-944;;Stress Product 944;Lacteos;5801.32;28858.9;573;5;2;5;KG;Sí;;
STRESS-1788552188978-945;;Stress Product 945;Lacteos;42320.31;2922.52;544;5;2;19;UNIT;Sí;;
STRESS-1788552188978-946;;Stress Product 946;Snacks;57023.62;18750.62;497;5;2;0;KG;Sí;;
STRESS-1788552188979-947;;Stress Product 947;Bebidas;54614.31;2604.9;665;5;2;5;UNIT;Sí;;
STRESS-1788552188981-948;;Stress Product 948;Snacks;64503.17;40072.59;323;5;2;5;UNIT;Sí;;
STRESS-1788552188983-949;;Stress Product 949;Snacks;9648.93;6866.7;187;5;2;5;KG;Sí;;
STRESS-1788552187904-95;;Stress Product 95;Bebidas;90758.48;44839.52;976;5;2;0;L;Sí;;
STRESS-1788552188984-950;;Stress Product 950;Bebidas;21122.57;42373.52;708;5;2;0;KG;Sí;;
STRESS-1788552188985-951;;Stress Product 951;Bebidas;12472.48;10376.41;83;5;2;19;UNIT;Sí;;
STRESS-1788552188987-952;;Stress Product 952;Snacks;94971.41;21333.3;530;5;2;19;L;Sí;;
STRESS-1788552188987-953;;Stress Product 953;Bebidas;32379.17;16165.43;48;5;2;5;UNIT;Sí;;
STRESS-1788552188988-954;;Stress Product 954;Bebidas;80491.34;32019.97;1050;5;2;19;UNIT;Sí;;
STRESS-1788552188989-955;;Stress Product 955;Bebidas;35714.75;49506;501;5;2;19;L;Sí;;
STRESS-1788552188990-956;;Stress Product 956;Lacteos;60153.64;10598.96;100;5;2;5;KG;Sí;;
STRESS-1788552188990-957;;Stress Product 957;Bebidas;97408.88;4250.85;48;5;2;5;KG;Sí;;
STRESS-1788552188991-958;;Stress Product 958;Bebidas;28281.34;32820.76;212;5;2;0;KG;Sí;;
STRESS-1788552188992-959;;Stress Product 959;Snacks;81759.2;16838.24;10000592;5;2;5;L;Sí;;
STRESS-1788552187906-96;;Stress Product 96;Lacteos;35580.44;18128.14;47;5;2;0;KG;Sí;;
STRESS-1788552188993-960;;Stress Product 960;Bebidas;21698.02;39051.73;126;5;2;0;UNIT;Sí;;
STRESS-1788552188994-961;;Stress Product 961;Lacteos;22332.35;33785.71;932;5;2;5;KG;Sí;;
STRESS-1788552188995-962;;Stress Product 962;Bebidas;4246;13308.12;718;5;2;19;L;Sí;;
STRESS-1788552188996-963;;Stress Product 963;Snacks;20947.18;29400.18;916;5;2;5;L;Sí;;
STRESS-1788552188998-964;;Stress Product 964;Snacks;11045.39;8669.49;533;5;2;0;KG;Sí;;
STRESS-1788552189000-965;;Stress Product 965;Lacteos;38705.38;22527.08;938;5;2;19;KG;Sí;;
STRESS-1788552189001-966;;Stress Product 966;Lacteos;32816.09;15879.97;242;5;2;0;KG;Sí;;
STRESS-1788552189002-967;;Stress Product 967;Snacks;2273.87;21960.01;545;5;2;19;KG;Sí;;
STRESS-1788552189003-968;;Stress Product 968;Snacks;41045.09;39464.6;902;5;2;19;UNIT;Sí;;
STRESS-1788552189004-969;;Stress Product 969;Bebidas;38440.1;14351.01;423;5;2;19;KG;Sí;;
STRESS-1788552187907-97;;Stress Product 97;Lacteos;19567.22;19725.89;277;5;2;5;UNIT;Sí;;
STRESS-1788552189005-970;;Stress Product 970;Lacteos;4861.09;11515.99;984;5;2;19;L;Sí;;
STRESS-1788552189006-971;;Stress Product 971;Lacteos;15588.41;25390.38;170;5;2;0;UNIT;Sí;;
STRESS-1788552189006-972;;Stress Product 972;Bebidas;8324.22;46094.24;550;5;2;5;UNIT;Sí;;
STRESS-1788552189007-973;;Stress Product 973;Lacteos;66566.83;35489.14;596;5;2;19;UNIT;Sí;;
STRESS-1788552189008-974;;Stress Product 974;Snacks;5900.27;3764.71;847;5;2;19;UNIT;Sí;;
STRESS-1788552189008-975;;Stress Product 975;Bebidas;31172.11;35660.65;997;5;2;5;KG;Sí;;
STRESS-1788552189009-976;;Stress Product 976;Bebidas;90819.37;2866.48;638;5;2;19;L;Sí;;
STRESS-1788552189010-977;;Stress Product 977;Bebidas;47639.08;17903.76;720;5;2;19;UNIT;Sí;;
STRESS-1788552189011-978;;Stress Product 978;Bebidas;51297.79;47787.93;44;5;2;5;L;Sí;;
STRESS-1788552189014-979;;Stress Product 979;Lacteos;61598.08;7502.34;674;5;2;5;L;Sí;;
STRESS-1788552187909-98;;Stress Product 98;Lacteos;63564.02;30617.21;957;5;2;19;UNIT;Sí;;
STRESS-1788552189016-980;;Stress Product 980;Snacks;1173.49;7136.86;1030;5;2;5;KG;Sí;;
STRESS-1788552189018-981;;Stress Product 981;Bebidas;91063.9;41001.64;789;5;2;5;UNIT;Sí;;
STRESS-1788552189020-982;;Stress Product 982;Snacks;90336.21;46651.47;338;5;2;5;KG;Sí;;
STRESS-1788552189021-983;;Stress Product 983;Bebidas;4310.28;10569.44;10000483;5;2;0;UNIT;Sí;;
STRESS-1788552189022-984;;Stress Product 984;Lacteos;44920.58;42051.21;732;5;2;19;UNIT;Sí;;
STRESS-1788552189024-985;;Stress Product 985;Snacks;81624.2;15346.86;959;5;2;0;L;Sí;;
STRESS-1788552189025-986;;Stress Product 986;Snacks;860.87;32531.79;336;5;2;5;UNIT;Sí;;
STRESS-1788552189027-987;;Stress Product 987;Bebidas;7304.81;15992.06;573;5;2;0;L;Sí;;
STRESS-1788552189028-988;;Stress Product 988;Bebidas;28482.06;17944.43;57;5;2;5;UNIT;Sí;;
STRESS-1788552189029-989;;Stress Product 989;Snacks;8773.87;18760.87;579;5;2;19;KG;Sí;;
STRESS-1788552187910-99;;Stress Product 99;Lacteos;82841.32;25522.71;431;5;2;19;KG;Sí;;
STRESS-1788552189030-990;;Stress Product 990;Snacks;76050.19;23375.13;255;5;2;5;UNIT;Sí;;
STRESS-1788552189031-991;;Stress Product 991;Bebidas;64820.98;47264.72;767;5;2;0;L;Sí;;
STRESS-1788552189033-992;;Stress Product 992;Bebidas;93312;38275.37;886;5;2;0;KG;Sí;;
STRESS-1788552189035-993;;Stress Product 993;Snacks;24641.2;26196.05;118;5;2;0;L;Sí;;
STRESS-1788552189036-994;;Stress Product 994;Lacteos;99819.44;43712.85;454;5;2;5;L;Sí;;
STRESS-1788552189037-995;;Stress Product 995;Bebidas;73699.23;4853.99;983;5;2;5;KG;Sí;;
STRESS-1788552189038-996;;Stress Product 996;Snacks;52490.22;28345.34;364;5;2;19;UNIT;Sí;;
STRESS-1788552189039-997;;Stress Product 997;Snacks;51966.78;21786.75;91;5;2;0;KG;Sí;;
STRESS-1788552189040-998;;Stress Product 998;Lacteos;45790.27;34898.68;725;5;2;19;UNIT;Sí;;
STRESS-1788552189042-999;;Stress Product 999;Bebidas;29418.51;45388.27;753;5;2;19;KG;Sí;;
