N° Factura;Fecha;Vendedor;Cliente;Subtotal;IVA;Descuento;Delivery;Total;Método Pago;Estado
V-2026-7700;"4/9/2026, 3:13:27 p. m.";Cajero;;1616.82;0;0;0;1616.82;"efectivo: $2.616,82";COMPLETED
V-2026-7699;"4/9/2026, 3:13:27 p. m.";Cajero;;64529.87;0;0;0;64529.87;"efectivo: $65.529,87";COMPLETED
V-2026-7698;"4/9/2026, 3:13:27 p. m.";Cajero;;12034.76;0;0;0;12034.76;"efectivo: $13.034,76";COMPLETED
V-2026-7697;"4/9/2026, 3:13:27 p. m.";Cajero;;3543.22;0;0;0;3543.22;"efectivo: $4.543,22";COMPLETED
V-2026-7696;"4/9/2026, 3:13:27 p. m.";Cajero;;1318.46;0;0;0;1318.46;"efectivo: $2.318,46";COMPLETED
V-2026-7695;"4/9/2026, 3:13:27 p. m.";Cajero;;21434.16;0;0;0;21434.16;"efectivo: $22.434,16";COMPLETED
V-2026-7694;"4/9/2026, 3:13:27 p. m.";Cajero;;32769.88;0;0;0;32769.88;"efectivo: $33.769,88";COMPLETED
V-2026-7693;"4/9/2026, 3:13:27 p. m.";Cajero;;32622.34;0;0;0;32622.34;"efectivo: $33.622,34";COMPLETED
V-2026-7692;"4/9/2026, 3:13:27 p. m.";Cajero;;20183.42;0;0;0;20183.42;"efectivo: $21.183,42";COMPLETED
V-2026-7691;"4/9/2026, 3:13:27 p. m.";Cajero;;92363.9;0;0;0;92363.9;"efectivo: $93.363,9";COMPLETED
V-2026-7690;"4/9/2026, 3:13:27 p. m.";Cajero;;27251.72;0;0;0;27251.72;"efectivo: $28.251,72";COMPLETED
V-2026-7689;"4/9/2026, 3:13:27 p. m.";Cajero;;86990.52;0;0;0;86990.52;"efectivo: $87.990,52";COMPLETED
V-2026-7688;"4/9/2026, 3:13:27 p. m.";Cajero;;17901.77;0;0;0;17901.77;"efectivo: $18.901,77";COMPLETED
V-2026-7687;"4/9/2026, 3:13:27 p. m.";Cajero;;37273.01;0;0;0;37273.01;"efectivo: $38.273,01";COMPLETED
V-2026-7686;"4/9/2026, 3:13:27 p. m.";Cajero;;21861.83;0;0;0;21861.83;"efectivo: $22.861,83";COMPLETED
V-2026-7685;"4/9/2026, 3:13:27 p. m.";Cajero;;304.63;0;0;0;304.63;"efectivo: $1.304,63";COMPLETED
V-2026-7684;"4/9/2026, 3:13:27 p. m.";Cajero;;48952.68;0;0;0;48952.68;"efectivo: $49.952,68";COMPLETED
V-2026-7683;"4/9/2026, 3:13:27 p. m.";Cajero;;42652.95;0;0;0;42652.95;"efectivo: $43.652,95";COMPLETED
V-2026-7682;"4/9/2026, 3:13:27 p. m.";Cajero;;38546.92;0;0;0;38546.92;"efectivo: $39.546,92";COMPLETED
V-2026-7681;"4/9/2026, 3:13:27 p. m.";Cajero;;34858.01;0;0;0;34858.01;"efectivo: $35.858,01";COMPLETED
V-2026-7680;"4/9/2026, 3:13:27 p. m.";Cajero;;38885.03;0;0;0;38885.03;"efectivo: $39.885,03";COMPLETED
V-2026-7679;"4/9/2026, 3:13:27 p. m.";Cajero;;21137.53;0;0;0;21137.53;"efectivo: $22.137,53";COMPLETED
V-2026-7678;"4/9/2026, 3:13:27 p. m.";Cajero;;40361.68;0;0;0;40361.68;"efectivo: $41.361,68";COMPLETED
V-2026-7677;"4/9/2026, 3:13:27 p. m.";Cajero;;68922.02;0;0;0;68922.02;"efectivo: $69.922,02";COMPLETED
V-2026-7676;"4/9/2026, 3:13:27 p. m.";Cajero;;31172.11;0;0;0;31172.11;"efectivo: $32.172,11";COMPLETED
V-2026-7675;"4/9/2026, 3:13:27 p. m.";Cajero;;30806.45;0;0;0;30806.45;"efectivo: $31.806,45";COMPLETED
V-2026-7674;"4/9/2026, 3:13:27 p. m.";Cajero;;38097.99;0;0;0;38097.99;"efectivo: $39.097,99";COMPLETED
V-2026-7673;"4/9/2026, 3:13:27 p. m.";Cajero;;53465.97;0;0;0;53465.97;"efectivo: $54.465,97";COMPLETED
V-2026-7672;"4/9/2026, 3:13:27 p. m.";Cajero;;35161.48;0;0;0;35161.48;"efectivo: $36.161,48";COMPLETED
V-2026-7671;"4/9/2026, 3:13:27 p. m.";Cajero;;6893.04;0;0;0;6893.04;"efectivo: $7.893,04";COMPLETED
V-2026-7670;"4/9/2026, 3:13:27 p. m.";Cajero;;60407.35;0;0;0;60407.35;"efectivo: $61.407,35";COMPLETED
V-2026-7669;"4/9/2026, 3:13:27 p. m.";Cajero;;88695.12;0;0;0;88695.12;"efectivo: $89.695,12";COMPLETED
V-2026-7668;"4/9/2026, 3:13:27 p. m.";Cajero;;52961.89;0;0;0;52961.89;"efectivo: $53.961,89";COMPLETED
V-2026-7667;"4/9/2026, 3:13:27 p. m.";Cajero;;54820.84;0;0;0;54820.84;"efectivo: $55.820,84";COMPLETED
V-2026-7666;"4/9/2026, 3:13:27 p. m.";Cajero;;20203.5;0;0;0;20203.5;"efectivo: $21.203,5";COMPLETED
V-2026-7665;"4/9/2026, 3:13:27 p. m.";Cajero;;16935.21;0;0;0;16935.21;"efectivo: $17.935,21";COMPLETED
V-2026-7664;"4/9/2026, 3:13:27 p. m.";Cajero;;44680.77;0;0;0;44680.77;"efectivo: $45.680,77";COMPLETED
V-2026-7663;"4/9/2026, 3:13:27 p. m.";Cajero;;35112.55;0;0;0;35112.55;"efectivo: $36.112,55";COMPLETED
V-2026-7662;"4/9/2026, 3:13:27 p. m.";Cajero;;30832.22;0;0;0;30832.22;"efectivo: $31.832,22";COMPLETED
V-2026-7661;"4/9/2026, 3:13:27 p. m.";Cajero;;45306.86;0;0;0;45306.86;"efectivo: $46.306,86";COMPLETED
V-2026-7660;"4/9/2026, 3:13:27 p. m.";Cajero;;35767.34;0;0;0;35767.34;"efectivo: $36.767,34";COMPLETED
V-2026-7659;"4/9/2026, 3:13:27 p. m.";Cajero;;46262.27;0;0;0;46262.27;"efectivo: $47.262,27";COMPLETED
V-2026-7658;"4/9/2026, 3:13:27 p. m.";Cajero;;17848.76;0;0;0;17848.76;"efectivo: $18.848,76";COMPLETED
V-2026-7657;"4/9/2026, 3:13:27 p. m.";Cajero;;64132.37;0;0;0;64132.37;"efectivo: $65.132,37";COMPLETED
V-2026-7656;"4/9/2026, 3:13:27 p. m.";Cajero;;22398.22;0;0;0;22398.22;"efectivo: $23.398,22";COMPLETED
V-2026-7655;"4/9/2026, 3:13:27 p. m.";Cajero;;21174.8;0;0;0;21174.8;"efectivo: $22.174,8";COMPLETED
V-2026-7654;"4/9/2026, 3:13:27 p. m.";Cajero;;44370.99;0;0;0;44370.99;"efectivo: $45.370,99";COMPLETED
V-2026-7653;"4/9/2026, 3:13:27 p. m.";Cajero;;99151.85;0;0;0;99151.85;"efectivo: $100.151,85";COMPLETED
V-2026-7652;"4/9/2026, 3:13:27 p. m.";Cajero;;19134.7;0;0;0;19134.7;"efectivo: $20.134,7";COMPLETED
V-2026-7651;"4/9/2026, 3:13:27 p. m.";Cajero;;33579.45;0;0;0;33579.45;"efectivo: $34.579,45";COMPLETED
V-2026-7650;"4/9/2026, 3:13:27 p. m.";Cajero;;10072;0;0;0;10072;efectivo: $11.072;COMPLETED
V-2026-7649;"4/9/2026, 3:13:27 p. m.";Cajero;;48377.68;0;0;0;48377.68;"efectivo: $49.377,68";COMPLETED
V-2026-7648;"4/9/2026, 3:13:27 p. m.";Cajero;;9378.27;0;0;0;9378.27;"efectivo: $10.378,27";COMPLETED
V-2026-7647;"4/9/2026, 3:13:27 p. m.";Cajero;;32188.22;0;0;0;32188.22;"efectivo: $33.188,22";COMPLETED
V-2026-7646;"4/9/2026, 3:13:27 p. m.";Cajero;;11873.14;0;0;0;11873.14;"efectivo: $12.873,14";COMPLETED
V-2026-7645;"4/9/2026, 3:13:27 p. m.";Cajero;;14140.55;0;0;0;14140.55;"efectivo: $15.140,55";COMPLETED
V-2026-7644;"4/9/2026, 3:13:27 p. m.";Cajero;;37453.92;0;0;0;37453.92;"efectivo: $38.453,92";COMPLETED
V-2026-7643;"4/9/2026, 3:13:27 p. m.";Cajero;;46067.97;0;0;0;46067.97;"efectivo: $47.067,97";COMPLETED
V-2026-7642;"4/9/2026, 3:13:27 p. m.";Cajero;;65238.27;0;0;0;65238.27;"efectivo: $66.238,27";COMPLETED
V-2026-7641;"4/9/2026, 3:13:27 p. m.";Cajero;;23853.99;0;0;0;23853.99;"efectivo: $24.853,99";COMPLETED
V-2026-7640;"4/9/2026, 3:13:26 p. m.";Cajero;;7172.06;0;0;0;7172.06;"efectivo: $8.172,06";COMPLETED
V-2026-7639;"4/9/2026, 3:13:26 p. m.";Cajero;;7849.53;0;0;0;7849.53;"efectivo: $8.849,53";COMPLETED
V-2026-7638;"4/9/2026, 3:13:26 p. m.";Cajero;;31656.98;0;0;0;31656.98;"efectivo: $32.656,98";COMPLETED
V-2026-7637;"4/9/2026, 3:13:26 p. m.";Cajero;;38885.03;0;0;0;38885.03;"efectivo: $39.885,03";COMPLETED
V-2026-7636;"4/9/2026, 3:13:26 p. m.";Cajero;;49183.74;0;0;0;49183.74;"efectivo: $50.183,74";COMPLETED
V-2026-7635;"4/9/2026, 3:13:26 p. m.";Cajero;;30146.3;0;0;0;30146.3;"efectivo: $31.146,3";COMPLETED
V-2026-7634;"4/9/2026, 3:13:26 p. m.";Cajero;;83680.25;0;0;0;83680.25;"efectivo: $84.680,25";COMPLETED
V-2026-7633;"4/9/2026, 3:13:26 p. m.";Cajero;;44373.41;0;0;0;44373.41;"efectivo: $45.373,41";COMPLETED
V-2026-7632;"4/9/2026, 3:13:26 p. m.";Cajero;;19899.24;0;0;0;19899.24;"efectivo: $20.899,24";COMPLETED
V-2026-7631;"4/9/2026, 3:13:26 p. m.";Cajero;;43144.77;0;0;0;43144.77;"efectivo: $44.144,77";COMPLETED
V-2026-7630;"4/9/2026, 3:13:26 p. m.";Cajero;;36765.28;0;0;0;36765.28;"efectivo: $37.765,28";COMPLETED
V-2026-7629;"4/9/2026, 3:13:26 p. m.";Cajero;;18888.26;0;0;0;18888.26;"efectivo: $19.888,26";COMPLETED
V-2026-7628;"4/9/2026, 3:13:26 p. m.";Cajero;;32191.42;0;0;0;32191.42;"efectivo: $33.191,42";COMPLETED
V-2026-7627;"4/9/2026, 3:13:26 p. m.";Cajero;;84876.03;0;0;0;84876.03;"efectivo: $85.876,03";COMPLETED
V-2026-7626;"4/9/2026, 3:13:26 p. m.";Cajero;;17154.5;0;0;0;17154.5;"efectivo: $18.154,5";COMPLETED
V-2026-7625;"4/9/2026, 3:13:26 p. m.";Cajero;;2274.29;0;0;0;2274.29;"efectivo: $3.274,29";COMPLETED
V-2026-7624;"4/9/2026, 3:13:26 p. m.";Cajero;;29031.18;0;0;0;29031.18;"efectivo: $30.031,18";COMPLETED
V-2026-7623;"4/9/2026, 3:13:26 p. m.";Cajero;;24789.6;0;0;0;24789.6;"efectivo: $25.789,6";COMPLETED
V-2026-7622;"4/9/2026, 3:13:26 p. m.";Cajero;;26581.95;0;0;0;26581.95;"efectivo: $27.581,95";COMPLETED
V-2026-7621;"4/9/2026, 3:13:26 p. m.";Cajero;;48728.29;0;0;0;48728.29;"efectivo: $49.728,29";COMPLETED
V-2026-7620;"4/9/2026, 3:13:26 p. m.";Cajero;;51168.37;0;0;0;51168.37;"efectivo: $52.168,37";COMPLETED
V-2026-7619;"4/9/2026, 3:13:26 p. m.";Cajero;;65277.29;0;0;0;65277.29;"efectivo: $66.277,29";COMPLETED
V-2026-7618;"4/9/2026, 3:13:26 p. m.";Cajero;;8015.54;0;0;0;8015.54;"efectivo: $9.015,54";COMPLETED
V-2026-7617;"4/9/2026, 3:13:26 p. m.";Cajero;;24129.73;0;0;0;24129.73;"efectivo: $25.129,73";COMPLETED
V-2026-7616;"4/9/2026, 3:13:26 p. m.";Cajero;;21269.84;0;0;0;21269.84;"efectivo: $22.269,84";COMPLETED
V-2026-7615;"4/9/2026, 3:13:26 p. m.";Cajero;;1597.33;0;0;0;1597.33;"efectivo: $2.597,33";COMPLETED
V-2026-7614;"4/9/2026, 3:13:26 p. m.";Cajero;;46818.72;0;0;0;46818.72;"efectivo: $47.818,72";COMPLETED
V-2026-7613;"4/9/2026, 3:13:26 p. m.";Cajero;;48436.09;0;0;0;48436.09;"efectivo: $49.436,09";COMPLETED
V-2026-7612;"4/9/2026, 3:13:26 p. m.";Cajero;;82896.49;0;0;0;82896.49;"efectivo: $83.896,49";COMPLETED
V-2026-7611;"4/9/2026, 3:13:26 p. m.";Cajero;;21807.1;0;0;0;21807.1;"efectivo: $22.807,1";COMPLETED
V-2026-7610;"4/9/2026, 3:13:26 p. m.";Cajero;;34449.57;0;0;0;34449.57;"efectivo: $35.449,57";COMPLETED
V-2026-7609;"4/9/2026, 3:13:26 p. m.";Cajero;;70164.43;0;0;0;70164.43;"efectivo: $71.164,43";COMPLETED
V-2026-7608;"4/9/2026, 3:13:26 p. m.";Cajero;;68827.37;0;0;0;68827.37;"efectivo: $69.827,37";COMPLETED
V-2026-7607;"4/9/2026, 3:13:26 p. m.";Cajero;;5176.87;0;0;0;5176.87;"efectivo: $6.176,87";COMPLETED
V-2026-7606;"4/9/2026, 3:13:26 p. m.";Cajero;;45058.18;0;0;0;45058.18;"efectivo: $46.058,18";COMPLETED
V-2026-7605;"4/9/2026, 3:13:26 p. m.";Cajero;;38506.29;0;0;0;38506.29;"efectivo: $39.506,29";COMPLETED
V-2026-7604;"4/9/2026, 3:13:26 p. m.";Cajero;;71750.62;0;0;0;71750.62;"efectivo: $72.750,62";COMPLETED
V-2026-7603;"4/9/2026, 3:13:26 p. m.";Cajero;;28681.24;0;0;0;28681.24;"efectivo: $29.681,24";COMPLETED
V-2026-7602;"4/9/2026, 3:13:26 p. m.";Cajero;;18335.12;0;0;0;18335.12;"efectivo: $19.335,12";COMPLETED
V-2026-7601;"4/9/2026, 3:13:26 p. m.";Cajero;;36940.24;0;0;0;36940.24;"efectivo: $37.940,24";COMPLETED
V-2026-7600;"4/9/2026, 3:13:26 p. m.";Cajero;;5281.02;0;0;0;5281.02;"efectivo: $6.281,02";COMPLETED
V-2026-7599;"4/9/2026, 3:13:26 p. m.";Cajero;;39496.5;0;0;0;39496.5;"efectivo: $40.496,5";COMPLETED
V-2026-7598;"4/9/2026, 3:13:26 p. m.";Cajero;;24684;0;0;0;24684;efectivo: $25.684;COMPLETED
V-2026-7597;"4/9/2026, 3:13:26 p. m.";Cajero;;17599.61;0;0;0;17599.61;"efectivo: $18.599,61";COMPLETED
V-2026-7596;"4/9/2026, 3:13:26 p. m.";Cajero;;19742.88;0;0;0;19742.88;"efectivo: $20.742,88";COMPLETED
V-2026-7595;"4/9/2026, 3:13:26 p. m.";Cajero;;58023.58;0;0;0;58023.58;"efectivo: $59.023,58";COMPLETED
V-2026-7594;"4/9/2026, 3:13:26 p. m.";Cajero;;19020;0;0;0;19020;efectivo: $20.020;COMPLETED
V-2026-7593;"4/9/2026, 3:13:26 p. m.";Cajero;;40288.97;0;0;0;40288.97;"efectivo: $41.288,97";COMPLETED
V-2026-7592;"4/9/2026, 3:13:26 p. m.";Cajero;;28507.19;0;0;0;28507.19;"efectivo: $29.507,19";COMPLETED
V-2026-7591;"4/9/2026, 3:13:26 p. m.";Cajero;;25204.22;0;0;0;25204.22;"efectivo: $26.204,22";COMPLETED
V-2026-7590;"4/9/2026, 3:13:26 p. m.";Cajero;;37137.8;0;0;0;37137.8;"efectivo: $38.137,8";COMPLETED
V-2026-7589;"4/9/2026, 3:13:26 p. m.";Cajero;;32422.23;0;0;0;32422.23;"efectivo: $33.422,23";COMPLETED
V-2026-7588;"4/9/2026, 3:13:26 p. m.";Cajero;;20288.78;0;0;0;20288.78;"efectivo: $21.288,78";COMPLETED
V-2026-7587;"4/9/2026, 3:13:26 p. m.";Cajero;;25170.74;0;0;0;25170.74;"efectivo: $26.170,74";COMPLETED
V-2026-7586;"4/9/2026, 3:13:26 p. m.";Cajero;;9969.38;0;0;0;9969.38;"efectivo: $10.969,38";COMPLETED
V-2026-7585;"4/9/2026, 3:13:26 p. m.";Cajero;;9850.96;0;0;0;9850.96;"efectivo: $10.850,96";COMPLETED
V-2026-7584;"4/9/2026, 3:13:26 p. m.";Cajero;;20153.58;0;0;0;20153.58;"efectivo: $21.153,58";COMPLETED
V-2026-7583;"4/9/2026, 3:13:26 p. m.";Cajero;;16791.69;0;0;0;16791.69;"efectivo: $17.791,69";COMPLETED
V-2026-7582;"4/9/2026, 3:13:26 p. m.";Cajero;;41011.94;0;0;0;41011.94;"efectivo: $42.011,94";COMPLETED
V-2026-7581;"4/9/2026, 3:13:26 p. m.";Cajero;;23359.16;0;0;0;23359.16;"efectivo: $24.359,16";COMPLETED
V-2026-7580;"4/9/2026, 3:13:26 p. m.";Cajero;;13026.38;0;0;0;13026.38;"efectivo: $14.026,38";COMPLETED
V-2026-7579;"4/9/2026, 3:13:26 p. m.";Cajero;;27065.33;0;0;0;27065.33;"efectivo: $28.065,33";COMPLETED
V-2026-7578;"4/9/2026, 3:13:26 p. m.";Cajero;;39106.15;0;0;0;39106.15;"efectivo: $40.106,15";COMPLETED
V-2026-7577;"4/9/2026, 3:13:26 p. m.";Cajero;;46365.2;0;0;0;46365.2;"efectivo: $47.365,2";COMPLETED
V-2026-7576;"4/9/2026, 3:13:26 p. m.";Cajero;;90137.46;0;0;0;90137.46;"efectivo: $91.137,46";COMPLETED
V-2026-7575;"4/9/2026, 3:13:26 p. m.";Cajero;;20203.5;0;0;0;20203.5;"efectivo: $21.203,5";COMPLETED
V-2026-7574;"4/9/2026, 3:13:26 p. m.";Cajero;;41210.94;0;0;0;41210.94;"efectivo: $42.210,94";COMPLETED
V-2026-7573;"4/9/2026, 3:13:26 p. m.";Cajero;;13858.69;0;0;0;13858.69;"efectivo: $14.858,69";COMPLETED
V-2026-7572;"4/9/2026, 3:13:26 p. m.";Cajero;;25486.44;0;0;0;25486.44;"efectivo: $26.486,44";COMPLETED
V-2026-7571;"4/9/2026, 3:13:26 p. m.";Cajero;;18474.77;0;0;0;18474.77;"efectivo: $19.474,77";COMPLETED
V-2026-7570;"4/9/2026, 3:13:26 p. m.";Cajero;;49564.55;0;0;0;49564.55;"efectivo: $50.564,55";COMPLETED
V-2026-7569;"4/9/2026, 3:13:26 p. m.";Cajero;;53465.97;0;0;0;53465.97;"efectivo: $54.465,97";COMPLETED
V-2026-7568;"4/9/2026, 3:13:26 p. m.";Cajero;;33579.45;0;0;0;33579.45;"efectivo: $34.579,45";COMPLETED
V-2026-7567;"4/9/2026, 3:13:26 p. m.";Cajero;;10378.67;0;0;0;10378.67;"efectivo: $11.378,67";COMPLETED
V-2026-7566;"4/9/2026, 3:13:26 p. m.";Cajero;;49309.87;0;0;0;49309.87;"efectivo: $50.309,87";COMPLETED
V-2026-7565;"4/9/2026, 3:13:26 p. m.";Cajero;;45058.18;0;0;0;45058.18;"efectivo: $46.058,18";COMPLETED
V-2026-7564;"4/9/2026, 3:13:26 p. m.";Cajero;;91894.58;0;0;0;91894.58;"efectivo: $92.894,58";COMPLETED
V-2026-7563;"4/9/2026, 3:13:26 p. m.";Cajero;;8481.25;0;0;0;8481.25;"efectivo: $9.481,25";COMPLETED
V-2026-7562;"4/9/2026, 3:13:26 p. m.";Cajero;;2668.24;0;0;0;2668.24;"efectivo: $3.668,24";COMPLETED
V-2026-7561;"4/9/2026, 3:13:26 p. m.";Cajero;;90249.4;0;0;0;90249.4;"efectivo: $91.249,4";COMPLETED
V-2026-7560;"4/9/2026, 3:13:26 p. m.";Cajero;;86575.08;0;0;0;86575.08;"efectivo: $87.575,08";COMPLETED
V-2026-7559;"4/9/2026, 3:13:26 p. m.";Cajero;;20074.48;0;0;0;20074.48;"efectivo: $21.074,48";COMPLETED
V-2026-7558;"4/9/2026, 3:13:25 p. m.";Cajero;;74149.15;0;0;0;74149.15;"efectivo: $75.149,15";COMPLETED
V-2026-7557;"4/9/2026, 3:13:25 p. m.";Cajero;;65238.27;0;0;0;65238.27;"efectivo: $66.238,27";COMPLETED
V-2026-7556;"4/9/2026, 3:13:25 p. m.";Cajero;;36014.77;0;0;0;36014.77;"efectivo: $37.014,77";COMPLETED
V-2026-7555;"4/9/2026, 3:13:25 p. m.";Cajero;;53243.03;0;0;0;53243.03;"efectivo: $54.243,03";COMPLETED
V-2026-7554;"4/9/2026, 3:13:25 p. m.";Cajero;;65131.1;0;0;0;65131.1;"efectivo: $66.131,1";COMPLETED
V-2026-7553;"4/9/2026, 3:13:25 p. m.";Cajero;;84479.86;0;0;0;84479.86;"efectivo: $85.479,86";COMPLETED
V-2026-7552;"4/9/2026, 3:13:25 p. m.";Cajero;;20364.57;0;0;0;20364.57;"efectivo: $21.364,57";COMPLETED
V-2026-7551;"4/9/2026, 3:13:25 p. m.";Cajero;;4367.49;0;0;0;4367.49;"efectivo: $5.367,49";COMPLETED
V-2026-7550;"4/9/2026, 3:13:25 p. m.";Cajero;;21077.1;0;0;0;21077.1;"efectivo: $22.077,1";COMPLETED
V-2026-7549;"4/9/2026, 3:13:25 p. m.";Cajero;;35767.34;0;0;0;35767.34;"efectivo: $36.767,34";COMPLETED
V-2026-7548;"4/9/2026, 3:13:25 p. m.";Cajero;;51651.44;0;0;0;51651.44;"efectivo: $52.651,44";COMPLETED
V-2026-7547;"4/9/2026, 3:13:25 p. m.";Cajero;;16136.63;0;0;0;16136.63;"efectivo: $17.136,63";COMPLETED
V-2026-7546;"4/9/2026, 3:13:25 p. m.";Cajero;;22124.23;0;0;0;22124.23;"efectivo: $23.124,23";COMPLETED
V-2026-7545;"4/9/2026, 3:13:25 p. m.";Cajero;;6607.5;0;0;0;6607.5;"efectivo: $7.607,5";COMPLETED
V-2026-7544;"4/9/2026, 3:13:25 p. m.";Cajero;;28792.68;0;0;0;28792.68;"efectivo: $29.792,68";COMPLETED
V-2026-7543;"4/9/2026, 3:13:25 p. m.";Cajero;;33168.66;0;0;0;33168.66;"efectivo: $34.168,66";COMPLETED
V-2026-7542;"4/9/2026, 3:13:25 p. m.";Cajero;;91385.42;0;0;0;91385.42;"efectivo: $92.385,42";COMPLETED
V-2026-7541;"4/9/2026, 3:13:25 p. m.";Cajero;;5071.04;0;0;0;5071.04;"efectivo: $6.071,04";COMPLETED
V-2026-7540;"4/9/2026, 3:13:25 p. m.";Cajero;;35395.06;0;0;0;35395.06;"efectivo: $36.395,06";COMPLETED
V-2026-7539;"4/9/2026, 3:13:25 p. m.";Cajero;;35235.8;0;0;0;35235.8;"efectivo: $36.235,8";COMPLETED
V-2026-7538;"4/9/2026, 3:13:25 p. m.";Cajero;;33481.86;0;0;0;33481.86;"efectivo: $34.481,86";COMPLETED
V-2026-7537;"4/9/2026, 3:13:25 p. m.";Cajero;;41970.32;0;0;0;41970.32;"efectivo: $42.970,32";COMPLETED
V-2026-7536;"4/9/2026, 3:13:25 p. m.";Cajero;;46118.37;0;0;0;46118.37;"efectivo: $47.118,37";COMPLETED
V-2026-7535;"4/9/2026, 3:13:25 p. m.";Cajero;;1005.23;0;0;0;1005.23;"efectivo: $2.005,23";COMPLETED
V-2026-7534;"4/9/2026, 3:13:25 p. m.";Cajero;;7342.61;0;0;0;7342.61;"efectivo: $8.342,61";COMPLETED
V-2026-7533;"4/9/2026, 3:13:25 p. m.";Cajero;;98795.34;0;0;0;98795.34;"efectivo: $99.795,34";COMPLETED
V-2026-7532;"4/9/2026, 3:13:25 p. m.";Cajero;;27665.42;0;0;0;27665.42;"efectivo: $28.665,42";COMPLETED
V-2026-7531;"4/9/2026, 3:13:25 p. m.";Cajero;;30169.77;0;0;0;30169.77;"efectivo: $31.169,77";COMPLETED
V-2026-7530;"4/9/2026, 3:13:25 p. m.";Cajero;;41527.76;0;0;0;41527.76;"efectivo: $42.527,76";COMPLETED
V-2026-7529;"4/9/2026, 3:13:25 p. m.";Cajero;;31660.15;0;0;0;31660.15;"efectivo: $32.660,15";COMPLETED
V-2026-7528;"4/9/2026, 3:13:25 p. m.";Cajero;;16503.3;0;0;0;16503.3;"efectivo: $17.503,3";COMPLETED
V-2026-7527;"4/9/2026, 3:13:25 p. m.";Cajero;;59973.88;0;0;0;59973.88;"efectivo: $60.973,88";COMPLETED
V-2026-7526;"4/9/2026, 3:13:25 p. m.";Cajero;;454.1;0;0;0;454.1;"efectivo: $1.454,1";COMPLETED
V-2026-7525;"4/9/2026, 3:13:25 p. m.";Cajero;;33579.45;0;0;0;33579.45;"efectivo: $34.579,45";COMPLETED
V-2026-7524;"4/9/2026, 3:13:25 p. m.";Cajero;;60563.69;0;0;0;60563.69;"efectivo: $61.563,69";COMPLETED
V-2026-7523;"4/9/2026, 3:13:25 p. m.";Cajero;;23255.48;0;0;0;23255.48;"efectivo: $24.255,48";COMPLETED
V-2026-7522;"4/9/2026, 3:13:25 p. m.";Cajero;;61051.4;0;0;0;61051.4;"efectivo: $62.051,4";COMPLETED
V-2026-7521;"4/9/2026, 3:13:25 p. m.";Cajero;;4853.18;0;0;0;4853.18;"efectivo: $5.853,18";COMPLETED
V-2026-7520;"4/9/2026, 3:13:25 p. m.";Cajero;;13658.95;0;0;0;13658.95;"efectivo: $14.658,95";COMPLETED
V-2026-7519;"4/9/2026, 3:13:25 p. m.";Cajero;;89003.17;0;0;0;89003.17;"efectivo: $90.003,17";COMPLETED
V-2026-7518;"4/9/2026, 3:13:25 p. m.";Cajero;;91489.95;0;0;0;91489.95;"efectivo: $92.489,95";COMPLETED
V-2026-7517;"4/9/2026, 3:13:25 p. m.";Cajero;;43958.17;0;0;0;43958.17;"efectivo: $44.958,17";COMPLETED
V-2026-7516;"4/9/2026, 3:13:25 p. m.";Cajero;;34497.52;0;0;0;34497.52;"efectivo: $35.497,52";COMPLETED
V-2026-7515;"4/9/2026, 3:13:25 p. m.";Cajero;;5257.35;0;0;0;5257.35;"efectivo: $6.257,35";COMPLETED
V-2026-7514;"4/9/2026, 3:13:25 p. m.";Cajero;;68564.41;0;0;0;68564.41;"efectivo: $69.564,41";COMPLETED
V-2026-7513;"4/9/2026, 3:13:25 p. m.";Cajero;;49313.56;0;0;0;49313.56;"efectivo: $50.313,56";COMPLETED
V-2026-7512;"4/9/2026, 3:13:25 p. m.";Cajero;;48144.83;0;0;0;48144.83;"efectivo: $49.144,83";COMPLETED
V-2026-7511;"4/9/2026, 3:13:25 p. m.";Cajero;;15491.56;0;0;0;15491.56;"efectivo: $16.491,56";COMPLETED
V-2026-7510;"4/9/2026, 3:13:25 p. m.";Cajero;;3380.96;0;0;0;3380.96;"efectivo: $4.380,96";COMPLETED
V-2026-7509;"4/9/2026, 3:13:25 p. m.";Cajero;;8163.83;0;0;0;8163.83;"efectivo: $9.163,83";COMPLETED
V-2026-7508;"4/9/2026, 3:13:25 p. m.";Cajero;;46163.26;0;0;0;46163.26;"efectivo: $47.163,26";COMPLETED
V-2026-7507;"4/9/2026, 3:13:25 p. m.";Cajero;;34727.66;0;0;0;34727.66;"efectivo: $35.727,66";COMPLETED
V-2026-7506;"4/9/2026, 3:13:25 p. m.";Cajero;;35112.55;0;0;0;35112.55;"efectivo: $36.112,55";COMPLETED
V-2026-7505;"4/9/2026, 3:13:25 p. m.";Cajero;;14787.55;0;0;0;14787.55;"efectivo: $15.787,55";COMPLETED
V-2026-7504;"4/9/2026, 3:13:25 p. m.";Cajero;;47841.19;0;0;0;47841.19;"efectivo: $48.841,19";COMPLETED
V-2026-7503;"4/9/2026, 3:13:25 p. m.";Cajero;;29008.8;0;0;0;29008.8;"efectivo: $30.008,8";COMPLETED
V-2026-7502;"4/9/2026, 3:13:25 p. m.";Cajero;;664.2;0;0;0;664.2;"efectivo: $1.664,2";COMPLETED
V-2026-7501;"4/9/2026, 3:13:25 p. m.";Cajero;;44611.79;0;0;0;44611.79;"efectivo: $45.611,79";COMPLETED
V-2026-7500;"4/9/2026, 3:13:25 p. m.";Cajero;;21077.1;0;0;0;21077.1;"efectivo: $22.077,1";COMPLETED
V-2026-7499;"4/9/2026, 3:13:25 p. m.";Cajero;;46548.02;0;0;0;46548.02;"efectivo: $47.548,02";COMPLETED
V-2026-7498;"4/9/2026, 3:13:25 p. m.";Cajero;;36098.31;0;0;0;36098.31;"efectivo: $37.098,31";COMPLETED
V-2026-7497;"4/9/2026, 3:13:25 p. m.";Cajero;;27987.66;0;0;0;27987.66;"efectivo: $28.987,66";COMPLETED
V-2026-7496;"4/9/2026, 3:13:25 p. m.";Cajero;;49579.69;0;0;0;49579.69;"efectivo: $50.579,69";COMPLETED
V-2026-7495;"4/9/2026, 3:13:25 p. m.";Cajero;;64765.64;0;0;0;64765.64;"efectivo: $65.765,64";COMPLETED
V-2026-7494;"4/9/2026, 3:13:25 p. m.";Cajero;;34216.23;0;0;0;34216.23;"efectivo: $35.216,23";COMPLETED
V-2026-7493;"4/9/2026, 3:13:25 p. m.";Cajero;;44373.41;0;0;0;44373.41;"efectivo: $45.373,41";COMPLETED
V-2026-7492;"4/9/2026, 3:13:25 p. m.";Cajero;;56362.59;0;0;0;56362.59;"efectivo: $57.362,59";COMPLETED
V-2026-7491;"4/9/2026, 3:13:25 p. m.";Cajero;;10781.27;0;0;0;10781.27;"efectivo: $11.781,27";COMPLETED
V-2026-7490;"4/9/2026, 3:13:25 p. m.";Cajero;;25730.48;0;0;0;25730.48;"efectivo: $26.730,48";COMPLETED
V-2026-7489;"4/9/2026, 3:13:25 p. m.";Cajero;;68230.4;0;0;0;68230.4;"efectivo: $69.230,4";COMPLETED
V-2026-7488;"4/9/2026, 3:13:25 p. m.";Cajero;;2627.94;0;0;0;2627.94;"efectivo: $3.627,94";COMPLETED
V-2026-7487;"4/9/2026, 3:13:25 p. m.";Cajero;;24462.68;0;0;0;24462.68;"efectivo: $25.462,68";COMPLETED
V-2026-7486;"4/9/2026, 3:13:25 p. m.";Cajero;;30413.6;0;0;0;30413.6;"efectivo: $31.413,6";COMPLETED
V-2026-7485;"4/9/2026, 3:13:25 p. m.";Cajero;;39722.05;0;0;0;39722.05;"efectivo: $40.722,05";COMPLETED
V-2026-7484;"4/9/2026, 3:13:25 p. m.";Cajero;;48761.05;0;0;0;48761.05;"efectivo: $49.761,05";COMPLETED
V-2026-7483;"4/9/2026, 3:13:25 p. m.";Cajero;;30424.57;0;0;0;30424.57;"efectivo: $31.424,57";COMPLETED
V-2026-7482;"4/9/2026, 3:13:25 p. m.";Cajero;;36039.97;0;0;0;36039.97;"efectivo: $37.039,97";COMPLETED
V-2026-7481;"4/9/2026, 3:13:24 p. m.";Cajero;;14745.29;0;0;0;14745.29;"efectivo: $15.745,29";COMPLETED
V-2026-7480;"4/9/2026, 3:13:24 p. m.";Cajero;;7669.7;0;0;0;7669.7;"efectivo: $8.669,7";COMPLETED
V-2026-7479;"4/9/2026, 3:13:24 p. m.";Cajero;;78027.49;0;0;0;78027.49;"efectivo: $79.027,49";COMPLETED
V-2026-7478;"4/9/2026, 3:13:24 p. m.";Cajero;;7154.86;0;0;0;7154.86;"efectivo: $8.154,86";COMPLETED
V-2026-7477;"4/9/2026, 3:13:24 p. m.";Cajero;;6802.97;0;0;0;6802.97;"efectivo: $7.802,97";COMPLETED
V-2026-7476;"4/9/2026, 3:13:24 p. m.";Cajero;;44359.69;0;0;0;44359.69;"efectivo: $45.359,69";COMPLETED
V-2026-7475;"4/9/2026, 3:13:24 p. m.";Cajero;;83368.03;0;0;0;83368.03;"efectivo: $84.368,03";COMPLETED
V-2026-7474;"4/9/2026, 3:13:24 p. m.";Cajero;;49381.01;0;0;0;49381.01;"efectivo: $50.381,01";COMPLETED
V-2026-7473;"4/9/2026, 3:13:24 p. m.";Cajero;;39946.39;0;0;0;39946.39;"efectivo: $40.946,39";COMPLETED
V-2026-7472;"4/9/2026, 3:13:24 p. m.";Cajero;;35342.66;0;0;0;35342.66;"efectivo: $36.342,66";COMPLETED
V-2026-7471;"4/9/2026, 3:13:24 p. m.";Cajero;;53234.72;0;0;0;53234.72;"efectivo: $54.234,72";COMPLETED
V-2026-7470;"4/9/2026, 3:13:24 p. m.";Cajero;;11388.14;0;0;0;11388.14;"efectivo: $12.388,14";COMPLETED
V-2026-7469;"4/9/2026, 3:13:24 p. m.";Cajero;;64529.87;0;0;0;64529.87;"efectivo: $65.529,87";COMPLETED
V-2026-7468;"4/9/2026, 3:13:24 p. m.";Cajero;;8878.24;0;0;0;8878.24;"efectivo: $9.878,24";COMPLETED
V-2026-7467;"4/9/2026, 3:13:24 p. m.";Cajero;;40290.46;0;0;0;40290.46;"efectivo: $41.290,46";COMPLETED
V-2026-7466;"4/9/2026, 3:13:24 p. m.";Cajero;;49204.38;0;0;0;49204.38;"efectivo: $50.204,38";COMPLETED
V-2026-7465;"4/9/2026, 3:13:24 p. m.";Cajero;;60872.81;0;0;0;60872.81;"efectivo: $61.872,81";COMPLETED
V-2026-7464;"4/9/2026, 3:13:24 p. m.";Cajero;;34178.27;0;0;0;34178.27;"efectivo: $35.178,27";COMPLETED
V-2026-7463;"4/9/2026, 3:13:24 p. m.";Cajero;;90232.78;0;0;0;90232.78;"efectivo: $91.232,78";COMPLETED
V-2026-7462;"4/9/2026, 3:13:24 p. m.";Cajero;;13663.39;0;0;0;13663.39;"efectivo: $14.663,39";COMPLETED
V-2026-7461;"4/9/2026, 3:13:24 p. m.";Cajero;;27193.15;0;0;0;27193.15;"efectivo: $28.193,15";COMPLETED
V-2026-7460;"4/9/2026, 3:13:24 p. m.";Cajero;;43105.62;0;0;0;43105.62;"efectivo: $44.105,62";COMPLETED
V-2026-7459;"4/9/2026, 3:13:24 p. m.";Cajero;;47718.58;0;0;0;47718.58;"efectivo: $48.718,58";COMPLETED
V-2026-7458;"4/9/2026, 3:13:24 p. m.";Cajero;;42311.16;0;0;0;42311.16;"efectivo: $43.311,16";COMPLETED
V-2026-7457;"4/9/2026, 3:13:24 p. m.";Cajero;;11032.62;0;0;0;11032.62;"efectivo: $12.032,62";COMPLETED
V-2026-7456;"4/9/2026, 3:13:24 p. m.";Cajero;;27511.55;0;0;0;27511.55;"efectivo: $28.511,55";COMPLETED
V-2026-7455;"4/9/2026, 3:13:24 p. m.";Cajero;;33729.87;0;0;0;33729.87;"efectivo: $34.729,87";COMPLETED
V-2026-7454;"4/9/2026, 3:13:24 p. m.";Cajero;;29860.75;0;0;0;29860.75;"efectivo: $30.860,75";COMPLETED
V-2026-7453;"4/9/2026, 3:13:24 p. m.";Cajero;;54126.76;0;0;0;54126.76;"efectivo: $55.126,76";COMPLETED
V-2026-7452;"4/9/2026, 3:13:24 p. m.";Cajero;;93312;0;0;0;93312;efectivo: $94.312;COMPLETED
V-2026-7451;"4/9/2026, 3:13:24 p. m.";Cajero;;29094.16;0;0;0;29094.16;"efectivo: $30.094,16";COMPLETED
V-2026-7450;"4/9/2026, 3:13:24 p. m.";Cajero;;27148.57;0;0;0;27148.57;"efectivo: $28.148,57";COMPLETED
V-2026-7449;"4/9/2026, 3:13:24 p. m.";Cajero;;41211.08;0;0;0;41211.08;"efectivo: $42.211,08";COMPLETED
V-2026-7448;"4/9/2026, 3:13:24 p. m.";Cajero;;47069.46;0;0;0;47069.46;"efectivo: $48.069,46";COMPLETED
V-2026-7447;"4/9/2026, 3:13:24 p. m.";Cajero;;61511.8;0;0;0;61511.8;"efectivo: $62.511,8";COMPLETED
V-2026-7446;"4/9/2026, 3:13:24 p. m.";Cajero;;8734.71;0;0;0;8734.71;"efectivo: $9.734,71";COMPLETED
V-2026-7445;"4/9/2026, 3:13:24 p. m.";Cajero;;24807.98;0;0;0;24807.98;"efectivo: $25.807,98";COMPLETED
V-2026-7444;"4/9/2026, 3:13:24 p. m.";Cajero;;5291.63;0;0;0;5291.63;"efectivo: $6.291,63";COMPLETED
V-2026-7443;"4/9/2026, 3:13:24 p. m.";Cajero;;84673.35;0;0;0;84673.35;"efectivo: $85.673,35";COMPLETED
V-2026-7442;"4/9/2026, 3:13:24 p. m.";Cajero;;31918.09;0;0;0;31918.09;"efectivo: $32.918,09";COMPLETED
V-2026-7441;"4/9/2026, 3:13:24 p. m.";Cajero;;34543.52;0;0;0;34543.52;"efectivo: $35.543,52";COMPLETED
V-2026-7440;"4/9/2026, 3:13:24 p. m.";Cajero;;10142.25;0;0;0;10142.25;"efectivo: $11.142,25";COMPLETED
V-2026-7439;"4/9/2026, 3:13:24 p. m.";Cajero;;84198.22;0;0;0;84198.22;"efectivo: $85.198,22";COMPLETED
V-2026-7438;"4/9/2026, 3:13:24 p. m.";Cajero;;37823.99;0;0;0;37823.99;"efectivo: $38.823,99";COMPLETED
V-2026-7437;"4/9/2026, 3:13:24 p. m.";Cajero;;10072;0;0;0;10072;efectivo: $11.072;COMPLETED
V-2026-7436;"4/9/2026, 3:13:24 p. m.";Cajero;;55590.08;0;0;0;55590.08;"efectivo: $56.590,08";COMPLETED
V-2026-7435;"4/9/2026, 3:13:24 p. m.";Cajero;;41619.71;0;0;0;41619.71;"efectivo: $42.619,71";COMPLETED
V-2026-7434;"4/9/2026, 3:13:24 p. m.";Cajero;;53482.78;0;0;0;53482.78;"efectivo: $54.482,78";COMPLETED
V-2026-7433;"4/9/2026, 3:13:24 p. m.";Cajero;;9462.58;0;0;0;9462.58;"efectivo: $10.462,58";COMPLETED
V-2026-7432;"4/9/2026, 3:13:24 p. m.";Cajero;;4414.47;0;0;0;4414.47;"efectivo: $5.414,47";COMPLETED
V-2026-7431;"4/9/2026, 3:13:24 p. m.";Cajero;;95911.77;0;0;0;95911.77;"efectivo: $96.911,77";COMPLETED
V-2026-7430;"4/9/2026, 3:13:24 p. m.";Cajero;;45205.39;0;0;0;45205.39;"efectivo: $46.205,39";COMPLETED
V-2026-7429;"4/9/2026, 3:13:24 p. m.";Cajero;;46349.28;0;0;0;46349.28;"efectivo: $47.349,28";COMPLETED
V-2026-7428;"4/9/2026, 3:13:24 p. m.";Cajero;;58212.92;0;0;0;58212.92;"efectivo: $59.212,92";COMPLETED
V-2026-7427;"4/9/2026, 3:13:24 p. m.";Cajero;;34543.52;0;0;0;34543.52;"efectivo: $35.543,52";COMPLETED
V-2026-7426;"4/9/2026, 3:13:24 p. m.";Cajero;;27829.4;0;0;0;27829.4;"efectivo: $28.829,4";COMPLETED
V-2026-7425;"4/9/2026, 3:13:24 p. m.";Cajero;;49855.91;0;0;0;49855.91;"efectivo: $50.855,91";COMPLETED
V-2026-7424;"4/9/2026, 3:13:24 p. m.";Cajero;;41977.49;0;0;0;41977.49;"efectivo: $42.977,49";COMPLETED
V-2026-7423;"4/9/2026, 3:13:24 p. m.";Cajero;;48561.83;0;0;0;48561.83;"efectivo: $49.561,83";COMPLETED
V-2026-7422;"4/9/2026, 3:13:24 p. m.";Cajero;;47396.48;0;0;0;47396.48;"efectivo: $48.396,48";COMPLETED
V-2026-7421;"4/9/2026, 3:13:24 p. m.";Cajero;;48091.46;0;0;0;48091.46;"efectivo: $49.091,46";COMPLETED
V-2026-7420;"4/9/2026, 3:13:24 p. m.";Cajero;;50810.97;0;0;0;50810.97;"efectivo: $51.810,97";COMPLETED
V-2026-7419;"4/9/2026, 3:13:24 p. m.";Cajero;;1597.33;0;0;0;1597.33;"efectivo: $2.597,33";COMPLETED
V-2026-7418;"4/9/2026, 3:13:24 p. m.";Cajero;;47624.85;0;0;0;47624.85;"efectivo: $48.624,85";COMPLETED
V-2026-7417;"4/9/2026, 3:13:24 p. m.";Cajero;;31495.11;0;0;0;31495.11;"efectivo: $32.495,11";COMPLETED
V-2026-7416;"4/9/2026, 3:13:24 p. m.";Cajero;;38001.96;0;0;0;38001.96;"efectivo: $39.001,96";COMPLETED
V-2026-7415;"4/9/2026, 3:13:24 p. m.";Cajero;;11751.86;0;0;0;11751.86;"efectivo: $12.751,86";COMPLETED
V-2026-7414;"4/9/2026, 3:13:24 p. m.";Cajero;;31635.06;0;0;0;31635.06;"efectivo: $32.635,06";COMPLETED
V-2026-7413;"4/9/2026, 3:13:24 p. m.";Cajero;;21402.13;0;0;0;21402.13;"efectivo: $22.402,13";COMPLETED
V-2026-7412;"4/9/2026, 3:13:24 p. m.";Cajero;;12307.71;0;0;0;12307.71;"efectivo: $13.307,71";COMPLETED
V-2026-7411;"4/9/2026, 3:13:24 p. m.";Cajero;;53584.58;0;0;0;53584.58;"efectivo: $54.584,58";COMPLETED
V-2026-7410;"4/9/2026, 3:13:24 p. m.";Cajero;;21355.56;0;0;0;21355.56;"efectivo: $22.355,56";COMPLETED
V-2026-7409;"4/9/2026, 3:13:24 p. m.";Cajero;;32247.94;0;0;0;32247.94;"efectivo: $33.247,94";COMPLETED
V-2026-7408;"4/9/2026, 3:13:24 p. m.";Cajero;;835.74;0;0;0;835.74;"efectivo: $1.835,74";COMPLETED
V-2026-7407;"4/9/2026, 3:13:23 p. m.";Cajero;;42002.64;0;0;0;42002.64;"efectivo: $43.002,64";COMPLETED
V-2026-7406;"4/9/2026, 3:13:23 p. m.";Cajero;;96248.34;0;0;0;96248.34;"efectivo: $97.248,34";COMPLETED
V-2026-7405;"4/9/2026, 3:13:23 p. m.";Cajero;;46850.11;0;0;0;46850.11;"efectivo: $47.850,11";COMPLETED
V-2026-7404;"4/9/2026, 3:13:23 p. m.";Cajero;;10027.88;0;0;0;10027.88;"efectivo: $11.027,88";COMPLETED
V-2026-7403;"4/9/2026, 3:13:23 p. m.";Cajero;;64098.41;0;0;0;64098.41;"efectivo: $65.098,41";COMPLETED
V-2026-7402;"4/9/2026, 3:13:23 p. m.";Cajero;;39881.11;0;0;0;39881.11;"efectivo: $40.881,11";COMPLETED
V-2026-7401;"4/9/2026, 3:13:23 p. m.";Cajero;;42426.68;0;0;0;42426.68;"efectivo: $43.426,68";COMPLETED
V-2026-7400;"4/9/2026, 3:13:23 p. m.";Cajero;;27729.34;0;0;0;27729.34;"efectivo: $28.729,34";COMPLETED
V-2026-7399;"4/9/2026, 3:13:23 p. m.";Cajero;;35883.44;0;0;0;35883.44;"efectivo: $36.883,44";COMPLETED
V-2026-7398;"4/9/2026, 3:13:23 p. m.";Cajero;;19982.99;0;0;0;19982.99;"efectivo: $20.982,99";COMPLETED
V-2026-7397;"4/9/2026, 3:13:23 p. m.";Cajero;;19140.47;0;0;0;19140.47;"efectivo: $20.140,47";COMPLETED
V-2026-7396;"4/9/2026, 3:13:23 p. m.";Cajero;;1825.87;0;0;0;1825.87;"efectivo: $2.825,87";COMPLETED
V-2026-7395;"4/9/2026, 3:13:23 p. m.";Cajero;;3298.2;0;0;0;3298.2;"efectivo: $4.298,2";COMPLETED
V-2026-7394;"4/9/2026, 3:13:23 p. m.";Cajero;;16446.15;0;0;0;16446.15;"efectivo: $17.446,15";COMPLETED
V-2026-7393;"4/9/2026, 3:13:23 p. m.";Cajero;;83118.72;0;0;0;83118.72;"efectivo: $84.118,72";COMPLETED
V-2026-7392;"4/9/2026, 3:13:23 p. m.";Cajero;;56922.71;0;0;0;56922.71;"efectivo: $57.922,71";COMPLETED
V-2026-7391;"4/9/2026, 3:13:23 p. m.";Cajero;;31674.42;0;0;0;31674.42;"efectivo: $32.674,42";COMPLETED
V-2026-7390;"4/9/2026, 3:13:23 p. m.";Cajero;;8947.61;0;0;0;8947.61;"efectivo: $9.947,61";COMPLETED
V-2026-7389;"4/9/2026, 3:13:23 p. m.";Cajero;;82218.74;0;0;0;82218.74;"efectivo: $83.218,74";COMPLETED
V-2026-7388;"4/9/2026, 3:13:23 p. m.";Cajero;;39542.67;0;0;0;39542.67;"efectivo: $40.542,67";COMPLETED
V-2026-7387;"4/9/2026, 3:13:23 p. m.";Cajero;;26174.85;0;0;0;26174.85;"efectivo: $27.174,85";COMPLETED
V-2026-7386;"4/9/2026, 3:13:23 p. m.";Cajero;;12955.11;0;0;0;12955.11;"efectivo: $13.955,11";COMPLETED
V-2026-7385;"4/9/2026, 3:13:23 p. m.";Cajero;;59728.27;0;0;0;59728.27;"efectivo: $60.728,27";COMPLETED
V-2026-7384;"4/9/2026, 3:13:23 p. m.";Cajero;;41970.32;0;0;0;41970.32;"efectivo: $42.970,32";COMPLETED
V-2026-7383;"4/9/2026, 3:13:23 p. m.";Cajero;;70390.14;0;0;0;70390.14;"efectivo: $71.390,14";COMPLETED
V-2026-7382;"4/9/2026, 3:13:23 p. m.";Cajero;;48872.38;0;0;0;48872.38;"efectivo: $49.872,38";COMPLETED
V-2026-7381;"4/9/2026, 3:13:23 p. m.";Cajero;;55935.7;0;0;0;55935.7;"efectivo: $56.935,7";COMPLETED
V-2026-7380;"4/9/2026, 3:13:23 p. m.";Cajero;;42484.56;0;0;0;42484.56;"efectivo: $43.484,56";COMPLETED
V-2026-7379;"4/9/2026, 3:13:23 p. m.";Cajero;;35767.34;0;0;0;35767.34;"efectivo: $36.767,34";COMPLETED
V-2026-7378;"4/9/2026, 3:13:23 p. m.";Cajero;;31304.41;0;0;0;31304.41;"efectivo: $32.304,41";COMPLETED
V-2026-7377;"4/9/2026, 3:13:23 p. m.";Cajero;;61051.4;0;0;0;61051.4;"efectivo: $62.051,4";COMPLETED
V-2026-7376;"4/9/2026, 3:13:23 p. m.";Cajero;;15148.51;0;0;0;15148.51;"efectivo: $16.148,51";COMPLETED
V-2026-7375;"4/9/2026, 3:13:23 p. m.";Cajero;;9113.49;0;0;0;9113.49;"efectivo: $10.113,49";COMPLETED
V-2026-7374;"4/9/2026, 3:13:23 p. m.";Cajero;;12411.79;0;0;0;12411.79;"efectivo: $13.411,79";COMPLETED
V-2026-7373;"4/9/2026, 3:13:23 p. m.";Cajero;;53251.6;0;0;0;53251.6;"efectivo: $54.251,6";COMPLETED
V-2026-7372;"4/9/2026, 3:13:23 p. m.";Cajero;;35075.27;0;0;0;35075.27;"efectivo: $36.075,27";COMPLETED
V-2026-7371;"4/9/2026, 3:13:23 p. m.";Cajero;;22398.22;0;0;0;22398.22;"efectivo: $23.398,22";COMPLETED
V-2026-7370;"4/9/2026, 3:13:23 p. m.";Cajero;;6197.02;0;0;0;6197.02;"efectivo: $7.197,02";COMPLETED
V-2026-7369;"4/9/2026, 3:13:23 p. m.";Cajero;;28842.42;0;0;0;28842.42;"efectivo: $29.842,42";COMPLETED
V-2026-7368;"4/9/2026, 3:13:23 p. m.";Cajero;;89453.11;0;0;0;89453.11;"efectivo: $90.453,11";COMPLETED
V-2026-7367;"4/9/2026, 3:13:23 p. m.";Cajero;;78052.79;0;0;0;78052.79;"efectivo: $79.052,79";COMPLETED
V-2026-7366;"4/9/2026, 3:13:23 p. m.";Cajero;;56029.58;0;0;0;56029.58;"efectivo: $57.029,58";COMPLETED
V-2026-7365;"4/9/2026, 3:13:23 p. m.";Cajero;;43419.54;0;0;0;43419.54;"efectivo: $44.419,54";COMPLETED
V-2026-7364;"4/9/2026, 3:13:23 p. m.";Cajero;;38208.99;0;0;0;38208.99;"efectivo: $39.208,99";COMPLETED
V-2026-7363;"4/9/2026, 3:13:23 p. m.";Cajero;;29494.69;0;0;0;29494.69;"efectivo: $30.494,69";COMPLETED
V-2026-7362;"4/9/2026, 3:13:23 p. m.";Cajero;;32467.11;0;0;0;32467.11;"efectivo: $33.467,11";COMPLETED
V-2026-7361;"4/9/2026, 3:13:23 p. m.";Cajero;;2760.74;0;0;0;2760.74;"efectivo: $3.760,74";COMPLETED
V-2026-7360;"4/9/2026, 3:13:23 p. m.";Cajero;;47370.05;0;0;0;47370.05;"efectivo: $48.370,05";COMPLETED
V-2026-7359;"4/9/2026, 3:13:23 p. m.";Cajero;;73193.18;0;0;0;73193.18;"efectivo: $74.193,18";COMPLETED
V-2026-7358;"4/9/2026, 3:13:23 p. m.";Cajero;;38695.6;0;0;0;38695.6;"efectivo: $39.695,6";COMPLETED
V-2026-7357;"4/9/2026, 3:13:23 p. m.";Cajero;;97076.15;0;0;0;97076.15;"efectivo: $98.076,15";COMPLETED
V-2026-7356;"4/9/2026, 3:13:23 p. m.";Cajero;;5156.82;0;0;0;5156.82;"efectivo: $6.156,82";COMPLETED
V-2026-7355;"4/9/2026, 3:13:23 p. m.";Cajero;;48388.38;0;0;0;48388.38;"efectivo: $49.388,38";COMPLETED
V-2026-7354;"4/9/2026, 3:13:23 p. m.";Cajero;;4364.95;0;0;0;4364.95;"efectivo: $5.364,95";COMPLETED
V-2026-7353;"4/9/2026, 3:13:23 p. m.";Cajero;;61509.64;0;0;0;61509.64;"efectivo: $62.509,64";COMPLETED
V-2026-7352;"4/9/2026, 3:13:23 p. m.";Cajero;;98102.39;0;0;0;98102.39;"efectivo: $99.102,39";COMPLETED
V-2026-7351;"4/9/2026, 3:13:23 p. m.";Cajero;;49641.48;0;0;0;49641.48;"efectivo: $50.641,48";COMPLETED
V-2026-7350;"4/9/2026, 3:13:23 p. m.";Cajero;;39899.05;0;0;0;39899.05;"efectivo: $40.899,05";COMPLETED
V-2026-7349;"4/9/2026, 3:13:23 p. m.";Cajero;;90635.91;0;0;0;90635.91;"efectivo: $91.635,91";COMPLETED
V-2026-7348;"4/9/2026, 3:13:23 p. m.";Cajero;;12185.1;0;0;0;12185.1;"efectivo: $13.185,1";COMPLETED
V-2026-7347;"4/9/2026, 3:13:23 p. m.";Cajero;;48693.67;0;0;0;48693.67;"efectivo: $49.693,67";COMPLETED
V-2026-7346;"4/9/2026, 3:13:23 p. m.";Cajero;;46054.14;0;0;0;46054.14;"efectivo: $47.054,14";COMPLETED
V-2026-7345;"4/9/2026, 3:13:23 p. m.";Cajero;;14255.21;0;0;0;14255.21;"efectivo: $15.255,21";COMPLETED
V-2026-7344;"4/9/2026, 3:13:23 p. m.";Cajero;;45376.38;0;0;0;45376.38;"efectivo: $46.376,38";COMPLETED
V-2026-7343;"4/9/2026, 3:13:23 p. m.";Cajero;;31041.42;0;0;0;31041.42;"efectivo: $32.041,42";COMPLETED
V-2026-7342;"4/9/2026, 3:13:23 p. m.";Cajero;;5704.62;0;0;0;5704.62;"efectivo: $6.704,62";COMPLETED
V-2026-7341;"4/9/2026, 3:13:23 p. m.";Cajero;;36655.11;0;0;0;36655.11;"efectivo: $37.655,11";COMPLETED
V-2026-7340;"4/9/2026, 3:13:23 p. m.";Cajero;;44765.12;0;0;0;44765.12;"efectivo: $45.765,12";COMPLETED
V-2026-7339;"4/9/2026, 3:13:23 p. m.";Cajero;;85802.28;0;0;0;85802.28;"efectivo: $86.802,28";COMPLETED
V-2026-7338;"4/9/2026, 3:13:23 p. m.";Cajero;;36039.97;0;0;0;36039.97;"efectivo: $37.039,97";COMPLETED
V-2026-7337;"4/9/2026, 3:13:23 p. m.";Cajero;;96759.14;0;0;0;96759.14;"efectivo: $97.759,14";COMPLETED
V-2026-7336;"4/9/2026, 3:13:23 p. m.";Cajero;;32395.63;0;0;0;32395.63;"efectivo: $33.395,63";COMPLETED
V-2026-7335;"4/9/2026, 3:13:23 p. m.";Cajero;;3599.95;0;0;0;3599.95;"efectivo: $4.599,95";COMPLETED
V-2026-7334;"4/9/2026, 3:13:23 p. m.";Cajero;;19332.96;0;0;0;19332.96;"efectivo: $20.332,96";COMPLETED
V-2026-7333;"4/9/2026, 3:13:23 p. m.";Cajero;;34845.63;0;0;0;34845.63;"efectivo: $35.845,63";COMPLETED
V-2026-7332;"4/9/2026, 3:13:23 p. m.";Cajero;;16530.76;0;0;0;16530.76;"efectivo: $17.530,76";COMPLETED
V-2026-7331;"4/9/2026, 3:13:23 p. m.";Cajero;;95745.66;0;0;0;95745.66;"efectivo: $96.745,66";COMPLETED
V-2026-7330;"4/9/2026, 3:13:23 p. m.";Cajero;;23872.24;0;0;0;23872.24;"efectivo: $24.872,24";COMPLETED
V-2026-7329;"4/9/2026, 3:13:23 p. m.";Cajero;;44917.02;0;0;0;44917.02;"efectivo: $45.917,02";COMPLETED
V-2026-7328;"4/9/2026, 3:13:23 p. m.";Cajero;;10865.55;0;0;0;10865.55;"efectivo: $11.865,55";COMPLETED
V-2026-7327;"4/9/2026, 3:13:22 p. m.";Cajero;;29123.28;0;0;0;29123.28;"efectivo: $30.123,28";COMPLETED
V-2026-7326;"4/9/2026, 3:13:22 p. m.";Cajero;;18022.58;0;0;0;18022.58;"efectivo: $19.022,58";COMPLETED
V-2026-7325;"4/9/2026, 3:13:22 p. m.";Cajero;;35872.32;0;0;0;35872.32;"efectivo: $36.872,32";COMPLETED
V-2026-7324;"4/9/2026, 3:13:22 p. m.";Cajero;;37654.54;0;0;0;37654.54;"efectivo: $38.654,54";COMPLETED
V-2026-7323;"4/9/2026, 3:13:22 p. m.";Cajero;;9624.02;0;0;0;9624.02;"efectivo: $10.624,02";COMPLETED
V-2026-7322;"4/9/2026, 3:13:22 p. m.";Cajero;;40759.49;0;0;0;40759.49;"efectivo: $41.759,49";COMPLETED
V-2026-7321;"4/9/2026, 3:13:22 p. m.";Cajero;;52544.97;0;0;0;52544.97;"efectivo: $53.544,97";COMPLETED
V-2026-7320;"4/9/2026, 3:13:22 p. m.";Cajero;;27927.66;0;0;0;27927.66;"efectivo: $28.927,66";COMPLETED
V-2026-7319;"4/9/2026, 3:13:22 p. m.";Cajero;;26862.16;0;0;0;26862.16;"efectivo: $27.862,16";COMPLETED
V-2026-7318;"4/9/2026, 3:13:22 p. m.";Cajero;;39660.31;0;0;0;39660.31;"efectivo: $40.660,31";COMPLETED
V-2026-7317;"4/9/2026, 3:13:22 p. m.";Cajero;;16933.21;0;0;0;16933.21;"efectivo: $17.933,21";COMPLETED
V-2026-7316;"4/9/2026, 3:13:22 p. m.";Cajero;;10881.43;0;0;0;10881.43;"efectivo: $11.881,43";COMPLETED
V-2026-7315;"4/9/2026, 3:13:22 p. m.";Cajero;;96759.14;0;0;0;96759.14;"efectivo: $97.759,14";COMPLETED
V-2026-7314;"4/9/2026, 3:13:22 p. m.";Cajero;;18931.1;0;0;0;18931.1;"efectivo: $19.931,1";COMPLETED
V-2026-7313;"4/9/2026, 3:13:22 p. m.";Cajero;;43174.51;0;0;0;43174.51;"efectivo: $44.174,51";COMPLETED
V-2026-7312;"4/9/2026, 3:13:22 p. m.";Cajero;;59978.18;0;0;0;59978.18;"efectivo: $60.978,18";COMPLETED
V-2026-7311;"4/9/2026, 3:13:22 p. m.";Cajero;;13102.95;0;0;0;13102.95;"efectivo: $14.102,95";COMPLETED
V-2026-7310;"4/9/2026, 3:13:22 p. m.";Cajero;;98740.05;0;0;0;98740.05;"efectivo: $99.740,05";COMPLETED
V-2026-7309;"4/9/2026, 3:13:22 p. m.";Cajero;;36700.92;0;0;0;36700.92;"efectivo: $37.700,92";COMPLETED
V-2026-7308;"4/9/2026, 3:13:22 p. m.";Cajero;;5898.93;0;0;0;5898.93;"efectivo: $6.898,93";COMPLETED
V-2026-7307;"4/9/2026, 3:13:22 p. m.";Cajero;;99084.12;0;0;0;99084.12;"efectivo: $100.084,12";COMPLETED
V-2026-7306;"4/9/2026, 3:13:22 p. m.";Cajero;;97084.34;0;0;0;97084.34;"efectivo: $98.084,34";COMPLETED
V-2026-7305;"4/9/2026, 3:13:22 p. m.";Cajero;;2107;0;0;0;2107;efectivo: $3.107;COMPLETED
V-2026-7304;"4/9/2026, 3:13:22 p. m.";Cajero;;14896.1;0;0;0;14896.1;"efectivo: $15.896,1";COMPLETED
V-2026-7303;"4/9/2026, 3:13:22 p. m.";Cajero;;4469.37;0;0;0;4469.37;"efectivo: $5.469,37";COMPLETED
V-2026-7302;"4/9/2026, 3:13:22 p. m.";Cajero;;44244.7;0;0;0;44244.7;"efectivo: $45.244,7";COMPLETED
V-2026-7301;"4/9/2026, 3:13:22 p. m.";Cajero;;48561.83;0;0;0;48561.83;"efectivo: $49.561,83";COMPLETED
V-2026-7300;"4/9/2026, 3:13:22 p. m.";Cajero;;99649.4;0;0;0;99649.4;"efectivo: $100.649,4";COMPLETED
V-2026-7299;"4/9/2026, 3:13:22 p. m.";Cajero;;24341.93;0;0;0;24341.93;"efectivo: $25.341,93";COMPLETED
V-2026-7298;"4/9/2026, 3:13:22 p. m.";Cajero;;42104.07;0;0;0;42104.07;"efectivo: $43.104,07";COMPLETED
V-2026-7297;"4/9/2026, 3:13:22 p. m.";Cajero;;90249.4;0;0;0;90249.4;"efectivo: $91.249,4";COMPLETED
V-2026-7296;"4/9/2026, 3:13:22 p. m.";Cajero;;6956.16;0;0;0;6956.16;"efectivo: $7.956,16";COMPLETED
V-2026-7295;"4/9/2026, 3:13:22 p. m.";Cajero;;94642.98;0;0;0;94642.98;"efectivo: $95.642,98";COMPLETED
V-2026-7294;"4/9/2026, 3:13:22 p. m.";Cajero;;48162.2;0;0;0;48162.2;"efectivo: $49.162,2";COMPLETED
V-2026-7293;"4/9/2026, 3:13:22 p. m.";Cajero;;91248.87;0;0;0;91248.87;"efectivo: $92.248,87";COMPLETED
V-2026-7292;"4/9/2026, 3:13:22 p. m.";Cajero;;18617.42;0;0;0;18617.42;"efectivo: $19.617,42";COMPLETED
V-2026-7291;"4/9/2026, 3:13:22 p. m.";Cajero;;31245.12;0;0;0;31245.12;"efectivo: $32.245,12";COMPLETED
V-2026-7290;"4/9/2026, 3:13:22 p. m.";Cajero;;48995.62;0;0;0;48995.62;"efectivo: $49.995,62";COMPLETED
V-2026-7289;"4/9/2026, 3:13:22 p. m.";Cajero;;48209.77;0;0;0;48209.77;"efectivo: $49.209,77";COMPLETED
V-2026-7288;"4/9/2026, 3:13:22 p. m.";Cajero;;42881.36;0;0;0;42881.36;"efectivo: $43.881,36";COMPLETED
V-2026-7287;"4/9/2026, 3:13:22 p. m.";Cajero;;64503.17;0;0;0;64503.17;"efectivo: $65.503,17";COMPLETED
V-2026-7286;"4/9/2026, 3:13:22 p. m.";Cajero;;21158.5;0;0;0;21158.5;"efectivo: $22.158,5";COMPLETED
V-2026-7285;"4/9/2026, 3:13:22 p. m.";Cajero;;27251.72;0;0;0;27251.72;"efectivo: $28.251,72";COMPLETED
V-2026-7284;"4/9/2026, 3:13:22 p. m.";Cajero;;59728.27;0;0;0;59728.27;"efectivo: $60.728,27";COMPLETED
V-2026-7283;"4/9/2026, 3:13:22 p. m.";Cajero;;19976.19;0;0;0;19976.19;"efectivo: $20.976,19";COMPLETED
V-2026-7282;"4/9/2026, 3:13:22 p. m.";Cajero;;5302.91;0;0;0;5302.91;"efectivo: $6.302,91";COMPLETED
V-2026-7281;"4/9/2026, 3:13:22 p. m.";Cajero;;40756;0;0;0;40756;efectivo: $41.756;COMPLETED
V-2026-7280;"4/9/2026, 3:13:22 p. m.";Cajero;;16862.69;0;0;0;16862.69;"efectivo: $17.862,69";COMPLETED
V-2026-7279;"4/9/2026, 3:13:22 p. m.";Cajero;;45612.28;0;0;0;45612.28;"efectivo: $46.612,28";COMPLETED
V-2026-7278;"4/9/2026, 3:13:22 p. m.";Cajero;;6972.44;0;0;0;6972.44;"efectivo: $7.972,44";COMPLETED
V-2026-7277;"4/9/2026, 3:13:22 p. m.";Cajero;;26399.73;0;0;0;26399.73;"efectivo: $27.399,73";COMPLETED
V-2026-7276;"4/9/2026, 3:13:22 p. m.";Cajero;;42320.31;0;0;0;42320.31;"efectivo: $43.320,31";COMPLETED
V-2026-7275;"4/9/2026, 3:13:22 p. m.";Cajero;;9596.97;0;0;0;9596.97;"efectivo: $10.596,97";COMPLETED
V-2026-7274;"4/9/2026, 3:13:22 p. m.";Cajero;;2760.74;0;0;0;2760.74;"efectivo: $3.760,74";COMPLETED
V-2026-7273;"4/9/2026, 3:13:22 p. m.";Cajero;;3739.96;0;0;0;3739.96;"efectivo: $4.739,96";COMPLETED
V-2026-7272;"4/9/2026, 3:13:22 p. m.";Cajero;;41204.49;0;0;0;41204.49;"efectivo: $42.204,49";COMPLETED
V-2026-7271;"4/9/2026, 3:13:22 p. m.";Cajero;;8525.17;0;0;0;8525.17;"efectivo: $9.525,17";COMPLETED
V-2026-7270;"4/9/2026, 3:13:22 p. m.";Cajero;;47841.19;0;0;0;47841.19;"efectivo: $48.841,19";COMPLETED
V-2026-7269;"4/9/2026, 3:13:22 p. m.";Cajero;;41795.57;0;0;0;41795.57;"efectivo: $42.795,57";COMPLETED
V-2026-7268;"4/9/2026, 3:13:22 p. m.";Cajero;;48181.74;0;0;0;48181.74;"efectivo: $49.181,74";COMPLETED
V-2026-7267;"4/9/2026, 3:13:22 p. m.";Cajero;;71540.88;0;0;0;71540.88;"efectivo: $72.540,88";COMPLETED
V-2026-7266;"4/9/2026, 3:13:22 p. m.";Cajero;;10044.19;0;0;0;10044.19;"efectivo: $11.044,19";COMPLETED
V-2026-7265;"4/9/2026, 3:13:22 p. m.";Cajero;;10293.91;0;0;0;10293.91;"efectivo: $11.293,91";COMPLETED
V-2026-7264;"4/9/2026, 3:13:22 p. m.";Cajero;;60756.36;0;0;0;60756.36;"efectivo: $61.756,36";COMPLETED
V-2026-7263;"4/9/2026, 3:13:22 p. m.";Cajero;;29465.21;0;0;0;29465.21;"efectivo: $30.465,21";COMPLETED
V-2026-7262;"4/9/2026, 3:13:22 p. m.";Cajero;;40750.53;0;0;0;40750.53;"efectivo: $41.750,53";COMPLETED
V-2026-7261;"4/9/2026, 3:13:22 p. m.";Cajero;;99222.58;0;0;0;99222.58;"efectivo: $100.222,58";COMPLETED
V-2026-7260;"4/9/2026, 3:13:22 p. m.";Cajero;;21207.18;0;0;0;21207.18;"efectivo: $22.207,18";COMPLETED
V-2026-7259;"4/9/2026, 3:13:22 p. m.";Cajero;;3922.8;0;0;0;3922.8;"efectivo: $4.922,8";COMPLETED
V-2026-7258;"4/9/2026, 3:13:22 p. m.";Cajero;;32769.88;0;0;0;32769.88;"efectivo: $33.769,88";COMPLETED
V-2026-7257;"4/9/2026, 3:13:22 p. m.";Cajero;;42097.16;0;0;0;42097.16;"efectivo: $43.097,16";COMPLETED
V-2026-7256;"4/9/2026, 3:13:22 p. m.";Cajero;;4528.9;0;0;0;4528.9;"efectivo: $5.528,9";COMPLETED
V-2026-7255;"4/9/2026, 3:13:22 p. m.";Cajero;;47841.19;0;0;0;47841.19;"efectivo: $48.841,19";COMPLETED
V-2026-7254;"4/9/2026, 3:13:22 p. m.";Cajero;;53857.25;0;0;0;53857.25;"efectivo: $54.857,25";COMPLETED
V-2026-7253;"4/9/2026, 3:13:21 p. m.";Cajero;;67514.94;0;0;0;67514.94;"efectivo: $68.514,94";COMPLETED
V-2026-7252;"4/9/2026, 3:13:21 p. m.";Cajero;;2173.63;0;0;0;2173.63;"efectivo: $3.173,63";COMPLETED
V-2026-7251;"4/9/2026, 3:13:21 p. m.";Cajero;;5778.42;0;0;0;5778.42;"efectivo: $6.778,42";COMPLETED
V-2026-7250;"4/9/2026, 3:13:21 p. m.";Cajero;;75565.59;0;0;0;75565.59;"efectivo: $76.565,59";COMPLETED
V-2026-7249;"4/9/2026, 3:13:21 p. m.";Cajero;;35511.94;0;0;0;35511.94;"efectivo: $36.511,94";COMPLETED
V-2026-7248;"4/9/2026, 3:13:21 p. m.";Cajero;;42794.6;0;0;0;42794.6;"efectivo: $43.794,6";COMPLETED
V-2026-7247;"4/9/2026, 3:13:21 p. m.";Cajero;;54820.84;0;0;0;54820.84;"efectivo: $55.820,84";COMPLETED
V-2026-7246;"4/9/2026, 3:13:21 p. m.";Cajero;;4930.46;0;0;0;4930.46;"efectivo: $5.930,46";COMPLETED
V-2026-7245;"4/9/2026, 3:13:21 p. m.";Cajero;;60153.64;0;0;0;60153.64;"efectivo: $61.153,64";COMPLETED
V-2026-7244;"4/9/2026, 3:13:21 p. m.";Cajero;;14937.25;0;0;0;14937.25;"efectivo: $15.937,25";COMPLETED
V-2026-7243;"4/9/2026, 3:13:21 p. m.";Cajero;;25153.52;0;0;0;25153.52;"efectivo: $26.153,52";COMPLETED
V-2026-7242;"4/9/2026, 3:13:21 p. m.";Cajero;;27251.72;0;0;0;27251.72;"efectivo: $28.251,72";COMPLETED
V-2026-7241;"4/9/2026, 3:13:21 p. m.";Cajero;;47527.73;0;0;0;47527.73;"efectivo: $48.527,73";COMPLETED
V-2026-7240;"4/9/2026, 3:13:21 p. m.";Cajero;;51479.33;0;0;0;51479.33;"efectivo: $52.479,33";COMPLETED
V-2026-7239;"4/9/2026, 3:13:21 p. m.";Cajero;;8393.13;0;0;0;8393.13;"efectivo: $9.393,13";COMPLETED
V-2026-7238;"4/9/2026, 3:13:21 p. m.";Cajero;;13564.18;0;0;0;13564.18;"efectivo: $14.564,18";COMPLETED
V-2026-7237;"4/9/2026, 3:13:21 p. m.";Cajero;;22035.15;0;0;0;22035.15;"efectivo: $23.035,15";COMPLETED
V-2026-7236;"4/9/2026, 3:13:21 p. m.";Cajero;;68564.41;0;0;0;68564.41;"efectivo: $69.564,41";COMPLETED
V-2026-7235;"4/9/2026, 3:13:21 p. m.";Cajero;;98878.28;0;0;0;98878.28;"efectivo: $99.878,28";COMPLETED
V-2026-7234;"4/9/2026, 3:13:21 p. m.";Cajero;;8926.11;0;0;0;8926.11;"efectivo: $9.926,11";COMPLETED
V-2026-7233;"4/9/2026, 3:13:21 p. m.";Cajero;;13858.69;0;0;0;13858.69;"efectivo: $14.858,69";COMPLETED
V-2026-7232;"4/9/2026, 3:13:21 p. m.";Cajero;;10185.84;0;0;0;10185.84;"efectivo: $11.185,84";COMPLETED
V-2026-7231;"4/9/2026, 3:13:21 p. m.";Cajero;;13169.5;0;0;0;13169.5;"efectivo: $14.169,5";COMPLETED
V-2026-7230;"4/9/2026, 3:13:21 p. m.";Cajero;;47894.82;0;0;0;47894.82;"efectivo: $48.894,82";COMPLETED
V-2026-7229;"4/9/2026, 3:13:21 p. m.";Cajero;;62231.1;0;0;0;62231.1;"efectivo: $63.231,1";COMPLETED
V-2026-7228;"4/9/2026, 3:13:21 p. m.";Cajero;;31904.96;0;0;0;31904.96;"efectivo: $32.904,96";COMPLETED
V-2026-7227;"4/9/2026, 3:13:21 p. m.";Cajero;;86521.76;0;0;0;86521.76;"efectivo: $87.521,76";COMPLETED
V-2026-7226;"4/9/2026, 3:13:21 p. m.";Cajero;;44303.18;0;0;0;44303.18;"efectivo: $45.303,18";COMPLETED
V-2026-7225;"4/9/2026, 3:13:21 p. m.";Cajero;;38427.31;0;0;0;38427.31;"efectivo: $39.427,31";COMPLETED
V-2026-7224;"4/9/2026, 3:13:21 p. m.";Cajero;;9874.3;0;0;0;9874.3;"efectivo: $10.874,3";COMPLETED
V-2026-7223;"4/9/2026, 3:13:21 p. m.";Cajero;;29970.55;0;0;0;29970.55;"efectivo: $30.970,55";COMPLETED
V-2026-7222;"4/9/2026, 3:13:21 p. m.";Cajero;;23581.93;0;0;0;23581.93;"efectivo: $24.581,93";COMPLETED
V-2026-7221;"4/9/2026, 3:13:21 p. m.";Cajero;;23863.22;0;0;0;23863.22;"efectivo: $24.863,22";COMPLETED
V-2026-7220;"4/9/2026, 3:13:21 p. m.";Cajero;;49887.51;0;0;0;49887.51;"efectivo: $50.887,51";COMPLETED
V-2026-7219;"4/9/2026, 3:13:21 p. m.";Cajero;;32376.92;0;0;0;32376.92;"efectivo: $33.376,92";COMPLETED
V-2026-7218;"4/9/2026, 3:13:21 p. m.";Cajero;;9306.52;0;0;0;9306.52;"efectivo: $10.306,52";COMPLETED
V-2026-7217;"4/9/2026, 3:13:21 p. m.";Cajero;;71049.91;0;0;0;71049.91;"efectivo: $72.049,91";COMPLETED
V-2026-7216;"4/9/2026, 3:13:21 p. m.";Cajero;;65593.74;0;0;0;65593.74;"efectivo: $66.593,74";COMPLETED
V-2026-7215;"4/9/2026, 3:13:21 p. m.";Cajero;;4248.03;0;0;0;4248.03;"efectivo: $5.248,03";COMPLETED
V-2026-7214;"4/9/2026, 3:13:21 p. m.";Cajero;;44478.34;0;0;0;44478.34;"efectivo: $45.478,34";COMPLETED
V-2026-7213;"4/9/2026, 3:13:21 p. m.";Cajero;;15016.31;0;0;0;15016.31;"efectivo: $16.016,31";COMPLETED
V-2026-7212;"4/9/2026, 3:13:21 p. m.";Cajero;;87811.38;0;0;0;87811.38;"efectivo: $88.811,38";COMPLETED
V-2026-7211;"4/9/2026, 3:13:21 p. m.";Cajero;;70872.51;0;0;0;70872.51;"efectivo: $71.872,51";COMPLETED
V-2026-7210;"4/9/2026, 3:13:21 p. m.";Cajero;;43024.01;0;0;0;43024.01;"efectivo: $44.024,01";COMPLETED
V-2026-7209;"4/9/2026, 3:13:21 p. m.";Cajero;;20899.34;0;0;0;20899.34;"efectivo: $21.899,34";COMPLETED
V-2026-7208;"4/9/2026, 3:13:21 p. m.";Cajero;;16700.12;0;0;0;16700.12;"efectivo: $17.700,12";COMPLETED
V-2026-7207;"4/9/2026, 3:13:21 p. m.";Cajero;;2583.32;0;0;0;2583.32;"efectivo: $3.583,32";COMPLETED
V-2026-7206;"4/9/2026, 3:13:21 p. m.";Cajero;;25231.69;0;0;0;25231.69;"efectivo: $26.231,69";COMPLETED
V-2026-7205;"4/9/2026, 3:13:21 p. m.";Cajero;;29220.56;0;0;0;29220.56;"efectivo: $30.220,56";COMPLETED
V-2026-7204;"4/9/2026, 3:13:21 p. m.";Cajero;;5201.15;0;0;0;5201.15;"efectivo: $6.201,15";COMPLETED
V-2026-7203;"4/9/2026, 3:13:21 p. m.";Cajero;;57263.43;0;0;0;57263.43;"efectivo: $58.263,43";COMPLETED
V-2026-7202;"4/9/2026, 3:13:21 p. m.";Cajero;;90137.46;0;0;0;90137.46;"efectivo: $91.137,46";COMPLETED
V-2026-7201;"4/9/2026, 3:13:21 p. m.";Cajero;;16862.69;0;0;0;16862.69;"efectivo: $17.862,69";COMPLETED
V-2026-7200;"4/9/2026, 3:13:21 p. m.";Cajero;;6725.1;0;0;0;6725.1;"efectivo: $7.725,1";COMPLETED
V-2026-7199;"4/9/2026, 3:13:21 p. m.";Cajero;;18147.53;0;0;0;18147.53;"efectivo: $19.147,53";COMPLETED
V-2026-7198;"4/9/2026, 3:13:21 p. m.";Cajero;;35872.32;0;0;0;35872.32;"efectivo: $36.872,32";COMPLETED
V-2026-7197;"4/9/2026, 3:13:21 p. m.";Cajero;;33739.79;0;0;0;33739.79;"efectivo: $34.739,79";COMPLETED
V-2026-7196;"4/9/2026, 3:13:21 p. m.";Cajero;;3604.88;0;0;0;3604.88;"efectivo: $4.604,88";COMPLETED
V-2026-7195;"4/9/2026, 3:13:21 p. m.";Cajero;;69599.91;0;0;0;69599.91;"efectivo: $70.599,91";COMPLETED
V-2026-7194;"4/9/2026, 3:13:21 p. m.";Cajero;;18391.46;0;0;0;18391.46;"efectivo: $19.391,46";COMPLETED
V-2026-7193;"4/9/2026, 3:13:21 p. m.";Cajero;;25843.98;0;0;0;25843.98;"efectivo: $26.843,98";COMPLETED
V-2026-7192;"4/9/2026, 3:13:21 p. m.";Cajero;;20659.54;0;0;0;20659.54;"efectivo: $21.659,54";COMPLETED
V-2026-7191;"4/9/2026, 3:13:21 p. m.";Cajero;;7627.8;0;0;0;7627.8;"efectivo: $8.627,8";COMPLETED
V-2026-7190;"4/9/2026, 3:13:21 p. m.";Cajero;;68031.12;0;0;0;68031.12;"efectivo: $69.031,12";COMPLETED
V-2026-7189;"4/9/2026, 3:13:21 p. m.";Cajero;;47370.05;0;0;0;47370.05;"efectivo: $48.370,05";COMPLETED
V-2026-7188;"4/9/2026, 3:13:21 p. m.";Cajero;;39493.94;0;0;0;39493.94;"efectivo: $40.493,94";COMPLETED
V-2026-7187;"4/9/2026, 3:13:21 p. m.";Cajero;;45579.21;0;0;0;45579.21;"efectivo: $46.579,21";COMPLETED
V-2026-7186;"4/9/2026, 3:13:21 p. m.";Cajero;;39831.1;0;0;0;39831.1;"efectivo: $40.831,1";COMPLETED
V-2026-7185;"4/9/2026, 3:13:21 p. m.";Cajero;;99084.12;0;0;0;99084.12;"efectivo: $100.084,12";COMPLETED
V-2026-7184;"4/9/2026, 3:13:21 p. m.";Cajero;;24718.4;0;0;0;24718.4;"efectivo: $25.718,4";COMPLETED
V-2026-7183;"4/9/2026, 3:13:21 p. m.";Cajero;;81540.07;0;0;0;81540.07;"efectivo: $82.540,07";COMPLETED
V-2026-7182;"4/9/2026, 3:13:21 p. m.";Cajero;;1005.23;0;0;0;1005.23;"efectivo: $2.005,23";COMPLETED
V-2026-7181;"4/9/2026, 3:13:21 p. m.";Cajero;;94171.26;0;0;0;94171.26;"efectivo: $95.171,26";COMPLETED
V-2026-7180;"4/9/2026, 3:13:21 p. m.";Cajero;;32302.49;0;0;0;32302.49;"efectivo: $33.302,49";COMPLETED
V-2026-7179;"4/9/2026, 3:13:21 p. m.";Cajero;;12070.74;0;0;0;12070.74;"efectivo: $13.070,74";COMPLETED
V-2026-7178;"4/9/2026, 3:13:21 p. m.";Cajero;;80708.86;0;0;0;80708.86;"efectivo: $81.708,86";COMPLETED
V-2026-7177;"4/9/2026, 3:13:21 p. m.";Cajero;;1723.99;0;0;0;1723.99;"efectivo: $2.723,99";COMPLETED
V-2026-7176;"4/9/2026, 3:13:21 p. m.";Cajero;;15934.54;0;0;0;15934.54;"efectivo: $16.934,54";COMPLETED
V-2026-7175;"4/9/2026, 3:13:21 p. m.";Cajero;;8944.56;0;0;0;8944.56;"efectivo: $9.944,56";COMPLETED
V-2026-7174;"4/9/2026, 3:13:21 p. m.";Cajero;;49899.49;0;0;0;49899.49;"efectivo: $50.899,49";COMPLETED
V-2026-7173;"4/9/2026, 3:13:20 p. m.";Cajero;;37661.33;0;0;0;37661.33;"efectivo: $38.661,33";COMPLETED
V-2026-7172;"4/9/2026, 3:13:20 p. m.";Cajero;;97084.34;0;0;0;97084.34;"efectivo: $98.084,34";COMPLETED
V-2026-7171;"4/9/2026, 3:13:20 p. m.";Cajero;;8499.33;0;0;0;8499.33;"efectivo: $9.499,33";COMPLETED
V-2026-7170;"4/9/2026, 3:13:20 p. m.";Cajero;;61134.27;0;0;0;61134.27;"efectivo: $62.134,27";COMPLETED
V-2026-7169;"4/9/2026, 3:13:20 p. m.";Cajero;;13257.85;0;0;0;13257.85;"efectivo: $14.257,85";COMPLETED
V-2026-7168;"4/9/2026, 3:13:20 p. m.";Cajero;;2183.44;0;0;0;2183.44;"efectivo: $3.183,44";COMPLETED
V-2026-7167;"4/9/2026, 3:13:20 p. m.";Cajero;;19891.05;0;0;0;19891.05;"efectivo: $20.891,05";COMPLETED
V-2026-7166;"4/9/2026, 3:13:20 p. m.";Cajero;;39332.21;0;0;0;39332.21;"efectivo: $40.332,21";COMPLETED
V-2026-7165;"4/9/2026, 3:13:20 p. m.";Cajero;;21698.43;0;0;0;21698.43;"efectivo: $22.698,43";COMPLETED
V-2026-7164;"4/9/2026, 3:13:20 p. m.";Cajero;;19311.35;0;0;0;19311.35;"efectivo: $20.311,35";COMPLETED
V-2026-7163;"4/9/2026, 3:13:20 p. m.";Cajero;;36129.56;0;0;0;36129.56;"efectivo: $37.129,56";COMPLETED
V-2026-7162;"4/9/2026, 3:13:20 p. m.";Cajero;;49794.38;0;0;0;49794.38;"efectivo: $50.794,38";COMPLETED
V-2026-7161;"4/9/2026, 3:13:20 p. m.";Cajero;;20547.85;0;0;0;20547.85;"efectivo: $21.547,85";COMPLETED
V-2026-7160;"4/9/2026, 3:13:20 p. m.";Cajero;;31971.92;0;0;0;31971.92;"efectivo: $32.971,92";COMPLETED
V-2026-7159;"4/9/2026, 3:13:20 p. m.";Cajero;;1971.11;0;0;0;1971.11;"efectivo: $2.971,11";COMPLETED
V-2026-7158;"4/9/2026, 3:13:20 p. m.";Cajero;;72272.62;0;0;0;72272.62;"efectivo: $73.272,62";COMPLETED
V-2026-7157;"4/9/2026, 3:13:20 p. m.";Cajero;;35604.6;0;0;0;35604.6;"efectivo: $36.604,6";COMPLETED
V-2026-7156;"4/9/2026, 3:13:20 p. m.";Cajero;;61859.8;0;0;0;61859.8;"efectivo: $62.859,8";COMPLETED
V-2026-7155;"4/9/2026, 3:13:20 p. m.";Cajero;;83900.13;0;0;0;83900.13;"efectivo: $84.900,13";COMPLETED
V-2026-7154;"4/9/2026, 3:13:20 p. m.";Cajero;;47441.23;0;0;0;47441.23;"efectivo: $48.441,23";COMPLETED
V-2026-7153;"4/9/2026, 3:13:20 p. m.";Cajero;;9460.17;0;0;0;9460.17;"efectivo: $10.460,17";COMPLETED
V-2026-7152;"4/9/2026, 3:13:20 p. m.";Cajero;;49078.13;0;0;0;49078.13;"efectivo: $50.078,13";COMPLETED
V-2026-7151;"4/9/2026, 3:13:20 p. m.";Cajero;;10816.28;0;0;0;10816.28;"efectivo: $11.816,28";COMPLETED
V-2026-7150;"4/9/2026, 3:13:20 p. m.";Cajero;;29610.29;0;0;0;29610.29;"efectivo: $30.610,29";COMPLETED
V-2026-7149;"4/9/2026, 3:13:20 p. m.";Cajero;;42319.99;0;0;0;42319.99;"efectivo: $43.319,99";COMPLETED
V-2026-7148;"4/9/2026, 3:13:20 p. m.";Cajero;;45556.71;0;0;0;45556.71;"efectivo: $46.556,71";COMPLETED
V-2026-7147;"4/9/2026, 3:13:20 p. m.";Cajero;;22222.25;0;0;0;22222.25;"efectivo: $23.222,25";COMPLETED
V-2026-7146;"4/9/2026, 3:13:20 p. m.";Cajero;;93861.52;0;0;0;93861.52;"efectivo: $94.861,52";COMPLETED
V-2026-7145;"4/9/2026, 3:13:20 p. m.";Cajero;;29010.54;0;0;0;29010.54;"efectivo: $30.010,54";COMPLETED
V-2026-7144;"4/9/2026, 3:13:20 p. m.";Cajero;;44547.51;0;0;0;44547.51;"efectivo: $45.547,51";COMPLETED
V-2026-7143;"4/9/2026, 3:13:20 p. m.";Cajero;;10347.79;0;0;0;10347.79;"efectivo: $11.347,79";COMPLETED
V-2026-7142;"4/9/2026, 3:13:20 p. m.";Cajero;;53000.62;0;0;0;53000.62;"efectivo: $54.000,62";COMPLETED
V-2026-7141;"4/9/2026, 3:13:20 p. m.";Cajero;;47155.95;0;0;0;47155.95;"efectivo: $48.155,95";COMPLETED
V-2026-7140;"4/9/2026, 3:13:20 p. m.";Cajero;;71564.47;0;0;0;71564.47;"efectivo: $72.564,47";COMPLETED
V-2026-7139;"4/9/2026, 3:13:20 p. m.";Cajero;;5334.99;0;0;0;5334.99;"efectivo: $6.334,99";COMPLETED
V-2026-7138;"4/9/2026, 3:13:20 p. m.";Cajero;;22273.41;0;0;0;22273.41;"efectivo: $23.273,41";COMPLETED
V-2026-7137;"4/9/2026, 3:13:20 p. m.";Cajero;;9831.2;0;0;0;9831.2;"efectivo: $10.831,2";COMPLETED
V-2026-7136;"4/9/2026, 3:13:20 p. m.";Cajero;;16530.76;0;0;0;16530.76;"efectivo: $17.530,76";COMPLETED
V-2026-7135;"4/9/2026, 3:13:20 p. m.";Cajero;;32376.92;0;0;0;32376.92;"efectivo: $33.376,92";COMPLETED
V-2026-7134;"4/9/2026, 3:13:20 p. m.";Cajero;;47929.48;0;0;0;47929.48;"efectivo: $48.929,48";COMPLETED
V-2026-7133;"4/9/2026, 3:13:20 p. m.";Cajero;;24797.17;0;0;0;24797.17;"efectivo: $25.797,17";COMPLETED
V-2026-7132;"4/9/2026, 3:13:20 p. m.";Cajero;;30730.42;0;0;0;30730.42;"efectivo: $31.730,42";COMPLETED
V-2026-7131;"4/9/2026, 3:13:20 p. m.";Cajero;;805.73;0;0;0;805.73;"efectivo: $1.805,73";COMPLETED
V-2026-7130;"4/9/2026, 3:13:20 p. m.";Cajero;;7190.81;0;0;0;7190.81;"efectivo: $8.190,81";COMPLETED
V-2026-7129;"4/9/2026, 3:13:20 p. m.";Cajero;;25136.58;0;0;0;25136.58;"efectivo: $26.136,58";COMPLETED
V-2026-7128;"4/9/2026, 3:13:20 p. m.";Cajero;;33700.24;0;0;0;33700.24;"efectivo: $34.700,24";COMPLETED
V-2026-7127;"4/9/2026, 3:13:20 p. m.";Cajero;;84479.86;0;0;0;84479.86;"efectivo: $85.479,86";COMPLETED
V-2026-7126;"4/9/2026, 3:13:20 p. m.";Cajero;;45379.59;0;0;0;45379.59;"efectivo: $46.379,59";COMPLETED
V-2026-7125;"4/9/2026, 3:13:20 p. m.";Cajero;;22523.73;0;0;0;22523.73;"efectivo: $23.523,73";COMPLETED
V-2026-7124;"4/9/2026, 3:13:20 p. m.";Cajero;;9071.11;0;0;0;9071.11;"efectivo: $10.071,11";COMPLETED
V-2026-7123;"4/9/2026, 3:13:20 p. m.";Cajero;;81264.04;0;0;0;81264.04;"efectivo: $82.264,04";COMPLETED
V-2026-7122;"4/9/2026, 3:13:20 p. m.";Cajero;;30832.22;0;0;0;30832.22;"efectivo: $31.832,22";COMPLETED
V-2026-7121;"4/9/2026, 3:13:20 p. m.";Cajero;;77394.82;0;0;0;77394.82;"efectivo: $78.394,82";COMPLETED
V-2026-7120;"4/9/2026, 3:13:20 p. m.";Cajero;;84051.69;0;0;0;84051.69;"efectivo: $85.051,69";COMPLETED
V-2026-7119;"4/9/2026, 3:13:20 p. m.";Cajero;;5809.29;0;0;0;5809.29;"efectivo: $6.809,29";COMPLETED
V-2026-7118;"4/9/2026, 3:13:20 p. m.";Cajero;;42062.8;0;0;0;42062.8;"efectivo: $43.062,8";COMPLETED
V-2026-7117;"4/9/2026, 3:13:20 p. m.";Cajero;;29959.67;0;0;0;29959.67;"efectivo: $30.959,67";COMPLETED
V-2026-7116;"4/9/2026, 3:13:20 p. m.";Cajero;;53778.39;0;0;0;53778.39;"efectivo: $54.778,39";COMPLETED
V-2026-7115;"4/9/2026, 3:13:20 p. m.";Cajero;;35460.8;0;0;0;35460.8;"efectivo: $36.460,8";COMPLETED
V-2026-7114;"4/9/2026, 3:13:20 p. m.";Cajero;;77197.82;0;0;0;77197.82;"efectivo: $78.197,82";COMPLETED
V-2026-7113;"4/9/2026, 3:13:20 p. m.";Cajero;;11751.86;0;0;0;11751.86;"efectivo: $12.751,86";COMPLETED
V-2026-7112;"4/9/2026, 3:13:20 p. m.";Cajero;;23707.95;0;0;0;23707.95;"efectivo: $24.707,95";COMPLETED
V-2026-7111;"4/9/2026, 3:13:20 p. m.";Cajero;;95937.52;0;0;0;95937.52;"efectivo: $96.937,52";COMPLETED
V-2026-7110;"4/9/2026, 3:13:20 p. m.";Cajero;;18587.79;0;0;0;18587.79;"efectivo: $19.587,79";COMPLETED
V-2026-7109;"4/9/2026, 3:13:20 p. m.";Cajero;;780.77;0;0;0;780.77;"efectivo: $1.780,77";COMPLETED
V-2026-7108;"4/9/2026, 3:13:20 p. m.";Cajero;;43692.92;0;0;0;43692.92;"efectivo: $44.692,92";COMPLETED
V-2026-7107;"4/9/2026, 3:13:20 p. m.";Cajero;;8001.08;0;0;0;8001.08;"efectivo: $9.001,08";COMPLETED
V-2026-7106;"4/9/2026, 3:13:20 p. m.";Cajero;;35641.56;0;0;0;35641.56;"efectivo: $36.641,56";COMPLETED
V-2026-7105;"4/9/2026, 3:13:20 p. m.";Cajero;;48361.27;0;0;0;48361.27;"efectivo: $49.361,27";COMPLETED
V-2026-7104;"4/9/2026, 3:13:20 p. m.";Cajero;;39291.19;0;0;0;39291.19;"efectivo: $40.291,19";COMPLETED
V-2026-7103;"4/9/2026, 3:13:20 p. m.";Cajero;;4528.9;0;0;0;4528.9;"efectivo: $5.528,9";COMPLETED
V-2026-7102;"4/9/2026, 3:13:20 p. m.";Cajero;;7561;0;0;0;7561;efectivo: $8.561;COMPLETED
V-2026-7101;"4/9/2026, 3:13:20 p. m.";Cajero;;41204.49;0;0;0;41204.49;"efectivo: $42.204,49";COMPLETED
V-2026-7100;"4/9/2026, 3:13:20 p. m.";Cajero;;85582.58;0;0;0;85582.58;"efectivo: $86.582,58";COMPLETED
V-2026-7099;"4/9/2026, 3:13:20 p. m.";Cajero;;21135.33;0;0;0;21135.33;"efectivo: $22.135,33";COMPLETED
V-2026-7098;"4/9/2026, 3:13:20 p. m.";Cajero;;11106.49;0;0;0;11106.49;"efectivo: $12.106,49";COMPLETED
V-2026-7097;"4/9/2026, 3:13:20 p. m.";Cajero;;43175.95;0;0;0;43175.95;"efectivo: $44.175,95";COMPLETED
V-2026-7096;"4/9/2026, 3:13:20 p. m.";Cajero;;12557.81;0;0;0;12557.81;"efectivo: $13.557,81";COMPLETED
V-2026-7095;"4/9/2026, 3:13:20 p. m.";Cajero;;35872.32;0;0;0;35872.32;"efectivo: $36.872,32";COMPLETED
V-2026-7094;"4/9/2026, 3:13:20 p. m.";Cajero;;3739.49;0;0;0;3739.49;"efectivo: $4.739,49";COMPLETED
V-2026-7093;"4/9/2026, 3:13:20 p. m.";Cajero;;34216.23;0;0;0;34216.23;"efectivo: $35.216,23";COMPLETED
V-2026-7092;"4/9/2026, 3:13:20 p. m.";Cajero;;72179.08;0;0;0;72179.08;"efectivo: $73.179,08";COMPLETED
V-2026-7091;"4/9/2026, 3:13:20 p. m.";Cajero;;38506.29;0;0;0;38506.29;"efectivo: $39.506,29";COMPLETED
V-2026-7090;"4/9/2026, 3:13:20 p. m.";Cajero;;23707.95;0;0;0;23707.95;"efectivo: $24.707,95";COMPLETED
V-2026-7089;"4/9/2026, 3:13:20 p. m.";Cajero;;3467.52;0;0;0;3467.52;"efectivo: $4.467,52";COMPLETED
V-2026-7088;"4/9/2026, 3:13:20 p. m.";Cajero;;32317.19;0;0;0;32317.19;"efectivo: $33.317,19";COMPLETED
V-2026-7087;"4/9/2026, 3:13:19 p. m.";Cajero;;40942.66;0;0;0;40942.66;"efectivo: $41.942,66";COMPLETED
V-2026-7086;"4/9/2026, 3:13:19 p. m.";Cajero;;9994.53;0;0;0;9994.53;"efectivo: $10.994,53";COMPLETED
V-2026-7085;"4/9/2026, 3:13:19 p. m.";Cajero;;45285.04;0;0;0;45285.04;"efectivo: $46.285,04";COMPLETED
V-2026-7084;"4/9/2026, 3:13:19 p. m.";Cajero;;43758.25;0;0;0;43758.25;"efectivo: $44.758,25";COMPLETED
V-2026-7083;"4/9/2026, 3:13:19 p. m.";Cajero;;5445.39;0;0;0;5445.39;"efectivo: $6.445,39";COMPLETED
V-2026-7082;"4/9/2026, 3:13:19 p. m.";Cajero;;5116.59;0;0;0;5116.59;"efectivo: $6.116,59";COMPLETED
V-2026-7081;"4/9/2026, 3:13:19 p. m.";Cajero;;30431.47;0;0;0;30431.47;"efectivo: $31.431,47";COMPLETED
V-2026-7080;"4/9/2026, 3:13:19 p. m.";Cajero;;70471.59;0;0;0;70471.59;"efectivo: $71.471,59";COMPLETED
V-2026-7079;"4/9/2026, 3:13:19 p. m.";Cajero;;24803.03;0;0;0;24803.03;"efectivo: $25.803,03";COMPLETED
V-2026-7078;"4/9/2026, 3:13:19 p. m.";Cajero;;958.25;0;0;0;958.25;"efectivo: $1.958,25";COMPLETED
V-2026-7077;"4/9/2026, 3:13:19 p. m.";Cajero;;14181.72;0;0;0;14181.72;"efectivo: $15.181,72";COMPLETED
V-2026-7076;"4/9/2026, 3:13:19 p. m.";Cajero;;44535.86;0;0;0;44535.86;"efectivo: $45.535,86";COMPLETED
V-2026-7075;"4/9/2026, 3:13:19 p. m.";Cajero;;11214.67;0;0;0;11214.67;"efectivo: $12.214,67";COMPLETED
V-2026-7074;"4/9/2026, 3:13:19 p. m.";Cajero;;30579.59;0;0;0;30579.59;"efectivo: $31.579,59";COMPLETED
V-2026-7073;"4/9/2026, 3:13:19 p. m.";Cajero;;69953.58;0;0;0;69953.58;"efectivo: $70.953,58";COMPLETED
V-2026-7072;"4/9/2026, 3:13:19 p. m.";Cajero;;40897.99;0;0;0;40897.99;"efectivo: $41.897,99";COMPLETED
V-2026-7071;"4/9/2026, 3:13:19 p. m.";Cajero;;12093.4;0;0;0;12093.4;"efectivo: $13.093,4";COMPLETED
V-2026-7070;"4/9/2026, 3:13:19 p. m.";Cajero;;28367.54;0;0;0;28367.54;"efectivo: $29.367,54";COMPLETED
V-2026-7069;"4/9/2026, 3:13:19 p. m.";Cajero;;17997.09;0;0;0;17997.09;"efectivo: $18.997,09";COMPLETED
V-2026-7068;"4/9/2026, 3:13:19 p. m.";Cajero;;51502.62;0;0;0;51502.62;"efectivo: $52.502,62";COMPLETED
V-2026-7067;"4/9/2026, 3:13:19 p. m.";Cajero;;15358.54;0;0;0;15358.54;"efectivo: $16.358,54";COMPLETED
V-2026-7066;"4/9/2026, 3:13:19 p. m.";Cajero;;45790.27;0;0;0;45790.27;"efectivo: $46.790,27";COMPLETED
V-2026-7065;"4/9/2026, 3:13:19 p. m.";Cajero;;96759.14;0;0;0;96759.14;"efectivo: $97.759,14";COMPLETED
V-2026-7064;"4/9/2026, 3:13:19 p. m.";Cajero;;9624.02;0;0;0;9624.02;"efectivo: $10.624,02";COMPLETED
V-2026-7063;"4/9/2026, 3:13:19 p. m.";Cajero;;46978.73;0;0;0;46978.73;"efectivo: $47.978,73";COMPLETED
V-2026-7062;"4/9/2026, 3:13:19 p. m.";Cajero;;13955.93;0;0;0;13955.93;"efectivo: $14.955,93";COMPLETED
V-2026-7061;"4/9/2026, 3:13:19 p. m.";Cajero;;48162.2;0;0;0;48162.2;"efectivo: $49.162,2";COMPLETED
V-2026-7060;"4/9/2026, 3:13:19 p. m.";Cajero;;16785.17;0;0;0;16785.17;"efectivo: $17.785,17";COMPLETED
V-2026-7059;"4/9/2026, 3:13:19 p. m.";Cajero;;19982.99;0;0;0;19982.99;"efectivo: $20.982,99";COMPLETED
V-2026-7058;"4/9/2026, 3:13:19 p. m.";Cajero;;45638.46;0;0;0;45638.46;"efectivo: $46.638,46";COMPLETED
V-2026-7057;"4/9/2026, 3:13:19 p. m.";Cajero;;2255.87;0;0;0;2255.87;"efectivo: $3.255,87";COMPLETED
V-2026-7056;"4/9/2026, 3:13:19 p. m.";Cajero;;42978.05;0;0;0;42978.05;"efectivo: $43.978,05";COMPLETED
V-2026-7055;"4/9/2026, 3:13:19 p. m.";Cajero;;98280.25;0;0;0;98280.25;"efectivo: $99.280,25";COMPLETED
V-2026-7054;"4/9/2026, 3:13:19 p. m.";Cajero;;11056.76;0;0;0;11056.76;"efectivo: $12.056,76";COMPLETED
V-2026-7053;"4/9/2026, 3:13:19 p. m.";Cajero;;20733.49;0;0;0;20733.49;"efectivo: $21.733,49";COMPLETED
V-2026-7052;"4/9/2026, 3:13:19 p. m.";Cajero;;31935.88;0;0;0;31935.88;"efectivo: $32.935,88";COMPLETED
V-2026-7051;"4/9/2026, 3:13:19 p. m.";Cajero;;2863.7;0;0;0;2863.7;"efectivo: $3.863,7";COMPLETED
V-2026-7050;"4/9/2026, 3:13:19 p. m.";Cajero;;16435.15;0;0;0;16435.15;"efectivo: $17.435,15";COMPLETED
V-2026-7049;"4/9/2026, 3:13:19 p. m.";Cajero;;66461.38;0;0;0;66461.38;"efectivo: $67.461,38";COMPLETED
V-2026-7048;"4/9/2026, 3:13:19 p. m.";Cajero;;16066.75;0;0;0;16066.75;"efectivo: $17.066,75";COMPLETED
V-2026-7047;"4/9/2026, 3:13:19 p. m.";Cajero;;28260.03;0;0;0;28260.03;"efectivo: $29.260,03";COMPLETED
V-2026-7046;"4/9/2026, 3:13:19 p. m.";Cajero;;52714.55;0;0;0;52714.55;"efectivo: $53.714,55";COMPLETED
V-2026-7045;"4/9/2026, 3:13:19 p. m.";Cajero;;26655.4;0;0;0;26655.4;"efectivo: $27.655,4";COMPLETED
V-2026-7044;"4/9/2026, 3:13:19 p. m.";Cajero;;58945.98;0;0;0;58945.98;"efectivo: $59.945,98";COMPLETED
V-2026-7043;"4/9/2026, 3:13:19 p. m.";Cajero;;30119.26;0;0;0;30119.26;"efectivo: $31.119,26";COMPLETED
V-2026-7042;"4/9/2026, 3:13:19 p. m.";Cajero;;21305.46;0;0;0;21305.46;"efectivo: $22.305,46";COMPLETED
V-2026-7041;"4/9/2026, 3:13:19 p. m.";Cajero;;61168.42;0;0;0;61168.42;"efectivo: $62.168,42";COMPLETED
V-2026-7040;"4/9/2026, 3:13:19 p. m.";Cajero;;11864.72;0;0;0;11864.72;"efectivo: $12.864,72";COMPLETED
V-2026-7039;"4/9/2026, 3:13:19 p. m.";Cajero;;43799.99;0;0;0;43799.99;"efectivo: $44.799,99";COMPLETED
V-2026-7038;"4/9/2026, 3:13:19 p. m.";Cajero;;23973.12;0;0;0;23973.12;"efectivo: $24.973,12";COMPLETED
V-2026-7037;"4/9/2026, 3:13:19 p. m.";Cajero;;67053.75;0;0;0;67053.75;"efectivo: $68.053,75";COMPLETED
V-2026-7036;"4/9/2026, 3:13:19 p. m.";Cajero;;40751.65;0;0;0;40751.65;"efectivo: $41.751,65";COMPLETED
V-2026-7035;"4/9/2026, 3:13:19 p. m.";Cajero;;44047.25;0;0;0;44047.25;"efectivo: $45.047,25";COMPLETED
V-2026-7034;"4/9/2026, 3:13:19 p. m.";Cajero;;75098.62;0;0;0;75098.62;"efectivo: $76.098,62";COMPLETED
V-2026-7033;"4/9/2026, 3:13:19 p. m.";Cajero;;19679.42;0;0;0;19679.42;"efectivo: $20.679,42";COMPLETED
V-2026-7032;"4/9/2026, 3:13:19 p. m.";Cajero;;37356.76;0;0;0;37356.76;"efectivo: $38.356,76";COMPLETED
V-2026-7031;"4/9/2026, 3:13:19 p. m.";Cajero;;48760.38;0;0;0;48760.38;"efectivo: $49.760,38";COMPLETED
V-2026-7030;"4/9/2026, 3:13:19 p. m.";Cajero;;22031.81;0;0;0;22031.81;"efectivo: $23.031,81";COMPLETED
V-2026-7029;"4/9/2026, 3:13:19 p. m.";Cajero;;28380.38;0;0;0;28380.38;"efectivo: $29.380,38";COMPLETED
V-2026-7028;"4/9/2026, 3:13:19 p. m.";Cajero;;34041.54;0;0;0;34041.54;"efectivo: $35.041,54";COMPLETED
V-2026-7027;"4/9/2026, 3:13:19 p. m.";Cajero;;44765.12;0;0;0;44765.12;"efectivo: $45.765,12";COMPLETED
V-2026-7026;"4/9/2026, 3:13:19 p. m.";Cajero;;75584.42;0;0;0;75584.42;"efectivo: $76.584,42";COMPLETED
V-2026-7025;"4/9/2026, 3:13:19 p. m.";Cajero;;43048.43;0;0;0;43048.43;"efectivo: $44.048,43";COMPLETED
V-2026-7024;"4/9/2026, 3:13:19 p. m.";Cajero;;64917.69;0;0;0;64917.69;"efectivo: $65.917,69";COMPLETED
V-2026-7023;"4/9/2026, 3:13:19 p. m.";Cajero;;19982.99;0;0;0;19982.99;"efectivo: $20.982,99";COMPLETED
V-2026-7022;"4/9/2026, 3:13:19 p. m.";Cajero;;1844.22;0;0;0;1844.22;"efectivo: $2.844,22";COMPLETED
V-2026-7021;"4/9/2026, 3:13:18 p. m.";Cajero;;27660.02;0;0;0;27660.02;"efectivo: $28.660,02";COMPLETED
V-2026-7020;"4/9/2026, 3:13:18 p. m.";Cajero;;39722.05;0;0;0;39722.05;"efectivo: $40.722,05";COMPLETED
V-2026-7019;"4/9/2026, 3:13:18 p. m.";Cajero;;21861.21;0;0;0;21861.21;"efectivo: $22.861,21";COMPLETED
V-2026-7018;"4/9/2026, 3:13:18 p. m.";Cajero;;31075.98;0;0;0;31075.98;"efectivo: $32.075,98";COMPLETED
V-2026-7017;"4/9/2026, 3:13:18 p. m.";Cajero;;24451.99;0;0;0;24451.99;"efectivo: $25.451,99";COMPLETED
V-2026-7016;"4/9/2026, 3:13:18 p. m.";Cajero;;27143.64;0;0;0;27143.64;"efectivo: $28.143,64";COMPLETED
V-2026-7015;"4/9/2026, 3:13:18 p. m.";Cajero;;30315.18;0;0;0;30315.18;"efectivo: $31.315,18";COMPLETED
V-2026-7014;"4/9/2026, 3:13:18 p. m.";Cajero;;45011.87;0;0;0;45011.87;"efectivo: $46.011,87";COMPLETED
V-2026-7013;"4/9/2026, 3:13:18 p. m.";Cajero;;41204.49;0;0;0;41204.49;"efectivo: $42.204,49";COMPLETED
V-2026-7012;"4/9/2026, 3:13:18 p. m.";Cajero;;13412.7;0;0;0;13412.7;"efectivo: $14.412,7";COMPLETED
V-2026-7011;"4/9/2026, 3:13:18 p. m.";Cajero;;73497.52;0;0;0;73497.52;"efectivo: $74.497,52";COMPLETED
V-2026-7010;"4/9/2026, 3:13:18 p. m.";Cajero;;83369.46;0;0;0;83369.46;"efectivo: $84.369,46";COMPLETED
V-2026-7009;"4/9/2026, 3:13:18 p. m.";Cajero;;8226.63;0;0;0;8226.63;"efectivo: $9.226,63";COMPLETED
V-2026-7008;"4/9/2026, 3:13:18 p. m.";Cajero;;46588.88;0;0;0;46588.88;"efectivo: $47.588,88";COMPLETED
V-2026-7007;"4/9/2026, 3:13:18 p. m.";Cajero;;41290.63;0;0;0;41290.63;"efectivo: $42.290,63";COMPLETED
V-2026-7006;"4/9/2026, 3:13:18 p. m.";Cajero;;3901.06;0;0;0;3901.06;"efectivo: $4.901,06";COMPLETED
V-2026-7005;"4/9/2026, 3:13:18 p. m.";Cajero;;1094.34;0;0;0;1094.34;"efectivo: $2.094,34";COMPLETED
V-2026-7004;"4/9/2026, 3:13:18 p. m.";Cajero;;65700.06;0;0;0;65700.06;"efectivo: $66.700,06";COMPLETED
V-2026-7003;"4/9/2026, 3:13:18 p. m.";Cajero;;21781.65;0;0;0;21781.65;"efectivo: $22.781,65";COMPLETED
V-2026-7002;"4/9/2026, 3:13:18 p. m.";Cajero;;21698.02;0;0;0;21698.02;"efectivo: $22.698,02";COMPLETED
V-2026-7001;"4/9/2026, 3:13:18 p. m.";Cajero;;9850.96;0;0;0;9850.96;"efectivo: $10.850,96";COMPLETED
V-2026-7000;"4/9/2026, 3:13:18 p. m.";Cajero;;49877.65;0;0;0;49877.65;"efectivo: $50.877,65";COMPLETED
V-2026-6999;"4/9/2026, 3:13:18 p. m.";Cajero;;44069.15;0;0;0;44069.15;"efectivo: $45.069,15";COMPLETED
V-2026-6998;"4/9/2026, 3:13:18 p. m.";Cajero;;48939.08;0;0;0;48939.08;"efectivo: $49.939,08";COMPLETED
V-2026-6997;"4/9/2026, 3:13:18 p. m.";Cajero;;47931.04;0;0;0;47931.04;"efectivo: $48.931,04";COMPLETED
V-2026-6996;"4/9/2026, 3:13:18 p. m.";Cajero;;20947.18;0;0;0;20947.18;"efectivo: $21.947,18";COMPLETED
V-2026-6995;"4/9/2026, 3:13:18 p. m.";Cajero;;33014.81;0;0;0;33014.81;"efectivo: $34.014,81";COMPLETED
V-2026-6994;"4/9/2026, 3:13:18 p. m.";Cajero;;61598.08;0;0;0;61598.08;"efectivo: $62.598,08";COMPLETED
V-2026-6993;"4/9/2026, 3:13:18 p. m.";Cajero;;33579.45;0;0;0;33579.45;"efectivo: $34.579,45";COMPLETED
V-2026-6992;"4/9/2026, 3:13:18 p. m.";Cajero;;17121.03;0;0;0;17121.03;"efectivo: $18.121,03";COMPLETED
V-2026-6991;"4/9/2026, 3:13:18 p. m.";Cajero;;1283.9;0;0;0;1283.9;"efectivo: $2.283,9";COMPLETED
V-2026-6990;"4/9/2026, 3:13:18 p. m.";Cajero;;22211.98;0;0;0;22211.98;"efectivo: $23.211,98";COMPLETED
V-2026-6989;"4/9/2026, 3:13:18 p. m.";Cajero;;26579.59;0;0;0;26579.59;"efectivo: $27.579,59";COMPLETED
V-2026-6988;"4/9/2026, 3:13:18 p. m.";Cajero;;26452.01;0;0;0;26452.01;"efectivo: $27.452,01";COMPLETED
V-2026-6987;"4/9/2026, 3:13:18 p. m.";Cajero;;39022.3;0;0;0;39022.3;"efectivo: $40.022,3";COMPLETED
V-2026-6986;"4/9/2026, 3:13:18 p. m.";Cajero;;2714.58;0;0;0;2714.58;"efectivo: $3.714,58";COMPLETED
V-2026-6985;"4/9/2026, 3:13:18 p. m.";Cajero;;59978.18;0;0;0;59978.18;"efectivo: $60.978,18";COMPLETED
V-2026-6984;"4/9/2026, 3:13:18 p. m.";Cajero;;40290.46;0;0;0;40290.46;"efectivo: $41.290,46";COMPLETED
V-2026-6983;"4/9/2026, 3:13:18 p. m.";Cajero;;81703.06;0;0;0;81703.06;"efectivo: $82.703,06";COMPLETED
V-2026-6982;"4/9/2026, 3:13:18 p. m.";Cajero;;46083.29;0;0;0;46083.29;"efectivo: $47.083,29";COMPLETED
V-2026-6981;"4/9/2026, 3:13:18 p. m.";Cajero;;13766.09;0;0;0;13766.09;"efectivo: $14.766,09";COMPLETED
V-2026-6980;"4/9/2026, 3:13:18 p. m.";Cajero;;69451.77;0;0;0;69451.77;"efectivo: $70.451,77";COMPLETED
V-2026-6979;"4/9/2026, 3:13:18 p. m.";Cajero;;6630.39;0;0;0;6630.39;"efectivo: $7.630,39";COMPLETED
V-2026-6978;"4/9/2026, 3:13:18 p. m.";Cajero;;43783.48;0;0;0;43783.48;"efectivo: $44.783,48";COMPLETED
V-2026-6977;"4/9/2026, 3:13:18 p. m.";Cajero;;1189.91;0;0;0;1189.91;"efectivo: $2.189,91";COMPLETED
V-2026-6976;"4/9/2026, 3:13:18 p. m.";Cajero;;12648.99;0;0;0;12648.99;"efectivo: $13.648,99";COMPLETED
V-2026-6975;"4/9/2026, 3:13:18 p. m.";Cajero;;32137.42;0;0;0;32137.42;"efectivo: $33.137,42";COMPLETED
V-2026-6974;"4/9/2026, 3:13:18 p. m.";Cajero;;52961.89;0;0;0;52961.89;"efectivo: $53.961,89";COMPLETED
V-2026-6973;"4/9/2026, 3:13:18 p. m.";Cajero;;1356.19;0;0;0;1356.19;"efectivo: $2.356,19";COMPLETED
V-2026-6972;"4/9/2026, 3:13:18 p. m.";Cajero;;25969.3;0;0;0;25969.3;"efectivo: $26.969,3";COMPLETED
V-2026-6971;"4/9/2026, 3:13:18 p. m.";Cajero;;4536.5;0;0;0;4536.5;"efectivo: $5.536,5";COMPLETED
V-2026-6970;"4/9/2026, 3:13:18 p. m.";Cajero;;16083.49;0;0;0;16083.49;"efectivo: $17.083,49";COMPLETED
V-2026-6969;"4/9/2026, 3:13:18 p. m.";Cajero;;34741.84;0;0;0;34741.84;"efectivo: $35.741,84";COMPLETED
V-2026-6968;"4/9/2026, 3:13:18 p. m.";Cajero;;97222.31;0;0;0;97222.31;"efectivo: $98.222,31";COMPLETED
V-2026-6967;"4/9/2026, 3:13:18 p. m.";Cajero;;29796.32;0;0;0;29796.32;"efectivo: $30.796,32";COMPLETED
V-2026-6966;"4/9/2026, 3:13:18 p. m.";Cajero;;86447.29;0;0;0;86447.29;"efectivo: $87.447,29";COMPLETED
V-2026-6965;"4/9/2026, 3:13:18 p. m.";Cajero;;13468.33;0;0;0;13468.33;"efectivo: $14.468,33";COMPLETED
V-2026-6964;"4/9/2026, 3:13:18 p. m.";Cajero;;69301.97;0;0;0;69301.97;"efectivo: $70.301,97";COMPLETED
V-2026-6963;"4/9/2026, 3:13:18 p. m.";Cajero;;34820.08;0;0;0;34820.08;"efectivo: $35.820,08";COMPLETED
V-2026-6962;"4/9/2026, 3:13:18 p. m.";Cajero;;10519.03;0;0;0;10519.03;"efectivo: $11.519,03";COMPLETED
V-2026-6961;"4/9/2026, 3:13:18 p. m.";Cajero;;13580.51;0;0;0;13580.51;"efectivo: $14.580,51";COMPLETED
V-2026-6960;"4/9/2026, 3:13:18 p. m.";Cajero;;70445.28;0;0;0;70445.28;"efectivo: $71.445,28";COMPLETED
V-2026-6959;"4/9/2026, 3:13:18 p. m.";Cajero;;87368.67;0;0;0;87368.67;"efectivo: $88.368,67";COMPLETED
V-2026-6958;"4/9/2026, 3:13:18 p. m.";Cajero;;34583.46;0;0;0;34583.46;"efectivo: $35.583,46";COMPLETED
V-2026-6957;"4/9/2026, 3:13:18 p. m.";Cajero;;50225.77;0;0;0;50225.77;"efectivo: $51.225,77";COMPLETED
V-2026-6956;"4/9/2026, 3:13:18 p. m.";Cajero;;16112.6;0;0;0;16112.6;"efectivo: $17.112,6";COMPLETED
V-2026-6955;"4/9/2026, 3:13:18 p. m.";Cajero;;44071.25;0;0;0;44071.25;"efectivo: $45.071,25";COMPLETED
V-2026-6954;"4/9/2026, 3:13:18 p. m.";Cajero;;3808.77;0;0;0;3808.77;"efectivo: $4.808,77";COMPLETED
V-2026-6953;"4/9/2026, 3:13:18 p. m.";Cajero;;33383.64;0;0;0;33383.64;"efectivo: $34.383,64";COMPLETED
V-2026-6952;"4/9/2026, 3:13:18 p. m.";Cajero;;97823.43;0;0;0;97823.43;"efectivo: $98.823,43";COMPLETED
V-2026-6951;"4/9/2026, 3:13:18 p. m.";Cajero;;35487.69;0;0;0;35487.69;"efectivo: $36.487,69";COMPLETED
V-2026-6950;"4/9/2026, 3:13:18 p. m.";Cajero;;73571.83;0;0;0;73571.83;"efectivo: $74.571,83";COMPLETED
V-2026-6949;"4/9/2026, 3:13:18 p. m.";Cajero;;7857.41;0;0;0;7857.41;"efectivo: $8.857,41";COMPLETED
V-2026-6948;"4/9/2026, 3:13:18 p. m.";Cajero;;18139.08;0;0;0;18139.08;"efectivo: $19.139,08";COMPLETED
V-2026-6947;"4/9/2026, 3:13:18 p. m.";Cajero;;43829.23;0;0;0;43829.23;"efectivo: $44.829,23";COMPLETED
V-2026-6946;"4/9/2026, 3:13:18 p. m.";Cajero;;14852.18;0;0;0;14852.18;"efectivo: $15.852,18";COMPLETED
V-2026-6945;"4/9/2026, 3:13:18 p. m.";Cajero;;22193.97;0;0;0;22193.97;"efectivo: $23.193,97";COMPLETED
V-2026-6944;"4/9/2026, 3:13:18 p. m.";Cajero;;3660.53;0;0;0;3660.53;"efectivo: $4.660,53";COMPLETED
V-2026-6943;"4/9/2026, 3:13:18 p. m.";Cajero;;46560.15;0;0;0;46560.15;"efectivo: $47.560,15";COMPLETED
V-2026-6942;"4/9/2026, 3:13:18 p. m.";Cajero;;43958.17;0;0;0;43958.17;"efectivo: $44.958,17";COMPLETED
V-2026-6941;"4/9/2026, 3:13:18 p. m.";Cajero;;15101.61;0;0;0;15101.61;"efectivo: $16.101,61";COMPLETED
V-2026-6940;"4/9/2026, 3:13:17 p. m.";Cajero;;19140.47;0;0;0;19140.47;"efectivo: $20.140,47";COMPLETED
V-2026-6939;"4/9/2026, 3:13:17 p. m.";Cajero;;14808.4;0;0;0;14808.4;"efectivo: $15.808,4";COMPLETED
V-2026-6938;"4/9/2026, 3:13:17 p. m.";Cajero;;48728.29;0;0;0;48728.29;"efectivo: $49.728,29";COMPLETED
V-2026-6937;"4/9/2026, 3:13:17 p. m.";Cajero;;17245.2;0;0;0;17245.2;"efectivo: $18.245,2";COMPLETED
V-2026-6936;"4/9/2026, 3:13:17 p. m.";Cajero;;24807.98;0;0;0;24807.98;"efectivo: $25.807,98";COMPLETED
V-2026-6935;"4/9/2026, 3:13:17 p. m.";Cajero;;53625.93;0;0;0;53625.93;"efectivo: $54.625,93";COMPLETED
V-2026-6934;"4/9/2026, 3:13:17 p. m.";Cajero;;19418.5;0;0;0;19418.5;"efectivo: $20.418,5";COMPLETED
V-2026-6933;"4/9/2026, 3:13:17 p. m.";Cajero;;40279.52;0;0;0;40279.52;"efectivo: $41.279,52";COMPLETED
V-2026-6932;"4/9/2026, 3:13:17 p. m.";Cajero;;28792.68;0;0;0;28792.68;"efectivo: $29.792,68";COMPLETED
V-2026-6931;"4/9/2026, 3:13:17 p. m.";Cajero;;35083.69;0;0;0;35083.69;"efectivo: $36.083,69";COMPLETED
V-2026-6930;"4/9/2026, 3:13:17 p. m.";Cajero;;15268.81;0;0;0;15268.81;"efectivo: $16.268,81";COMPLETED
V-2026-6929;"4/9/2026, 3:13:17 p. m.";Cajero;;27573.06;0;0;0;27573.06;"efectivo: $28.573,06";COMPLETED
V-2026-6928;"4/9/2026, 3:13:17 p. m.";Cajero;;45847.43;0;0;0;45847.43;"efectivo: $46.847,43";COMPLETED
V-2026-6927;"4/9/2026, 3:13:17 p. m.";Cajero;;43419.54;0;0;0;43419.54;"efectivo: $44.419,54";COMPLETED
V-2026-6926;"4/9/2026, 3:13:17 p. m.";Cajero;;44547.51;0;0;0;44547.51;"efectivo: $45.547,51";COMPLETED
V-2026-6925;"4/9/2026, 3:13:17 p. m.";Cajero;;4258.38;0;0;0;4258.38;"efectivo: $5.258,38";COMPLETED
V-2026-6924;"4/9/2026, 3:13:17 p. m.";Cajero;;41168.54;0;0;0;41168.54;"efectivo: $42.168,54";COMPLETED
V-2026-6923;"4/9/2026, 3:13:17 p. m.";Cajero;;39542.67;0;0;0;39542.67;"efectivo: $40.542,67";COMPLETED
V-2026-6922;"4/9/2026, 3:13:17 p. m.";Cajero;;38635.1;0;0;0;38635.1;"efectivo: $39.635,1";COMPLETED
V-2026-6921;"4/9/2026, 3:13:17 p. m.";Cajero;;84467.05;0;0;0;84467.05;"efectivo: $85.467,05";COMPLETED
V-2026-6920;"4/9/2026, 3:13:17 p. m.";Cajero;;1644.9;0;0;0;1644.9;"efectivo: $2.644,9";COMPLETED
V-2026-6919;"4/9/2026, 3:13:17 p. m.";Cajero;;60533.9;0;0;0;60533.9;"efectivo: $61.533,9";COMPLETED
V-2026-6918;"4/9/2026, 3:13:17 p. m.";Cajero;;45435.33;0;0;0;45435.33;"efectivo: $46.435,33";COMPLETED
V-2026-6917;"4/9/2026, 3:13:17 p. m.";Cajero;;73643.85;0;0;0;73643.85;"efectivo: $74.643,85";COMPLETED
V-2026-6916;"4/9/2026, 3:13:17 p. m.";Cajero;;27452.15;0;0;0;27452.15;"efectivo: $28.452,15";COMPLETED
V-2026-6915;"4/9/2026, 3:13:17 p. m.";Cajero;;8100.73;0;0;0;8100.73;"efectivo: $9.100,73";COMPLETED
V-2026-6914;"4/9/2026, 3:13:17 p. m.";Cajero;;22615.96;0;0;0;22615.96;"efectivo: $23.615,96";COMPLETED
V-2026-6913;"4/9/2026, 3:13:17 p. m.";Cajero;;88120.25;0;0;0;88120.25;"efectivo: $89.120,25";COMPLETED
V-2026-6912;"4/9/2026, 3:13:17 p. m.";Cajero;;23473.31;0;0;0;23473.31;"efectivo: $24.473,31";COMPLETED
V-2026-6911;"4/9/2026, 3:13:17 p. m.";Cajero;;29610.29;0;0;0;29610.29;"efectivo: $30.610,29";COMPLETED
V-2026-6910;"4/9/2026, 3:13:17 p. m.";Cajero;;40906.15;0;0;0;40906.15;"efectivo: $41.906,15";COMPLETED
V-2026-6909;"4/9/2026, 3:13:17 p. m.";Cajero;;33452.13;0;0;0;33452.13;"efectivo: $34.452,13";COMPLETED
V-2026-6908;"4/9/2026, 3:13:17 p. m.";Cajero;;6861.13;0;0;0;6861.13;"efectivo: $7.861,13";COMPLETED
V-2026-6907;"4/9/2026, 3:13:17 p. m.";Cajero;;8572.28;0;0;0;8572.28;"efectivo: $9.572,28";COMPLETED
V-2026-6906;"4/9/2026, 3:13:17 p. m.";Cajero;;28887.76;0;0;0;28887.76;"efectivo: $29.887,76";COMPLETED
V-2026-6905;"4/9/2026, 3:13:17 p. m.";Cajero;;8001.08;0;0;0;8001.08;"efectivo: $9.001,08";COMPLETED
V-2026-6904;"4/9/2026, 3:13:17 p. m.";Cajero;;43758.25;0;0;0;43758.25;"efectivo: $44.758,25";COMPLETED
V-2026-6903;"4/9/2026, 3:13:17 p. m.";Cajero;;44752.48;0;0;0;44752.48;"efectivo: $45.752,48";COMPLETED
V-2026-6902;"4/9/2026, 3:13:17 p. m.";Cajero;;71564.47;0;0;0;71564.47;"efectivo: $72.564,47";COMPLETED
V-2026-6901;"4/9/2026, 3:13:17 p. m.";Cajero;;24114.16;0;0;0;24114.16;"efectivo: $25.114,16";COMPLETED
V-2026-6900;"4/9/2026, 3:13:17 p. m.";Cajero;;85626.34;0;0;0;85626.34;"efectivo: $86.626,34";COMPLETED
V-2026-6899;"4/9/2026, 3:13:17 p. m.";Cajero;;674.86;0;0;0;674.86;"efectivo: $1.674,86";COMPLETED
V-2026-6898;"4/9/2026, 3:13:17 p. m.";Cajero;;70088.61;0;0;0;70088.61;"efectivo: $71.088,61";COMPLETED
V-2026-6897;"4/9/2026, 3:13:17 p. m.";Cajero;;1119.01;0;0;0;1119.01;"efectivo: $2.119,01";COMPLETED
V-2026-6896;"4/9/2026, 3:13:17 p. m.";Cajero;;32895.52;0;0;0;32895.52;"efectivo: $33.895,52";COMPLETED
V-2026-6895;"4/9/2026, 3:13:17 p. m.";Cajero;;26871.02;0;0;0;26871.02;"efectivo: $27.871,02";COMPLETED
V-2026-6894;"4/9/2026, 3:13:17 p. m.";Cajero;;6002.75;0;0;0;6002.75;"efectivo: $7.002,75";COMPLETED
V-2026-6893;"4/9/2026, 3:13:17 p. m.";Cajero;;33015.66;0;0;0;33015.66;"efectivo: $34.015,66";COMPLETED
V-2026-6892;"4/9/2026, 3:13:17 p. m.";Cajero;;75996.22;0;0;0;75996.22;"efectivo: $76.996,22";COMPLETED
V-2026-6891;"4/9/2026, 3:13:17 p. m.";Cajero;;27573.06;0;0;0;27573.06;"efectivo: $28.573,06";COMPLETED
V-2026-6890;"4/9/2026, 3:13:17 p. m.";Cajero;;28396.17;0;0;0;28396.17;"efectivo: $29.396,17";COMPLETED
V-2026-6889;"4/9/2026, 3:13:17 p. m.";Cajero;;20870.9;0;0;0;20870.9;"efectivo: $21.870,9";COMPLETED
V-2026-6888;"4/9/2026, 3:13:17 p. m.";Cajero;;11904.98;0;0;0;11904.98;"efectivo: $12.904,98";COMPLETED
V-2026-6887;"4/9/2026, 3:13:17 p. m.";Cajero;;50810.97;0;0;0;50810.97;"efectivo: $51.810,97";COMPLETED
V-2026-6886;"4/9/2026, 3:13:17 p. m.";Cajero;;43571.63;0;0;0;43571.63;"efectivo: $44.571,63";COMPLETED
V-2026-6885;"4/9/2026, 3:13:17 p. m.";Cajero;;1261.9;0;0;0;1261.9;"efectivo: $2.261,9";COMPLETED
V-2026-6884;"4/9/2026, 3:13:17 p. m.";Cajero;;91595.64;0;0;0;91595.64;"efectivo: $92.595,64";COMPLETED
V-2026-6883;"4/9/2026, 3:13:17 p. m.";Cajero;;95593.35;0;0;0;95593.35;"efectivo: $96.593,35";COMPLETED
V-2026-6882;"4/9/2026, 3:13:17 p. m.";Cajero;;98739.9;0;0;0;98739.9;"efectivo: $99.739,9";COMPLETED
V-2026-6881;"4/9/2026, 3:13:17 p. m.";Cajero;;26745.24;0;0;0;26745.24;"efectivo: $27.745,24";COMPLETED
V-2026-6880;"4/9/2026, 3:13:17 p. m.";Cajero;;22275.04;0;0;0;22275.04;"efectivo: $23.275,04";COMPLETED
V-2026-6879;"4/9/2026, 3:13:17 p. m.";Cajero;;47514.06;0;0;0;47514.06;"efectivo: $48.514,06";COMPLETED
V-2026-6878;"4/9/2026, 3:13:17 p. m.";Cajero;;1193.69;0;0;0;1193.69;"efectivo: $2.193,69";COMPLETED
V-2026-6877;"4/9/2026, 3:13:17 p. m.";Cajero;;95937.52;0;0;0;95937.52;"efectivo: $96.937,52";COMPLETED
V-2026-6876;"4/9/2026, 3:13:17 p. m.";Cajero;;74149.15;0;0;0;74149.15;"efectivo: $75.149,15";COMPLETED
V-2026-6875;"4/9/2026, 3:13:17 p. m.";Cajero;;47826.67;0;0;0;47826.67;"efectivo: $48.826,67";COMPLETED
V-2026-6874;"4/9/2026, 3:13:17 p. m.";Cajero;;28055.88;0;0;0;28055.88;"efectivo: $29.055,88";COMPLETED
V-2026-6873;"4/9/2026, 3:13:17 p. m.";Cajero;;2269.44;0;0;0;2269.44;"efectivo: $3.269,44";COMPLETED
V-2026-6872;"4/9/2026, 3:13:17 p. m.";Cajero;;20309.81;0;0;0;20309.81;"efectivo: $21.309,81";COMPLETED
V-2026-6871;"4/9/2026, 3:13:17 p. m.";Cajero;;24684;0;0;0;24684;efectivo: $25.684;COMPLETED
V-2026-6870;"4/9/2026, 3:13:17 p. m.";Cajero;;17581.43;0;0;0;17581.43;"efectivo: $18.581,43";COMPLETED
V-2026-6869;"4/9/2026, 3:13:17 p. m.";Cajero;;48780.64;0;0;0;48780.64;"efectivo: $49.780,64";COMPLETED
V-2026-6868;"4/9/2026, 3:13:17 p. m.";Cajero;;42551.47;0;0;0;42551.47;"efectivo: $43.551,47";COMPLETED
V-2026-6867;"4/9/2026, 3:13:17 p. m.";Cajero;;92710.65;0;0;0;92710.65;"efectivo: $93.710,65";COMPLETED
V-2026-6866;"4/9/2026, 3:13:17 p. m.";Cajero;;20742.53;0;0;0;20742.53;"efectivo: $21.742,53";COMPLETED
V-2026-6865;"4/9/2026, 3:13:17 p. m.";Cajero;;1193.69;0;0;0;1193.69;"efectivo: $2.193,69";COMPLETED
V-2026-6864;"4/9/2026, 3:13:17 p. m.";Cajero;;24551.41;0;0;0;24551.41;"efectivo: $25.551,41";COMPLETED
V-2026-6863;"4/9/2026, 3:13:17 p. m.";Cajero;;6579.65;0;0;0;6579.65;"efectivo: $7.579,65";COMPLETED
V-2026-6862;"4/9/2026, 3:13:17 p. m.";Cajero;;21915.4;0;0;0;21915.4;"efectivo: $22.915,4";COMPLETED
V-2026-6861;"4/9/2026, 3:13:17 p. m.";Cajero;;7241.99;0;0;0;7241.99;"efectivo: $8.241,99";COMPLETED
V-2026-6860;"4/9/2026, 3:13:17 p. m.";Cajero;;25969.3;0;0;0;25969.3;"efectivo: $26.969,3";COMPLETED
V-2026-6859;"4/9/2026, 3:13:17 p. m.";Cajero;;67753;0;0;0;67753;efectivo: $68.753;COMPLETED
V-2026-6858;"4/9/2026, 3:13:17 p. m.";Cajero;;43890.63;0;0;0;43890.63;"efectivo: $44.890,63";COMPLETED
V-2026-6857;"4/9/2026, 3:13:16 p. m.";Cajero;;47078.76;0;0;0;47078.76;"efectivo: $48.078,76";COMPLETED
V-2026-6856;"4/9/2026, 3:13:16 p. m.";Cajero;;38839.03;0;0;0;38839.03;"efectivo: $39.839,03";COMPLETED
V-2026-6855;"4/9/2026, 3:13:16 p. m.";Cajero;;70445.28;0;0;0;70445.28;"efectivo: $71.445,28";COMPLETED
V-2026-6854;"4/9/2026, 3:13:16 p. m.";Cajero;;19278.79;0;0;0;19278.79;"efectivo: $20.278,79";COMPLETED
V-2026-6853;"4/9/2026, 3:13:16 p. m.";Cajero;;18601.8;0;0;0;18601.8;"efectivo: $19.601,8";COMPLETED
V-2026-6852;"4/9/2026, 3:13:16 p. m.";Cajero;;51966.78;0;0;0;51966.78;"efectivo: $52.966,78";COMPLETED
V-2026-6851;"4/9/2026, 3:13:16 p. m.";Cajero;;28098.89;0;0;0;28098.89;"efectivo: $29.098,89";COMPLETED
V-2026-6850;"4/9/2026, 3:13:16 p. m.";Cajero;;7241.18;0;0;0;7241.18;"efectivo: $8.241,18";COMPLETED
V-2026-6849;"4/9/2026, 3:13:16 p. m.";Cajero;;40246.68;0;0;0;40246.68;"efectivo: $41.246,68";COMPLETED
V-2026-6848;"4/9/2026, 3:13:16 p. m.";Cajero;;31734.27;0;0;0;31734.27;"efectivo: $32.734,27";COMPLETED
V-2026-6847;"4/9/2026, 3:13:16 p. m.";Cajero;;39849.57;0;0;0;39849.57;"efectivo: $40.849,57";COMPLETED
V-2026-6846;"4/9/2026, 3:13:16 p. m.";Cajero;;7663.69;0;0;0;7663.69;"efectivo: $8.663,69";COMPLETED
V-2026-6845;"4/9/2026, 3:13:16 p. m.";Cajero;;76470.11;0;0;0;76470.11;"efectivo: $77.470,11";COMPLETED
V-2026-6844;"4/9/2026, 3:13:16 p. m.";Cajero;;12901.47;0;0;0;12901.47;"efectivo: $13.901,47";COMPLETED
V-2026-6843;"4/9/2026, 3:13:16 p. m.";Cajero;;26495.03;0;0;0;26495.03;"efectivo: $27.495,03";COMPLETED
V-2026-6842;"4/9/2026, 3:13:16 p. m.";Cajero;;52544.97;0;0;0;52544.97;"efectivo: $53.544,97";COMPLETED
V-2026-6841;"4/9/2026, 3:13:16 p. m.";Cajero;;16956.57;0;0;0;16956.57;"efectivo: $17.956,57";COMPLETED
V-2026-6840;"4/9/2026, 3:13:16 p. m.";Cajero;;38075.77;0;0;0;38075.77;"efectivo: $39.075,77";COMPLETED
V-2026-6839;"4/9/2026, 3:13:16 p. m.";Cajero;;43178.81;0;0;0;43178.81;"efectivo: $44.178,81";COMPLETED
V-2026-6838;"4/9/2026, 3:13:16 p. m.";Cajero;;66892.39;0;0;0;66892.39;"efectivo: $67.892,39";COMPLETED
V-2026-6837;"4/9/2026, 3:13:16 p. m.";Cajero;;7635.7;0;0;0;7635.7;"efectivo: $8.635,7";COMPLETED
V-2026-6836;"4/9/2026, 3:13:16 p. m.";Cajero;;16292.35;0;0;0;16292.35;"efectivo: $17.292,35";COMPLETED
V-2026-6835;"4/9/2026, 3:13:16 p. m.";Cajero;;50641.9;0;0;0;50641.9;"efectivo: $51.641,9";COMPLETED
V-2026-6834;"4/9/2026, 3:13:16 p. m.";Cajero;;28383.32;0;0;0;28383.32;"efectivo: $29.383,32";COMPLETED
V-2026-6833;"4/9/2026, 3:13:16 p. m.";Cajero;;37654.54;0;0;0;37654.54;"efectivo: $38.654,54";COMPLETED
V-2026-6832;"4/9/2026, 3:13:16 p. m.";Cajero;;4125.32;0;0;0;4125.32;"efectivo: $5.125,32";COMPLETED
V-2026-6831;"4/9/2026, 3:13:16 p. m.";Cajero;;41179.28;0;0;0;41179.28;"efectivo: $42.179,28";COMPLETED
V-2026-6830;"4/9/2026, 3:13:16 p. m.";Cajero;;63734.31;0;0;0;63734.31;"efectivo: $64.734,31";COMPLETED
V-2026-6829;"4/9/2026, 3:13:16 p. m.";Cajero;;92800.97;0;0;0;92800.97;"efectivo: $93.800,97";COMPLETED
V-2026-6828;"4/9/2026, 3:13:16 p. m.";Cajero;;11751.86;0;0;0;11751.86;"efectivo: $12.751,86";COMPLETED
V-2026-6827;"4/9/2026, 3:13:16 p. m.";Cajero;;11741.49;0;0;0;11741.49;"efectivo: $12.741,49";COMPLETED
V-2026-6826;"4/9/2026, 3:13:16 p. m.";Cajero;;32524.99;0;0;0;32524.99;"efectivo: $33.524,99";COMPLETED
V-2026-6825;"4/9/2026, 3:13:16 p. m.";Cajero;;85978.67;0;0;0;85978.67;"efectivo: $86.978,67";COMPLETED
V-2026-6824;"4/9/2026, 3:13:16 p. m.";Cajero;;20656.28;0;0;0;20656.28;"efectivo: $21.656,28";COMPLETED
V-2026-6823;"4/9/2026, 3:13:16 p. m.";Cajero;;25338.15;0;0;0;25338.15;"efectivo: $26.338,15";COMPLETED
V-2026-6822;"4/9/2026, 3:13:16 p. m.";Cajero;;23761.66;0;0;0;23761.66;"efectivo: $24.761,66";COMPLETED
V-2026-6821;"4/9/2026, 3:13:16 p. m.";Cajero;;22034.11;0;0;0;22034.11;"efectivo: $23.034,11";COMPLETED
V-2026-6820;"4/9/2026, 3:13:16 p. m.";Cajero;;12307.71;0;0;0;12307.71;"efectivo: $13.307,71";COMPLETED
V-2026-6819;"4/9/2026, 3:13:16 p. m.";Cajero;;15311.68;0;0;0;15311.68;"efectivo: $16.311,68";COMPLETED
V-2026-6818;"4/9/2026, 3:13:16 p. m.";Cajero;;49689.45;0;0;0;49689.45;"efectivo: $50.689,45";COMPLETED
V-2026-6817;"4/9/2026, 3:13:16 p. m.";Cajero;;2483.64;0;0;0;2483.64;"efectivo: $3.483,64";COMPLETED
V-2026-6816;"4/9/2026, 3:13:16 p. m.";Cajero;;21619.86;0;0;0;21619.86;"efectivo: $22.619,86";COMPLETED
V-2026-6815;"4/9/2026, 3:13:16 p. m.";Cajero;;33302.96;0;0;0;33302.96;"efectivo: $34.302,96";COMPLETED
V-2026-6814;"4/9/2026, 3:13:16 p. m.";Cajero;;16935.21;0;0;0;16935.21;"efectivo: $17.935,21";COMPLETED
V-2026-6813;"4/9/2026, 3:13:16 p. m.";Cajero;;36401.34;0;0;0;36401.34;"efectivo: $37.401,34";COMPLETED
V-2026-6812;"4/9/2026, 3:13:16 p. m.";Cajero;;45002.19;0;0;0;45002.19;"efectivo: $46.002,19";COMPLETED
V-2026-6811;"4/9/2026, 3:13:16 p. m.";Cajero;;38632.32;0;0;0;38632.32;"efectivo: $39.632,32";COMPLETED
V-2026-6810;"4/9/2026, 3:13:16 p. m.";Cajero;;53992.43;0;0;0;53992.43;"efectivo: $54.992,43";COMPLETED
V-2026-6809;"4/9/2026, 3:13:16 p. m.";Cajero;;48377.68;0;0;0;48377.68;"efectivo: $49.377,68";COMPLETED
V-2026-6808;"4/9/2026, 3:13:16 p. m.";Cajero;;91137;0;0;0;91137;efectivo: $92.137;COMPLETED
V-2026-6807;"4/9/2026, 3:13:16 p. m.";Cajero;;43142.84;0;0;0;43142.84;"efectivo: $44.142,84";COMPLETED
V-2026-6806;"4/9/2026, 3:13:16 p. m.";Cajero;;37697.83;0;0;0;37697.83;"efectivo: $38.697,83";COMPLETED
V-2026-6805;"4/9/2026, 3:13:16 p. m.";Cajero;;95118.14;0;0;0;95118.14;"efectivo: $96.118,14";COMPLETED
V-2026-6804;"4/9/2026, 3:13:16 p. m.";Cajero;;48574.86;0;0;0;48574.86;"efectivo: $49.574,86";COMPLETED
V-2026-6803;"4/9/2026, 3:13:16 p. m.";Cajero;;85543.51;0;0;0;85543.51;"efectivo: $86.543,51";COMPLETED
V-2026-6802;"4/9/2026, 3:13:16 p. m.";Cajero;;64637.3;0;0;0;64637.3;"efectivo: $65.637,3";COMPLETED
V-2026-6801;"4/9/2026, 3:13:16 p. m.";Cajero;;40830.18;0;0;0;40830.18;"efectivo: $41.830,18";COMPLETED
V-2026-6800;"4/9/2026, 3:13:16 p. m.";Cajero;;97871.15;0;0;0;97871.15;"efectivo: $98.871,15";COMPLETED
V-2026-6799;"4/9/2026, 3:13:16 p. m.";Cajero;;21577.5;0;0;0;21577.5;"efectivo: $22.577,5";COMPLETED
V-2026-6798;"4/9/2026, 3:13:16 p. m.";Cajero;;45476.67;0;0;0;45476.67;"efectivo: $46.476,67";COMPLETED
V-2026-6797;"4/9/2026, 3:13:16 p. m.";Cajero;;79949.37;0;0;0;79949.37;"efectivo: $80.949,37";COMPLETED
V-2026-6796;"4/9/2026, 3:13:16 p. m.";Cajero;;48694.09;0;0;0;48694.09;"efectivo: $49.694,09";COMPLETED
V-2026-6795;"4/9/2026, 3:13:16 p. m.";Cajero;;34446.76;0;0;0;34446.76;"efectivo: $35.446,76";COMPLETED
V-2026-6794;"4/9/2026, 3:13:16 p. m.";Cajero;;33235.1;0;0;0;33235.1;"efectivo: $34.235,1";COMPLETED
V-2026-6793;"4/9/2026, 3:13:16 p. m.";Cajero;;36106.33;0;0;0;36106.33;"efectivo: $37.106,33";COMPLETED
V-2026-6792;"4/9/2026, 3:13:16 p. m.";Cajero;;33452.13;0;0;0;33452.13;"efectivo: $34.452,13";COMPLETED
V-2026-6791;"4/9/2026, 3:13:16 p. m.";Cajero;;90769.61;0;0;0;90769.61;"efectivo: $91.769,61";COMPLETED
V-2026-6790;"4/9/2026, 3:13:16 p. m.";Cajero;;2651.37;0;0;0;2651.37;"efectivo: $3.651,37";COMPLETED
V-2026-6789;"4/9/2026, 3:13:16 p. m.";Cajero;;25463.81;0;0;0;25463.81;"efectivo: $26.463,81";COMPLETED
V-2026-6788;"4/9/2026, 3:13:16 p. m.";Cajero;;11159.37;0;0;0;11159.37;"efectivo: $12.159,37";COMPLETED
V-2026-6787;"4/9/2026, 3:13:16 p. m.";Cajero;;75218.14;0;0;0;75218.14;"efectivo: $76.218,14";COMPLETED
V-2026-6786;"4/9/2026, 3:13:16 p. m.";Cajero;;42834.78;0;0;0;42834.78;"efectivo: $43.834,78";COMPLETED
V-2026-6785;"4/9/2026, 3:13:16 p. m.";Cajero;;19311.35;0;0;0;19311.35;"efectivo: $20.311,35";COMPLETED
V-2026-6784;"4/9/2026, 3:13:16 p. m.";Cajero;;28347.57;0;0;0;28347.57;"efectivo: $29.347,57";COMPLETED
V-2026-6783;"4/9/2026, 3:13:16 p. m.";Cajero;;34064.48;0;0;0;34064.48;"efectivo: $35.064,48";COMPLETED
V-2026-6782;"4/9/2026, 3:13:16 p. m.";Cajero;;57364;0;0;0;57364;efectivo: $58.364;COMPLETED
V-2026-6781;"4/9/2026, 3:13:16 p. m.";Cajero;;12532.54;0;0;0;12532.54;"efectivo: $13.532,54";COMPLETED
V-2026-6780;"4/9/2026, 3:13:16 p. m.";Cajero;;21305.46;0;0;0;21305.46;"efectivo: $22.305,46";COMPLETED
V-2026-6779;"4/9/2026, 3:13:16 p. m.";Cajero;;69592.3;0;0;0;69592.3;"efectivo: $70.592,3";COMPLETED
V-2026-6778;"4/9/2026, 3:13:16 p. m.";Cajero;;709.92;0;0;0;709.92;"efectivo: $1.709,92";COMPLETED
V-2026-6777;"4/9/2026, 3:13:16 p. m.";Cajero;;48694.09;0;0;0;48694.09;"efectivo: $49.694,09";COMPLETED
V-2026-6776;"4/9/2026, 3:13:15 p. m.";Cajero;;6964.51;0;0;0;6964.51;"efectivo: $7.964,51";COMPLETED
V-2026-6775;"4/9/2026, 3:13:15 p. m.";Cajero;;32524.99;0;0;0;32524.99;"efectivo: $33.524,99";COMPLETED
V-2026-6774;"4/9/2026, 3:13:15 p. m.";Cajero;;96266.99;0;0;0;96266.99;"efectivo: $97.266,99";COMPLETED
V-2026-6773;"4/9/2026, 3:13:15 p. m.";Cajero;;51893.24;0;0;0;51893.24;"efectivo: $52.893,24";COMPLETED
V-2026-6772;"4/9/2026, 3:13:15 p. m.";Cajero;;62672.54;0;0;0;62672.54;"efectivo: $63.672,54";COMPLETED
V-2026-6771;"4/9/2026, 3:13:15 p. m.";Cajero;;18854;0;0;0;18854;efectivo: $19.854;COMPLETED
V-2026-6770;"4/9/2026, 3:13:15 p. m.";Cajero;;9574.56;0;0;0;9574.56;"efectivo: $10.574,56";COMPLETED
V-2026-6769;"4/9/2026, 3:13:15 p. m.";Cajero;;38627.23;0;0;0;38627.23;"efectivo: $39.627,23";COMPLETED
V-2026-6768;"4/9/2026, 3:13:15 p. m.";Cajero;;7171.65;0;0;0;7171.65;"efectivo: $8.171,65";COMPLETED
V-2026-6767;"4/9/2026, 3:13:15 p. m.";Cajero;;4722.83;0;0;0;4722.83;"efectivo: $5.722,83";COMPLETED
V-2026-6766;"4/9/2026, 3:13:15 p. m.";Cajero;;24890.79;0;0;0;24890.79;"efectivo: $25.890,79";COMPLETED
V-2026-6765;"4/9/2026, 3:13:15 p. m.";Cajero;;20088.2;0;0;0;20088.2;"efectivo: $21.088,2";COMPLETED
V-2026-6764;"4/9/2026, 3:13:15 p. m.";Cajero;;37739.64;0;0;0;37739.64;"efectivo: $38.739,64";COMPLETED
V-2026-6763;"4/9/2026, 3:13:15 p. m.";Cajero;;32654.22;0;0;0;32654.22;"efectivo: $33.654,22";COMPLETED
V-2026-6762;"4/9/2026, 3:13:15 p. m.";Cajero;;55749.58;0;0;0;55749.58;"efectivo: $56.749,58";COMPLETED
V-2026-6761;"4/9/2026, 3:13:15 p. m.";Cajero;;11086.31;0;0;0;11086.31;"efectivo: $12.086,31";COMPLETED
V-2026-6760;"4/9/2026, 3:13:15 p. m.";Cajero;;6972.44;0;0;0;6972.44;"efectivo: $7.972,44";COMPLETED
V-2026-6759;"4/9/2026, 3:13:15 p. m.";Cajero;;24535.51;0;0;0;24535.51;"efectivo: $25.535,51";COMPLETED
V-2026-6758;"4/9/2026, 3:13:15 p. m.";Cajero;;20644.81;0;0;0;20644.81;"efectivo: $21.644,81";COMPLETED
V-2026-6757;"4/9/2026, 3:13:15 p. m.";Cajero;;10790.61;0;0;0;10790.61;"efectivo: $11.790,61";COMPLETED
V-2026-6756;"4/9/2026, 3:13:15 p. m.";Cajero;;23107.11;0;0;0;23107.11;"efectivo: $24.107,11";COMPLETED
V-2026-6755;"4/9/2026, 3:13:15 p. m.";Cajero;;9206.32;0;0;0;9206.32;"efectivo: $10.206,32";COMPLETED
V-2026-6754;"4/9/2026, 3:13:15 p. m.";Cajero;;3372.47;0;0;0;3372.47;"efectivo: $4.372,47";COMPLETED
V-2026-6753;"4/9/2026, 3:13:15 p. m.";Cajero;;5849.37;0;0;0;5849.37;"efectivo: $6.849,37";COMPLETED
V-2026-6752;"4/9/2026, 3:13:15 p. m.";Cajero;;3849.03;0;0;0;3849.03;"efectivo: $4.849,03";COMPLETED
V-2026-6751;"4/9/2026, 3:13:15 p. m.";Cajero;;75098.62;0;0;0;75098.62;"efectivo: $76.098,62";COMPLETED
V-2026-6750;"4/9/2026, 3:13:15 p. m.";Cajero;;24774.79;0;0;0;24774.79;"efectivo: $25.774,79";COMPLETED
V-2026-6749;"4/9/2026, 3:13:15 p. m.";Cajero;;11636.41;0;0;0;11636.41;"efectivo: $12.636,41";COMPLETED
V-2026-6748;"4/9/2026, 3:13:15 p. m.";Cajero;;92203.66;0;0;0;92203.66;"efectivo: $93.203,66";COMPLETED
V-2026-6747;"4/9/2026, 3:13:15 p. m.";Cajero;;96549.56;0;0;0;96549.56;"efectivo: $97.549,56";COMPLETED
V-2026-6746;"4/9/2026, 3:13:15 p. m.";Cajero;;85802.28;0;0;0;85802.28;"efectivo: $86.802,28";COMPLETED
V-2026-6745;"4/9/2026, 3:13:15 p. m.";Cajero;;28085.26;0;0;0;28085.26;"efectivo: $29.085,26";COMPLETED
V-2026-6744;"4/9/2026, 3:13:15 p. m.";Cajero;;10458.89;0;0;0;10458.89;"efectivo: $11.458,89";COMPLETED
V-2026-6743;"4/9/2026, 3:13:15 p. m.";Cajero;;2760.74;0;0;0;2760.74;"efectivo: $3.760,74";COMPLETED
V-2026-6742;"4/9/2026, 3:13:15 p. m.";Cajero;;40570.54;0;0;0;40570.54;"efectivo: $41.570,54";COMPLETED
V-2026-6741;"4/9/2026, 3:13:15 p. m.";Cajero;;53465.97;0;0;0;53465.97;"efectivo: $54.465,97";COMPLETED
V-2026-6740;"4/9/2026, 3:13:15 p. m.";Cajero;;30703.63;0;0;0;30703.63;"efectivo: $31.703,63";COMPLETED
V-2026-6739;"4/9/2026, 3:13:15 p. m.";Cajero;;35376.98;0;0;0;35376.98;"efectivo: $36.376,98";COMPLETED
V-2026-6738;"4/9/2026, 3:13:15 p. m.";Cajero;;36867.65;0;0;0;36867.65;"efectivo: $37.867,65";COMPLETED
V-2026-6737;"4/9/2026, 3:13:15 p. m.";Cajero;;21213.93;0;0;0;21213.93;"efectivo: $22.213,93";COMPLETED
V-2026-6736;"4/9/2026, 3:13:15 p. m.";Cajero;;9768.26;0;0;0;9768.26;"efectivo: $10.768,26";COMPLETED
V-2026-6735;"4/9/2026, 3:13:15 p. m.";Cajero;;44626.93;0;0;0;44626.93;"efectivo: $45.626,93";COMPLETED
V-2026-6734;"4/9/2026, 3:13:15 p. m.";Cajero;;32961.46;0;0;0;32961.46;"efectivo: $33.961,46";COMPLETED
V-2026-6733;"4/9/2026, 3:13:15 p. m.";Cajero;;49183.74;0;0;0;49183.74;"efectivo: $50.183,74";COMPLETED
V-2026-6732;"4/9/2026, 3:13:15 p. m.";Cajero;;25890.86;0;0;0;25890.86;"efectivo: $26.890,86";COMPLETED
V-2026-6731;"4/9/2026, 3:13:15 p. m.";Cajero;;3549.78;0;0;0;3549.78;"efectivo: $4.549,78";COMPLETED
V-2026-6730;"4/9/2026, 3:13:15 p. m.";Cajero;;58829.81;0;0;0;58829.81;"efectivo: $59.829,81";COMPLETED
V-2026-6729;"4/9/2026, 3:13:15 p. m.";Cajero;;29493.65;0;0;0;29493.65;"efectivo: $30.493,65";COMPLETED
V-2026-6728;"4/9/2026, 3:13:15 p. m.";Cajero;;46741.57;0;0;0;46741.57;"efectivo: $47.741,57";COMPLETED
V-2026-6727;"4/9/2026, 3:13:15 p. m.";Cajero;;43344.57;0;0;0;43344.57;"efectivo: $44.344,57";COMPLETED
V-2026-6726;"4/9/2026, 3:13:15 p. m.";Cajero;;19635.89;0;0;0;19635.89;"efectivo: $20.635,89";COMPLETED
V-2026-6725;"4/9/2026, 3:13:15 p. m.";Cajero;;41947.04;0;0;0;41947.04;"efectivo: $42.947,04";COMPLETED
V-2026-6724;"4/9/2026, 3:13:15 p. m.";Cajero;;77761.12;0;0;0;77761.12;"efectivo: $78.761,12";COMPLETED
V-2026-6723;"4/9/2026, 3:13:15 p. m.";Cajero;;45046.69;0;0;0;45046.69;"efectivo: $46.046,69";COMPLETED
V-2026-6722;"4/9/2026, 3:13:15 p. m.";Cajero;;58235.13;0;0;0;58235.13;"efectivo: $59.235,13";COMPLETED
V-2026-6721;"4/9/2026, 3:13:15 p. m.";Cajero;;67514.94;0;0;0;67514.94;"efectivo: $68.514,94";COMPLETED
V-2026-6720;"4/9/2026, 3:13:15 p. m.";Cajero;;31290.63;0;0;0;31290.63;"efectivo: $32.290,63";COMPLETED
V-2026-6719;"4/9/2026, 3:13:15 p. m.";Cajero;;45821.78;0;0;0;45821.78;"efectivo: $46.821,78";COMPLETED
V-2026-6718;"4/9/2026, 3:13:15 p. m.";Cajero;;11860;0;0;0;11860;efectivo: $12.860;COMPLETED
V-2026-6717;"4/9/2026, 3:13:15 p. m.";Cajero;;36787.37;0;0;0;36787.37;"efectivo: $37.787,37";COMPLETED
V-2026-6716;"4/9/2026, 3:13:15 p. m.";Cajero;;31704.6;0;0;0;31704.6;"efectivo: $32.704,6";COMPLETED
V-2026-6715;"4/9/2026, 3:13:15 p. m.";Cajero;;45315.24;0;0;0;45315.24;"efectivo: $46.315,24";COMPLETED
V-2026-6714;"4/9/2026, 3:13:15 p. m.";Cajero;;68480.74;0;0;0;68480.74;"efectivo: $69.480,74";COMPLETED
V-2026-6713;"4/9/2026, 3:13:15 p. m.";Cajero;;3760.78;0;0;0;3760.78;"efectivo: $4.760,78";COMPLETED
V-2026-6712;"4/9/2026, 3:13:15 p. m.";Cajero;;34980.2;0;0;0;34980.2;"efectivo: $35.980,2";COMPLETED
V-2026-6711;"4/9/2026, 3:13:15 p. m.";Cajero;;99471.36;0;0;0;99471.36;"efectivo: $100.471,36";COMPLETED
V-2026-6710;"4/9/2026, 3:13:15 p. m.";Cajero;;73284.23;0;0;0;73284.23;"efectivo: $74.284,23";COMPLETED
V-2026-6709;"4/9/2026, 3:13:15 p. m.";Cajero;;33481.86;0;0;0;33481.86;"efectivo: $34.481,86";COMPLETED
V-2026-6708;"4/9/2026, 3:13:15 p. m.";Cajero;;19078.86;0;0;0;19078.86;"efectivo: $20.078,86";COMPLETED
V-2026-6707;"4/9/2026, 3:13:15 p. m.";Cajero;;49964.61;0;0;0;49964.61;"efectivo: $50.964,61";COMPLETED
V-2026-6706;"4/9/2026, 3:13:15 p. m.";Cajero;;27713.85;0;0;0;27713.85;"efectivo: $28.713,85";COMPLETED
V-2026-6705;"4/9/2026, 3:13:15 p. m.";Cajero;;31814.56;0;0;0;31814.56;"efectivo: $32.814,56";COMPLETED
V-2026-6704;"4/9/2026, 3:13:15 p. m.";Cajero;;25156.69;0;0;0;25156.69;"efectivo: $26.156,69";COMPLETED
V-2026-6703;"4/9/2026, 3:13:15 p. m.";Cajero;;18077.19;0;0;0;18077.19;"efectivo: $19.077,19";COMPLETED
V-2026-6702;"4/9/2026, 3:13:15 p. m.";Cajero;;5740.67;0;0;0;5740.67;"efectivo: $6.740,67";COMPLETED
V-2026-6701;"4/9/2026, 3:13:15 p. m.";Cajero;;8567.32;0;0;0;8567.32;"efectivo: $9.567,32";COMPLETED
V-2026-6700;"4/9/2026, 3:11:58 p. m.";Cajero;Cliente 1;33782.2;0;0;0;33782.2;"credito: $33.782,2";COMPLETED
V-2026-6699;"4/9/2026, 3:11:58 p. m.";Cajero;Cliente 1;40029.23;0;0;0;40029.23;"credito: $40.029,23";COMPLETED
V-2026-6698;"4/9/2026, 3:11:58 p. m.";Cajero;Cliente 1;35433.43;0;0;0;35433.43;"credito: $35.433,43";COMPLETED
V-2026-6697;"4/9/2026, 3:11:58 p. m.";Cajero;Cliente 1;31526.87;0;0;0;31526.87;"credito: $31.526,87";COMPLETED
V-2026-6696;"4/9/2026, 3:11:58 p. m.";Cajero;Cliente 1;71187.83;0;0;0;71187.83;"credito: $71.187,83";COMPLETED
V-2026-6695;"4/9/2026, 3:11:58 p. m.";Cajero;Cliente 1;22022.05;0;0;0;22022.05;"credito: $22.022,05";COMPLETED
V-2026-6694;"4/9/2026, 3:11:58 p. m.";Cajero;Cliente 1;66892.39;0;0;0;66892.39;"credito: $66.892,39";COMPLETED
V-2026-6693;"4/9/2026, 3:11:58 p. m.";Cajero;Cliente 1;46068.38;0;0;0;46068.38;"credito: $46.068,38";COMPLETED
V-2026-6692;"4/9/2026, 3:11:58 p. m.";Cajero;Cliente 1;39929.54;0;0;0;39929.54;"credito: $39.929,54";COMPLETED
V-2026-6691;"4/9/2026, 3:11:58 p. m.";Cajero;Cliente 1;38144.08;0;0;0;38144.08;"credito: $38.144,08";COMPLETED
V-2026-6690;"4/9/2026, 3:11:58 p. m.";Cajero;Cliente 1;30533.47;0;0;0;30533.47;"credito: $30.533,47";COMPLETED
V-2026-6689;"4/9/2026, 3:11:58 p. m.";Cajero;Cliente 1;43467.99;0;0;0;43467.99;"credito: $43.467,99";COMPLETED
V-2026-6688;"4/9/2026, 3:11:58 p. m.";Cajero;Cliente 1;98310.16;0;0;0;98310.16;"credito: $98.310,16";COMPLETED
V-2026-6687;"4/9/2026, 3:11:57 p. m.";Cajero;Cliente 1;16622.84;0;0;0;16622.84;"credito: $16.622,84";COMPLETED
V-2026-6686;"4/9/2026, 3:11:57 p. m.";Cajero;Cliente 1;30466.07;0;0;0;30466.07;"credito: $30.466,07";COMPLETED
V-2026-6685;"4/9/2026, 3:11:57 p. m.";Cajero;Cliente 1;40661.35;0;0;0;40661.35;"credito: $40.661,35";COMPLETED
V-2026-6684;"4/9/2026, 3:11:57 p. m.";Cajero;Cliente 1;35422.16;0;0;0;35422.16;"credito: $35.422,16";COMPLETED
V-2026-6683;"4/9/2026, 3:11:57 p. m.";Cajero;Cliente 1;27985.49;0;0;0;27985.49;"credito: $27.985,49";COMPLETED
V-2026-6682;"4/9/2026, 3:11:57 p. m.";Cajero;Cliente 1;27588.5;0;0;0;27588.5;"credito: $27.588,5";COMPLETED
V-2026-6681;"4/9/2026, 3:11:57 p. m.";Cajero;Cliente 1;80415.33;0;0;0;80415.33;"credito: $80.415,33";COMPLETED
V-2026-6680;"4/9/2026, 3:11:57 p. m.";Cajero;Cliente 1;8679.75;0;0;0;8679.75;"credito: $8.679,75";COMPLETED
V-2026-6679;"4/9/2026, 3:11:57 p. m.";Cajero;Cliente 1;20884.51;0;0;0;20884.51;"credito: $20.884,51";COMPLETED
V-2026-6678;"4/9/2026, 3:11:57 p. m.";Cajero;Cliente 1;8778.8;0;0;0;8778.8;"credito: $8.778,8";COMPLETED
V-2026-6677;"4/9/2026, 3:11:57 p. m.";Cajero;Cliente 1;90221.97;0;0;0;90221.97;"credito: $90.221,97";COMPLETED
V-2026-6676;"4/9/2026, 3:11:57 p. m.";Cajero;Cliente 1;20928.71;0;0;0;20928.71;"credito: $20.928,71";COMPLETED
V-2026-6675;"4/9/2026, 3:11:57 p. m.";Cajero;Cliente 1;16153.87;0;0;0;16153.87;"credito: $16.153,87";COMPLETED
V-2026-6674;"4/9/2026, 3:11:57 p. m.";Cajero;Cliente 1;27985.49;0;0;0;27985.49;"credito: $27.985,49";COMPLETED
V-2026-6673;"4/9/2026, 3:11:57 p. m.";Cajero;Cliente 1;24380.56;0;0;0;24380.56;"credito: $24.380,56";COMPLETED
V-2026-6672;"4/9/2026, 3:11:57 p. m.";Cajero;Cliente 1;56466.94;0;0;0;56466.94;"credito: $56.466,94";COMPLETED
V-2026-6671;"4/9/2026, 3:11:57 p. m.";Cajero;Cliente 1;14096.67;0;0;0;14096.67;"credito: $14.096,67";COMPLETED
V-2026-6670;"4/9/2026, 3:11:57 p. m.";Cajero;Cliente 1;65700.06;0;0;0;65700.06;"credito: $65.700,06";COMPLETED
V-2026-6669;"4/9/2026, 3:11:57 p. m.";Cajero;Cliente 1;90222.24;0;0;0;90222.24;"credito: $90.222,24";COMPLETED
V-2026-6668;"4/9/2026, 3:11:57 p. m.";Cajero;Cliente 1;20091.44;0;0;0;20091.44;"credito: $20.091,44";COMPLETED
V-2026-6667;"4/9/2026, 3:11:57 p. m.";Cajero;Cliente 1;90769.61;0;0;0;90769.61;"credito: $90.769,61";COMPLETED
V-2026-6666;"4/9/2026, 3:11:56 p. m.";Cajero;Cliente 1;7477.6;0;0;0;7477.6;"credito: $7.477,6";COMPLETED
V-2026-6665;"4/9/2026, 3:11:56 p. m.";Cajero;Cliente 1;44155.95;0;0;0;44155.95;"credito: $44.155,95";COMPLETED
V-2026-6664;"4/9/2026, 3:11:56 p. m.";Cajero;Cliente 1;805.73;0;0;0;805.73;"credito: $805,73";COMPLETED
V-2026-6663;"4/9/2026, 3:11:56 p. m.";Cajero;Cliente 1;53584.58;0;0;0;53584.58;"credito: $53.584,58";COMPLETED
V-2026-6662;"4/9/2026, 3:11:56 p. m.";Cajero;Cliente 1;2255.87;0;0;0;2255.87;"credito: $2.255,87";COMPLETED
V-2026-6661;"4/9/2026, 3:11:56 p. m.";Cajero;Cliente 1;32712.46;0;0;0;32712.46;"credito: $32.712,46";COMPLETED
V-2026-6660;"4/9/2026, 3:11:56 p. m.";Cajero;Cliente 1;40750.53;0;0;0;40750.53;"credito: $40.750,53";COMPLETED
V-2026-6659;"4/9/2026, 3:11:56 p. m.";Cajero;Cliente 1;31088.03;0;0;0;31088.03;"credito: $31.088,03";COMPLETED
V-2026-6658;"4/9/2026, 3:11:56 p. m.";Cajero;Cliente 1;42002.64;0;0;0;42002.64;"credito: $42.002,64";COMPLETED
V-2026-6657;"4/9/2026, 3:11:56 p. m.";Cajero;Cliente 1;36801.07;0;0;0;36801.07;"credito: $36.801,07";COMPLETED
V-2026-6656;"4/9/2026, 3:11:56 p. m.";Cajero;Cliente 1;32769.88;0;0;0;32769.88;"credito: $32.769,88";COMPLETED
V-2026-6655;"4/9/2026, 3:11:56 p. m.";Cajero;Cliente 1;12176.79;0;0;0;12176.79;"credito: $12.176,79";COMPLETED
V-2026-6654;"4/9/2026, 3:11:56 p. m.";Cajero;Cliente 1;82376.01;0;0;0;82376.01;"credito: $82.376,01";COMPLETED
V-2026-6653;"4/9/2026, 3:11:56 p. m.";Cajero;Cliente 1;93704.03;0;0;0;93704.03;"credito: $93.704,03";COMPLETED
V-2026-6652;"4/9/2026, 3:11:56 p. m.";Cajero;Cliente 1;48693.67;0;0;0;48693.67;"credito: $48.693,67";COMPLETED
V-2026-6651;"4/9/2026, 3:11:56 p. m.";Cajero;Cliente 1;33304.52;0;0;0;33304.52;"credito: $33.304,52";COMPLETED
V-2026-6650;"4/9/2026, 3:11:56 p. m.";Cajero;Cliente 1;17293;0;0;0;17293;credito: $17.293;COMPLETED
V-2026-6649;"4/9/2026, 3:11:56 p. m.";Cajero;Cliente 1;89037.11;0;0;0;89037.11;"credito: $89.037,11";COMPLETED
V-2026-6648;"4/9/2026, 3:11:56 p. m.";Cajero;Cliente 1;45821.78;0;0;0;45821.78;"credito: $45.821,78";COMPLETED
V-2026-6647;"4/9/2026, 3:11:56 p. m.";Cajero;Cliente 1;28113.71;0;0;0;28113.71;"credito: $28.113,71";COMPLETED
V-2026-6646;"4/9/2026, 3:11:56 p. m.";Cajero;Cliente 1;41268.83;0;0;0;41268.83;"credito: $41.268,83";COMPLETED
V-2026-6645;"4/9/2026, 3:11:55 p. m.";Cajero;Cliente 1;76743.37;0;0;0;76743.37;"credito: $76.743,37";COMPLETED
V-2026-6644;"4/9/2026, 3:11:55 p. m.";Cajero;Cliente 1;21355.56;0;0;0;21355.56;"credito: $21.355,56";COMPLETED
V-2026-6643;"4/9/2026, 3:11:55 p. m.";Cajero;Cliente 1;4957.39;0;0;0;4957.39;"credito: $4.957,39";COMPLETED
V-2026-6642;"4/9/2026, 3:11:55 p. m.";Cajero;Cliente 1;49309.87;0;0;0;49309.87;"credito: $49.309,87";COMPLETED
V-2026-6641;"4/9/2026, 3:11:55 p. m.";Cajero;Cliente 1;31935.88;0;0;0;31935.88;"credito: $31.935,88";COMPLETED
V-2026-6640;"4/9/2026, 3:11:55 p. m.";Cajero;Cliente 1;10566.15;0;0;0;10566.15;"credito: $10.566,15";COMPLETED
V-2026-6639;"4/9/2026, 3:11:55 p. m.";Cajero;Cliente 1;47391.4;0;0;0;47391.4;"credito: $47.391,4";COMPLETED
V-2026-6638;"4/9/2026, 3:11:55 p. m.";Cajero;Cliente 1;45563.43;0;0;0;45563.43;"credito: $45.563,43";COMPLETED
V-2026-6637;"4/9/2026, 3:11:55 p. m.";Cajero;Cliente 1;27829.4;0;0;0;27829.4;"credito: $27.829,4";COMPLETED
V-2026-6636;"4/9/2026, 3:11:55 p. m.";Cajero;Cliente 1;45181.3;0;0;0;45181.3;"credito: $45.181,3";COMPLETED
V-2026-6635;"4/9/2026, 3:11:55 p. m.";Cajero;Cliente 1;4871.18;0;0;0;4871.18;"credito: $4.871,18";COMPLETED
V-2026-6634;"4/9/2026, 3:11:55 p. m.";Cajero;Cliente 1;34926.51;0;0;0;34926.51;"credito: $34.926,51";COMPLETED
V-2026-6633;"4/9/2026, 3:11:55 p. m.";Cajero;Cliente 1;88037.49;0;0;0;88037.49;"credito: $88.037,49";COMPLETED
V-2026-6632;"4/9/2026, 3:11:55 p. m.";Cajero;Cliente 1;34216.23;0;0;0;34216.23;"credito: $34.216,23";COMPLETED
V-2026-6631;"4/9/2026, 3:11:55 p. m.";Cajero;Cliente 1;15261.24;0;0;0;15261.24;"credito: $15.261,24";COMPLETED
V-2026-6630;"4/9/2026, 3:11:55 p. m.";Cajero;Cliente 1;46049.94;0;0;0;46049.94;"credito: $46.049,94";COMPLETED
V-2026-6629;"4/9/2026, 3:11:55 p. m.";Cajero;Cliente 1;18970.22;0;0;0;18970.22;"credito: $18.970,22";COMPLETED
V-2026-6628;"4/9/2026, 3:11:55 p. m.";Cajero;Cliente 1;40047.56;0;0;0;40047.56;"credito: $40.047,56";COMPLETED
V-2026-6627;"4/9/2026, 3:11:55 p. m.";Cajero;Cliente 1;27688.35;0;0;0;27688.35;"credito: $27.688,35";COMPLETED
V-2026-6626;"4/9/2026, 3:11:55 p. m.";Cajero;Cliente 1;41610.67;0;0;0;41610.67;"credito: $41.610,67";COMPLETED
V-2026-6625;"4/9/2026, 3:11:54 p. m.";Cajero;Cliente 1;17047.51;0;0;0;17047.51;"credito: $17.047,51";COMPLETED
V-2026-6624;"4/9/2026, 3:11:54 p. m.";Cajero;Cliente 1;67995.75;0;0;0;67995.75;"credito: $67.995,75";COMPLETED
V-2026-6623;"4/9/2026, 3:11:54 p. m.";Cajero;Cliente 1;47680.6;0;0;0;47680.6;"credito: $47.680,6";COMPLETED
V-2026-6622;"4/9/2026, 3:11:54 p. m.";Cajero;Cliente 1;34727.66;0;0;0;34727.66;"credito: $34.727,66";COMPLETED
V-2026-6621;"4/9/2026, 3:11:54 p. m.";Cajero;Cliente 1;50641.9;0;0;0;50641.9;"credito: $50.641,9";COMPLETED
V-2026-6620;"4/9/2026, 3:11:54 p. m.";Cajero;Cliente 1;11101.21;0;0;0;11101.21;"credito: $11.101,21";COMPLETED
V-2026-6619;"4/9/2026, 3:11:54 p. m.";Cajero;Cliente 1;7971.04;0;0;0;7971.04;"credito: $7.971,04";COMPLETED
V-2026-6618;"4/9/2026, 3:11:54 p. m.";Cajero;Cliente 1;4280.51;0;0;0;4280.51;"credito: $4.280,51";COMPLETED
V-2026-6617;"4/9/2026, 3:11:54 p. m.";Cajero;Cliente 1;64351.42;0;0;0;64351.42;"credito: $64.351,42";COMPLETED
V-2026-6616;"4/9/2026, 3:11:54 p. m.";Cajero;Cliente 1;50109.08;0;0;0;50109.08;"credito: $50.109,08";COMPLETED
V-2026-6615;"4/9/2026, 3:11:54 p. m.";Cajero;Cliente 1;31026.74;0;0;0;31026.74;"credito: $31.026,74";COMPLETED
V-2026-6614;"4/9/2026, 3:11:54 p. m.";Cajero;Cliente 1;32767.23;0;0;0;32767.23;"credito: $32.767,23";COMPLETED
V-2026-6613;"4/9/2026, 3:11:54 p. m.";Cajero;Cliente 1;8251.02;0;0;0;8251.02;"credito: $8.251,02";COMPLETED
V-2026-6612;"4/9/2026, 3:11:54 p. m.";Cajero;Cliente 1;33222.84;0;0;0;33222.84;"credito: $33.222,84";COMPLETED
V-2026-6611;"4/9/2026, 3:11:54 p. m.";Cajero;Cliente 1;34741.84;0;0;0;34741.84;"credito: $34.741,84";COMPLETED
V-2026-6610;"4/9/2026, 3:11:54 p. m.";Cajero;Cliente 1;86521.76;0;0;0;86521.76;"credito: $86.521,76";COMPLETED
V-2026-6609;"4/9/2026, 3:11:54 p. m.";Cajero;Cliente 1;82376.01;0;0;0;82376.01;"credito: $82.376,01";COMPLETED
V-2026-6608;"4/9/2026, 3:11:54 p. m.";Cajero;Cliente 1;76404.1;0;0;0;76404.1;"credito: $76.404,1";COMPLETED
V-2026-6607;"4/9/2026, 3:11:54 p. m.";Cajero;Cliente 1;9325.31;0;0;0;9325.31;"credito: $9.325,31";COMPLETED
V-2026-6606;"4/9/2026, 3:11:54 p. m.";Cajero;Cliente 1;69301.97;0;0;0;69301.97;"credito: $69.301,97";COMPLETED
V-2026-6605;"4/9/2026, 3:11:53 p. m.";Cajero;Cliente 1;7172.06;0;0;0;7172.06;"credito: $7.172,06";COMPLETED
V-2026-6604;"4/9/2026, 3:11:53 p. m.";Cajero;Cliente 1;71694.48;0;0;0;71694.48;"credito: $71.694,48";COMPLETED
V-2026-6603;"4/9/2026, 3:11:53 p. m.";Cajero;Cliente 1;5704.62;0;0;0;5704.62;"credito: $5.704,62";COMPLETED
V-2026-6602;"4/9/2026, 3:11:53 p. m.";Cajero;Cliente 1;69804.7;0;0;0;69804.7;"credito: $69.804,7";COMPLETED
V-2026-6601;"4/9/2026, 3:11:53 p. m.";Cajero;Cliente 1;8705.18;0;0;0;8705.18;"credito: $8.705,18";COMPLETED
V-2026-6600;"4/9/2026, 3:11:53 p. m.";Cajero;Cliente 1;55463.21;0;0;0;55463.21;"credito: $55.463,21";COMPLETED
V-2026-6599;"4/9/2026, 3:11:53 p. m.";Cajero;Cliente 1;33679.86;0;0;0;33679.86;"credito: $33.679,86";COMPLETED
V-2026-6598;"4/9/2026, 3:11:53 p. m.";Cajero;Cliente 1;39052.22;0;0;0;39052.22;"credito: $39.052,22";COMPLETED
V-2026-6597;"4/9/2026, 3:11:53 p. m.";Cajero;Cliente 1;31698.87;0;0;0;31698.87;"credito: $31.698,87";COMPLETED
V-2026-6596;"4/9/2026, 3:11:53 p. m.";Cajero;Cliente 1;91248.87;0;0;0;91248.87;"credito: $91.248,87";COMPLETED
V-2026-6595;"4/9/2026, 3:11:53 p. m.";Cajero;Cliente 1;22766.27;0;0;0;22766.27;"credito: $22.766,27";COMPLETED
V-2026-6594;"4/9/2026, 3:11:53 p. m.";Cajero;Cliente 1;3849.03;0;0;0;3849.03;"credito: $3.849,03";COMPLETED
V-2026-6593;"4/9/2026, 3:11:53 p. m.";Cajero;Cliente 1;85582.58;0;0;0;85582.58;"credito: $85.582,58";COMPLETED
V-2026-6592;"4/9/2026, 3:11:53 p. m.";Cajero;Cliente 1;45228.98;0;0;0;45228.98;"credito: $45.228,98";COMPLETED
V-2026-6591;"4/9/2026, 3:11:53 p. m.";Cajero;Cliente 1;40913.47;0;0;0;40913.47;"credito: $40.913,47";COMPLETED
V-2026-6590;"4/9/2026, 3:11:53 p. m.";Cajero;Cliente 1;38623.15;0;0;0;38623.15;"credito: $38.623,15";COMPLETED
V-2026-6589;"4/9/2026, 3:11:53 p. m.";Cajero;Cliente 1;73052.78;0;0;0;73052.78;"credito: $73.052,78";COMPLETED
V-2026-6588;"4/9/2026, 3:11:53 p. m.";Cajero;Cliente 1;25165.76;0;0;0;25165.76;"credito: $25.165,76";COMPLETED
V-2026-6587;"4/9/2026, 3:11:53 p. m.";Cajero;Cliente 1;48162.2;0;0;0;48162.2;"credito: $48.162,2";COMPLETED
V-2026-6586;"4/9/2026, 3:11:52 p. m.";Cajero;Cliente 1;25485.81;0;0;0;25485.81;"credito: $25.485,81";COMPLETED
V-2026-6585;"4/9/2026, 3:11:52 p. m.";Cajero;Cliente 1;26869.55;0;0;0;26869.55;"credito: $26.869,55";COMPLETED
V-2026-6584;"4/9/2026, 3:11:52 p. m.";Cajero;Cliente 1;13208.86;0;0;0;13208.86;"credito: $13.208,86";COMPLETED
V-2026-6583;"4/9/2026, 3:11:52 p. m.";Cajero;Cliente 1;2792.33;0;0;0;2792.33;"credito: $2.792,33";COMPLETED
V-2026-6582;"4/9/2026, 3:11:52 p. m.";Cajero;Cliente 1;44051.36;0;0;0;44051.36;"credito: $44.051,36";COMPLETED
V-2026-6581;"4/9/2026, 3:11:52 p. m.";Cajero;Cliente 1;34018.36;0;0;0;34018.36;"credito: $34.018,36";COMPLETED
V-2026-6580;"4/9/2026, 3:11:52 p. m.";Cajero;Cliente 1;9313.85;0;0;0;9313.85;"credito: $9.313,85";COMPLETED
V-2026-6579;"4/9/2026, 3:11:52 p. m.";Cajero;Cliente 1;30383.18;0;0;0;30383.18;"credito: $30.383,18";COMPLETED
V-2026-6578;"4/9/2026, 3:11:52 p. m.";Cajero;Cliente 1;8886.87;0;0;0;8886.87;"credito: $8.886,87";COMPLETED
V-2026-6577;"4/9/2026, 3:11:52 p. m.";Cajero;Cliente 1;46092.6;0;0;0;46092.6;"credito: $46.092,6";COMPLETED
V-2026-6576;"4/9/2026, 3:11:52 p. m.";Cajero;Cliente 1;96350.01;0;0;0;96350.01;"credito: $96.350,01";COMPLETED
V-2026-6575;"4/9/2026, 3:11:52 p. m.";Cajero;Cliente 1;7629.03;0;0;0;7629.03;"credito: $7.629,03";COMPLETED
V-2026-6574;"4/9/2026, 3:11:52 p. m.";Cajero;Cliente 1;85802.28;0;0;0;85802.28;"credito: $85.802,28";COMPLETED
V-2026-6573;"4/9/2026, 3:11:52 p. m.";Cajero;Cliente 1;36008.01;0;0;0;36008.01;"credito: $36.008,01";COMPLETED
V-2026-6572;"4/9/2026, 3:11:52 p. m.";Cajero;Cliente 1;32800.75;0;0;0;32800.75;"credito: $32.800,75";COMPLETED
V-2026-6571;"4/9/2026, 3:11:52 p. m.";Cajero;Cliente 1;42060.56;0;0;0;42060.56;"credito: $42.060,56";COMPLETED
V-2026-6570;"4/9/2026, 3:11:52 p. m.";Cajero;Cliente 1;20288.78;0;0;0;20288.78;"credito: $20.288,78";COMPLETED
V-2026-6569;"4/9/2026, 3:11:52 p. m.";Cajero;Cliente 1;7036.85;0;0;0;7036.85;"credito: $7.036,85";COMPLETED
V-2026-6568;"4/9/2026, 3:11:52 p. m.";Cajero;Cliente 1;41894.53;0;0;0;41894.53;"credito: $41.894,53";COMPLETED
V-2026-6567;"4/9/2026, 3:11:51 p. m.";Cajero;Cliente 1;99886.01;0;0;0;99886.01;"credito: $99.886,01";COMPLETED
V-2026-6566;"4/9/2026, 3:11:51 p. m.";Cajero;Cliente 1;63782.36;0;0;0;63782.36;"credito: $63.782,36";COMPLETED
V-2026-6565;"4/9/2026, 3:11:51 p. m.";Cajero;Cliente 1;33326.08;0;0;0;33326.08;"credito: $33.326,08";COMPLETED
V-2026-6564;"4/9/2026, 3:11:51 p. m.";Cajero;Cliente 1;44593.75;0;0;0;44593.75;"credito: $44.593,75";COMPLETED
V-2026-6563;"4/9/2026, 3:11:51 p. m.";Cajero;Cliente 1;19642.2;0;0;0;19642.2;"credito: $19.642,2";COMPLETED
V-2026-6562;"4/9/2026, 3:11:51 p. m.";Cajero;Cliente 1;23264.92;0;0;0;23264.92;"credito: $23.264,92";COMPLETED
V-2026-6561;"4/9/2026, 3:11:51 p. m.";Cajero;Cliente 1;25073.32;0;0;0;25073.32;"credito: $25.073,32";COMPLETED
V-2026-6560;"4/9/2026, 3:11:51 p. m.";Cajero;Cliente 1;96636.92;0;0;0;96636.92;"credito: $96.636,92";COMPLETED
V-2026-6559;"4/9/2026, 3:11:51 p. m.";Cajero;Cliente 1;9034.11;0;0;0;9034.11;"credito: $9.034,11";COMPLETED
V-2026-6558;"4/9/2026, 3:11:51 p. m.";Cajero;Cliente 1;90500.24;0;0;0;90500.24;"credito: $90.500,24";COMPLETED
V-2026-6557;"4/9/2026, 3:11:51 p. m.";Cajero;Cliente 1;4871.18;0;0;0;4871.18;"credito: $4.871,18";COMPLETED
V-2026-6556;"4/9/2026, 3:11:51 p. m.";Cajero;Cliente 1;15957;0;0;0;15957;credito: $15.957;COMPLETED
V-2026-6555;"4/9/2026, 3:11:51 p. m.";Cajero;Cliente 1;46163.26;0;0;0;46163.26;"credito: $46.163,26";COMPLETED
V-2026-6554;"4/9/2026, 3:11:51 p. m.";Cajero;Cliente 1;31189.15;0;0;0;31189.15;"credito: $31.189,15";COMPLETED
V-2026-6553;"4/9/2026, 3:11:51 p. m.";Cajero;Cliente 1;8801.21;0;0;0;8801.21;"credito: $8.801,21";COMPLETED
V-2026-6552;"4/9/2026, 3:11:51 p. m.";Cajero;Cliente 1;6661.55;0;0;0;6661.55;"credito: $6.661,55";COMPLETED
V-2026-6551;"4/9/2026, 3:11:51 p. m.";Cajero;Cliente 1;37301.17;0;0;0;37301.17;"credito: $37.301,17";COMPLETED
V-2026-6550;"4/9/2026, 3:11:51 p. m.";Cajero;Cliente 1;21507.7;0;0;0;21507.7;"credito: $21.507,7";COMPLETED
V-2026-6549;"4/9/2026, 3:11:51 p. m.";Cajero;Cliente 1;76199.12;0;0;0;76199.12;"credito: $76.199,12";COMPLETED
V-2026-6548;"4/9/2026, 3:11:50 p. m.";Cajero;Cliente 1;3557.71;0;0;0;3557.71;"credito: $3.557,71";COMPLETED
V-2026-6547;"4/9/2026, 3:11:50 p. m.";Cajero;Cliente 1;37959.18;0;0;0;37959.18;"credito: $37.959,18";COMPLETED
V-2026-6546;"4/9/2026, 3:11:50 p. m.";Cajero;Cliente 1;27828.69;0;0;0;27828.69;"credito: $27.828,69";COMPLETED
V-2026-6545;"4/9/2026, 3:11:50 p. m.";Cajero;Cliente 1;24024.54;0;0;0;24024.54;"credito: $24.024,54";COMPLETED
V-2026-6544;"4/9/2026, 3:11:50 p. m.";Cajero;Cliente 1;27163.6;0;0;0;27163.6;"credito: $27.163,6";COMPLETED
V-2026-6543;"4/9/2026, 3:11:50 p. m.";Cajero;Cliente 1;71540.88;0;0;0;71540.88;"credito: $71.540,88";COMPLETED
V-2026-6542;"4/9/2026, 3:11:50 p. m.";Cajero;Cliente 1;70809.73;0;0;0;70809.73;"credito: $70.809,73";COMPLETED
V-2026-6541;"4/9/2026, 3:11:50 p. m.";Cajero;Cliente 1;48269.77;0;0;0;48269.77;"credito: $48.269,77";COMPLETED
V-2026-6540;"4/9/2026, 3:11:50 p. m.";Cajero;Cliente 1;14943.33;0;0;0;14943.33;"credito: $14.943,33";COMPLETED
V-2026-6539;"4/9/2026, 3:11:50 p. m.";Cajero;Cliente 1;62610.16;0;0;0;62610.16;"credito: $62.610,16";COMPLETED
V-2026-6538;"4/9/2026, 3:11:50 p. m.";Cajero;Cliente 1;20870.9;0;0;0;20870.9;"credito: $20.870,9";COMPLETED
V-2026-6537;"4/9/2026, 3:11:50 p. m.";Cajero;Cliente 1;32311.51;0;0;0;32311.51;"credito: $32.311,51";COMPLETED
V-2026-6536;"4/9/2026, 3:11:50 p. m.";Cajero;Cliente 1;43033.81;0;0;0;43033.81;"credito: $43.033,81";COMPLETED
V-2026-6535;"4/9/2026, 3:11:50 p. m.";Cajero;Cliente 1;27588.5;0;0;0;27588.5;"credito: $27.588,5";COMPLETED
V-2026-6534;"4/9/2026, 3:11:50 p. m.";Cajero;Cliente 1;92491.72;0;0;0;92491.72;"credito: $92.491,72";COMPLETED
V-2026-6533;"4/9/2026, 3:11:50 p. m.";Cajero;Cliente 1;48160.51;0;0;0;48160.51;"credito: $48.160,51";COMPLETED
V-2026-6532;"4/9/2026, 3:11:50 p. m.";Cajero;Cliente 1;10198.06;0;0;0;10198.06;"credito: $10.198,06";COMPLETED
V-2026-6531;"4/9/2026, 3:11:50 p. m.";Cajero;Cliente 1;78639.77;0;0;0;78639.77;"credito: $78.639,77";COMPLETED
V-2026-6530;"4/9/2026, 3:11:50 p. m.";Cajero;Cliente 1;20596.95;0;0;0;20596.95;"credito: $20.596,95";COMPLETED
V-2026-6529;"4/9/2026, 3:11:50 p. m.";Cajero;Cliente 1;6194.35;0;0;0;6194.35;"credito: $6.194,35";COMPLETED
V-2026-6528;"4/9/2026, 3:11:49 p. m.";Cajero;Cliente 1;49183.74;0;0;0;49183.74;"credito: $49.183,74";COMPLETED
V-2026-6527;"4/9/2026, 3:11:49 p. m.";Cajero;Cliente 1;19163.25;0;0;0;19163.25;"credito: $19.163,25";COMPLETED
V-2026-6526;"4/9/2026, 3:11:49 p. m.";Cajero;Cliente 1;82601.03;0;0;0;82601.03;"credito: $82.601,03";COMPLETED
V-2026-6525;"4/9/2026, 3:11:49 p. m.";Cajero;Cliente 1;91219.49;0;0;0;91219.49;"credito: $91.219,49";COMPLETED
V-2026-6524;"4/9/2026, 3:11:49 p. m.";Cajero;Cliente 1;31332.01;0;0;0;31332.01;"credito: $31.332,01";COMPLETED
V-2026-6523;"4/9/2026, 3:11:49 p. m.";Cajero;Cliente 1;32552.01;0;0;0;32552.01;"credito: $32.552,01";COMPLETED
V-2026-6522;"4/9/2026, 3:11:49 p. m.";Cajero;Cliente 1;860.87;0;0;0;860.87;"credito: $860,87";COMPLETED
V-2026-6521;"4/9/2026, 3:11:49 p. m.";Cajero;Cliente 1;8926.11;0;0;0;8926.11;"credito: $8.926,11";COMPLETED
V-2026-6520;"4/9/2026, 3:11:49 p. m.";Cajero;Cliente 1;71490.86;0;0;0;71490.86;"credito: $71.490,86";COMPLETED
V-2026-6519;"4/9/2026, 3:11:49 p. m.";Cajero;Cliente 1;25217.34;0;0;0;25217.34;"credito: $25.217,34";COMPLETED
V-2026-6518;"4/9/2026, 3:11:49 p. m.";Cajero;Cliente 1;7892.65;0;0;0;7892.65;"credito: $7.892,65";COMPLETED
V-2026-6517;"4/9/2026, 3:11:49 p. m.";Cajero;Cliente 1;8324.22;0;0;0;8324.22;"credito: $8.324,22";COMPLETED
V-2026-6516;"4/9/2026, 3:11:49 p. m.";Cajero;Cliente 1;40656.62;0;0;0;40656.62;"credito: $40.656,62";COMPLETED
V-2026-6515;"4/9/2026, 3:11:49 p. m.";Cajero;Cliente 1;36107.19;0;0;0;36107.19;"credito: $36.107,19";COMPLETED
V-2026-6514;"4/9/2026, 3:11:49 p. m.";Cajero;Cliente 1;30081.24;0;0;0;30081.24;"credito: $30.081,24";COMPLETED
V-2026-6513;"4/9/2026, 3:11:49 p. m.";Cajero;Cliente 1;28536.04;0;0;0;28536.04;"credito: $28.536,04";COMPLETED
V-2026-6512;"4/9/2026, 3:11:49 p. m.";Cajero;Cliente 1;63219.29;0;0;0;63219.29;"credito: $63.219,29";COMPLETED
V-2026-6511;"4/9/2026, 3:11:48 p. m.";Cajero;Cliente 1;35217.13;0;0;0;35217.13;"credito: $35.217,13";COMPLETED
V-2026-6510;"4/9/2026, 3:11:48 p. m.";Cajero;Cliente 1;70809.73;0;0;0;70809.73;"credito: $70.809,73";COMPLETED
V-2026-6509;"4/9/2026, 3:11:48 p. m.";Cajero;Cliente 1;11523.22;0;0;0;11523.22;"credito: $11.523,22";COMPLETED
V-2026-6508;"4/9/2026, 3:11:48 p. m.";Cajero;Cliente 1;46763.03;0;0;0;46763.03;"credito: $46.763,03";COMPLETED
V-2026-6507;"4/9/2026, 3:11:48 p. m.";Cajero;Cliente 1;11345.09;0;0;0;11345.09;"credito: $11.345,09";COMPLETED
V-2026-6506;"4/9/2026, 3:11:48 p. m.";Cajero;Cliente 1;32774.77;0;0;0;32774.77;"credito: $32.774,77";COMPLETED
V-2026-6505;"4/9/2026, 3:11:48 p. m.";Cajero;Cliente 1;10368.69;0;0;0;10368.69;"credito: $10.368,69";COMPLETED
V-2026-6504;"4/9/2026, 3:11:48 p. m.";Cajero;Cliente 1;11601.97;0;0;0;11601.97;"credito: $11.601,97";COMPLETED
V-2026-6503;"4/9/2026, 3:11:48 p. m.";Cajero;Cliente 1;19655.05;0;0;0;19655.05;"credito: $19.655,05";COMPLETED
V-2026-6502;"4/9/2026, 3:11:48 p. m.";Cajero;Cliente 1;46548.02;0;0;0;46548.02;"credito: $46.548,02";COMPLETED
V-2026-6501;"4/9/2026, 3:11:48 p. m.";Cajero;Cliente 1;45911.73;0;0;0;45911.73;"credito: $45.911,73";COMPLETED
V-2026-6500;"4/9/2026, 3:11:48 p. m.";Cajero;Cliente 1;7241.18;0;0;0;7241.18;"credito: $7.241,18";COMPLETED
V-2026-6499;"4/9/2026, 3:11:48 p. m.";Cajero;Cliente 1;65836;0;0;0;65836;credito: $65.836;COMPLETED
V-2026-6498;"4/9/2026, 3:11:48 p. m.";Cajero;Cliente 1;40187.05;0;0;0;40187.05;"credito: $40.187,05";COMPLETED
V-2026-6497;"4/9/2026, 3:11:48 p. m.";Cajero;Cliente 1;36865.88;0;0;0;36865.88;"credito: $36.865,88";COMPLETED
V-2026-6496;"4/9/2026, 3:11:48 p. m.";Cajero;Cliente 1;1359.79;0;0;0;1359.79;"credito: $1.359,79";COMPLETED
V-2026-6495;"4/9/2026, 3:11:48 p. m.";Cajero;Cliente 1;56862.5;0;0;0;56862.5;"credito: $56.862,5";COMPLETED
V-2026-6494;"4/9/2026, 3:11:48 p. m.";Cajero;Cliente 1;39127.1;0;0;0;39127.1;"credito: $39.127,1";COMPLETED
V-2026-6493;"4/9/2026, 3:11:48 p. m.";Cajero;Cliente 1;18147.53;0;0;0;18147.53;"credito: $18.147,53";COMPLETED
V-2026-6492;"4/9/2026, 3:11:48 p. m.";Cajero;Cliente 1;32107.17;0;0;0;32107.17;"credito: $32.107,17";COMPLETED
V-2026-6491;"4/9/2026, 3:11:47 p. m.";Cajero;Cliente 1;21062.64;0;0;0;21062.64;"credito: $21.062,64";COMPLETED
V-2026-6490;"4/9/2026, 3:11:47 p. m.";Cajero;Cliente 1;91332.3;0;0;0;91332.3;"credito: $91.332,3";COMPLETED
V-2026-6489;"4/9/2026, 3:11:47 p. m.";Cajero;Cliente 1;42760.3;0;0;0;42760.3;"credito: $42.760,3";COMPLETED
V-2026-6488;"4/9/2026, 3:11:47 p. m.";Cajero;Cliente 1;21915.4;0;0;0;21915.4;"credito: $21.915,4";COMPLETED
V-2026-6487;"4/9/2026, 3:11:47 p. m.";Cajero;Cliente 1;5185.06;0;0;0;5185.06;"credito: $5.185,06";COMPLETED
V-2026-6486;"4/9/2026, 3:11:47 p. m.";Cajero;Cliente 1;49065.57;0;0;0;49065.57;"credito: $49.065,57";COMPLETED
V-2026-6485;"4/9/2026, 3:11:47 p. m.";Cajero;Cliente 1;42074.4;0;0;0;42074.4;"credito: $42.074,4";COMPLETED
V-2026-6484;"4/9/2026, 3:11:47 p. m.";Cajero;Cliente 1;43700.47;0;0;0;43700.47;"credito: $43.700,47";COMPLETED
V-2026-6483;"4/9/2026, 3:11:47 p. m.";Cajero;Cliente 1;96359.31;0;0;0;96359.31;"credito: $96.359,31";COMPLETED
V-2026-6482;"4/9/2026, 3:11:47 p. m.";Cajero;Cliente 1;19595.94;0;0;0;19595.94;"credito: $19.595,94";COMPLETED
V-2026-6481;"4/9/2026, 3:11:47 p. m.";Cajero;Cliente 1;42134.43;0;0;0;42134.43;"credito: $42.134,43";COMPLETED
V-2026-6480;"4/9/2026, 3:11:47 p. m.";Cajero;Cliente 1;92217.13;0;0;0;92217.13;"credito: $92.217,13";COMPLETED
V-2026-6479;"4/9/2026, 3:11:47 p. m.";Cajero;Cliente 1;51683.93;0;0;0;51683.93;"credito: $51.683,93";COMPLETED
V-2026-6478;"4/9/2026, 3:11:47 p. m.";Cajero;Cliente 1;22126.45;0;0;0;22126.45;"credito: $22.126,45";COMPLETED
V-2026-6477;"4/9/2026, 3:11:47 p. m.";Cajero;Cliente 1;63713.05;0;0;0;63713.05;"credito: $63.713,05";COMPLETED
V-2026-6476;"4/9/2026, 3:11:47 p. m.";Cajero;Cliente 1;32218.5;0;0;0;32218.5;"credito: $32.218,5";COMPLETED
V-2026-6475;"4/9/2026, 3:11:47 p. m.";Cajero;Cliente 1;42002.64;0;0;0;42002.64;"credito: $42.002,64";COMPLETED
V-2026-6474;"4/9/2026, 3:11:47 p. m.";Cajero;Cliente 1;19533.24;0;0;0;19533.24;"credito: $19.533,24";COMPLETED
V-2026-6473;"4/9/2026, 3:11:47 p. m.";Cajero;Cliente 1;61807.29;0;0;0;61807.29;"credito: $61.807,29";COMPLETED
V-2026-6472;"4/9/2026, 3:11:47 p. m.";Cajero;Cliente 1;34075.8;0;0;0;34075.8;"credito: $34.075,8";COMPLETED
V-2026-6471;"4/9/2026, 3:11:46 p. m.";Cajero;Cliente 1;38945.94;0;0;0;38945.94;"credito: $38.945,94";COMPLETED
V-2026-6470;"4/9/2026, 3:11:46 p. m.";Cajero;Cliente 1;77053.62;0;0;0;77053.62;"credito: $77.053,62";COMPLETED
V-2026-6469;"4/9/2026, 3:11:46 p. m.";Cajero;Cliente 1;32196.46;0;0;0;32196.46;"credito: $32.196,46";COMPLETED
V-2026-6468;"4/9/2026, 3:11:46 p. m.";Cajero;Cliente 1;43700.47;0;0;0;43700.47;"credito: $43.700,47";COMPLETED
V-2026-6467;"4/9/2026, 3:11:46 p. m.";Cajero;Cliente 1;31405.94;0;0;0;31405.94;"credito: $31.405,94";COMPLETED
V-2026-6466;"4/9/2026, 3:11:46 p. m.";Cajero;Cliente 1;33739.79;0;0;0;33739.79;"credito: $33.739,79";COMPLETED
V-2026-6465;"4/9/2026, 3:11:46 p. m.";Cajero;Cliente 1;47143.03;0;0;0;47143.03;"credito: $47.143,03";COMPLETED
V-2026-6464;"4/9/2026, 3:11:46 p. m.";Cajero;Cliente 1;18404.89;0;0;0;18404.89;"credito: $18.404,89";COMPLETED
V-2026-6463;"4/9/2026, 3:11:46 p. m.";Cajero;Cliente 1;28688.62;0;0;0;28688.62;"credito: $28.688,62";COMPLETED
V-2026-6462;"4/9/2026, 3:11:46 p. m.";Cajero;Cliente 1;28847.7;0;0;0;28847.7;"credito: $28.847,7";COMPLETED
V-2026-6461;"4/9/2026, 3:11:46 p. m.";Cajero;Cliente 1;53441.63;0;0;0;53441.63;"credito: $53.441,63";COMPLETED
V-2026-6460;"4/9/2026, 3:11:46 p. m.";Cajero;Cliente 1;13450.65;0;0;0;13450.65;"credito: $13.450,65";COMPLETED
V-2026-6459;"4/9/2026, 3:11:46 p. m.";Cajero;Cliente 1;34863.21;0;0;0;34863.21;"credito: $34.863,21";COMPLETED
V-2026-6458;"4/9/2026, 3:11:46 p. m.";Cajero;Cliente 1;95235.91;0;0;0;95235.91;"credito: $95.235,91";COMPLETED
V-2026-6457;"4/9/2026, 3:11:46 p. m.";Cajero;Cliente 1;79153.87;0;0;0;79153.87;"credito: $79.153,87";COMPLETED
V-2026-6456;"4/9/2026, 3:11:46 p. m.";Cajero;Cliente 1;14732.12;0;0;0;14732.12;"credito: $14.732,12";COMPLETED
V-2026-6455;"4/9/2026, 3:11:46 p. m.";Cajero;Cliente 1;4630.94;0;0;0;4630.94;"credito: $4.630,94";COMPLETED
V-2026-6454;"4/9/2026, 3:11:46 p. m.";Cajero;Cliente 1;5615.55;0;0;0;5615.55;"credito: $5.615,55";COMPLETED
V-2026-6453;"4/9/2026, 3:11:46 p. m.";Cajero;Cliente 1;5438.95;0;0;0;5438.95;"credito: $5.438,95";COMPLETED
V-2026-6452;"4/9/2026, 3:11:45 p. m.";Cajero;Cliente 1;780.77;0;0;0;780.77;"credito: $780,77";COMPLETED
V-2026-6451;"4/9/2026, 3:11:45 p. m.";Cajero;Cliente 1;31075.98;0;0;0;31075.98;"credito: $31.075,98";COMPLETED
V-2026-6450;"4/9/2026, 3:11:45 p. m.";Cajero;Cliente 1;64844.78;0;0;0;64844.78;"credito: $64.844,78";COMPLETED
V-2026-6449;"4/9/2026, 3:11:45 p. m.";Cajero;Cliente 1;728.01;0;0;0;728.01;"credito: $728,01";COMPLETED
V-2026-6448;"4/9/2026, 3:11:45 p. m.";Cajero;Cliente 1;72493.93;0;0;0;72493.93;"credito: $72.493,93";COMPLETED
V-2026-6447;"4/9/2026, 3:11:45 p. m.";Cajero;Cliente 1;23404.41;0;0;0;23404.41;"credito: $23.404,41";COMPLETED
V-2026-6446;"4/9/2026, 3:11:45 p. m.";Cajero;Cliente 1;13438.76;0;0;0;13438.76;"credito: $13.438,76";COMPLETED
V-2026-6445;"4/9/2026, 3:11:45 p. m.";Cajero;Cliente 1;33739.79;0;0;0;33739.79;"credito: $33.739,79";COMPLETED
V-2026-6444;"4/9/2026, 3:11:45 p. m.";Cajero;Cliente 1;37582.08;0;0;0;37582.08;"credito: $37.582,08";COMPLETED
V-2026-6443;"4/9/2026, 3:11:45 p. m.";Cajero;Cliente 1;14896.1;0;0;0;14896.1;"credito: $14.896,1";COMPLETED
V-2026-6442;"4/9/2026, 3:11:45 p. m.";Cajero;Cliente 1;35556.9;0;0;0;35556.9;"credito: $35.556,9";COMPLETED
V-2026-6441;"4/9/2026, 3:11:45 p. m.";Cajero;Cliente 1;43958.17;0;0;0;43958.17;"credito: $43.958,17";COMPLETED
V-2026-6440;"4/9/2026, 3:11:45 p. m.";Cajero;Cliente 1;7915.59;0;0;0;7915.59;"credito: $7.915,59";COMPLETED
V-2026-6439;"4/9/2026, 3:11:45 p. m.";Cajero;Cliente 1;26435.64;0;0;0;26435.64;"credito: $26.435,64";COMPLETED
V-2026-6438;"4/9/2026, 3:11:45 p. m.";Cajero;Cliente 1;97310.18;0;0;0;97310.18;"credito: $97.310,18";COMPLETED
V-2026-6437;"4/9/2026, 3:11:45 p. m.";Cajero;Cliente 1;9275.46;0;0;0;9275.46;"credito: $9.275,46";COMPLETED
V-2026-6436;"4/9/2026, 3:11:45 p. m.";Cajero;Cliente 1;16244.12;0;0;0;16244.12;"credito: $16.244,12";COMPLETED
V-2026-6435;"4/9/2026, 3:11:44 p. m.";Cajero;Cliente 1;1784.56;0;0;0;1784.56;"credito: $1.784,56";COMPLETED
V-2026-6434;"4/9/2026, 3:11:44 p. m.";Cajero;Cliente 1;91604.25;0;0;0;91604.25;"credito: $91.604,25";COMPLETED
V-2026-6433;"4/9/2026, 3:11:44 p. m.";Cajero;Cliente 1;14140.55;0;0;0;14140.55;"credito: $14.140,55";COMPLETED
V-2026-6432;"4/9/2026, 3:11:44 p. m.";Cajero;Cliente 1;49332.49;0;0;0;49332.49;"credito: $49.332,49";COMPLETED
V-2026-6431;"4/9/2026, 3:11:44 p. m.";Cajero;Cliente 1;36239.5;0;0;0;36239.5;"credito: $36.239,5";COMPLETED
V-2026-6430;"4/9/2026, 3:11:44 p. m.";Cajero;Cliente 1;37403.05;0;0;0;37403.05;"credito: $37.403,05";COMPLETED
V-2026-6429;"4/9/2026, 3:11:44 p. m.";Cajero;Cliente 1;10067.37;0;0;0;10067.37;"credito: $10.067,37";COMPLETED
V-2026-6428;"4/9/2026, 3:11:44 p. m.";Cajero;Cliente 1;24927.81;0;0;0;24927.81;"credito: $24.927,81";COMPLETED
V-2026-6427;"4/9/2026, 3:11:44 p. m.";Cajero;Cliente 1;62876.64;0;0;0;62876.64;"credito: $62.876,64";COMPLETED
V-2026-6426;"4/9/2026, 3:11:44 p. m.";Cajero;Cliente 1;18868.77;0;0;0;18868.77;"credito: $18.868,77";COMPLETED
V-2026-6425;"4/9/2026, 3:11:44 p. m.";Cajero;Cliente 1;654.15;0;0;0;654.15;"credito: $654,15";COMPLETED
V-2026-6424;"4/9/2026, 3:11:44 p. m.";Cajero;Cliente 1;59193.8;0;0;0;59193.8;"credito: $59.193,8";COMPLETED
V-2026-6423;"4/9/2026, 3:11:44 p. m.";Cajero;Cliente 1;54980.5;0;0;0;54980.5;"credito: $54.980,5";COMPLETED
V-2026-6422;"4/9/2026, 3:11:44 p. m.";Cajero;Cliente 1;9071;0;0;0;9071;credito: $9.071;COMPLETED
V-2026-6421;"4/9/2026, 3:11:44 p. m.";Cajero;Cliente 1;75891.21;0;0;0;75891.21;"credito: $75.891,21";COMPLETED
V-2026-6420;"4/9/2026, 3:11:44 p. m.";Cajero;Cliente 1;891.23;0;0;0;891.23;"credito: $891,23";COMPLETED
V-2026-6419;"4/9/2026, 3:11:44 p. m.";Cajero;Cliente 1;31935.88;0;0;0;31935.88;"credito: $31.935,88";COMPLETED
V-2026-6418;"4/9/2026, 3:11:44 p. m.";Cajero;Cliente 1;4061.81;0;0;0;4061.81;"credito: $4.061,81";COMPLETED
V-2026-6417;"4/9/2026, 3:11:43 p. m.";Cajero;Cliente 1;70119.32;0;0;0;70119.32;"credito: $70.119,32";COMPLETED
V-2026-6416;"4/9/2026, 3:11:43 p. m.";Cajero;Cliente 1;5490.69;0;0;0;5490.69;"credito: $5.490,69";COMPLETED
V-2026-6415;"4/9/2026, 3:11:43 p. m.";Cajero;Cliente 1;22332.35;0;0;0;22332.35;"credito: $22.332,35";COMPLETED
V-2026-6414;"4/9/2026, 3:11:43 p. m.";Cajero;Cliente 1;52308.7;0;0;0;52308.7;"credito: $52.308,7";COMPLETED
V-2026-6413;"4/9/2026, 3:11:43 p. m.";Cajero;Cliente 1;86694.11;0;0;0;86694.11;"credito: $86.694,11";COMPLETED
V-2026-6412;"4/9/2026, 3:11:43 p. m.";Cajero;Cliente 1;19388.36;0;0;0;19388.36;"credito: $19.388,36";COMPLETED
V-2026-6411;"4/9/2026, 3:11:43 p. m.";Cajero;Cliente 1;12093.4;0;0;0;12093.4;"credito: $12.093,4";COMPLETED
V-2026-6410;"4/9/2026, 3:11:43 p. m.";Cajero;Cliente 1;976.59;0;0;0;976.59;"credito: $976,59";COMPLETED
V-2026-6409;"4/9/2026, 3:11:43 p. m.";Cajero;Cliente 1;33851.9;0;0;0;33851.9;"credito: $33.851,9";COMPLETED
V-2026-6408;"4/9/2026, 3:11:43 p. m.";Cajero;Cliente 1;48749.74;0;0;0;48749.74;"credito: $48.749,74";COMPLETED
V-2026-6407;"4/9/2026, 3:11:43 p. m.";Cajero;Cliente 1;13336.7;0;0;0;13336.7;"credito: $13.336,7";COMPLETED
V-2026-6406;"4/9/2026, 3:11:43 p. m.";Cajero;Cliente 1;27814.2;0;0;0;27814.2;"credito: $27.814,2";COMPLETED
V-2026-6405;"4/9/2026, 3:11:43 p. m.";Cajero;Cliente 1;40851.77;0;0;0;40851.77;"credito: $40.851,77";COMPLETED
V-2026-6404;"4/9/2026, 3:11:43 p. m.";Cajero;Cliente 1;12326.52;0;0;0;12326.52;"credito: $12.326,52";COMPLETED
V-2026-6403;"4/9/2026, 3:11:43 p. m.";Cajero;Cliente 1;85988.96;0;0;0;85988.96;"credito: $85.988,96";COMPLETED
V-2026-6402;"4/9/2026, 3:11:43 p. m.";Cajero;Cliente 1;35641.56;0;0;0;35641.56;"credito: $35.641,56";COMPLETED
V-2026-6401;"4/9/2026, 3:11:43 p. m.";Cajero;Cliente 1;12008.62;0;0;0;12008.62;"credito: $12.008,62";COMPLETED
V-2026-6400;"4/9/2026, 3:11:43 p. m.";Cajero;Cliente 1;42464.86;0;0;0;42464.86;"credito: $42.464,86";COMPLETED
V-2026-6399;"4/9/2026, 3:11:43 p. m.";Cajero;Cliente 1;46487.87;0;0;0;46487.87;"credito: $46.487,87";COMPLETED
V-2026-6398;"4/9/2026, 3:11:42 p. m.";Cajero;Cliente 1;38206.96;0;0;0;38206.96;"credito: $38.206,96";COMPLETED
V-2026-6397;"4/9/2026, 3:11:42 p. m.";Cajero;Cliente 1;13655.05;0;0;0;13655.05;"credito: $13.655,05";COMPLETED
V-2026-6396;"4/9/2026, 3:11:42 p. m.";Cajero;Cliente 1;29506.32;0;0;0;29506.32;"credito: $29.506,32";COMPLETED
V-2026-6395;"4/9/2026, 3:11:42 p. m.";Cajero;Cliente 1;62166.38;0;0;0;62166.38;"credito: $62.166,38";COMPLETED
V-2026-6394;"4/9/2026, 3:11:42 p. m.";Cajero;Cliente 1;30680.22;0;0;0;30680.22;"credito: $30.680,22";COMPLETED
V-2026-6393;"4/9/2026, 3:11:42 p. m.";Cajero;Cliente 1;43072.76;0;0;0;43072.76;"credito: $43.072,76";COMPLETED
V-2026-6392;"4/9/2026, 3:11:42 p. m.";Cajero;Cliente 1;48287.59;0;0;0;48287.59;"credito: $48.287,59";COMPLETED
V-2026-6391;"4/9/2026, 3:11:42 p. m.";Cajero;Cliente 1;44062.02;0;0;0;44062.02;"credito: $44.062,02";COMPLETED
V-2026-6390;"4/9/2026, 3:11:42 p. m.";Cajero;Cliente 1;69888.01;0;0;0;69888.01;"credito: $69.888,01";COMPLETED
V-2026-6389;"4/9/2026, 3:11:42 p. m.";Cajero;Cliente 1;9071.11;0;0;0;9071.11;"credito: $9.071,11";COMPLETED
V-2026-6388;"4/9/2026, 3:11:42 p. m.";Cajero;Cliente 1;9383.37;0;0;0;9383.37;"credito: $9.383,37";COMPLETED
V-2026-6387;"4/9/2026, 3:11:42 p. m.";Cajero;Cliente 1;60400.72;0;0;0;60400.72;"credito: $60.400,72";COMPLETED
V-2026-6386;"4/9/2026, 3:11:42 p. m.";Cajero;Cliente 1;43142.84;0;0;0;43142.84;"credito: $43.142,84";COMPLETED
V-2026-6385;"4/9/2026, 3:11:42 p. m.";Cajero;Cliente 1;98280.25;0;0;0;98280.25;"credito: $98.280,25";COMPLETED
V-2026-6384;"4/9/2026, 3:11:42 p. m.";Cajero;Cliente 1;35980.39;0;0;0;35980.39;"credito: $35.980,39";COMPLETED
V-2026-6383;"4/9/2026, 3:11:42 p. m.";Cajero;Cliente 1;21381.47;0;0;0;21381.47;"credito: $21.381,47";COMPLETED
V-2026-6382;"4/9/2026, 3:11:42 p. m.";Cajero;Cliente 1;32542.44;0;0;0;32542.44;"credito: $32.542,44";COMPLETED
V-2026-6381;"4/9/2026, 3:11:41 p. m.";Cajero;Cliente 1;53482.78;0;0;0;53482.78;"credito: $53.482,78";COMPLETED
V-2026-6380;"4/9/2026, 3:11:41 p. m.";Cajero;Cliente 1;7930.4;0;0;0;7930.4;"credito: $7.930,4";COMPLETED
V-2026-6379;"4/9/2026, 3:11:41 p. m.";Cajero;Cliente 1;56862.5;0;0;0;56862.5;"credito: $56.862,5";COMPLETED
V-2026-6378;"4/9/2026, 3:11:41 p. m.";Cajero;Cliente 1;34842.07;0;0;0;34842.07;"credito: $34.842,07";COMPLETED
V-2026-6377;"4/9/2026, 3:11:41 p. m.";Cajero;Cliente 1;32188.22;0;0;0;32188.22;"credito: $32.188,22";COMPLETED
V-2026-6376;"4/9/2026, 3:11:41 p. m.";Cajero;Cliente 1;45554.19;0;0;0;45554.19;"credito: $45.554,19";COMPLETED
V-2026-6375;"4/9/2026, 3:11:41 p. m.";Cajero;Cliente 1;43809.07;0;0;0;43809.07;"credito: $43.809,07";COMPLETED
V-2026-6374;"4/9/2026, 3:11:41 p. m.";Cajero;Cliente 1;30315.18;0;0;0;30315.18;"credito: $30.315,18";COMPLETED
V-2026-6373;"4/9/2026, 3:11:41 p. m.";Cajero;Cliente 1;30440.98;0;0;0;30440.98;"credito: $30.440,98";COMPLETED
V-2026-6372;"4/9/2026, 3:11:41 p. m.";Cajero;Cliente 1;6956.16;0;0;0;6956.16;"credito: $6.956,16";COMPLETED
V-2026-6371;"4/9/2026, 3:11:41 p. m.";Cajero;Cliente 1;21340.78;0;0;0;21340.78;"credito: $21.340,78";COMPLETED
V-2026-6370;"4/9/2026, 3:11:41 p. m.";Cajero;Cliente 1;28347.57;0;0;0;28347.57;"credito: $28.347,57";COMPLETED
V-2026-6369;"4/9/2026, 3:11:41 p. m.";Cajero;Cliente 1;11787.12;0;0;0;11787.12;"credito: $11.787,12";COMPLETED
V-2026-6368;"4/9/2026, 3:11:41 p. m.";Cajero;Cliente 1;31574.82;0;0;0;31574.82;"credito: $31.574,82";COMPLETED
V-2026-6367;"4/9/2026, 3:11:41 p. m.";Cajero;Cliente 1;44752.48;0;0;0;44752.48;"credito: $44.752,48";COMPLETED
V-2026-6366;"4/9/2026, 3:11:41 p. m.";Cajero;Cliente 1;29091.41;0;0;0;29091.41;"credito: $29.091,41";COMPLETED
V-2026-6365;"4/9/2026, 3:11:41 p. m.";Cajero;Cliente 1;7036.85;0;0;0;7036.85;"credito: $7.036,85";COMPLETED
V-2026-6364;"4/9/2026, 3:11:40 p. m.";Cajero;Cliente 1;27578.14;0;0;0;27578.14;"credito: $27.578,14";COMPLETED
V-2026-6363;"4/9/2026, 3:11:40 p. m.";Cajero;Cliente 1;4328.37;0;0;0;4328.37;"credito: $4.328,37";COMPLETED
V-2026-6362;"4/9/2026, 3:11:40 p. m.";Cajero;Cliente 1;31298.41;0;0;0;31298.41;"credito: $31.298,41";COMPLETED
V-2026-6361;"4/9/2026, 3:11:40 p. m.";Cajero;Cliente 1;39200.69;0;0;0;39200.69;"credito: $39.200,69";COMPLETED
V-2026-6360;"4/9/2026, 3:11:40 p. m.";Cajero;Cliente 1;10014.89;0;0;0;10014.89;"credito: $10.014,89";COMPLETED
V-2026-6359;"4/9/2026, 3:11:40 p. m.";Cajero;Cliente 1;11415.17;0;0;0;11415.17;"credito: $11.415,17";COMPLETED
V-2026-6358;"4/9/2026, 3:11:40 p. m.";Cajero;Cliente 1;35599.09;0;0;0;35599.09;"credito: $35.599,09";COMPLETED
V-2026-6357;"4/9/2026, 3:11:40 p. m.";Cajero;Cliente 1;26090.05;0;0;0;26090.05;"credito: $26.090,05";COMPLETED
V-2026-6356;"4/9/2026, 3:11:40 p. m.";Cajero;Cliente 1;34216.23;0;0;0;34216.23;"credito: $34.216,23";COMPLETED
V-2026-6355;"4/9/2026, 3:11:40 p. m.";Cajero;Cliente 1;13093.07;0;0;0;13093.07;"credito: $13.093,07";COMPLETED
V-2026-6354;"4/9/2026, 3:11:40 p. m.";Cajero;Cliente 1;30259.48;0;0;0;30259.48;"credito: $30.259,48";COMPLETED
V-2026-6353;"4/9/2026, 3:11:40 p. m.";Cajero;Cliente 1;30353.2;0;0;0;30353.2;"credito: $30.353,2";COMPLETED
V-2026-6352;"4/9/2026, 3:11:40 p. m.";Cajero;Cliente 1;36261.75;0;0;0;36261.75;"credito: $36.261,75";COMPLETED
V-2026-6351;"4/9/2026, 3:11:40 p. m.";Cajero;Cliente 1;24419.22;0;0;0;24419.22;"credito: $24.419,22";COMPLETED
V-2026-6350;"4/9/2026, 3:11:40 p. m.";Cajero;Cliente 1;71747.32;0;0;0;71747.32;"credito: $71.747,32";COMPLETED
V-2026-6349;"4/9/2026, 3:11:40 p. m.";Cajero;Cliente 1;73288.16;0;0;0;73288.16;"credito: $73.288,16";COMPLETED
V-2026-6348;"4/9/2026, 3:11:40 p. m.";Cajero;Cliente 1;73350.36;0;0;0;73350.36;"credito: $73.350,36";COMPLETED
V-2026-6347;"4/9/2026, 3:11:39 p. m.";Cajero;Cliente 1;6424.84;0;0;0;6424.84;"credito: $6.424,84";COMPLETED
V-2026-6346;"4/9/2026, 3:11:39 p. m.";Cajero;Cliente 1;43226.7;0;0;0;43226.7;"credito: $43.226,7";COMPLETED
V-2026-6345;"4/9/2026, 3:11:39 p. m.";Cajero;Cliente 1;27621.54;0;0;0;27621.54;"credito: $27.621,54";COMPLETED
V-2026-6344;"4/9/2026, 3:11:39 p. m.";Cajero;Cliente 1;83355.99;0;0;0;83355.99;"credito: $83.355,99";COMPLETED
V-2026-6343;"4/9/2026, 3:11:39 p. m.";Cajero;Cliente 1;43227.1;0;0;0;43227.1;"credito: $43.227,1";COMPLETED
V-2026-6342;"4/9/2026, 3:11:39 p. m.";Cajero;Cliente 1;23995.24;0;0;0;23995.24;"credito: $23.995,24";COMPLETED
V-2026-6341;"4/9/2026, 3:11:39 p. m.";Cajero;Cliente 1;49381.01;0;0;0;49381.01;"credito: $49.381,01";COMPLETED
V-2026-6340;"4/9/2026, 3:11:39 p. m.";Cajero;Cliente 1;48900;0;0;0;48900;credito: $48.900;COMPLETED
V-2026-6339;"4/9/2026, 3:11:39 p. m.";Cajero;Cliente 1;7557.21;0;0;0;7557.21;"credito: $7.557,21";COMPLETED
V-2026-6338;"4/9/2026, 3:11:39 p. m.";Cajero;Cliente 1;45275.44;0;0;0;45275.44;"credito: $45.275,44";COMPLETED
V-2026-6337;"4/9/2026, 3:11:39 p. m.";Cajero;Cliente 1;16523.46;0;0;0;16523.46;"credito: $16.523,46";COMPLETED
V-2026-6336;"4/9/2026, 3:11:39 p. m.";Cajero;Cliente 1;47881.72;0;0;0;47881.72;"credito: $47.881,72";COMPLETED
V-2026-6335;"4/9/2026, 3:11:39 p. m.";Cajero;Cliente 1;6341.54;0;0;0;6341.54;"credito: $6.341,54";COMPLETED
V-2026-6334;"4/9/2026, 3:11:39 p. m.";Cajero;Cliente 1;41433.97;0;0;0;41433.97;"credito: $41.433,97";COMPLETED
V-2026-6333;"4/9/2026, 3:11:39 p. m.";Cajero;Cliente 1;39365.67;0;0;0;39365.67;"credito: $39.365,67";COMPLETED
V-2026-6332;"4/9/2026, 3:11:39 p. m.";Cajero;Cliente 1;42652.95;0;0;0;42652.95;"credito: $42.652,95";COMPLETED
V-2026-6331;"4/9/2026, 3:11:39 p. m.";Cajero;Cliente 1;32421.43;0;0;0;32421.43;"credito: $32.421,43";COMPLETED
V-2026-6330;"4/9/2026, 3:11:39 p. m.";Cajero;Cliente 1;42581.61;0;0;0;42581.61;"credito: $42.581,61";COMPLETED
V-2026-6329;"4/9/2026, 3:11:38 p. m.";Cajero;Cliente 1;14904.97;0;0;0;14904.97;"credito: $14.904,97";COMPLETED
V-2026-6328;"4/9/2026, 3:11:38 p. m.";Cajero;Cliente 1;88659.5;0;0;0;88659.5;"credito: $88.659,5";COMPLETED
V-2026-6327;"4/9/2026, 3:11:38 p. m.";Cajero;Cliente 1;32039.35;0;0;0;32039.35;"credito: $32.039,35";COMPLETED
V-2026-6326;"4/9/2026, 3:11:38 p. m.";Cajero;Cliente 1;22766.27;0;0;0;22766.27;"credito: $22.766,27";COMPLETED
V-2026-6325;"4/9/2026, 3:11:38 p. m.";Cajero;Cliente 1;1614.47;0;0;0;1614.47;"credito: $1.614,47";COMPLETED
V-2026-6324;"4/9/2026, 3:11:38 p. m.";Cajero;Cliente 1;33560.15;0;0;0;33560.15;"credito: $33.560,15";COMPLETED
V-2026-6323;"4/9/2026, 3:11:38 p. m.";Cajero;Cliente 1;27689.47;0;0;0;27689.47;"credito: $27.689,47";COMPLETED
V-2026-6322;"4/9/2026, 3:11:38 p. m.";Cajero;Cliente 1;11189.18;0;0;0;11189.18;"credito: $11.189,18";COMPLETED
V-2026-6321;"4/9/2026, 3:11:38 p. m.";Cajero;Cliente 1;80447.86;0;0;0;80447.86;"credito: $80.447,86";COMPLETED
V-2026-6320;"4/9/2026, 3:11:38 p. m.";Cajero;Cliente 1;26587.61;0;0;0;26587.61;"credito: $26.587,61";COMPLETED
V-2026-6319;"4/9/2026, 3:11:38 p. m.";Cajero;Cliente 1;35980.39;0;0;0;35980.39;"credito: $35.980,39";COMPLETED
V-2026-6318;"4/9/2026, 3:11:38 p. m.";Cajero;Cliente 1;93175.77;0;0;0;93175.77;"credito: $93.175,77";COMPLETED
V-2026-6317;"4/9/2026, 3:11:38 p. m.";Cajero;Cliente 1;31674.42;0;0;0;31674.42;"credito: $31.674,42";COMPLETED
V-2026-6316;"4/9/2026, 3:11:38 p. m.";Cajero;Cliente 1;68821.23;0;0;0;68821.23;"credito: $68.821,23";COMPLETED
V-2026-6315;"4/9/2026, 3:11:38 p. m.";Cajero;Cliente 1;78726.44;0;0;0;78726.44;"credito: $78.726,44";COMPLETED
V-2026-6314;"4/9/2026, 3:11:38 p. m.";Cajero;Cliente 1;13586.88;0;0;0;13586.88;"credito: $13.586,88";COMPLETED
V-2026-6313;"4/9/2026, 3:11:38 p. m.";Cajero;Cliente 1;25760.65;0;0;0;25760.65;"credito: $25.760,65";COMPLETED
V-2026-6312;"4/9/2026, 3:11:38 p. m.";Cajero;Cliente 1;75787.36;0;0;0;75787.36;"credito: $75.787,36";COMPLETED
V-2026-6311;"4/9/2026, 3:11:38 p. m.";Cajero;Cliente 1;37724.98;0;0;0;37724.98;"credito: $37.724,98";COMPLETED
V-2026-6310;"4/9/2026, 3:11:37 p. m.";Cajero;Cliente 1;27242.66;0;0;0;27242.66;"credito: $27.242,66";COMPLETED
V-2026-6309;"4/9/2026, 3:11:37 p. m.";Cajero;Cliente 1;16874.44;0;0;0;16874.44;"credito: $16.874,44";COMPLETED
V-2026-6308;"4/9/2026, 3:11:37 p. m.";Cajero;Cliente 1;2248.96;0;0;0;2248.96;"credito: $2.248,96";COMPLETED
V-2026-6307;"4/9/2026, 3:11:37 p. m.";Cajero;Cliente 1;24504.77;0;0;0;24504.77;"credito: $24.504,77";COMPLETED
V-2026-6306;"4/9/2026, 3:11:37 p. m.";Cajero;Cliente 1;11692.03;0;0;0;11692.03;"credito: $11.692,03";COMPLETED
V-2026-6305;"4/9/2026, 3:11:37 p. m.";Cajero;Cliente 1;34294.75;0;0;0;34294.75;"credito: $34.294,75";COMPLETED
V-2026-6304;"4/9/2026, 3:11:37 p. m.";Cajero;Cliente 1;15975.51;0;0;0;15975.51;"credito: $15.975,51";COMPLETED
V-2026-6303;"4/9/2026, 3:11:37 p. m.";Cajero;Cliente 1;9503.44;0;0;0;9503.44;"credito: $9.503,44";COMPLETED
V-2026-6302;"4/9/2026, 3:11:37 p. m.";Cajero;Cliente 1;54291.7;0;0;0;54291.7;"credito: $54.291,7";COMPLETED
V-2026-6301;"4/9/2026, 3:11:37 p. m.";Cajero;Cliente 1;52490.22;0;0;0;52490.22;"credito: $52.490,22";COMPLETED
V-2026-6300;"4/9/2026, 3:11:37 p. m.";Cajero;Cliente 1;9195.74;0;0;0;9195.74;"credito: $9.195,74";COMPLETED
V-2026-6299;"4/9/2026, 3:11:37 p. m.";Cajero;Cliente 1;6932.58;0;0;0;6932.58;"credito: $6.932,58";COMPLETED
V-2026-6298;"4/9/2026, 3:11:37 p. m.";Cajero;Cliente 1;16739.14;0;0;0;16739.14;"credito: $16.739,14";COMPLETED
V-2026-6297;"4/9/2026, 3:11:37 p. m.";Cajero;Cliente 1;26605.12;0;0;0;26605.12;"credito: $26.605,12";COMPLETED
V-2026-6296;"4/9/2026, 3:11:37 p. m.";Cajero;Cliente 1;46118.37;0;0;0;46118.37;"credito: $46.118,37";COMPLETED
V-2026-6295;"4/9/2026, 3:11:37 p. m.";Cajero;Cliente 1;49141.76;0;0;0;49141.76;"credito: $49.141,76";COMPLETED
V-2026-6294;"4/9/2026, 3:11:37 p. m.";Cajero;Cliente 1;96350.01;0;0;0;96350.01;"credito: $96.350,01";COMPLETED
V-2026-6293;"4/9/2026, 3:11:37 p. m.";Cajero;Cliente 1;58792.82;0;0;0;58792.82;"credito: $58.792,82";COMPLETED
V-2026-6292;"4/9/2026, 3:11:36 p. m.";Cajero;Cliente 1;51606.12;0;0;0;51606.12;"credito: $51.606,12";COMPLETED
V-2026-6291;"4/9/2026, 3:11:36 p. m.";Cajero;Cliente 1;75708.75;0;0;0;75708.75;"credito: $75.708,75";COMPLETED
V-2026-6290;"4/9/2026, 3:11:36 p. m.";Cajero;Cliente 1;44303.18;0;0;0;44303.18;"credito: $44.303,18";COMPLETED
V-2026-6289;"4/9/2026, 3:11:36 p. m.";Cajero;Cliente 1;49064.36;0;0;0;49064.36;"credito: $49.064,36";COMPLETED
V-2026-6288;"4/9/2026, 3:11:36 p. m.";Cajero;Cliente 1;42146.38;0;0;0;42146.38;"credito: $42.146,38";COMPLETED
V-2026-6287;"4/9/2026, 3:11:36 p. m.";Cajero;Cliente 1;39458.69;0;0;0;39458.69;"credito: $39.458,69";COMPLETED
V-2026-6286;"4/9/2026, 3:11:36 p. m.";Cajero;Cliente 1;85543.51;0;0;0;85543.51;"credito: $85.543,51";COMPLETED
V-2026-6285;"4/9/2026, 3:11:36 p. m.";Cajero;Cliente 1;38803.59;0;0;0;38803.59;"credito: $38.803,59";COMPLETED
V-2026-6284;"4/9/2026, 3:11:36 p. m.";Cajero;Cliente 1;39929.54;0;0;0;39929.54;"credito: $39.929,54";COMPLETED
V-2026-6283;"4/9/2026, 3:11:36 p. m.";Cajero;Cliente 1;28059.97;0;0;0;28059.97;"credito: $28.059,97";COMPLETED
V-2026-6282;"4/9/2026, 3:11:36 p. m.";Cajero;Cliente 1;73571.83;0;0;0;73571.83;"credito: $73.571,83";COMPLETED
V-2026-6281;"4/9/2026, 3:11:36 p. m.";Cajero;Cliente 1;13881.27;0;0;0;13881.27;"credito: $13.881,27";COMPLETED
V-2026-6280;"4/9/2026, 3:11:36 p. m.";Cajero;Cliente 1;49104.22;0;0;0;49104.22;"credito: $49.104,22";COMPLETED
V-2026-6279;"4/9/2026, 3:11:36 p. m.";Cajero;Cliente 1;2330.46;0;0;0;2330.46;"credito: $2.330,46";COMPLETED
V-2026-6278;"4/9/2026, 3:11:36 p. m.";Cajero;Cliente 1;31629.1;0;0;0;31629.1;"credito: $31.629,1";COMPLETED
V-2026-6277;"4/9/2026, 3:11:36 p. m.";Cajero;Cliente 1;31075.98;0;0;0;31075.98;"credito: $31.075,98";COMPLETED
V-2026-6276;"4/9/2026, 3:11:36 p. m.";Cajero;Cliente 1;34987.92;0;0;0;34987.92;"credito: $34.987,92";COMPLETED
V-2026-6275;"4/9/2026, 3:11:36 p. m.";Cajero;Cliente 1;36159.22;0;0;0;36159.22;"credito: $36.159,22";COMPLETED
V-2026-6274;"4/9/2026, 3:11:36 p. m.";Cajero;Cliente 1;28319.24;0;0;0;28319.24;"credito: $28.319,24";COMPLETED
V-2026-6273;"4/9/2026, 3:11:36 p. m.";Cajero;Cliente 1;29533.63;0;0;0;29533.63;"credito: $29.533,63";COMPLETED
V-2026-6272;"4/9/2026, 3:11:36 p. m.";Cajero;Cliente 1;27713.85;0;0;0;27713.85;"credito: $27.713,85";COMPLETED
V-2026-6271;"4/9/2026, 3:11:35 p. m.";Cajero;Cliente 1;28319.24;0;0;0;28319.24;"credito: $28.319,24";COMPLETED
V-2026-6270;"4/9/2026, 3:11:35 p. m.";Cajero;Cliente 1;31232.75;0;0;0;31232.75;"credito: $31.232,75";COMPLETED
V-2026-6269;"4/9/2026, 3:11:35 p. m.";Cajero;Cliente 1;28396.17;0;0;0;28396.17;"credito: $28.396,17";COMPLETED
V-2026-6268;"4/9/2026, 3:11:35 p. m.";Cajero;Cliente 1;13091.02;0;0;0;13091.02;"credito: $13.091,02";COMPLETED
V-2026-6267;"4/9/2026, 3:11:35 p. m.";Cajero;Cliente 1;20899.34;0;0;0;20899.34;"credito: $20.899,34";COMPLETED
V-2026-6266;"4/9/2026, 3:11:35 p. m.";Cajero;Cliente 1;1613.91;0;0;0;1613.91;"credito: $1.613,91";COMPLETED
V-2026-6265;"4/9/2026, 3:11:35 p. m.";Cajero;Cliente 1;7254.95;0;0;0;7254.95;"credito: $7.254,95";COMPLETED
V-2026-6264;"4/9/2026, 3:11:35 p. m.";Cajero;Cliente 1;51177.14;0;0;0;51177.14;"credito: $51.177,14";COMPLETED
V-2026-6263;"4/9/2026, 3:11:35 p. m.";Cajero;Cliente 1;584.11;0;0;0;584.11;"credito: $584,11";COMPLETED
V-2026-6262;"4/9/2026, 3:11:35 p. m.";Cajero;Cliente 1;47932.08;0;0;0;47932.08;"credito: $47.932,08";COMPLETED
V-2026-6261;"4/9/2026, 3:11:35 p. m.";Cajero;Cliente 1;74229.97;0;0;0;74229.97;"credito: $74.229,97";COMPLETED
V-2026-6260;"4/9/2026, 3:11:35 p. m.";Cajero;Cliente 1;52361.76;0;0;0;52361.76;"credito: $52.361,76";COMPLETED
V-2026-6259;"4/9/2026, 3:11:35 p. m.";Cajero;Cliente 1;28529.33;0;0;0;28529.33;"credito: $28.529,33";COMPLETED
V-2026-6258;"4/9/2026, 3:11:35 p. m.";Cajero;Cliente 1;71840.79;0;0;0;71840.79;"credito: $71.840,79";COMPLETED
V-2026-6257;"4/9/2026, 3:11:35 p. m.";Cajero;Cliente 1;1439.89;0;0;0;1439.89;"credito: $1.439,89";COMPLETED
V-2026-6256;"4/9/2026, 3:11:35 p. m.";Cajero;Cliente 1;21856.39;0;0;0;21856.39;"credito: $21.856,39";COMPLETED
V-2026-6255;"4/9/2026, 3:11:35 p. m.";Cajero;Cliente 1;8811.65;0;0;0;8811.65;"credito: $8.811,65";COMPLETED
V-2026-6254;"4/9/2026, 3:11:35 p. m.";Cajero;Cliente 1;17577.35;0;0;0;17577.35;"credito: $17.577,35";COMPLETED
V-2026-6253;"4/9/2026, 3:11:35 p. m.";Cajero;Cliente 1;22316.53;0;0;0;22316.53;"credito: $22.316,53";COMPLETED
V-2026-6252;"4/9/2026, 3:11:35 p. m.";Cajero;Cliente 1;37273.01;0;0;0;37273.01;"credito: $37.273,01";COMPLETED
V-2026-6251;"4/9/2026, 3:11:34 p. m.";Cajero;Cliente 1;82601.03;0;0;0;82601.03;"credito: $82.601,03";COMPLETED
V-2026-6250;"4/9/2026, 3:11:34 p. m.";Cajero;Cliente 1;10142.82;0;0;0;10142.82;"credito: $10.142,82";COMPLETED
V-2026-6249;"4/9/2026, 3:11:34 p. m.";Cajero;Cliente 1;53245.36;0;0;0;53245.36;"credito: $53.245,36";COMPLETED
V-2026-6248;"4/9/2026, 3:11:34 p. m.";Cajero;Cliente 1;10881.43;0;0;0;10881.43;"credito: $10.881,43";COMPLETED
V-2026-6247;"4/9/2026, 3:11:34 p. m.";Cajero;Cliente 1;1340.04;0;0;0;1340.04;"credito: $1.340,04";COMPLETED
V-2026-6246;"4/9/2026, 3:11:34 p. m.";Cajero;Cliente 1;83520.55;0;0;0;83520.55;"credito: $83.520,55";COMPLETED
V-2026-6245;"4/9/2026, 3:11:34 p. m.";Cajero;Cliente 1;78726.44;0;0;0;78726.44;"credito: $78.726,44";COMPLETED
V-2026-6244;"4/9/2026, 3:11:34 p. m.";Cajero;Cliente 1;28721.97;0;0;0;28721.97;"credito: $28.721,97";COMPLETED
V-2026-6243;"4/9/2026, 3:11:34 p. m.";Cajero;Cliente 1;31971.92;0;0;0;31971.92;"credito: $31.971,92";COMPLETED
V-2026-6242;"4/9/2026, 3:11:34 p. m.";Cajero;Cliente 1;32655.98;0;0;0;32655.98;"credito: $32.655,98";COMPLETED
V-2026-6241;"4/9/2026, 3:11:34 p. m.";Cajero;Cliente 1;30253.71;0;0;0;30253.71;"credito: $30.253,71";COMPLETED
V-2026-6240;"4/9/2026, 3:11:34 p. m.";Cajero;Cliente 1;68922.02;0;0;0;68922.02;"credito: $68.922,02";COMPLETED
V-2026-6239;"4/9/2026, 3:11:34 p. m.";Cajero;Cliente 1;27665.42;0;0;0;27665.42;"credito: $27.665,42";COMPLETED
V-2026-6238;"4/9/2026, 3:11:34 p. m.";Cajero;Cliente 1;41172.71;0;0;0;41172.71;"credito: $41.172,71";COMPLETED
V-2026-6237;"4/9/2026, 3:11:34 p. m.";Cajero;Cliente 1;39357.48;0;0;0;39357.48;"credito: $39.357,48";COMPLETED
V-2026-6236;"4/9/2026, 3:11:34 p. m.";Cajero;Cliente 1;29841.87;0;0;0;29841.87;"credito: $29.841,87";COMPLETED
V-2026-6235;"4/9/2026, 3:11:34 p. m.";Cajero;Cliente 1;81400.96;0;0;0;81400.96;"credito: $81.400,96";COMPLETED
V-2026-6234;"4/9/2026, 3:11:34 p. m.";Cajero;Cliente 1;48181.74;0;0;0;48181.74;"credito: $48.181,74";COMPLETED
V-2026-6233;"4/9/2026, 3:11:34 p. m.";Cajero;Cliente 1;27065.33;0;0;0;27065.33;"credito: $27.065,33";COMPLETED
V-2026-6232;"4/9/2026, 3:11:34 p. m.";Cajero;Cliente 1;85543.51;0;0;0;85543.51;"credito: $85.543,51";COMPLETED
V-2026-6231;"4/9/2026, 3:11:33 p. m.";Cajero;Cliente 1;74167.07;0;0;0;74167.07;"credito: $74.167,07";COMPLETED
V-2026-6230;"4/9/2026, 3:11:33 p. m.";Cajero;Cliente 1;21698.02;0;0;0;21698.02;"credito: $21.698,02";COMPLETED
V-2026-6229;"4/9/2026, 3:11:33 p. m.";Cajero;Cliente 1;11382.45;0;0;0;11382.45;"credito: $11.382,45";COMPLETED
V-2026-6228;"4/9/2026, 3:11:33 p. m.";Cajero;Cliente 1;32496.84;0;0;0;32496.84;"credito: $32.496,84";COMPLETED
V-2026-6227;"4/9/2026, 3:11:33 p. m.";Cajero;Cliente 1;5831.99;0;0;0;5831.99;"credito: $5.831,99";COMPLETED
V-2026-6226;"4/9/2026, 3:11:33 p. m.";Cajero;Cliente 1;43161.22;0;0;0;43161.22;"credito: $43.161,22";COMPLETED
V-2026-6225;"4/9/2026, 3:11:33 p. m.";Cajero;Cliente 1;9138.66;0;0;0;9138.66;"credito: $9.138,66";COMPLETED
V-2026-6224;"4/9/2026, 3:11:33 p. m.";Cajero;Cliente 1;97871.15;0;0;0;97871.15;"credito: $97.871,15";COMPLETED
V-2026-6223;"4/9/2026, 3:11:33 p. m.";Cajero;Cliente 1;53234.72;0;0;0;53234.72;"credito: $53.234,72";COMPLETED
V-2026-6222;"4/9/2026, 3:11:33 p. m.";Cajero;Cliente 1;45638.46;0;0;0;45638.46;"credito: $45.638,46";COMPLETED
V-2026-6221;"4/9/2026, 3:11:33 p. m.";Cajero;Cliente 1;83841.6;0;0;0;83841.6;"credito: $83.841,6";COMPLETED
V-2026-6220;"4/9/2026, 3:11:33 p. m.";Cajero;Cliente 1;40623.47;0;0;0;40623.47;"credito: $40.623,47";COMPLETED
V-2026-6219;"4/9/2026, 3:11:33 p. m.";Cajero;Cliente 1;3604.88;0;0;0;3604.88;"credito: $3.604,88";COMPLETED
V-2026-6218;"4/9/2026, 3:11:33 p. m.";Cajero;Cliente 1;5198.17;0;0;0;5198.17;"credito: $5.198,17";COMPLETED
V-2026-6217;"4/9/2026, 3:11:33 p. m.";Cajero;Cliente 1;8751.08;0;0;0;8751.08;"credito: $8.751,08";COMPLETED
V-2026-6216;"4/9/2026, 3:11:33 p. m.";Cajero;Cliente 1;24595.99;0;0;0;24595.99;"credito: $24.595,99";COMPLETED
V-2026-6215;"4/9/2026, 3:11:33 p. m.";Cajero;Cliente 1;21455.3;0;0;0;21455.3;"credito: $21.455,3";COMPLETED
V-2026-6214;"4/9/2026, 3:11:33 p. m.";Cajero;Cliente 1;73828.43;0;0;0;73828.43;"credito: $73.828,43";COMPLETED
V-2026-6213;"4/9/2026, 3:11:33 p. m.";Cajero;Cliente 1;18931.1;0;0;0;18931.1;"credito: $18.931,1";COMPLETED
V-2026-6212;"4/9/2026, 3:11:33 p. m.";Cajero;Cliente 1;37301.17;0;0;0;37301.17;"credito: $37.301,17";COMPLETED
V-2026-6211;"4/9/2026, 3:11:32 p. m.";Cajero;Cliente 1;37524.35;0;0;0;37524.35;"credito: $37.524,35";COMPLETED
V-2026-6210;"4/9/2026, 3:11:32 p. m.";Cajero;Cliente 1;69078.27;0;0;0;69078.27;"credito: $69.078,27";COMPLETED
V-2026-6209;"4/9/2026, 3:11:32 p. m.";Cajero;Cliente 1;6751.03;0;0;0;6751.03;"credito: $6.751,03";COMPLETED
V-2026-6208;"4/9/2026, 3:11:32 p. m.";Cajero;Cliente 1;47277.45;0;0;0;47277.45;"credito: $47.277,45";COMPLETED
V-2026-6207;"4/9/2026, 3:11:32 p. m.";Cajero;Cliente 1;14937.25;0;0;0;14937.25;"credito: $14.937,25";COMPLETED
V-2026-6206;"4/9/2026, 3:11:32 p. m.";Cajero;Cliente 1;70445.28;0;0;0;70445.28;"credito: $70.445,28";COMPLETED
V-2026-6205;"4/9/2026, 3:11:32 p. m.";Cajero;Cliente 1;27148.57;0;0;0;27148.57;"credito: $27.148,57";COMPLETED
V-2026-6204;"4/9/2026, 3:11:32 p. m.";Cajero;Cliente 1;8778.8;0;0;0;8778.8;"credito: $8.778,8";COMPLETED
V-2026-6203;"4/9/2026, 3:11:32 p. m.";Cajero;Cliente 1;34385.28;0;0;0;34385.28;"credito: $34.385,28";COMPLETED
V-2026-6202;"4/9/2026, 3:11:32 p. m.";Cajero;Cliente 1;48584.73;0;0;0;48584.73;"credito: $48.584,73";COMPLETED
V-2026-6201;"4/9/2026, 3:11:32 p. m.";Cajero;Cliente 1;52122.14;0;0;0;52122.14;"credito: $52.122,14";COMPLETED
V-2026-6200;"4/9/2026, 3:11:32 p. m.";Cajero;Cliente 1;43272.04;0;0;0;43272.04;"credito: $43.272,04";COMPLETED
V-2026-6199;"4/9/2026, 3:11:32 p. m.";Cajero;Cliente 1;11627.52;0;0;0;11627.52;"credito: $11.627,52";COMPLETED
V-2026-6198;"4/9/2026, 3:11:32 p. m.";Cajero;Cliente 1;52380.74;0;0;0;52380.74;"credito: $52.380,74";COMPLETED
V-2026-6197;"4/9/2026, 3:11:32 p. m.";Cajero;Cliente 1;92222.06;0;0;0;92222.06;"credito: $92.222,06";COMPLETED
V-2026-6196;"4/9/2026, 3:11:32 p. m.";Cajero;Cliente 1;27850.4;0;0;0;27850.4;"credito: $27.850,4";COMPLETED
V-2026-6195;"4/9/2026, 3:11:32 p. m.";Cajero;Cliente 1;143909.42;0;0;0;143909.42;"credito: $143.909,42";COMPLETED
V-2026-6194;"4/9/2026, 3:11:32 p. m.";Cajero;Cliente 1;37762.18;0;0;0;37762.18;"credito: $37.762,18";COMPLETED
V-2026-6193;"4/9/2026, 3:11:32 p. m.";Cajero;Cliente 1;27161.02;0;0;0;27161.02;"credito: $27.161,02";COMPLETED
V-2026-6192;"4/9/2026, 3:11:32 p. m.";Cajero;Cliente 1;27068.14;0;0;0;27068.14;"credito: $27.068,14";COMPLETED
V-2026-6191;"4/9/2026, 3:11:32 p. m.";Cajero;Cliente 1;64038.78;0;0;0;64038.78;"credito: $64.038,78";COMPLETED
V-2026-6190;"4/9/2026, 3:11:31 p. m.";Cajero;Cliente 1;19762.9;0;0;0;19762.9;"credito: $19.762,9";COMPLETED
V-2026-6189;"4/9/2026, 3:11:31 p. m.";Cajero;Cliente 1;167041.1;0;0;0;167041.1;"credito: $167.041,1";COMPLETED
V-2026-6188;"4/9/2026, 3:11:31 p. m.";Cajero;Cliente 1;52631.7;0;0;0;52631.7;"credito: $52.631,7";COMPLETED
V-2026-6187;"4/9/2026, 3:11:31 p. m.";Cajero;Cliente 1;160512.6;0;0;0;160512.6;"credito: $160.512,6";COMPLETED
V-2026-6186;"4/9/2026, 3:11:31 p. m.";Cajero;Cliente 1;53030.08;0;0;0;53030.08;"credito: $53.030,08";COMPLETED
V-2026-6185;"4/9/2026, 3:11:31 p. m.";Cajero;Cliente 1;129006.34;0;0;0;129006.34;"credito: $129.006,34";COMPLETED
V-2026-6184;"4/9/2026, 3:11:31 p. m.";Cajero;Cliente 1;49191.98;0;0;0;49191.98;"credito: $49.191,98";COMPLETED
V-2026-6183;"4/9/2026, 3:11:31 p. m.";Cajero;Cliente 1;14631.04;0;0;0;14631.04;"credito: $14.631,04";COMPLETED
V-2026-6182;"4/9/2026, 3:11:31 p. m.";Cajero;Cliente 1;36500.5;0;0;0;36500.5;"credito: $36.500,5";COMPLETED
V-2026-6181;"4/9/2026, 3:11:31 p. m.";Cajero;Cliente 1;79680.74;0;0;0;79680.74;"credito: $79.680,74";COMPLETED
V-2026-6180;"4/9/2026, 3:11:31 p. m.";Cajero;Cliente 1;39345.86;0;0;0;39345.86;"credito: $39.345,86";COMPLETED
V-2026-6179;"4/9/2026, 3:11:31 p. m.";Cajero;Cliente 1;11755.16;0;0;0;11755.16;"credito: $11.755,16";COMPLETED
V-2026-6178;"4/9/2026, 3:11:31 p. m.";Cajero;Cliente 1;44546.82;0;0;0;44546.82;"credito: $44.546,82";COMPLETED
V-2026-6177;"4/9/2026, 3:11:31 p. m.";Cajero;Cliente 1;21296.96;0;0;0;21296.96;"credito: $21.296,96";COMPLETED
V-2026-6176;"4/9/2026, 3:11:31 p. m.";Cajero;Cliente 1;105980.66;0;0;0;105980.66;"credito: $105.980,66";COMPLETED
V-2026-6175;"4/9/2026, 3:11:31 p. m.";Cajero;Cliente 1;86048.02;0;0;0;86048.02;"credito: $86.048,02";COMPLETED
V-2026-6174;"4/9/2026, 3:11:31 p. m.";Cajero;Cliente 1;9443.56;0;0;0;9443.56;"credito: $9.443,56";COMPLETED
V-2026-6173;"4/9/2026, 3:11:31 p. m.";Cajero;Cliente 1;186353.82;0;0;0;186353.82;"credito: $186.353,82";COMPLETED
V-2026-6172;"4/9/2026, 3:11:31 p. m.";Cajero;Cliente 1;13786.08;0;0;0;13786.08;"credito: $13.786,08";COMPLETED
V-2026-6171;"4/9/2026, 3:11:31 p. m.";Cajero;Cliente 1;48060.48;0;0;0;48060.48;"credito: $48.060,48";COMPLETED
V-2026-6170;"4/9/2026, 3:11:31 p. m.";Cajero;Cliente 1;189273.66;0;0;0;189273.66;"credito: $189.273,66";COMPLETED
V-2026-6169;"4/9/2026, 3:11:30 p. m.";Cajero;Cliente 1;65726.44;0;0;0;65726.44;"credito: $65.726,44";COMPLETED
V-2026-6168;"4/9/2026, 3:11:30 p. m.";Cajero;Cliente 1;193273.84;0;0;0;193273.84;"credito: $193.273,84";COMPLETED
V-2026-6167;"4/9/2026, 3:11:30 p. m.";Cajero;Cliente 1;7929.7;0;0;0;7929.7;"credito: $7.929,7";COMPLETED
V-2026-6166;"4/9/2026, 3:11:30 p. m.";Cajero;Cliente 1;135280.74;0;0;0;135280.74;"credito: $135.280,74";COMPLETED
V-2026-6165;"4/9/2026, 3:11:30 p. m.";Cajero;Cliente 1;189942.82;0;0;0;189942.82;"credito: $189.942,82";COMPLETED
V-2026-6164;"4/9/2026, 3:11:30 p. m.";Cajero;Cliente 1;195527.42;0;0;0;195527.42;"credito: $195.527,42";COMPLETED
V-2026-6163;"4/9/2026, 3:11:30 p. m.";Cajero;Cliente 1;93568.98;0;0;0;93568.98;"credito: $93.568,98";COMPLETED
V-2026-6162;"4/9/2026, 3:11:30 p. m.";Cajero;Cliente 1;98128.72;0;0;0;98128.72;"credito: $98.128,72";COMPLETED
V-2026-6161;"4/9/2026, 3:11:30 p. m.";Cajero;Cliente 1;199772.02;0;0;0;199772.02;"credito: $199.772,02";COMPLETED
V-2026-6160;"4/9/2026, 3:11:30 p. m.";Cajero;Cliente 1;120481.34;0;0;0;120481.34;"credito: $120.481,34";COMPLETED
V-2026-6159;"4/9/2026, 3:11:30 p. m.";Cajero;Cliente 1;99814.42;0;0;0;99814.42;"credito: $99.814,42";COMPLETED
V-2026-6158;"4/9/2026, 3:11:30 p. m.";Cajero;Cliente 1;10605.82;0;0;0;10605.82;"credito: $10.605,82";COMPLETED
V-2026-6157;"4/9/2026, 3:11:30 p. m.";Cajero;Cliente 1;29257.46;0;0;0;29257.46;"credito: $29.257,46";COMPLETED
V-2026-6156;"4/9/2026, 3:11:30 p. m.";Cajero;Cliente 1;78254.2;0;0;0;78254.2;"credito: $78.254,2";COMPLETED
V-2026-6155;"4/9/2026, 3:11:30 p. m.";Cajero;Cliente 1;9916.64;0;0;0;9916.64;"credito: $9.916,64";COMPLETED
V-2026-6154;"4/9/2026, 3:11:30 p. m.";Cajero;Cliente 1;66652.16;0;0;0;66652.16;"credito: $66.652,16";COMPLETED
V-2026-6153;"4/9/2026, 3:11:30 p. m.";Cajero;Cliente 1;70790.12;0;0;0;70790.12;"credito: $70.790,12";COMPLETED
V-2026-6152;"4/9/2026, 3:11:30 p. m.";Cajero;Cliente 1;41307.66;0;0;0;41307.66;"credito: $41.307,66";COMPLETED
V-2026-6151;"4/9/2026, 3:11:30 p. m.";Cajero;Cliente 1;34543.98;0;0;0;34543.98;"credito: $34.543,98";COMPLETED
V-2026-6150;"4/9/2026, 3:11:30 p. m.";Cajero;Cliente 1;94853.78;0;0;0;94853.78;"credito: $94.853,78";COMPLETED
V-2026-6149;"4/9/2026, 3:11:30 p. m.";Cajero;Cliente 1;27068.14;0;0;0;27068.14;"credito: $27.068,14";COMPLETED
V-2026-6148;"4/9/2026, 3:11:30 p. m.";Cajero;Cliente 1;44796.44;0;0;0;44796.44;"credito: $44.796,44";COMPLETED
V-2026-6147;"4/9/2026, 3:11:29 p. m.";Cajero;Cliente 1;29111.36;0;0;0;29111.36;"credito: $29.111,36";COMPLETED
V-2026-6146;"4/9/2026, 3:11:29 p. m.";Cajero;Cliente 1;41243.74;0;0;0;41243.74;"credito: $41.243,74";COMPLETED
V-2026-6145;"4/9/2026, 3:11:29 p. m.";Cajero;Cliente 1;80577.94;0;0;0;80577.94;"credito: $80.577,94";COMPLETED
V-2026-6144;"4/9/2026, 3:11:29 p. m.";Cajero;Cliente 1;48184.52;0;0;0;48184.52;"credito: $48.184,52";COMPLETED
V-2026-6143;"4/9/2026, 3:11:29 p. m.";Cajero;Cliente 1;198445.16;0;0;0;198445.16;"credito: $198.445,16";COMPLETED
V-2026-6142;"4/9/2026, 3:11:29 p. m.";Cajero;Cliente 1;92135.94;0;0;0;92135.94;"credito: $92.135,94";COMPLETED
V-2026-6141;"4/9/2026, 3:11:29 p. m.";Cajero;Cliente 1;63943.84;0;0;0;63943.84;"credito: $63.943,84";COMPLETED
V-2026-6140;"4/9/2026, 3:11:29 p. m.";Cajero;Cliente 1;95656.04;0;0;0;95656.04;"credito: $95.656,04";COMPLETED
V-2026-6139;"4/9/2026, 3:11:29 p. m.";Cajero;Cliente 1;128196.82;0;0;0;128196.82;"credito: $128.196,82";COMPLETED
V-2026-6138;"4/9/2026, 3:11:29 p. m.";Cajero;Cliente 1;81141.08;0;0;0;81141.08;"credito: $81.141,08";COMPLETED
V-2026-6137;"4/9/2026, 3:11:29 p. m.";Cajero;Cliente 1;77053.5;0;0;0;77053.5;"credito: $77.053,5";COMPLETED
V-2026-6136;"4/9/2026, 3:11:29 p. m.";Cajero;Cliente 1;64319.62;0;0;0;64319.62;"credito: $64.319,62";COMPLETED
V-2026-6135;"4/9/2026, 3:11:29 p. m.";Cajero;Cliente 1;120533.74;0;0;0;120533.74;"credito: $120.533,74";COMPLETED
V-2026-6134;"4/9/2026, 3:11:29 p. m.";Cajero;Cliente 1;15794.52;0;0;0;15794.52;"credito: $15.794,52";COMPLETED
V-2026-6133;"4/9/2026, 3:11:29 p. m.";Cajero;Cliente 1;16320.84;0;0;0;16320.84;"credito: $16.320,84";COMPLETED
V-2026-6132;"4/9/2026, 3:11:29 p. m.";Cajero;Cliente 1;74795.44;0;0;0;74795.44;"credito: $74.795,44";COMPLETED
V-2026-6131;"4/9/2026, 3:11:29 p. m.";Cajero;Cliente 1;2534.3;0;0;0;2534.3;"credito: $2.534,3";COMPLETED
V-2026-6130;"4/9/2026, 3:11:29 p. m.";Cajero;Cliente 1;38830.72;0;0;0;38830.72;"credito: $38.830,72";COMPLETED
V-2026-6129;"4/9/2026, 3:11:29 p. m.";Cajero;Cliente 1;167041.1;0;0;0;167041.1;"credito: $167.041,1";COMPLETED
V-2026-6128;"4/9/2026, 3:11:28 p. m.";Cajero;Cliente 1;30052.72;0;0;0;30052.72;"credito: $30.052,72";COMPLETED
V-2026-6127;"4/9/2026, 3:11:28 p. m.";Cajero;Cliente 1;37270.46;0;0;0;37270.46;"credito: $37.270,46";COMPLETED
V-2026-6126;"4/9/2026, 3:11:28 p. m.";Cajero;Cliente 1;51417.78;0;0;0;51417.78;"credito: $51.417,78";COMPLETED
V-2026-6125;"4/9/2026, 3:11:28 p. m.";Cajero;Cliente 1;23360.68;0;0;0;23360.68;"credito: $23.360,68";COMPLETED
V-2026-6124;"4/9/2026, 3:11:28 p. m.";Cajero;Cliente 1;26985.6;0;0;0;26985.6;"credito: $26.985,6";COMPLETED
V-2026-6123;"4/9/2026, 3:11:28 p. m.";Cajero;Cliente 1;162927.68;0;0;0;162927.68;"credito: $162.927,68";COMPLETED
V-2026-6122;"4/9/2026, 3:11:28 p. m.";Cajero;Cliente 1;139184.6;0;0;0;139184.6;"credito: $139.184,6";COMPLETED
V-2026-6121;"4/9/2026, 3:11:28 p. m.";Cajero;Cliente 1;65539.8;0;0;0;65539.8;"credito: $65.539,8";COMPLETED
V-2026-6120;"4/9/2026, 3:11:28 p. m.";Cajero;Cliente 1;105923.78;0;0;0;105923.78;"credito: $105.923,78";COMPLETED
V-2026-6119;"4/9/2026, 3:11:28 p. m.";Cajero;Cliente 1;36557.66;0;0;0;36557.66;"credito: $36.557,66";COMPLETED
V-2026-6118;"4/9/2026, 3:11:28 p. m.";Cajero;Cliente 1;19149.12;0;0;0;19149.12;"credito: $19.149,12";COMPLETED
V-2026-6117;"4/9/2026, 3:11:28 p. m.";Cajero;Cliente 1;174737.34;0;0;0;174737.34;"credito: $174.737,34";COMPLETED
V-2026-6116;"4/9/2026, 3:11:28 p. m.";Cajero;Cliente 1;90023.18;0;0;0;90023.18;"credito: $90.023,18";COMPLETED
V-2026-6115;"4/9/2026, 3:11:28 p. m.";Cajero;Cliente 1;21492.92;0;0;0;21492.92;"credito: $21.492,92";COMPLETED
V-2026-6114;"4/9/2026, 3:11:28 p. m.";Cajero;Cliente 1;96879.54;0;0;0;96879.54;"credito: $96.879,54";COMPLETED
V-2026-6113;"4/9/2026, 3:11:28 p. m.";Cajero;Cliente 1;163942.6;0;0;0;163942.6;"credito: $163.942,6";COMPLETED
V-2026-6112;"4/9/2026, 3:11:28 p. m.";Cajero;Cliente 1;19762.9;0;0;0;19762.9;"credito: $19.762,9";COMPLETED
V-2026-6111;"4/9/2026, 3:11:28 p. m.";Cajero;Cliente 1;56757.2;0;0;0;56757.2;"credito: $56.757,2";COMPLETED
V-2026-6110;"4/9/2026, 3:11:28 p. m.";Cajero;Cliente 1;125576.54;0;0;0;125576.54;"credito: $125.576,54";COMPLETED
V-2026-6109;"4/9/2026, 3:11:28 p. m.";Cajero;Cliente 1;48184.52;0;0;0;48184.52;"credito: $48.184,52";COMPLETED
V-2026-6108;"4/9/2026, 3:11:28 p. m.";Cajero;Cliente 1;80531.38;0;0;0;80531.38;"credito: $80.531,38";COMPLETED
V-2026-6107;"4/9/2026, 3:11:27 p. m.";Cajero;Cliente 1;156105.58;0;0;0;156105.58;"credito: $156.105,58";COMPLETED
V-2026-6106;"4/9/2026, 3:11:27 p. m.";Cajero;Cliente 1;74853.1;0;0;0;74853.1;"credito: $74.853,1";COMPLETED
V-2026-6105;"4/9/2026, 3:11:27 p. m.";Cajero;Cliente 1;22764.9;0;0;0;22764.9;"credito: $22.764,9";COMPLETED
V-2026-6104;"4/9/2026, 3:11:27 p. m.";Cajero;Cliente 1;44276.1;0;0;0;44276.1;"credito: $44.276,1";COMPLETED
V-2026-6103;"4/9/2026, 3:11:27 p. m.";Cajero;Cliente 1;62463.78;0;0;0;62463.78;"credito: $62.463,78";COMPLETED
V-2026-6102;"4/9/2026, 3:11:27 p. m.";Cajero;Cliente 1;69706.82;0;0;0;69706.82;"credito: $69.706,82";COMPLETED
V-2026-6101;"4/9/2026, 3:11:27 p. m.";Cajero;Cliente 1;31869.08;0;0;0;31869.08;"credito: $31.869,08";COMPLETED
V-2026-6100;"4/9/2026, 3:11:27 p. m.";Cajero;Cliente 1;98803.42;0;0;0;98803.42;"credito: $98.803,42";COMPLETED
V-2026-6099;"4/9/2026, 3:11:27 p. m.";Cajero;Cliente 1;86839.08;0;0;0;86839.08;"credito: $86.839,08";COMPLETED
V-2026-6098;"4/9/2026, 3:11:27 p. m.";Cajero;Cliente 1;13898.7;0;0;0;13898.7;"credito: $13.898,7";COMPLETED
V-2026-6097;"4/9/2026, 3:11:27 p. m.";Cajero;Cliente 1;49960.76;0;0;0;49960.76;"credito: $49.960,76";COMPLETED
V-2026-6096;"4/9/2026, 3:11:27 p. m.";Cajero;Cliente 1;48934.82;0;0;0;48934.82;"credito: $48.934,82";COMPLETED
V-2026-6095;"4/9/2026, 3:11:27 p. m.";Cajero;Cliente 1;96677.88;0;0;0;96677.88;"credito: $96.677,88";COMPLETED
V-2026-6094;"4/9/2026, 3:11:27 p. m.";Cajero;Cliente 1;194168.68;0;0;0;194168.68;"credito: $194.168,68";COMPLETED
V-2026-6093;"4/9/2026, 3:11:27 p. m.";Cajero;Cliente 1;36040.66;0;0;0;36040.66;"credito: $36.040,66";COMPLETED
V-2026-6092;"4/9/2026, 3:11:27 p. m.";Cajero;Cliente 1;112933.88;0;0;0;112933.88;"credito: $112.933,88";COMPLETED
V-2026-6091;"4/9/2026, 3:11:27 p. m.";Cajero;Cliente 1;29046.8;0;0;0;29046.8;"credito: $29.046,8";COMPLETED
V-2026-6090;"4/9/2026, 3:11:27 p. m.";Cajero;Cliente 1;58989.38;0;0;0;58989.38;"credito: $58.989,38";COMPLETED
V-2026-6089;"4/9/2026, 3:11:27 p. m.";Cajero;Cliente 1;45421.1;0;0;0;45421.1;"credito: $45.421,1";COMPLETED
V-2026-6088;"4/9/2026, 3:11:27 p. m.";Cajero;Cliente 1;68418.28;0;0;0;68418.28;"credito: $68.418,28";COMPLETED
V-2026-6087;"4/9/2026, 3:11:27 p. m.";Cajero;Cliente 1;90638.48;0;0;0;90638.48;"credito: $90.638,48";COMPLETED
V-2026-6086;"4/9/2026, 3:11:26 p. m.";Cajero;Cliente 1;36809.78;0;0;0;36809.78;"credito: $36.809,78";COMPLETED
V-2026-6085;"4/9/2026, 3:11:26 p. m.";Cajero;Cliente 1;112976.28;0;0;0;112976.28;"credito: $112.976,28";COMPLETED
V-2026-6084;"4/9/2026, 3:11:26 p. m.";Cajero;Cliente 1;16430.58;0;0;0;16430.58;"credito: $16.430,58";COMPLETED
V-2026-6083;"4/9/2026, 3:11:26 p. m.";Cajero;Cliente 1;23904.34;0;0;0;23904.34;"credito: $23.904,34";COMPLETED
V-2026-6082;"4/9/2026, 3:11:26 p. m.";Cajero;Cliente 1;16453.26;0;0;0;16453.26;"credito: $16.453,26";COMPLETED
V-2026-6081;"4/9/2026, 3:11:26 p. m.";Cajero;Cliente 1;67241.02;0;0;0;67241.02;"credito: $67.241,02";COMPLETED
V-2026-6080;"4/9/2026, 3:11:26 p. m.";Cajero;Cliente 1;135897.62;0;0;0;135897.62;"credito: $135.897,62";COMPLETED
V-2026-6079;"4/9/2026, 3:11:26 p. m.";Cajero;Cliente 1;182770.84;0;0;0;182770.84;"credito: $182.770,84";COMPLETED
V-2026-6078;"4/9/2026, 3:11:26 p. m.";Cajero;Cliente 1;109228.62;0;0;0;109228.62;"credito: $109.228,62";COMPLETED
V-2026-6077;"4/9/2026, 3:11:26 p. m.";Cajero;Cliente 1;193158.3;0;0;0;193158.3;"credito: $193.158,3";COMPLETED
V-2026-6076;"4/9/2026, 3:11:26 p. m.";Cajero;Cliente 1;162801.92;0;0;0;162801.92;"credito: $162.801,92";COMPLETED
V-2026-6075;"4/9/2026, 3:11:26 p. m.";Cajero;Cliente 1;71744.64;0;0;0;71744.64;"credito: $71.744,64";COMPLETED
V-2026-6074;"4/9/2026, 3:11:26 p. m.";Cajero;Cliente 1;73823.82;0;0;0;73823.82;"credito: $73.823,82";COMPLETED
V-2026-6073;"4/9/2026, 3:11:26 p. m.";Cajero;Cliente 1;130476.54;0;0;0;130476.54;"credito: $130.476,54";COMPLETED
V-2026-6072;"4/9/2026, 3:11:26 p. m.";Cajero;Cliente 1;97171.72;0;0;0;97171.72;"credito: $97.171,72";COMPLETED
V-2026-6071;"4/9/2026, 3:11:26 p. m.";Cajero;Cliente 1;97991.24;0;0;0;97991.24;"credito: $97.991,24";COMPLETED
V-2026-6070;"4/9/2026, 3:11:26 p. m.";Cajero;Cliente 1;191919.68;0;0;0;191919.68;"credito: $191.919,68";COMPLETED
V-2026-6069;"4/9/2026, 3:11:26 p. m.";Cajero;Cliente 1;24017.24;0;0;0;24017.24;"credito: $24.017,24";COMPLETED
V-2026-6068;"4/9/2026, 3:11:26 p. m.";Cajero;Cliente 1;72029.08;0;0;0;72029.08;"credito: $72.029,08";COMPLETED
V-2026-6067;"4/9/2026, 3:11:26 p. m.";Cajero;Cliente 1;92236.74;0;0;0;92236.74;"credito: $92.236,74";COMPLETED
V-2026-6066;"4/9/2026, 3:11:26 p. m.";Cajero;Cliente 1;107714.5;0;0;0;107714.5;"credito: $107.714,5";COMPLETED
V-2026-6065;"4/9/2026, 3:11:26 p. m.";Cajero;Cliente 1;14786.36;0;0;0;14786.36;"credito: $14.786,36";COMPLETED
V-2026-6064;"4/9/2026, 3:11:25 p. m.";Cajero;Cliente 1;67802.38;0;0;0;67802.38;"credito: $67.802,38";COMPLETED
V-2026-6063;"4/9/2026, 3:11:25 p. m.";Cajero;Cliente 1;73430.5;0;0;0;73430.5;"credito: $73.430,5";COMPLETED
V-2026-6062;"4/9/2026, 3:11:25 p. m.";Cajero;Cliente 1;34306.1;0;0;0;34306.1;"credito: $34.306,1";COMPLETED
V-2026-6061;"4/9/2026, 3:11:25 p. m.";Cajero;Cliente 1;190471.82;0;0;0;190471.82;"credito: $190.471,82";COMPLETED
V-2026-6060;"4/9/2026, 3:11:25 p. m.";Cajero;Cliente 1;111180.16;0;0;0;111180.16;"credito: $111.180,16";COMPLETED
V-2026-6059;"4/9/2026, 3:11:25 p. m.";Cajero;Cliente 1;40122.44;0;0;0;40122.44;"credito: $40.122,44";COMPLETED
V-2026-6058;"4/9/2026, 3:11:25 p. m.";Cajero;Cliente 1;173276.14;0;0;0;173276.14;"credito: $173.276,14";COMPLETED
V-2026-6057;"4/9/2026, 3:11:25 p. m.";Cajero;Cliente 1;59325.36;0;0;0;59325.36;"credito: $59.325,36";COMPLETED
V-2026-6056;"4/9/2026, 3:11:25 p. m.";Cajero;Cliente 1;24370.2;0;0;0;24370.2;"credito: $24.370,2";COMPLETED
V-2026-6055;"4/9/2026, 3:11:25 p. m.";Cajero;Cliente 1;64602.6;0;0;0;64602.6;"credito: $64.602,6";COMPLETED
V-2026-6054;"4/9/2026, 3:11:25 p. m.";Cajero;Cliente 1;15831.18;0;0;0;15831.18;"credito: $15.831,18";COMPLETED
V-2026-6053;"4/9/2026, 3:11:25 p. m.";Cajero;Cliente 1;85723.22;0;0;0;85723.22;"credito: $85.723,22";COMPLETED
V-2026-6052;"4/9/2026, 3:11:25 p. m.";Cajero;Cliente 1;30362.4;0;0;0;30362.4;"credito: $30.362,4";COMPLETED
V-2026-6051;"4/9/2026, 3:11:25 p. m.";Cajero;Cliente 1;40125.9;0;0;0;40125.9;"credito: $40.125,9";COMPLETED
V-2026-6050;"4/9/2026, 3:11:25 p. m.";Cajero;Cliente 1;22523.42;0;0;0;22523.42;"credito: $22.523,42";COMPLETED
V-2026-6049;"4/9/2026, 3:11:25 p. m.";Cajero;Cliente 1;64135.5;0;0;0;64135.5;"credito: $64.135,5";COMPLETED
V-2026-6048;"4/9/2026, 3:11:25 p. m.";Cajero;Cliente 1;16513.28;0;0;0;16513.28;"credito: $16.513,28";COMPLETED
V-2026-6047;"4/9/2026, 3:11:25 p. m.";Cajero;Cliente 1;44047.56;0;0;0;44047.56;"credito: $44.047,56";COMPLETED
V-2026-6046;"4/9/2026, 3:11:25 p. m.";Cajero;Cliente 1;15553.54;0;0;0;15553.54;"credito: $15.553,54";COMPLETED
V-2026-6045;"4/9/2026, 3:11:25 p. m.";Cajero;Cliente 1;31556.74;0;0;0;31556.74;"credito: $31.556,74";COMPLETED
V-2026-6044;"4/9/2026, 3:11:25 p. m.";Cajero;Cliente 1;159489.64;0;0;0;159489.64;"credito: $159.489,64";COMPLETED
V-2026-6043;"4/9/2026, 3:11:25 p. m.";Cajero;Cliente 1;63769.22;0;0;0;63769.22;"credito: $63.769,22";COMPLETED
V-2026-6042;"4/9/2026, 3:11:24 p. m.";Cajero;Cliente 1;109228.62;0;0;0;109228.62;"credito: $109.228,62";COMPLETED
V-2026-6041;"4/9/2026, 3:11:24 p. m.";Cajero;Cliente 1;75168.06;0;0;0;75168.06;"credito: $75.168,06";COMPLETED
V-2026-6040;"4/9/2026, 3:11:24 p. m.";Cajero;Cliente 1;67120.3;0;0;0;67120.3;"credito: $67.120,3";COMPLETED
V-2026-6039;"4/9/2026, 3:11:24 p. m.";Cajero;Cliente 1;33061.52;0;0;0;33061.52;"credito: $33.061,52";COMPLETED
V-2026-6038;"4/9/2026, 3:11:24 p. m.";Cajero;Cliente 1;4296.84;0;0;0;4296.84;"credito: $4.296,84";COMPLETED
V-2026-6037;"4/9/2026, 3:11:24 p. m.";Cajero;Cliente 1;14509.9;0;0;0;14509.9;"credito: $14.509,9";COMPLETED
V-2026-6036;"4/9/2026, 3:11:24 p. m.";Cajero;Cliente 1;179837.84;0;0;0;179837.84;"credito: $179.837,84";COMPLETED
V-2026-6035;"4/9/2026, 3:11:24 p. m.";Cajero;Cliente 1;41316.24;0;0;0;41316.24;"credito: $41.316,24";COMPLETED
V-2026-6034;"4/9/2026, 3:11:24 p. m.";Cajero;Cliente 1;32065.68;0;0;0;32065.68;"credito: $32.065,68";COMPLETED
V-2026-6033;"4/9/2026, 3:11:24 p. m.";Cajero;Cliente 1;29167.86;0;0;0;29167.86;"credito: $29.167,86";COMPLETED
V-2026-6032;"4/9/2026, 3:11:24 p. m.";Cajero;Cliente 1;11740.18;0;0;0;11740.18;"credito: $11.740,18";COMPLETED
V-2026-6031;"4/9/2026, 3:11:24 p. m.";Cajero;Cliente 1;66006.6;0;0;0;66006.6;"credito: $66.006,6";COMPLETED
V-2026-6030;"4/9/2026, 3:11:24 p. m.";Cajero;Cliente 1;16927.78;0;0;0;16927.78;"credito: $16.927,78";COMPLETED
V-2026-6029;"4/9/2026, 3:11:24 p. m.";Cajero;Cliente 1;17192.96;0;0;0;17192.96;"credito: $17.192,96";COMPLETED
V-2026-6028;"4/9/2026, 3:11:24 p. m.";Cajero;Cliente 1;184434.26;0;0;0;184434.26;"credito: $184.434,26";COMPLETED
V-2026-6027;"4/9/2026, 3:11:24 p. m.";Cajero;Cliente 1;8187.4;0;0;0;8187.4;"credito: $8.187,4";COMPLETED
V-2026-6026;"4/9/2026, 3:11:24 p. m.";Cajero;Cliente 1;37129.82;0;0;0;37129.82;"credito: $37.129,82";COMPLETED
V-2026-6025;"4/9/2026, 3:11:24 p. m.";Cajero;Cliente 1;86839.08;0;0;0;86839.08;"credito: $86.839,08";COMPLETED
V-2026-6024;"4/9/2026, 3:11:24 p. m.";Cajero;Cliente 1;150669.7;0;0;0;150669.7;"credito: $150.669,7";COMPLETED
V-2026-6023;"4/9/2026, 3:11:24 p. m.";Cajero;Cliente 1;49380.36;0;0;0;49380.36;"credito: $49.380,36";COMPLETED
V-2026-6022;"4/9/2026, 3:11:24 p. m.";Cajero;Cliente 1;174306.88;0;0;0;174306.88;"credito: $174.306,88";COMPLETED
V-2026-6021;"4/9/2026, 3:11:24 p. m.";Cajero;Cliente 1;173276.14;0;0;0;173276.14;"credito: $173.276,14";COMPLETED
V-2026-6020;"4/9/2026, 3:11:23 p. m.";Cajero;Cliente 1;120801.44;0;0;0;120801.44;"credito: $120.801,44";COMPLETED
V-2026-6019;"4/9/2026, 3:11:23 p. m.";Cajero;Cliente 1;34924.96;0;0;0;34924.96;"credito: $34.924,96";COMPLETED
V-2026-6018;"4/9/2026, 3:11:23 p. m.";Cajero;Cliente 1;11933.62;0;0;0;11933.62;"credito: $11.933,62";COMPLETED
V-2026-6017;"4/9/2026, 3:11:23 p. m.";Cajero;Cliente 1;31045.66;0;0;0;31045.66;"credito: $31.045,66";COMPLETED
V-2026-6016;"4/9/2026, 3:11:23 p. m.";Cajero;Cliente 1;160895.72;0;0;0;160895.72;"credito: $160.895,72";COMPLETED
V-2026-6015;"4/9/2026, 3:11:23 p. m.";Cajero;Cliente 1;49688.96;0;0;0;49688.96;"credito: $49.688,96";COMPLETED
V-2026-6014;"4/9/2026, 3:11:23 p. m.";Cajero;Cliente 1;129990.8;0;0;0;129990.8;"credito: $129.990,8";COMPLETED
V-2026-6013;"4/9/2026, 3:11:23 p. m.";Cajero;Cliente 1;157211.1;0;0;0;157211.1;"credito: $157.211,1";COMPLETED
V-2026-6012;"4/9/2026, 3:11:23 p. m.";Cajero;Cliente 1;93181.24;0;0;0;93181.24;"credito: $93.181,24";COMPLETED
V-2026-6011;"4/9/2026, 3:11:23 p. m.";Cajero;Cliente 1;180274.92;0;0;0;180274.92;"credito: $180.274,92";COMPLETED
V-2026-6010;"4/9/2026, 3:11:23 p. m.";Cajero;Cliente 1;17144.56;0;0;0;17144.56;"credito: $17.144,56";COMPLETED
V-2026-6009;"4/9/2026, 3:11:23 p. m.";Cajero;Cliente 1;52098.02;0;0;0;52098.02;"credito: $52.098,02";COMPLETED
V-2026-6008;"4/9/2026, 3:11:23 p. m.";Cajero;Cliente 1;4347.26;0;0;0;4347.26;"credito: $4.347,26";COMPLETED
V-2026-6007;"4/9/2026, 3:11:23 p. m.";Cajero;Cliente 1;48464.24;0;0;0;48464.24;"credito: $48.464,24";COMPLETED
V-2026-6006;"4/9/2026, 3:11:23 p. m.";Cajero;Cliente 1;134796;0;0;0;134796;credito: $134.796;COMPLETED
V-2026-6005;"4/9/2026, 3:11:23 p. m.";Cajero;Cliente 1;3532.46;0;0;0;3532.46;"credito: $3.532,46";COMPLETED
V-2026-6004;"4/9/2026, 3:11:23 p. m.";Cajero;Cliente 1;157452.88;0;0;0;157452.88;"credito: $157.452,88";COMPLETED
V-2026-6003;"4/9/2026, 3:11:23 p. m.";Cajero;Cliente 1;14595.8;0;0;0;14595.8;"credito: $14.595,8";COMPLETED
V-2026-6002;"4/9/2026, 3:11:23 p. m.";Cajero;Cliente 1;109030.66;0;0;0;109030.66;"credito: $109.030,66";COMPLETED
V-2026-6001;"4/9/2026, 3:11:23 p. m.";Cajero;Cliente 1;75523.84;0;0;0;75523.84;"credito: $75.523,84";COMPLETED
V-2026-6000;"4/9/2026, 3:11:23 p. m.";Cajero;Cliente 1;57775.52;0;0;0;57775.52;"credito: $57.775,52";COMPLETED
V-2026-5999;"4/9/2026, 3:11:23 p. m.";Cajero;Cliente 1;34668.66;0;0;0;34668.66;"credito: $34.668,66";COMPLETED
V-2026-5998;"4/9/2026, 3:11:22 p. m.";Cajero;Cliente 1;4511.74;0;0;0;4511.74;"credito: $4.511,74";COMPLETED
V-2026-5997;"4/9/2026, 3:11:22 p. m.";Cajero;Cliente 1;75492.36;0;0;0;75492.36;"credito: $75.492,36";COMPLETED
V-2026-5996;"4/9/2026, 3:11:22 p. m.";Cajero;Cliente 1;41248.7;0;0;0;41248.7;"credito: $41.248,7";COMPLETED
V-2026-5995;"4/9/2026, 3:11:22 p. m.";Cajero;Cliente 1;55819;0;0;0;55819;credito: $55.819;COMPLETED
V-2026-5994;"4/9/2026, 3:11:22 p. m.";Cajero;Cliente 1;151263.08;0;0;0;151263.08;"credito: $151.263,08";COMPLETED
V-2026-5993;"4/9/2026, 3:11:22 p. m.";Cajero;Cliente 1;184735.44;0;0;0;184735.44;"credito: $184.735,44";COMPLETED
V-2026-5992;"4/9/2026, 3:11:22 p. m.";Cajero;Cliente 1;92009.38;0;0;0;92009.38;"credito: $92.009,38";COMPLETED
V-2026-5991;"4/9/2026, 3:11:22 p. m.";Cajero;Cliente 1;88138.3;0;0;0;88138.3;"credito: $88.138,3";COMPLETED
V-2026-5990;"4/9/2026, 3:11:22 p. m.";Cajero;Cliente 1;83453.62;0;0;0;83453.62;"credito: $83.453,62";COMPLETED
V-2026-5989;"4/9/2026, 3:11:22 p. m.";Cajero;Cliente 1;69085.96;0;0;0;69085.96;"credito: $69.085,96";COMPLETED
V-2026-5988;"4/9/2026, 3:11:22 p. m.";Cajero;Cliente 1;96520.58;0;0;0;96520.58;"credito: $96.520,58";COMPLETED
V-2026-5987;"4/9/2026, 3:11:22 p. m.";Cajero;Cliente 1;97522.1;0;0;0;97522.1;"credito: $97.522,1";COMPLETED
V-2026-5986;"4/9/2026, 3:11:22 p. m.";Cajero;Cliente 1;55758.5;0;0;0;55758.5;"credito: $55.758,5";COMPLETED
V-2026-5985;"4/9/2026, 3:11:22 p. m.";Cajero;Cliente 1;76979.86;0;0;0;76979.86;"credito: $76.979,86";COMPLETED
V-2026-5984;"4/9/2026, 3:11:22 p. m.";Cajero;Cliente 1;64853.58;0;0;0;64853.58;"credito: $64.853,58";COMPLETED
V-2026-5983;"4/9/2026, 3:11:22 p. m.";Cajero;Cliente 1;88545.76;0;0;0;88545.76;"credito: $88.545,76";COMPLETED
V-2026-5982;"4/9/2026, 3:11:22 p. m.";Cajero;Cliente 1;49156.96;0;0;0;49156.96;"credito: $49.156,96";COMPLETED
V-2026-5981;"4/9/2026, 3:11:22 p. m.";Cajero;Cliente 1;8870.04;0;0;0;8870.04;"credito: $8.870,04";COMPLETED
V-2026-5980;"4/9/2026, 3:11:22 p. m.";Cajero;Cliente 1;24391.26;0;0;0;24391.26;"credito: $24.391,26";COMPLETED
V-2026-5979;"4/9/2026, 3:11:22 p. m.";Cajero;Cliente 1;167041.1;0;0;0;167041.1;"credito: $167.041,1";COMPLETED
V-2026-5978;"4/9/2026, 3:11:22 p. m.";Cajero;Cliente 1;130259.7;0;0;0;130259.7;"credito: $130.259,7";COMPLETED
V-2026-5977;"4/9/2026, 3:11:21 p. m.";Cajero;Cliente 1;22658.82;0;0;0;22658.82;"credito: $22.658,82";COMPLETED
V-2026-5976;"4/9/2026, 3:11:21 p. m.";Cajero;Cliente 1;50972.88;0;0;0;50972.88;"credito: $50.972,88";COMPLETED
V-2026-5975;"4/9/2026, 3:11:21 p. m.";Cajero;Cliente 1;8439.84;0;0;0;8439.84;"credito: $8.439,84";COMPLETED
V-2026-5974;"4/9/2026, 3:11:21 p. m.";Cajero;Cliente 1;99814.42;0;0;0;99814.42;"credito: $99.814,42";COMPLETED
V-2026-5973;"4/9/2026, 3:11:21 p. m.";Cajero;Cliente 1;14660.62;0;0;0;14660.62;"credito: $14.660,62";COMPLETED
V-2026-5972;"4/9/2026, 3:11:21 p. m.";Cajero;Cliente 1;188152.52;0;0;0;188152.52;"credito: $188.152,52";COMPLETED
V-2026-5971;"4/9/2026, 3:11:21 p. m.";Cajero;Cliente 1;77435.78;0;0;0;77435.78;"credito: $77.435,78";COMPLETED
V-2026-5970;"4/9/2026, 3:11:21 p. m.";Cajero;Cliente 1;40088.34;0;0;0;40088.34;"credito: $40.088,34";COMPLETED
V-2026-5969;"4/9/2026, 3:11:21 p. m.";Cajero;Cliente 1;184407.32;0;0;0;184407.32;"credito: $184.407,32";COMPLETED
V-2026-5968;"4/9/2026, 3:11:21 p. m.";Cajero;Cliente 1;96166.84;0;0;0;96166.84;"credito: $96.166,84";COMPLETED
V-2026-5967;"4/9/2026, 3:11:21 p. m.";Cajero;Cliente 1;24728.3;0;0;0;24728.3;"credito: $24.728,3";COMPLETED
V-2026-5966;"4/9/2026, 3:11:21 p. m.";Cajero;Cliente 1;61319.5;0;0;0;61319.5;"credito: $61.319,5";COMPLETED
V-2026-5965;"4/9/2026, 3:11:21 p. m.";Cajero;Cliente 1;70866.86;0;0;0;70866.86;"credito: $70.866,86";COMPLETED
V-2026-5964;"4/9/2026, 3:11:21 p. m.";Cajero;Cliente 1;199421.4;0;0;0;199421.4;"credito: $199.421,4";COMPLETED
V-2026-5963;"4/9/2026, 3:11:21 p. m.";Cajero;Cliente 1;20702.32;0;0;0;20702.32;"credito: $20.702,32";COMPLETED
V-2026-5962;"4/9/2026, 3:11:21 p. m.";Cajero;Cliente 1;69853.02;0;0;0;69853.02;"credito: $69.853,02";COMPLETED
V-2026-5961;"4/9/2026, 3:11:21 p. m.";Cajero;Cliente 1;122656.5;0;0;0;122656.5;"credito: $122.656,5";COMPLETED
V-2026-5960;"4/9/2026, 3:11:21 p. m.";Cajero;Cliente 1;143388.96;0;0;0;143388.96;"credito: $143.388,96";COMPLETED
V-2026-5959;"4/9/2026, 3:11:21 p. m.";Cajero;Cliente 1;26882;0;0;0;26882;credito: $26.882;COMPLETED
V-2026-5958;"4/9/2026, 3:11:21 p. m.";Cajero;Cliente 1;69649.28;0;0;0;69649.28;"credito: $69.649,28";COMPLETED
V-2026-5957;"4/9/2026, 3:11:21 p. m.";Cajero;Cliente 1;144404.42;0;0;0;144404.42;"credito: $144.404,42";COMPLETED
V-2026-5956;"4/9/2026, 3:11:20 p. m.";Cajero;Cliente 1;89253.86;0;0;0;89253.86;"credito: $89.253,86";COMPLETED
V-2026-5955;"4/9/2026, 3:11:20 p. m.";Cajero;Cliente 1;40665.26;0;0;0;40665.26;"credito: $40.665,26";COMPLETED
V-2026-5954;"4/9/2026, 3:11:20 p. m.";Cajero;Cliente 1;96793.66;0;0;0;96793.66;"credito: $96.793,66";COMPLETED
V-2026-5953;"4/9/2026, 3:11:20 p. m.";Cajero;Cliente 1;20869.46;0;0;0;20869.46;"credito: $20.869,46";COMPLETED
V-2026-5952;"4/9/2026, 3:11:20 p. m.";Cajero;Cliente 1;184727.8;0;0;0;184727.8;"credito: $184.727,8";COMPLETED
V-2026-5951;"4/9/2026, 3:11:20 p. m.";Cajero;Cliente 1;24653.04;0;0;0;24653.04;"credito: $24.653,04";COMPLETED
V-2026-5950;"4/9/2026, 3:11:20 p. m.";Cajero;Cliente 1;56757.2;0;0;0;56757.2;"credito: $56.757,2";COMPLETED
V-2026-5949;"4/9/2026, 3:11:20 p. m.";Cajero;Cliente 1;193099.12;0;0;0;193099.12;"credito: $193.099,12";COMPLETED
V-2026-5948;"4/9/2026, 3:11:20 p. m.";Cajero;Cliente 1;13341.02;0;0;0;13341.02;"credito: $13.341,02";COMPLETED
V-2026-5947;"4/9/2026, 3:11:20 p. m.";Cajero;Cliente 1;24141.48;0;0;0;24141.48;"credito: $24.141,48";COMPLETED
V-2026-5946;"4/9/2026, 3:11:20 p. m.";Cajero;Cliente 1;66609.04;0;0;0;66609.04;"credito: $66.609,04";COMPLETED
V-2026-5945;"4/9/2026, 3:11:20 p. m.";Cajero;Cliente 1;35866.84;0;0;0;35866.84;"credito: $35.866,84";COMPLETED
V-2026-5944;"4/9/2026, 3:11:20 p. m.";Cajero;Cliente 1;61460.84;0;0;0;61460.84;"credito: $61.460,84";COMPLETED
V-2026-5943;"4/9/2026, 3:11:20 p. m.";Cajero;Cliente 1;57082.6;0;0;0;57082.6;"credito: $57.082,6";COMPLETED
V-2026-5942;"4/9/2026, 3:11:20 p. m.";Cajero;Cliente 1;44346.24;0;0;0;44346.24;"credito: $44.346,24";COMPLETED
V-2026-5941;"4/9/2026, 3:11:20 p. m.";Cajero;Cliente 1;12205.42;0;0;0;12205.42;"credito: $12.205,42";COMPLETED
V-2026-5940;"4/9/2026, 3:11:20 p. m.";Cajero;Cliente 1;90752.76;0;0;0;90752.76;"credito: $90.752,76";COMPLETED
V-2026-5939;"4/9/2026, 3:11:20 p. m.";Cajero;Cliente 1;84639.98;0;0;0;84639.98;"credito: $84.639,98";COMPLETED
V-2026-5938;"4/9/2026, 3:11:20 p. m.";Cajero;Cliente 1;96692.66;0;0;0;96692.66;"credito: $96.692,66";COMPLETED
V-2026-5937;"4/9/2026, 3:11:20 p. m.";Cajero;Cliente 1;180059;0;0;0;180059;credito: $180.059;COMPLETED
V-2026-5936;"4/9/2026, 3:11:20 p. m.";Cajero;Cliente 1;15925.08;0;0;0;15925.08;"credito: $15.925,08";COMPLETED
V-2026-5935;"4/9/2026, 3:11:20 p. m.";Cajero;Cliente 1;81959.86;0;0;0;81959.86;"credito: $81.959,86";COMPLETED
V-2026-5934;"4/9/2026, 3:11:20 p. m.";Cajero;Cliente 1;51485.76;0;0;0;51485.76;"credito: $51.485,76";COMPLETED
V-2026-5933;"4/9/2026, 3:11:20 p. m.";Cajero;Cliente 1;66337.78;0;0;0;66337.78;"credito: $66.337,78";COMPLETED
V-2026-5932;"4/9/2026, 3:11:19 p. m.";Cajero;Cliente 1;41248.7;0;0;0;41248.7;"credito: $41.248,7";COMPLETED
V-2026-5931;"4/9/2026, 3:11:19 p. m.";Cajero;Cliente 1;34924.96;0;0;0;34924.96;"credito: $34.924,96";COMPLETED
V-2026-5930;"4/9/2026, 3:11:19 p. m.";Cajero;Cliente 1;31352.36;0;0;0;31352.36;"credito: $31.352,36";COMPLETED
V-2026-5929;"4/9/2026, 3:11:19 p. m.";Cajero;Cliente 1;159489.64;0;0;0;159489.64;"credito: $159.489,64";COMPLETED
V-2026-5928;"4/9/2026, 3:11:19 p. m.";Cajero;Cliente 1;138316.84;0;0;0;138316.84;"credito: $138.316,84";COMPLETED
V-2026-5927;"4/9/2026, 3:11:19 p. m.";Cajero;Cliente 1;27593.86;0;0;0;27593.86;"credito: $27.593,86";COMPLETED
V-2026-5926;"4/9/2026, 3:11:19 p. m.";Cajero;Cliente 1;49009.54;0;0;0;49009.54;"credito: $49.009,54";COMPLETED
V-2026-5925;"4/9/2026, 3:11:19 p. m.";Cajero;Cliente 1;73898.5;0;0;0;73898.5;"credito: $73.898,5";COMPLETED
V-2026-5924;"4/9/2026, 3:11:19 p. m.";Cajero;Cliente 1;90881.94;0;0;0;90881.94;"credito: $90.881,94";COMPLETED
V-2026-5923;"4/9/2026, 3:11:19 p. m.";Cajero;Cliente 1;21061.62;0;0;0;21061.62;"credito: $21.061,62";COMPLETED
V-2026-5922;"4/9/2026, 3:11:19 p. m.";Cajero;Cliente 1;79266.78;0;0;0;79266.78;"credito: $79.266,78";COMPLETED
V-2026-5921;"4/9/2026, 3:11:19 p. m.";Cajero;Cliente 1;14509.9;0;0;0;14509.9;"credito: $14.509,9";COMPLETED
V-2026-5920;"4/9/2026, 3:11:19 p. m.";Cajero;Cliente 1;166738.92;0;0;0;166738.92;"credito: $166.738,92";COMPLETED
V-2026-5919;"4/9/2026, 3:11:19 p. m.";Cajero;Cliente 1;15860.8;0;0;0;15860.8;"credito: $15.860,8";COMPLETED
V-2026-5918;"4/9/2026, 3:11:19 p. m.";Cajero;Cliente 1;58902.68;0;0;0;58902.68;"credito: $58.902,68";COMPLETED
V-2026-5917;"4/9/2026, 3:11:19 p. m.";Cajero;Cliente 1;25802.94;0;0;0;25802.94;"credito: $25.802,94";COMPLETED
V-2026-5916;"4/9/2026, 3:11:19 p. m.";Cajero;Cliente 1;185421.3;0;0;0;185421.3;"credito: $185.421,3";COMPLETED
V-2026-5915;"4/9/2026, 3:11:19 p. m.";Cajero;Cliente 1;36077.38;0;0;0;36077.38;"credito: $36.077,38";COMPLETED
V-2026-5914;"4/9/2026, 3:11:19 p. m.";Cajero;Cliente 1;87797.54;0;0;0;87797.54;"credito: $87.797,54";COMPLETED
V-2026-5913;"4/9/2026, 3:11:19 p. m.";Cajero;Cliente 1;21426.18;0;0;0;21426.18;"credito: $21.426,18";COMPLETED
V-2026-5912;"4/9/2026, 3:11:19 p. m.";Cajero;Cliente 1;183985.48;0;0;0;183985.48;"credito: $183.985,48";COMPLETED
V-2026-5911;"4/9/2026, 3:11:19 p. m.";Cajero;Cliente 1;156942.06;0;0;0;156942.06;"credito: $156.942,06";COMPLETED
V-2026-5910;"4/9/2026, 3:11:18 p. m.";Cajero;Cliente 1;12683.08;0;0;0;12683.08;"credito: $12.683,08";COMPLETED
V-2026-5909;"4/9/2026, 3:11:18 p. m.";Cajero;Cliente 1;88195.64;0;0;0;88195.64;"credito: $88.195,64";COMPLETED
V-2026-5908;"4/9/2026, 3:11:18 p. m.";Cajero;Cliente 1;66508.3;0;0;0;66508.3;"credito: $66.508,3";COMPLETED
V-2026-5907;"4/9/2026, 3:11:18 p. m.";Cajero;Cliente 1;126315.98;0;0;0;126315.98;"credito: $126.315,98";COMPLETED
V-2026-5906;"4/9/2026, 3:11:18 p. m.";Cajero;Cliente 1;29575.1;0;0;0;29575.1;"credito: $29.575,1";COMPLETED
V-2026-5905;"4/9/2026, 3:11:18 p. m.";Cajero;Cliente 1;41181.62;0;0;0;41181.62;"credito: $41.181,62";COMPLETED
V-2026-5904;"4/9/2026, 3:11:18 p. m.";Cajero;Cliente 1;63982.52;0;0;0;63982.52;"credito: $63.982,52";COMPLETED
V-2026-5903;"4/9/2026, 3:11:18 p. m.";Cajero;Cliente 1;61863.08;0;0;0;61863.08;"credito: $61.863,08";COMPLETED
V-2026-5902;"4/9/2026, 3:11:18 p. m.";Cajero;Cliente 1;44276.1;0;0;0;44276.1;"credito: $44.276,1";COMPLETED
V-2026-5901;"4/9/2026, 3:11:18 p. m.";Cajero;Cliente 1;96905.94;0;0;0;96905.94;"credito: $96.905,94";COMPLETED
V-2026-5900;"4/9/2026, 3:11:18 p. m.";Cajero;Cliente 1;56272.62;0;0;0;56272.62;"credito: $56.272,62";COMPLETED
V-2026-5899;"4/9/2026, 3:11:18 p. m.";Cajero;Cliente 1;68555.24;0;0;0;68555.24;"credito: $68.555,24";COMPLETED
V-2026-5898;"4/9/2026, 3:11:18 p. m.";Cajero;Cliente 1;177319;0;0;0;177319;credito: $177.319;COMPLETED
V-2026-5897;"4/9/2026, 3:11:18 p. m.";Cajero;Cliente 1;46254.74;0;0;0;46254.74;"credito: $46.254,74";COMPLETED
V-2026-5896;"4/9/2026, 3:11:18 p. m.";Cajero;Cliente 1;71032.6;0;0;0;71032.6;"credito: $71.032,6";COMPLETED
V-2026-5895;"4/9/2026, 3:11:18 p. m.";Cajero;Cliente 1;95249.7;0;0;0;95249.7;"credito: $95.249,7";COMPLETED
V-2026-5894;"4/9/2026, 3:11:18 p. m.";Cajero;Cliente 1;77760.74;0;0;0;77760.74;"credito: $77.760,74";COMPLETED
V-2026-5893;"4/9/2026, 3:11:18 p. m.";Cajero;Cliente 1;51851;0;0;0;51851;credito: $51.851;COMPLETED
V-2026-5892;"4/9/2026, 3:11:18 p. m.";Cajero;Cliente 1;70910.98;0;0;0;70910.98;"credito: $70.910,98";COMPLETED
V-2026-5891;"4/9/2026, 3:11:18 p. m.";Cajero;Cliente 1;143096.36;0;0;0;143096.36;"credito: $143.096,36";COMPLETED
V-2026-5890;"4/9/2026, 3:11:18 p. m.";Cajero;Cliente 1;99711.82;0;0;0;99711.82;"credito: $99.711,82";COMPLETED
V-2026-5889;"4/9/2026, 3:11:18 p. m.";Cajero;Cliente 1;186225.32;0;0;0;186225.32;"credito: $186.225,32";COMPLETED
V-2026-5888;"4/9/2026, 3:11:17 p. m.";Cajero;Cliente 1;38227.56;0;0;0;38227.56;"credito: $38.227,56";COMPLETED
V-2026-5887;"4/9/2026, 3:11:17 p. m.";Cajero;Cliente 1;2879.78;0;0;0;2879.78;"credito: $2.879,78";COMPLETED
V-2026-5886;"4/9/2026, 3:11:17 p. m.";Cajero;Cliente 1;2340.18;0;0;0;2340.18;"credito: $2.340,18";COMPLETED
V-2026-5885;"4/9/2026, 3:11:17 p. m.";Cajero;Cliente 1;102336.74;0;0;0;102336.74;"credito: $102.336,74";COMPLETED
V-2026-5884;"4/9/2026, 3:11:17 p. m.";Cajero;Cliente 1;138401.22;0;0;0;138401.22;"credito: $138.401,22";COMPLETED
V-2026-5883;"4/9/2026, 3:11:17 p. m.";Cajero;Cliente 1;45091.44;0;0;0;45091.44;"credito: $45.091,44";COMPLETED
V-2026-5882;"4/9/2026, 3:11:17 p. m.";Cajero;Cliente 1;95361.2;0;0;0;95361.2;"credito: $95.361,2";COMPLETED
V-2026-5881;"4/9/2026, 3:11:17 p. m.";Cajero;Cliente 1;17050.34;0;0;0;17050.34;"credito: $17.050,34";COMPLETED
V-2026-5880;"4/9/2026, 3:11:17 p. m.";Cajero;Cliente 1;125606.1;0;0;0;125606.1;"credito: $125.606,1";COMPLETED
V-2026-5879;"4/9/2026, 3:11:17 p. m.";Cajero;Cliente 1;10676.24;0;0;0;10676.24;"credito: $10.676,24";COMPLETED
V-2026-5878;"4/9/2026, 3:11:17 p. m.";Cajero;Cliente 1;69177.12;0;0;0;69177.12;"credito: $69.177,12";COMPLETED
V-2026-5877;"4/9/2026, 3:11:17 p. m.";Cajero;Cliente 1;85971.12;0;0;0;85971.12;"credito: $85.971,12";COMPLETED
V-2026-5876;"4/9/2026, 3:11:17 p. m.";Cajero;Cliente 1;129372.72;0;0;0;129372.72;"credito: $129.372,72";COMPLETED
V-2026-5875;"4/9/2026, 3:11:17 p. m.";Cajero;Cliente 1;82023.88;0;0;0;82023.88;"credito: $82.023,88";COMPLETED
V-2026-5874;"4/9/2026, 3:11:17 p. m.";Cajero;Cliente 1;57072.08;0;0;0;57072.08;"credito: $57.072,08";COMPLETED
V-2026-5873;"4/9/2026, 3:11:17 p. m.";Cajero;Cliente 1;15558.68;0;0;0;15558.68;"credito: $15.558,68";COMPLETED
V-2026-5872;"4/9/2026, 3:11:17 p. m.";Cajero;Cliente 1;40088.34;0;0;0;40088.34;"credito: $40.088,34";COMPLETED
V-2026-5871;"4/9/2026, 3:11:17 p. m.";Cajero;Cliente 1;23378.24;0;0;0;23378.24;"credito: $23.378,24";COMPLETED
V-2026-5870;"4/9/2026, 3:11:17 p. m.";Cajero;Cliente 1;190471.82;0;0;0;190471.82;"credito: $190.471,82";COMPLETED
V-2026-5869;"4/9/2026, 3:11:17 p. m.";Cajero;Cliente 1;18859.14;0;0;0;18859.14;"credito: $18.859,14";COMPLETED
V-2026-5868;"4/9/2026, 3:11:16 p. m.";Cajero;Cliente 1;146568.46;0;0;0;146568.46;"credito: $146.568,46";COMPLETED
V-2026-5867;"4/9/2026, 3:11:16 p. m.";Cajero;Cliente 1;8655.2;0;0;0;8655.2;"credito: $8.655,2";COMPLETED
V-2026-5866;"4/9/2026, 3:11:16 p. m.";Cajero;Cliente 1;60817.64;0;0;0;60817.64;"credito: $60.817,64";COMPLETED
V-2026-5865;"4/9/2026, 3:11:16 p. m.";Cajero;Cliente 1;90999.66;0;0;0;90999.66;"credito: $90.999,66";COMPLETED
V-2026-5864;"4/9/2026, 3:11:16 p. m.";Cajero;Cliente 1;49698.46;0;0;0;49698.46;"credito: $49.698,46";COMPLETED
V-2026-5863;"4/9/2026, 3:11:16 p. m.";Cajero;Cliente 1;41307.66;0;0;0;41307.66;"credito: $41.307,66";COMPLETED
V-2026-5862;"4/9/2026, 3:11:16 p. m.";Cajero;Cliente 1;17164.94;0;0;0;17164.94;"credito: $17.164,94";COMPLETED
V-2026-5861;"4/9/2026, 3:11:16 p. m.";Cajero;Cliente 1;41562.96;0;0;0;41562.96;"credito: $41.562,96";COMPLETED
V-2026-5860;"4/9/2026, 3:11:16 p. m.";Cajero;Cliente 1;31176.82;0;0;0;31176.82;"credito: $31.176,82";COMPLETED
V-2026-5859;"4/9/2026, 3:11:16 p. m.";Cajero;Cliente 1;60159.98;0;0;0;60159.98;"credito: $60.159,98";COMPLETED
V-2026-5858;"4/9/2026, 3:11:16 p. m.";Cajero;Cliente 1;22429.34;0;0;0;22429.34;"credito: $22.429,34";COMPLETED
V-2026-5857;"4/9/2026, 3:11:16 p. m.";Cajero;Cliente 1;67363.28;0;0;0;67363.28;"credito: $67.363,28";COMPLETED
V-2026-5856;"4/9/2026, 3:11:16 p. m.";Cajero;Cliente 1;1721.74;0;0;0;1721.74;"credito: $1.721,74";COMPLETED
V-2026-5855;"4/9/2026, 3:11:16 p. m.";Cajero;Cliente 1;70844.32;0;0;0;70844.32;"credito: $70.844,32";COMPLETED
V-2026-5854;"4/9/2026, 3:11:16 p. m.";Cajero;Cliente 1;181204.56;0;0;0;181204.56;"credito: $181.204,56";COMPLETED
V-2026-5853;"4/9/2026, 3:11:16 p. m.";Cajero;Cliente 1;52039.66;0;0;0;52039.66;"credito: $52.039,66";COMPLETED
V-2026-5852;"4/9/2026, 3:11:16 p. m.";Cajero;Cliente 1;146345.3;0;0;0;146345.3;"credito: $146.345,3";COMPLETED
V-2026-5851;"4/9/2026, 3:11:16 p. m.";Cajero;Cliente 1;131079.24;0;0;0;131079.24;"credito: $131.079,24";COMPLETED
V-2026-5850;"4/9/2026, 3:11:16 p. m.";Cajero;Cliente 1;99588.76;0;0;0;99588.76;"credito: $99.588,76";COMPLETED
V-2026-5849;"4/9/2026, 3:11:16 p. m.";Cajero;Cliente 1;93120.5;0;0;0;93120.5;"credito: $93.120,5";COMPLETED
V-2026-5848;"4/9/2026, 3:11:16 p. m.";Cajero;Cliente 1;52081.72;0;0;0;52081.72;"credito: $52.081,72";COMPLETED
V-2026-5847;"4/9/2026, 3:11:16 p. m.";Cajero;Cliente 1;183208.5;0;0;0;183208.5;"credito: $183.208,5";COMPLETED
V-2026-5846;"4/9/2026, 3:11:15 p. m.";Cajero;Cliente 1;449.56;0;0;0;449.56;"credito: $449,56";COMPLETED
V-2026-5845;"4/9/2026, 3:11:15 p. m.";Cajero;Cliente 1;37414.58;0;0;0;37414.58;"credito: $37.414,58";COMPLETED
V-2026-5844;"4/9/2026, 3:11:15 p. m.";Cajero;Cliente 1;28129.74;0;0;0;28129.74;"credito: $28.129,74";COMPLETED
V-2026-5843;"4/9/2026, 3:11:15 p. m.";Cajero;Cliente 1;89485.42;0;0;0;89485.42;"credito: $89.485,42";COMPLETED
V-2026-5842;"4/9/2026, 3:11:15 p. m.";Cajero;Cliente 1;76845.4;0;0;0;76845.4;"credito: $76.845,4";COMPLETED
V-2026-5841;"4/9/2026, 3:11:15 p. m.";Cajero;Cliente 1;133690.6;0;0;0;133690.6;"credito: $133.690,6";COMPLETED
V-2026-5840;"4/9/2026, 3:11:15 p. m.";Cajero;Cliente 1;163170.86;0;0;0;163170.86;"credito: $163.170,86";COMPLETED
V-2026-5839;"4/9/2026, 3:11:15 p. m.";Cajero;Cliente 1;39990.62;0;0;0;39990.62;"credito: $39.990,62";COMPLETED
V-2026-5838;"4/9/2026, 3:11:15 p. m.";Cajero;Cliente 1;70567.46;0;0;0;70567.46;"credito: $70.567,46";COMPLETED
V-2026-5837;"4/9/2026, 3:11:15 p. m.";Cajero;Cliente 1;49891.6;0;0;0;49891.6;"credito: $49.891,6";COMPLETED
V-2026-5836;"4/9/2026, 3:11:15 p. m.";Cajero;Cliente 1;90046.8;0;0;0;90046.8;"credito: $90.046,8";COMPLETED
V-2026-5835;"4/9/2026, 3:11:15 p. m.";Cajero;Cliente 1;1308.3;0;0;0;1308.3;"credito: $1.308,3";COMPLETED
V-2026-5834;"4/9/2026, 3:11:15 p. m.";Cajero;Cliente 1;32700.1;0;0;0;32700.1;"credito: $32.700,1";COMPLETED
V-2026-5833;"4/9/2026, 3:11:15 p. m.";Cajero;Cliente 1;173116.18;0;0;0;173116.18;"credito: $173.116,18";COMPLETED
V-2026-5832;"4/9/2026, 3:11:15 p. m.";Cajero;Cliente 1;70471.6;0;0;0;70471.6;"credito: $70.471,6";COMPLETED
V-2026-5831;"4/9/2026, 3:11:15 p. m.";Cajero;Cliente 1;41316.24;0;0;0;41316.24;"credito: $41.316,24";COMPLETED
V-2026-5830;"4/9/2026, 3:11:15 p. m.";Cajero;Cliente 1;16513.28;0;0;0;16513.28;"credito: $16.513,28";COMPLETED
V-2026-5829;"4/9/2026, 3:11:15 p. m.";Cajero;Cliente 1;24994.74;0;0;0;24994.74;"credito: $24.994,74";COMPLETED
V-2026-5828;"4/9/2026, 3:11:15 p. m.";Cajero;Cliente 1;173168.68;0;0;0;173168.68;"credito: $173.168,68";COMPLETED
V-2026-5827;"4/9/2026, 3:11:15 p. m.";Cajero;Cliente 1;20791.02;0;0;0;20791.02;"credito: $20.791,02";COMPLETED
V-2026-5826;"4/9/2026, 3:11:15 p. m.";Cajero;Cliente 1;2719.58;0;0;0;2719.58;"credito: $2.719,58";COMPLETED
V-2026-5825;"4/9/2026, 3:11:15 p. m.";Cajero;Cliente 1;22810.56;0;0;0;22810.56;"credito: $22.810,56";COMPLETED
V-2026-5824;"4/9/2026, 3:11:15 p. m.";Cajero;Cliente 1;4921.92;0;0;0;4921.92;"credito: $4.921,92";COMPLETED
V-2026-5823;"4/9/2026, 3:11:14 p. m.";Cajero;Cliente 1;7478.98;0;0;0;7478.98;"credito: $7.478,98";COMPLETED
V-2026-5822;"4/9/2026, 3:11:14 p. m.";Cajero;Cliente 1;77760.74;0;0;0;77760.74;"credito: $77.760,74";COMPLETED
V-2026-5821;"4/9/2026, 3:11:14 p. m.";Cajero;Cliente 1;181638.74;0;0;0;181638.74;"credito: $181.638,74";COMPLETED
V-2026-5820;"4/9/2026, 3:11:14 p. m.";Cajero;Cliente 1;29765.98;0;0;0;29765.98;"credito: $29.765,98";COMPLETED
V-2026-5819;"4/9/2026, 3:11:14 p. m.";Cajero;Cliente 1;72029.54;0;0;0;72029.54;"credito: $72.029,54";COMPLETED
V-2026-5818;"4/9/2026, 3:11:14 p. m.";Cajero;Cliente 1;71143.66;0;0;0;71143.66;"credito: $71.143,66";COMPLETED
V-2026-5817;"4/9/2026, 3:11:14 p. m.";Cajero;Cliente 1;186385.36;0;0;0;186385.36;"credito: $186.385,36";COMPLETED
V-2026-5816;"4/9/2026, 3:11:14 p. m.";Cajero;Cliente 1;172457.22;0;0;0;172457.22;"credito: $172.457,22";COMPLETED
V-2026-5815;"4/9/2026, 3:11:14 p. m.";Cajero;Cliente 1;30048.06;0;0;0;30048.06;"credito: $30.048,06";COMPLETED
V-2026-5814;"4/9/2026, 3:11:14 p. m.";Cajero;Cliente 1;164643.14;0;0;0;164643.14;"credito: $164.643,14";COMPLETED
V-2026-5813;"4/9/2026, 3:11:14 p. m.";Cajero;Cliente 1;22266.32;0;0;0;22266.32;"credito: $22.266,32";COMPLETED
V-2026-5812;"4/9/2026, 3:11:14 p. m.";Cajero;Cliente 1;163193.04;0;0;0;163193.04;"credito: $163.193,04";COMPLETED
V-2026-5811;"4/9/2026, 3:11:14 p. m.";Cajero;Cliente 1;66681.72;0;0;0;66681.72;"credito: $66.681,72";COMPLETED
V-2026-5810;"4/9/2026, 3:11:14 p. m.";Cajero;Cliente 1;25123.8;0;0;0;25123.8;"credito: $25.123,8";COMPLETED
V-2026-5809;"4/9/2026, 3:11:14 p. m.";Cajero;Cliente 1;40902.38;0;0;0;40902.38;"credito: $40.902,38";COMPLETED
V-2026-5808;"4/9/2026, 3:11:14 p. m.";Cajero;Cliente 1;101134.94;0;0;0;101134.94;"credito: $101.134,94";COMPLETED
V-2026-5807;"4/9/2026, 3:11:14 p. m.";Cajero;Cliente 1;78345.78;0;0;0;78345.78;"credito: $78.345,78";COMPLETED
V-2026-5806;"4/9/2026, 3:11:14 p. m.";Cajero;Cliente 1;70385.56;0;0;0;70385.56;"credito: $70.385,56";COMPLETED
V-2026-5805;"4/9/2026, 3:11:14 p. m.";Cajero;Cliente 1;76523.78;0;0;0;76523.78;"credito: $76.523,78";COMPLETED
V-2026-5804;"4/9/2026, 3:11:14 p. m.";Cajero;Cliente 1;14343.3;0;0;0;14343.3;"credito: $14.343,3";COMPLETED
V-2026-5803;"4/9/2026, 3:11:14 p. m.";Cajero;Cliente 1;35866.84;0;0;0;35866.84;"credito: $35.866,84";COMPLETED
V-2026-5802;"4/9/2026, 3:11:14 p. m.";Cajero;Cliente 1;173554.4;0;0;0;173554.4;"credito: $173.554,4";COMPLETED
V-2026-5801;"4/9/2026, 3:11:13 p. m.";Cajero;Cliente 1;160685.34;0;0;0;160685.34;"credito: $160.685,34";COMPLETED
V-2026-5800;"4/9/2026, 3:11:13 p. m.";Cajero;Cliente 1;98020.92;0;0;0;98020.92;"credito: $98.020,92";COMPLETED
V-2026-5799;"4/9/2026, 3:11:13 p. m.";Cajero;Cliente 1;11015.48;0;0;0;11015.48;"credito: $11.015,48";COMPLETED
V-2026-5798;"4/9/2026, 3:11:13 p. m.";Cajero;Cliente 1;197480.1;0;0;0;197480.1;"credito: $197.480,1";COMPLETED
V-2026-5797;"4/9/2026, 3:11:13 p. m.";Cajero;Cliente 1;85413.54;0;0;0;85413.54;"credito: $85.413,54";COMPLETED
V-2026-5796;"4/9/2026, 3:11:13 p. m.";Cajero;Cliente 1;27861.54;0;0;0;27861.54;"credito: $27.861,54";COMPLETED
V-2026-5795;"4/9/2026, 3:11:13 p. m.";Cajero;Cliente 1;77847.18;0;0;0;77847.18;"credito: $77.847,18";COMPLETED
V-2026-5794;"4/9/2026, 3:11:13 p. m.";Cajero;Cliente 1;18613.04;0;0;0;18613.04;"credito: $18.613,04";COMPLETED
V-2026-5793;"4/9/2026, 3:11:13 p. m.";Cajero;Cliente 1;95858.96;0;0;0;95858.96;"credito: $95.858,96";COMPLETED
V-2026-5792;"4/9/2026, 3:11:13 p. m.";Cajero;Cliente 1;51927.78;0;0;0;51927.78;"credito: $51.927,78";COMPLETED
V-2026-5791;"4/9/2026, 3:11:13 p. m.";Cajero;Cliente 1;172256.06;0;0;0;172256.06;"credito: $172.256,06";COMPLETED
V-2026-5790;"4/9/2026, 3:11:13 p. m.";Cajero;Cliente 1;67924.02;0;0;0;67924.02;"credito: $67.924,02";COMPLETED
V-2026-5789;"4/9/2026, 3:11:13 p. m.";Cajero;Cliente 1;83026.98;0;0;0;83026.98;"credito: $83.026,98";COMPLETED
V-2026-5788;"4/9/2026, 3:11:13 p. m.";Cajero;Cliente 1;171529.86;0;0;0;171529.86;"credito: $171.529,86";COMPLETED
V-2026-5787;"4/9/2026, 3:11:13 p. m.";Cajero;Cliente 1;62151.96;0;0;0;62151.96;"credito: $62.151,96";COMPLETED
V-2026-5786;"4/9/2026, 3:11:13 p. m.";Cajero;Cliente 1;156818.08;0;0;0;156818.08;"credito: $156.818,08";COMPLETED
V-2026-5785;"4/9/2026, 3:11:13 p. m.";Cajero;Cliente 1;76813.06;0;0;0;76813.06;"credito: $76.813,06";COMPLETED
V-2026-5784;"4/9/2026, 3:11:13 p. m.";Cajero;Cliente 1;95864.16;0;0;0;95864.16;"credito: $95.864,16";COMPLETED
V-2026-5783;"4/9/2026, 3:11:13 p. m.";Cajero;Cliente 1;18993.8;0;0;0;18993.8;"credito: $18.993,8";COMPLETED
V-2026-5782;"4/9/2026, 3:11:13 p. m.";Cajero;Cliente 1;62082.84;0;0;0;62082.84;"credito: $62.082,84";COMPLETED
V-2026-5781;"4/9/2026, 3:11:13 p. m.";Cajero;Cliente 1;19666.18;0;0;0;19666.18;"credito: $19.666,18";COMPLETED
V-2026-5780;"4/9/2026, 3:11:12 p. m.";Cajero;Cliente 1;83909.1;0;0;0;83909.1;"credito: $83.909,1";COMPLETED
V-2026-5779;"4/9/2026, 3:11:12 p. m.";Cajero;Cliente 1;116626.26;0;0;0;116626.26;"credito: $116.626,26";COMPLETED
V-2026-5778;"4/9/2026, 3:11:12 p. m.";Cajero;Cliente 1;26877.52;0;0;0;26877.52;"credito: $26.877,52";COMPLETED
V-2026-5777;"4/9/2026, 3:11:12 p. m.";Cajero;Cliente 1;57811.94;0;0;0;57811.94;"credito: $57.811,94";COMPLETED
V-2026-5776;"4/9/2026, 3:11:12 p. m.";Cajero;Cliente 1;37708;0;0;0;37708;credito: $37.708;COMPLETED
V-2026-5775;"4/9/2026, 3:11:12 p. m.";Cajero;Cliente 1;60270.3;0;0;0;60270.3;"credito: $60.270,3";COMPLETED
V-2026-5774;"4/9/2026, 3:11:12 p. m.";Cajero;Cliente 1;168035.6;0;0;0;168035.6;"credito: $168.035,6";COMPLETED
V-2026-5773;"4/9/2026, 3:11:12 p. m.";Cajero;Cliente 1;95653.34;0;0;0;95653.34;"credito: $95.653,34";COMPLETED
V-2026-5772;"4/9/2026, 3:11:12 p. m.";Cajero;Cliente 1;49322.3;0;0;0;49322.3;"credito: $49.322,3";COMPLETED
V-2026-5771;"4/9/2026, 3:11:12 p. m.";Cajero;Cliente 1;78212.3;0;0;0;78212.3;"credito: $78.212,3";COMPLETED
V-2026-5770;"4/9/2026, 3:11:12 p. m.";Cajero;Cliente 1;71113.44;0;0;0;71113.44;"credito: $71.113,44";COMPLETED
V-2026-5769;"4/9/2026, 3:11:12 p. m.";Cajero;Cliente 1;85413.54;0;0;0;85413.54;"credito: $85.413,54";COMPLETED
V-2026-5768;"4/9/2026, 3:11:12 p. m.";Cajero;Cliente 1;89458.5;0;0;0;89458.5;"credito: $89.458,5";COMPLETED
V-2026-5767;"4/9/2026, 3:11:12 p. m.";Cajero;Cliente 1;44114.66;0;0;0;44114.66;"credito: $44.114,66";COMPLETED
V-2026-5766;"4/9/2026, 3:11:12 p. m.";Cajero;Cliente 1;138316.84;0;0;0;138316.84;"credito: $138.316,84";COMPLETED
V-2026-5765;"4/9/2026, 3:11:12 p. m.";Cajero;Cliente 1;99795.36;0;0;0;99795.36;"credito: $99.795,36";COMPLETED
V-2026-5764;"4/9/2026, 3:11:12 p. m.";Cajero;Cliente 1;38280.94;0;0;0;38280.94;"credito: $38.280,94";COMPLETED
V-2026-5763;"4/9/2026, 3:11:12 p. m.";Cajero;Cliente 1;39873.38;0;0;0;39873.38;"credito: $39.873,38";COMPLETED
V-2026-5762;"4/9/2026, 3:11:12 p. m.";Cajero;Cliente 1;172763.48;0;0;0;172763.48;"credito: $172.763,48";COMPLETED
V-2026-5761;"4/9/2026, 3:11:12 p. m.";Cajero;Cliente 1;110926.42;0;0;0;110926.42;"credito: $110.926,42";COMPLETED
V-2026-5760;"4/9/2026, 3:11:12 p. m.";Cajero;Cliente 1;80485.12;0;0;0;80485.12;"credito: $80.485,12";COMPLETED
V-2026-5759;"4/9/2026, 3:11:12 p. m.";Cajero;Cliente 1;174607.14;0;0;0;174607.14;"credito: $174.607,14";COMPLETED
V-2026-5758;"4/9/2026, 3:11:12 p. m.";Cajero;Cliente 1;59740.74;0;0;0;59740.74;"credito: $59.740,74";COMPLETED
V-2026-5757;"4/9/2026, 3:11:11 p. m.";Cajero;Cliente 1;9280.76;0;0;0;9280.76;"credito: $9.280,76";COMPLETED
V-2026-5756;"4/9/2026, 3:11:11 p. m.";Cajero;Cliente 1;42580.16;0;0;0;42580.16;"credito: $42.580,16";COMPLETED
V-2026-5755;"4/9/2026, 3:11:11 p. m.";Cajero;Cliente 1;46917.38;0;0;0;46917.38;"credito: $46.917,38";COMPLETED
V-2026-5754;"4/9/2026, 3:11:11 p. m.";Cajero;Cliente 1;87143.26;0;0;0;87143.26;"credito: $87.143,26";COMPLETED
V-2026-5753;"4/9/2026, 3:11:11 p. m.";Cajero;Cliente 1;42275.06;0;0;0;42275.06;"credito: $42.275,06";COMPLETED
V-2026-5752;"4/9/2026, 3:11:11 p. m.";Cajero;Cliente 1;182438.98;0;0;0;182438.98;"credito: $182.438,98";COMPLETED
V-2026-5751;"4/9/2026, 3:11:11 p. m.";Cajero;Cliente 1;19248.04;0;0;0;19248.04;"credito: $19.248,04";COMPLETED
V-2026-5750;"4/9/2026, 3:11:11 p. m.";Cajero;Cliente 1;164752.02;0;0;0;164752.02;"credito: $164.752,02";COMPLETED
V-2026-5749;"4/9/2026, 3:11:11 p. m.";Cajero;Cliente 1;25692.46;0;0;0;25692.46;"credito: $25.692,46";COMPLETED
V-2026-5748;"4/9/2026, 3:11:11 p. m.";Cajero;Cliente 1;4690.16;0;0;0;4690.16;"credito: $4.690,16";COMPLETED
V-2026-5747;"4/9/2026, 3:11:11 p. m.";Cajero;Cliente 1;68672.58;0;0;0;68672.58;"credito: $68.672,58";COMPLETED
V-2026-5746;"4/9/2026, 3:11:11 p. m.";Cajero;Cliente 1;60278.42;0;0;0;60278.42;"credito: $60.278,42";COMPLETED
V-2026-5745;"4/9/2026, 3:11:11 p. m.";Cajero;Cliente 1;61360.44;0;0;0;61360.44;"credito: $61.360,44";COMPLETED
V-2026-5744;"4/9/2026, 3:11:11 p. m.";Cajero;Cliente 1;5142.68;0;0;0;5142.68;"credito: $5.142,68";COMPLETED
V-2026-5743;"4/9/2026, 3:11:11 p. m.";Cajero;Cliente 1;111855.76;0;0;0;111855.76;"credito: $111.855,76";COMPLETED
V-2026-5742;"4/9/2026, 3:11:11 p. m.";Cajero;Cliente 1;21975.82;0;0;0;21975.82;"credito: $21.975,82";COMPLETED
V-2026-5741;"4/9/2026, 3:11:11 p. m.";Cajero;Cliente 1;151819.38;0;0;0;151819.38;"credito: $151.819,38";COMPLETED
V-2026-5740;"4/9/2026, 3:11:11 p. m.";Cajero;Cliente 1;25911.94;0;0;0;25911.94;"credito: $25.911,94";COMPLETED
V-2026-5739;"4/9/2026, 3:11:11 p. m.";Cajero;Cliente 1;66609.04;0;0;0;66609.04;"credito: $66.609,04";COMPLETED
V-2026-5738;"4/9/2026, 3:11:11 p. m.";Cajero;Cliente 1;95059.24;0;0;0;95059.24;"credito: $95.059,24";COMPLETED
V-2026-5737;"4/9/2026, 3:11:11 p. m.";Cajero;Cliente 1;96245.06;0;0;0;96245.06;"credito: $96.245,06";COMPLETED
V-2026-5736;"4/9/2026, 3:11:10 p. m.";Cajero;Cliente 1;169305.22;0;0;0;169305.22;"credito: $169.305,22";COMPLETED
V-2026-5735;"4/9/2026, 3:11:10 p. m.";Cajero;Cliente 1;46808.82;0;0;0;46808.82;"credito: $46.808,82";COMPLETED
V-2026-5734;"4/9/2026, 3:11:10 p. m.";Cajero;Cliente 1;88318.5;0;0;0;88318.5;"credito: $88.318,5";COMPLETED
V-2026-5733;"4/9/2026, 3:11:10 p. m.";Cajero;Cliente 1;121258.3;0;0;0;121258.3;"credito: $121.258,3";COMPLETED
V-2026-5732;"4/9/2026, 3:11:10 p. m.";Cajero;Cliente 1;81659.3;0;0;0;81659.3;"credito: $81.659,3";COMPLETED
V-2026-5731;"4/9/2026, 3:11:10 p. m.";Cajero;Cliente 1;39460.76;0;0;0;39460.76;"credito: $39.460,76";COMPLETED
V-2026-5730;"4/9/2026, 3:11:10 p. m.";Cajero;Cliente 1;48049.08;0;0;0;48049.08;"credito: $48.049,08";COMPLETED
V-2026-5729;"4/9/2026, 3:11:10 p. m.";Cajero;Cliente 1;94964.22;0;0;0;94964.22;"credito: $94.964,22";COMPLETED
V-2026-5728;"4/9/2026, 3:11:10 p. m.";Cajero;Cliente 1;51781.72;0;0;0;51781.72;"credito: $51.781,72";COMPLETED
V-2026-5727;"4/9/2026, 3:11:10 p. m.";Cajero;Cliente 1;94593.68;0;0;0;94593.68;"credito: $94.593,68";COMPLETED
V-2026-5726;"4/9/2026, 3:11:10 p. m.";Cajero;Cliente 1;180632.92;0;0;0;180632.92;"credito: $180.632,92";COMPLETED
V-2026-5725;"4/9/2026, 3:11:10 p. m.";Cajero;Cliente 1;198430.72;0;0;0;198430.72;"credito: $198.430,72";COMPLETED
V-2026-5724;"4/9/2026, 3:11:10 p. m.";Cajero;Cliente 1;160512.04;0;0;0;160512.04;"credito: $160.512,04";COMPLETED
V-2026-5723;"4/9/2026, 3:11:10 p. m.";Cajero;Cliente 1;62229.7;0;0;0;62229.7;"credito: $62.229,7";COMPLETED
V-2026-5722;"4/9/2026, 3:11:10 p. m.";Cajero;Cliente 1;52122.82;0;0;0;52122.82;"credito: $52.122,82";COMPLETED
V-2026-5721;"4/9/2026, 3:11:10 p. m.";Cajero;Cliente 1;31352.36;0;0;0;31352.36;"credito: $31.352,36";COMPLETED
V-2026-5720;"4/9/2026, 3:11:10 p. m.";Cajero;Cliente 1;68418.28;0;0;0;68418.28;"credito: $68.418,28";COMPLETED
V-2026-5719;"4/9/2026, 3:11:10 p. m.";Cajero;Cliente 1;68883;0;0;0;68883;credito: $68.883;COMPLETED
V-2026-5718;"4/9/2026, 3:11:10 p. m.";Cajero;Cliente 1;186385.36;0;0;0;186385.36;"credito: $186.385,36";COMPLETED
V-2026-5717;"4/9/2026, 3:11:10 p. m.";Cajero;Cliente 1;59730.42;0;0;0;59730.42;"credito: $59.730,42";COMPLETED
V-2026-5716;"4/9/2026, 3:11:10 p. m.";Cajero;Cliente 1;13260.78;0;0;0;13260.78;"credito: $13.260,78";COMPLETED
V-2026-5715;"4/9/2026, 3:11:10 p. m.";Cajero;Cliente 1;5681.16;0;0;0;5681.16;"credito: $5.681,16";COMPLETED
V-2026-5714;"4/9/2026, 3:11:09 p. m.";Cajero;Cliente 1;38622.7;0;0;0;38622.7;"credito: $38.622,7";COMPLETED
V-2026-5713;"4/9/2026, 3:11:09 p. m.";Cajero;Cliente 1;67400.48;0;0;0;67400.48;"credito: $67.400,48";COMPLETED
V-2026-5712;"4/9/2026, 3:11:09 p. m.";Cajero;Cliente 1;65906.14;0;0;0;65906.14;"credito: $65.906,14";COMPLETED
V-2026-5711;"4/9/2026, 3:11:09 p. m.";Cajero;Cliente 1;131079.24;0;0;0;131079.24;"credito: $131.079,24";COMPLETED
V-2026-5710;"4/9/2026, 3:11:09 p. m.";Cajero;Cliente 1;98910.4;0;0;0;98910.4;"credito: $98.910,4";COMPLETED
V-2026-5709;"4/9/2026, 3:11:09 p. m.";Cajero;Cliente 1;138603.94;0;0;0;138603.94;"credito: $138.603,94";COMPLETED
V-2026-5708;"4/9/2026, 3:11:09 p. m.";Cajero;Cliente 1;49781.58;0;0;0;49781.58;"credito: $49.781,58";COMPLETED
V-2026-5707;"4/9/2026, 3:11:09 p. m.";Cajero;Cliente 1;78714.96;0;0;0;78714.96;"credito: $78.714,96";COMPLETED
V-2026-5706;"4/9/2026, 3:11:09 p. m.";Cajero;Cliente 1;31033.64;0;0;0;31033.64;"credito: $31.033,64";COMPLETED
V-2026-5705;"4/9/2026, 3:11:09 p. m.";Cajero;Cliente 1;163043.7;0;0;0;163043.7;"credito: $163.043,7";COMPLETED
V-2026-5704;"4/9/2026, 3:11:09 p. m.";Cajero;Cliente 1;138992.4;0;0;0;138992.4;"credito: $138.992,4";COMPLETED
V-2026-5703;"4/9/2026, 3:11:09 p. m.";Cajero;Cliente 1;21420.76;0;0;0;21420.76;"credito: $21.420,76";COMPLETED
V-2026-5702;"4/9/2026, 3:11:09 p. m.";Cajero;Cliente 1;43396.04;0;0;0;43396.04;"credito: $43.396,04";COMPLETED
V-2026-5701;"4/9/2026, 3:11:09 p. m.";Cajero;Cliente 1;62608.82;0;0;0;62608.82;"credito: $62.608,82";COMPLETED
V-2026-5700;"4/9/2026, 3:11:09 p. m.";Cajero;Cliente 1;172225.56;0;0;0;172225.56;"credito: $172.225,56";COMPLETED
V-2026-5699;"4/9/2026, 3:11:09 p. m.";Cajero;Cliente 1;42427.86;0;0;0;42427.86;"credito: $42.427,86";COMPLETED
V-2026-5698;"4/9/2026, 3:11:09 p. m.";Cajero;Cliente 1;52990.06;0;0;0;52990.06;"credito: $52.990,06";COMPLETED
V-2026-5697;"4/9/2026, 3:11:09 p. m.";Cajero;Cliente 1;1611.46;0;0;0;1611.46;"credito: $1.611,46";COMPLETED
V-2026-5696;"4/9/2026, 3:11:09 p. m.";Cajero;Cliente 1;82090.18;0;0;0;82090.18;"credito: $82.090,18";COMPLETED
V-2026-5695;"4/9/2026, 3:11:09 p. m.";Cajero;Cliente 1;125220.32;0;0;0;125220.32;"credito: $125.220,32";COMPLETED
V-2026-5694;"4/9/2026, 3:11:09 p. m.";Cajero;Cliente 1;44044.1;0;0;0;44044.1;"credito: $44.044,1";COMPLETED
V-2026-5693;"4/9/2026, 3:11:08 p. m.";Cajero;Cliente 1;47538.78;0;0;0;47538.78;"credito: $47.538,78";COMPLETED
V-2026-5692;"4/9/2026, 3:11:08 p. m.";Cajero;Cliente 1;195646.86;0;0;0;195646.86;"credito: $195.646,86";COMPLETED
V-2026-5691;"4/9/2026, 3:11:08 p. m.";Cajero;Cliente 1;26936.66;0;0;0;26936.66;"credito: $26.936,66";COMPLETED
V-2026-5690;"4/9/2026, 3:11:08 p. m.";Cajero;Cliente 1;97387.34;0;0;0;97387.34;"credito: $97.387,34";COMPLETED
V-2026-5689;"4/9/2026, 3:11:08 p. m.";Cajero;Cliente 1;49102.82;0;0;0;49102.82;"credito: $49.102,82";COMPLETED
V-2026-5688;"4/9/2026, 3:11:08 p. m.";Cajero;Cliente 1;69850.44;0;0;0;69850.44;"credito: $69.850,44";COMPLETED
V-2026-5687;"4/9/2026, 3:11:08 p. m.";Cajero;Cliente 1;60706.4;0;0;0;60706.4;"credito: $60.706,4";COMPLETED
V-2026-5686;"4/9/2026, 3:11:08 p. m.";Cajero;Cliente 1;40833.58;0;0;0;40833.58;"credito: $40.833,58";COMPLETED
V-2026-5685;"4/9/2026, 3:11:08 p. m.";Cajero;Cliente 1;9742.36;0;0;0;9742.36;"credito: $9.742,36";COMPLETED
V-2026-5684;"4/9/2026, 3:11:08 p. m.";Cajero;Cliente 1;19149.12;0;0;0;19149.12;"credito: $19.149,12";COMPLETED
V-2026-5683;"4/9/2026, 3:11:08 p. m.";Cajero;Cliente 1;98763.88;0;0;0;98763.88;"credito: $98.763,88";COMPLETED
V-2026-5682;"4/9/2026, 3:11:08 p. m.";Cajero;Cliente 1;74004.82;0;0;0;74004.82;"credito: $74.004,82";COMPLETED
V-2026-5681;"4/9/2026, 3:11:08 p. m.";Cajero;Cliente 1;13722.26;0;0;0;13722.26;"credito: $13.722,26";COMPLETED
V-2026-5680;"4/9/2026, 3:11:08 p. m.";Cajero;Cliente 1;35866.84;0;0;0;35866.84;"credito: $35.866,84";COMPLETED
V-2026-5679;"4/9/2026, 3:11:08 p. m.";Cajero;Cliente 1;71576.02;0;0;0;71576.02;"credito: $71.576,02";COMPLETED
V-2026-5678;"4/9/2026, 3:11:08 p. m.";Cajero;Cliente 1;90011.18;0;0;0;90011.18;"credito: $90.011,18";COMPLETED
V-2026-5677;"4/9/2026, 3:11:08 p. m.";Cajero;Cliente 1;87503.62;0;0;0;87503.62;"credito: $87.503,62";COMPLETED
V-2026-5676;"4/9/2026, 3:11:08 p. m.";Cajero;Cliente 1;1852.48;0;0;0;1852.48;"credito: $1.852,48";COMPLETED
V-2026-5675;"4/9/2026, 3:11:08 p. m.";Cajero;Cliente 1;95682.38;0;0;0;95682.38;"credito: $95.682,38";COMPLETED
V-2026-5674;"4/9/2026, 3:11:08 p. m.";Cajero;Cliente 1;29792.2;0;0;0;29792.2;"credito: $29.792,2";COMPLETED
V-2026-5673;"4/9/2026, 3:11:08 p. m.";Cajero;Cliente 1;48284.36;0;0;0;48284.36;"credito: $48.284,36";COMPLETED
V-2026-5672;"4/9/2026, 3:11:08 p. m.";Cajero;Cliente 1;60159.98;0;0;0;60159.98;"credito: $60.159,98";COMPLETED
V-2026-5671;"4/9/2026, 3:11:07 p. m.";Cajero;Cliente 1;33031.58;0;0;0;33031.58;"credito: $33.031,58";COMPLETED
V-2026-5670;"4/9/2026, 3:11:07 p. m.";Cajero;Cliente 1;51781.72;0;0;0;51781.72;"credito: $51.781,72";COMPLETED
V-2026-5669;"4/9/2026, 3:11:07 p. m.";Cajero;Cliente 1;94882.46;0;0;0;94882.46;"credito: $94.882,46";COMPLETED
V-2026-5668;"4/9/2026, 3:11:07 p. m.";Cajero;Cliente 1;109228.62;0;0;0;109228.62;"credito: $109.228,62";COMPLETED
V-2026-5667;"4/9/2026, 3:11:07 p. m.";Cajero;Cliente 1;116434.56;0;0;0;116434.56;"credito: $116.434,56";COMPLETED
V-2026-5666;"4/9/2026, 3:11:07 p. m.";Cajero;Cliente 1;23632.06;0;0;0;23632.06;"credito: $23.632,06";COMPLETED
V-2026-5665;"4/9/2026, 3:11:07 p. m.";Cajero;Cliente 1;63975.46;0;0;0;63975.46;"credito: $63.975,46";COMPLETED
V-2026-5664;"4/9/2026, 3:11:07 p. m.";Cajero;Cliente 1;17410.36;0;0;0;17410.36;"credito: $17.410,36";COMPLETED
V-2026-5663;"4/9/2026, 3:11:07 p. m.";Cajero;Cliente 1;36108.52;0;0;0;36108.52;"credito: $36.108,52";COMPLETED
V-2026-5662;"4/9/2026, 3:11:07 p. m.";Cajero;Cliente 1;180848.9;0;0;0;180848.9;"credito: $180.848,9";COMPLETED
V-2026-5661;"4/9/2026, 3:11:07 p. m.";Cajero;Cliente 1;67363.28;0;0;0;67363.28;"credito: $67.363,28";COMPLETED
V-2026-5660;"4/9/2026, 3:11:07 p. m.";Cajero;Cliente 1;93922.08;0;0;0;93922.08;"credito: $93.922,08";COMPLETED
V-2026-5659;"4/9/2026, 3:11:07 p. m.";Cajero;Cliente 1;58853.34;0;0;0;58853.34;"credito: $58.853,34";COMPLETED
V-2026-5658;"4/9/2026, 3:11:07 p. m.";Cajero;Cliente 1;47509.64;0;0;0;47509.64;"credito: $47.509,64";COMPLETED
V-2026-5657;"4/9/2026, 3:11:07 p. m.";Cajero;Cliente 1;122319.74;0;0;0;122319.74;"credito: $122.319,74";COMPLETED
V-2026-5656;"4/9/2026, 3:11:07 p. m.";Cajero;Cliente 1;61471.18;0;0;0;61471.18;"credito: $61.471,18";COMPLETED
V-2026-5655;"4/9/2026, 3:11:07 p. m.";Cajero;Cliente 1;56053.04;0;0;0;56053.04;"credito: $56.053,04";COMPLETED
V-2026-5654;"4/9/2026, 3:11:07 p. m.";Cajero;Cliente 1;70790.12;0;0;0;70790.12;"credito: $70.790,12";COMPLETED
V-2026-5653;"4/9/2026, 3:11:07 p. m.";Cajero;Cliente 1;198770;0;0;0;198770;credito: $198.770;COMPLETED
V-2026-5652;"4/9/2026, 3:11:07 p. m.";Cajero;Cliente 1;160685.34;0;0;0;160685.34;"credito: $160.685,34";COMPLETED
V-2026-5651;"4/9/2026, 3:11:07 p. m.";Cajero;Cliente 1;21448.34;0;0;0;21448.34;"credito: $21.448,34";COMPLETED
V-2026-5650;"4/9/2026, 3:11:06 p. m.";Cajero;Cliente 1;39804.22;0;0;0;39804.22;"credito: $39.804,22";COMPLETED
V-2026-5649;"4/9/2026, 3:11:06 p. m.";Cajero;Cliente 1;135029.88;0;0;0;135029.88;"credito: $135.029,88";COMPLETED
V-2026-5648;"4/9/2026, 3:11:06 p. m.";Cajero;Cliente 1;65286.06;0;0;0;65286.06;"credito: $65.286,06";COMPLETED
V-2026-5647;"4/9/2026, 3:11:06 p. m.";Cajero;Cliente 1;193467.66;0;0;0;193467.66;"credito: $193.467,66";COMPLETED
V-2026-5646;"4/9/2026, 3:11:06 p. m.";Cajero;Cliente 1;66482.58;0;0;0;66482.58;"credito: $66.482,58";COMPLETED
V-2026-5645;"4/9/2026, 3:11:06 p. m.";Cajero;Cliente 1;19762.9;0;0;0;19762.9;"credito: $19.762,9";COMPLETED
V-2026-5644;"4/9/2026, 3:11:06 p. m.";Cajero;Cliente 1;12388.7;0;0;0;12388.7;"credito: $12.388,7";COMPLETED
V-2026-5643;"4/9/2026, 3:11:06 p. m.";Cajero;Cliente 1;11296.08;0;0;0;11296.08;"credito: $11.296,08";COMPLETED
V-2026-5642;"4/9/2026, 3:11:06 p. m.";Cajero;Cliente 1;112180.28;0;0;0;112180.28;"credito: $112.180,28";COMPLETED
V-2026-5641;"4/9/2026, 3:11:06 p. m.";Cajero;Cliente 1;47084.58;0;0;0;47084.58;"credito: $47.084,58";COMPLETED
V-2026-5640;"4/9/2026, 3:11:06 p. m.";Cajero;Cliente 1;37862.2;0;0;0;37862.2;"credito: $37.862,2";COMPLETED
V-2026-5639;"4/9/2026, 3:11:06 p. m.";Cajero;Cliente 1;27994.56;0;0;0;27994.56;"credito: $27.994,56";COMPLETED
V-2026-5638;"4/9/2026, 3:11:06 p. m.";Cajero;Cliente 1;179259.18;0;0;0;179259.18;"credito: $179.259,18";COMPLETED
V-2026-5637;"4/9/2026, 3:11:06 p. m.";Cajero;Cliente 1;76171.78;0;0;0;76171.78;"credito: $76.171,78";COMPLETED
V-2026-5636;"4/9/2026, 3:11:06 p. m.";Cajero;Cliente 1;16362.1;0;0;0;16362.1;"credito: $16.362,1";COMPLETED
V-2026-5635;"4/9/2026, 3:11:06 p. m.";Cajero;Cliente 1;96539.54;0;0;0;96539.54;"credito: $96.539,54";COMPLETED
V-2026-5634;"4/9/2026, 3:11:06 p. m.";Cajero;Cliente 1;140746.58;0;0;0;140746.58;"credito: $140.746,58";COMPLETED
V-2026-5633;"4/9/2026, 3:11:06 p. m.";Cajero;Cliente 1;64030.88;0;0;0;64030.88;"credito: $64.030,88";COMPLETED
V-2026-5632;"4/9/2026, 3:11:06 p. m.";Cajero;Cliente 1;91694.86;0;0;0;91694.86;"credito: $91.694,86";COMPLETED
V-2026-5631;"4/9/2026, 3:11:06 p. m.";Cajero;Cliente 1;39191.88;0;0;0;39191.88;"credito: $39.191,88";COMPLETED
V-2026-5630;"4/9/2026, 3:11:06 p. m.";Cajero;Cliente 1;11617.18;0;0;0;11617.18;"credito: $11.617,18";COMPLETED
V-2026-5629;"4/9/2026, 3:11:05 p. m.";Cajero;Cliente 1;11556.84;0;0;0;11556.84;"credito: $11.556,84";COMPLETED
V-2026-5628;"4/9/2026, 3:11:05 p. m.";Cajero;Cliente 1;81071.08;0;0;0;81071.08;"credito: $81.071,08";COMPLETED
V-2026-5627;"4/9/2026, 3:11:05 p. m.";Cajero;Cliente 1;43567.02;0;0;0;43567.02;"credito: $43.567,02";COMPLETED
V-2026-5626;"4/9/2026, 3:11:05 p. m.";Cajero;Cliente 1;81260.38;0;0;0;81260.38;"credito: $81.260,38";COMPLETED
V-2026-5625;"4/9/2026, 3:11:05 p. m.";Cajero;Cliente 1;36261.88;0;0;0;36261.88;"credito: $36.261,88";COMPLETED
V-2026-5624;"4/9/2026, 3:11:05 p. m.";Cajero;Cliente 1;120801.44;0;0;0;120801.44;"credito: $120.801,44";COMPLETED
V-2026-5623;"4/9/2026, 3:11:05 p. m.";Cajero;Cliente 1;36599.64;0;0;0;36599.64;"credito: $36.599,64";COMPLETED
V-2026-5622;"4/9/2026, 3:11:05 p. m.";Cajero;Cliente 1;152100.38;0;0;0;152100.38;"credito: $152.100,38";COMPLETED
V-2026-5621;"4/9/2026, 3:11:05 p. m.";Cajero;Cliente 1;9423.9;0;0;0;9423.9;"credito: $9.423,9";COMPLETED
V-2026-5620;"4/9/2026, 3:11:05 p. m.";Cajero;Cliente 1;196294.48;0;0;0;196294.48;"credito: $196.294,48";COMPLETED
V-2026-5619;"4/9/2026, 3:11:05 p. m.";Cajero;Cliente 1;66483.96;0;0;0;66483.96;"credito: $66.483,96";COMPLETED
V-2026-5618;"4/9/2026, 3:11:05 p. m.";Cajero;Cliente 1;132945.54;0;0;0;132945.54;"credito: $132.945,54";COMPLETED
V-2026-5617;"4/9/2026, 3:11:05 p. m.";Cajero;Cliente 1;44114.66;0;0;0;44114.66;"credito: $44.114,66";COMPLETED
V-2026-5616;"4/9/2026, 3:11:05 p. m.";Cajero;Cliente 1;37165.66;0;0;0;37165.66;"credito: $37.165,66";COMPLETED
V-2026-5615;"4/9/2026, 3:11:05 p. m.";Cajero;Cliente 1;83209.16;0;0;0;83209.16;"credito: $83.209,16";COMPLETED
V-2026-5614;"4/9/2026, 3:11:05 p. m.";Cajero;Cliente 1;49855.62;0;0;0;49855.62;"credito: $49.855,62";COMPLETED
V-2026-5613;"4/9/2026, 3:11:05 p. m.";Cajero;Cliente 1;49893;0;0;0;49893;credito: $49.893;COMPLETED
V-2026-5612;"4/9/2026, 3:11:05 p. m.";Cajero;Cliente 1;70322.96;0;0;0;70322.96;"credito: $70.322,96";COMPLETED
V-2026-5611;"4/9/2026, 3:11:05 p. m.";Cajero;Cliente 1;76519.4;0;0;0;76519.4;"credito: $76.519,4";COMPLETED
V-2026-5610;"4/9/2026, 3:11:05 p. m.";Cajero;Cliente 1;47819.84;0;0;0;47819.84;"credito: $47.819,84";COMPLETED
V-2026-5609;"4/9/2026, 3:11:04 p. m.";Cajero;Cliente 1;8870.04;0;0;0;8870.04;"credito: $8.870,04";COMPLETED
V-2026-5608;"4/9/2026, 3:11:04 p. m.";Cajero;Cliente 1;97492.32;0;0;0;97492.32;"credito: $97.492,32";COMPLETED
V-2026-5607;"4/9/2026, 3:11:04 p. m.";Cajero;Cliente 1;146700.72;0;0;0;146700.72;"credito: $146.700,72";COMPLETED
V-2026-5606;"4/9/2026, 3:11:04 p. m.";Cajero;Cliente 1;171252.68;0;0;0;171252.68;"credito: $171.252,68";COMPLETED
V-2026-5605;"4/9/2026, 3:11:04 p. m.";Cajero;Cliente 1;35051.24;0;0;0;35051.24;"credito: $35.051,24";COMPLETED
V-2026-5604;"4/9/2026, 3:11:04 p. m.";Cajero;Cliente 1;97507.72;0;0;0;97507.72;"credito: $97.507,72";COMPLETED
V-2026-5603;"4/9/2026, 3:11:04 p. m.";Cajero;Cliente 1;7521.56;0;0;0;7521.56;"credito: $7.521,56";COMPLETED
V-2026-5602;"4/9/2026, 3:11:04 p. m.";Cajero;Cliente 1;68285.7;0;0;0;68285.7;"credito: $68.285,7";COMPLETED
V-2026-5601;"4/9/2026, 3:11:04 p. m.";Cajero;Cliente 1;17134.64;0;0;0;17134.64;"credito: $17.134,64";COMPLETED
V-2026-5600;"4/9/2026, 3:11:04 p. m.";Cajero;Cliente 1;88352.5;0;0;0;88352.5;"credito: $88.352,5";COMPLETED
V-2026-5599;"4/9/2026, 3:11:04 p. m.";Cajero;Cliente 1;51927.78;0;0;0;51927.78;"credito: $51.927,78";COMPLETED
V-2026-5598;"4/9/2026, 3:11:04 p. m.";Cajero;Cliente 1;58633.86;0;0;0;58633.86;"credito: $58.633,86";COMPLETED
V-2026-5597;"4/9/2026, 3:11:04 p. m.";Cajero;Cliente 1;138104.04;0;0;0;138104.04;"credito: $138.104,04";COMPLETED
V-2026-5596;"4/9/2026, 3:11:04 p. m.";Cajero;Cliente 1;12162.5;0;0;0;12162.5;"credito: $12.162,5";COMPLETED
V-2026-5595;"4/9/2026, 3:11:04 p. m.";Cajero;Cliente 1;10514.7;0;0;0;10514.7;"credito: $10.514,7";COMPLETED
V-2026-5594;"4/9/2026, 3:11:04 p. m.";Cajero;Cliente 1;140647.5;0;0;0;140647.5;"credito: $140.647,5";COMPLETED
V-2026-5593;"4/9/2026, 3:11:04 p. m.";Cajero;Cliente 1;37693.12;0;0;0;37693.12;"credito: $37.693,12";COMPLETED
V-2026-5592;"4/9/2026, 3:11:04 p. m.";Cajero;Cliente 1;8439.84;0;0;0;8439.84;"credito: $8.439,84";COMPLETED
V-2026-5591;"4/9/2026, 3:11:04 p. m.";Cajero;Cliente 1;53117.6;0;0;0;53117.6;"credito: $53.117,6";COMPLETED
V-2026-5590;"4/9/2026, 3:11:04 p. m.";Cajero;Cliente 1;60935.42;0;0;0;60935.42;"credito: $60.935,42";COMPLETED
V-2026-5589;"4/9/2026, 3:11:04 p. m.";Cajero;Cliente 1;43614.2;0;0;0;43614.2;"credito: $43.614,2";COMPLETED
V-2026-5588;"4/9/2026, 3:11:03 p. m.";Cajero;Cliente 1;184680.86;0;0;0;184680.86;"credito: $184.680,86";COMPLETED
V-2026-5587;"4/9/2026, 3:11:03 p. m.";Cajero;Cliente 1;83239.42;0;0;0;83239.42;"credito: $83.239,42";COMPLETED
V-2026-5586;"4/9/2026, 3:11:03 p. m.";Cajero;Cliente 1;50355.58;0;0;0;50355.58;"credito: $50.355,58";COMPLETED
V-2026-5585;"4/9/2026, 3:11:03 p. m.";Cajero;Cliente 1;89916.12;0;0;0;89916.12;"credito: $89.916,12";COMPLETED
V-2026-5584;"4/9/2026, 3:11:03 p. m.";Cajero;Cliente 1;58837.02;0;0;0;58837.02;"credito: $58.837,02";COMPLETED
V-2026-5583;"4/9/2026, 3:11:03 p. m.";Cajero;Cliente 1;99681.42;0;0;0;99681.42;"credito: $99.681,42";COMPLETED
V-2026-5582;"4/9/2026, 3:11:03 p. m.";Cajero;Cliente 1;21693.32;0;0;0;21693.32;"credito: $21.693,32";COMPLETED
V-2026-5581;"4/9/2026, 3:11:03 p. m.";Cajero;Cliente 1;7787.88;0;0;0;7787.88;"credito: $7.787,88";COMPLETED
V-2026-5580;"4/9/2026, 3:11:03 p. m.";Cajero;Cliente 1;131626.18;0;0;0;131626.18;"credito: $131.626,18";COMPLETED
V-2026-5579;"4/9/2026, 3:11:03 p. m.";Cajero;Cliente 1;68117.86;0;0;0;68117.86;"credito: $68.117,86";COMPLETED
V-2026-5578;"4/9/2026, 3:11:03 p. m.";Cajero;Cliente 1;39926.84;0;0;0;39926.84;"credito: $39.926,84";COMPLETED
V-2026-5577;"4/9/2026, 3:11:03 p. m.";Cajero;Cliente 1;39782.1;0;0;0;39782.1;"credito: $39.782,1";COMPLETED
V-2026-5576;"4/9/2026, 3:11:03 p. m.";Cajero;Cliente 1;71960.78;0;0;0;71960.78;"credito: $71.960,78";COMPLETED
V-2026-5575;"4/9/2026, 3:11:03 p. m.";Cajero;Cliente 1;53278.76;0;0;0;53278.76;"credito: $53.278,76";COMPLETED
V-2026-5574;"4/9/2026, 3:11:03 p. m.";Cajero;Cliente 1;93306.92;0;0;0;93306.92;"credito: $93.306,92";COMPLETED
V-2026-5573;"4/9/2026, 3:11:03 p. m.";Cajero;Cliente 1;190837.36;0;0;0;190837.36;"credito: $190.837,36";COMPLETED
V-2026-5572;"4/9/2026, 3:11:03 p. m.";Cajero;Cliente 1;92025.72;0;0;0;92025.72;"credito: $92.025,72";COMPLETED
V-2026-5571;"4/9/2026, 3:11:03 p. m.";Cajero;Cliente 1;61448.28;0;0;0;61448.28;"credito: $61.448,28";COMPLETED
V-2026-5570;"4/9/2026, 3:11:03 p. m.";Cajero;Cliente 1;27076.34;0;0;0;27076.34;"credito: $27.076,34";COMPLETED
V-2026-5569;"4/9/2026, 3:11:03 p. m.";Cajero;Cliente 1;91925.58;0;0;0;91925.58;"credito: $91.925,58";COMPLETED
V-2026-5568;"4/9/2026, 3:11:03 p. m.";Cajero;Cliente 1;26668;0;0;0;26668;credito: $26.668;COMPLETED
V-2026-5567;"4/9/2026, 3:11:02 p. m.";Cajero;Cliente 1;86357.62;0;0;0;86357.62;"credito: $86.357,62";COMPLETED
V-2026-5566;"4/9/2026, 3:11:02 p. m.";Cajero;Cliente 1;65736.1;0;0;0;65736.1;"credito: $65.736,1";COMPLETED
V-2026-5565;"4/9/2026, 3:11:02 p. m.";Cajero;Cliente 1;20059.54;0;0;0;20059.54;"credito: $20.059,54";COMPLETED
V-2026-5564;"4/9/2026, 3:11:02 p. m.";Cajero;Cliente 1;65906.14;0;0;0;65906.14;"credito: $65.906,14";COMPLETED
V-2026-5563;"4/9/2026, 3:11:02 p. m.";Cajero;Cliente 1;92833.08;0;0;0;92833.08;"credito: $92.833,08";COMPLETED
V-2026-5562;"4/9/2026, 3:11:02 p. m.";Cajero;Cliente 1;27310.1;0;0;0;27310.1;"credito: $27.310,1";COMPLETED
V-2026-5561;"4/9/2026, 3:11:02 p. m.";Cajero;Cliente 1;20088.38;0;0;0;20088.38;"credito: $20.088,38";COMPLETED
V-2026-5560;"4/9/2026, 3:11:02 p. m.";Cajero;Cliente 1;19989.06;0;0;0;19989.06;"credito: $19.989,06";COMPLETED
V-2026-5559;"4/9/2026, 3:11:02 p. m.";Cajero;Cliente 1;22532.94;0;0;0;22532.94;"credito: $22.532,94";COMPLETED
V-2026-5558;"4/9/2026, 3:11:02 p. m.";Cajero;Cliente 1;189663.72;0;0;0;189663.72;"credito: $189.663,72";COMPLETED
V-2026-5557;"4/9/2026, 3:11:02 p. m.";Cajero;Cliente 1;121595.82;0;0;0;121595.82;"credito: $121.595,82";COMPLETED
V-2026-5556;"4/9/2026, 3:11:02 p. m.";Cajero;Cliente 1;163942.6;0;0;0;163942.6;"credito: $163.942,6";COMPLETED
V-2026-5555;"4/9/2026, 3:11:02 p. m.";Cajero;Cliente 1;4214;0;0;0;4214;credito: $4.214;COMPLETED
V-2026-5554;"4/9/2026, 3:11:02 p. m.";Cajero;Cliente 1;62060.2;0;0;0;62060.2;"credito: $62.060,2";COMPLETED
V-2026-5553;"4/9/2026, 3:11:02 p. m.";Cajero;Cliente 1;31149.26;0;0;0;31149.26;"credito: $31.149,26";COMPLETED
V-2026-5552;"4/9/2026, 3:11:02 p. m.";Cajero;Cliente 1;29232.96;0;0;0;29232.96;"credito: $29.232,96";COMPLETED
V-2026-5551;"4/9/2026, 3:11:02 p. m.";Cajero;Cliente 1;53117.6;0;0;0;53117.6;"credito: $53.117,6";COMPLETED
V-2026-5550;"4/9/2026, 3:11:02 p. m.";Cajero;Cliente 1;11583.58;0;0;0;11583.58;"credito: $11.583,58";COMPLETED
V-2026-5549;"4/9/2026, 3:11:02 p. m.";Cajero;Cliente 1;136551.62;0;0;0;136551.62;"credito: $136.551,62";COMPLETED
V-2026-5548;"4/9/2026, 3:11:02 p. m.";Cajero;Cliente 1;93652.22;0;0;0;93652.22;"credito: $93.652,22";COMPLETED
V-2026-5547;"4/9/2026, 3:11:02 p. m.";Cajero;Cliente 1;110234.5;0;0;0;110234.5;"credito: $110.234,5";COMPLETED
V-2026-5546;"4/9/2026, 3:11:02 p. m.";Cajero;Cliente 1;22836.38;0;0;0;22836.38;"credito: $22.836,38";COMPLETED
V-2026-5545;"4/9/2026, 3:11:01 p. m.";Cajero;Cliente 1;65595.92;0;0;0;65595.92;"credito: $65.595,92";COMPLETED
V-2026-5544;"4/9/2026, 3:11:01 p. m.";Cajero;Cliente 1;149648.86;0;0;0;149648.86;"credito: $149.648,86";COMPLETED
V-2026-5543;"4/9/2026, 3:11:01 p. m.";Cajero;Cliente 1;98413.78;0;0;0;98413.78;"credito: $98.413,78";COMPLETED
V-2026-5542;"4/9/2026, 3:11:01 p. m.";Cajero;Cliente 1;77264.64;0;0;0;77264.64;"credito: $77.264,64";COMPLETED
V-2026-5541;"4/9/2026, 3:11:01 p. m.";Cajero;Cliente 1;62811.88;0;0;0;62811.88;"credito: $62.811,88";COMPLETED
V-2026-5540;"4/9/2026, 3:11:01 p. m.";Cajero;Cliente 1;56766.64;0;0;0;56766.64;"credito: $56.766,64";COMPLETED
V-2026-5539;"4/9/2026, 3:11:01 p. m.";Cajero;Cliente 1;11427.08;0;0;0;11427.08;"credito: $11.427,08";COMPLETED
V-2026-5538;"4/9/2026, 3:11:01 p. m.";Cajero;Cliente 1;25297.98;0;0;0;25297.98;"credito: $25.297,98";COMPLETED
V-2026-5537;"4/9/2026, 3:11:01 p. m.";Cajero;Cliente 1;139609.4;0;0;0;139609.4;"credito: $139.609,4";COMPLETED
V-2026-5536;"4/9/2026, 3:11:01 p. m.";Cajero;Cliente 1;68512.06;0;0;0;68512.06;"credito: $68.512,06";COMPLETED
V-2026-5535;"4/9/2026, 3:11:01 p. m.";Cajero;Cliente 1;23979.84;0;0;0;23979.84;"credito: $23.979,84";COMPLETED
V-2026-5534;"4/9/2026, 3:11:01 p. m.";Cajero;Cliente 1;58930.42;0;0;0;58930.42;"credito: $58.930,42";COMPLETED
V-2026-5533;"4/9/2026, 3:11:01 p. m.";Cajero;Cliente 1;26723.48;0;0;0;26723.48;"credito: $26.723,48";COMPLETED
V-2026-5532;"4/9/2026, 3:11:01 p. m.";Cajero;Cliente 1;121337.56;0;0;0;121337.56;"credito: $121.337,56";COMPLETED
V-2026-5531;"4/9/2026, 3:11:01 p. m.";Cajero;Cliente 1;165704.76;0;0;0;165704.76;"credito: $165.704,76";COMPLETED
V-2026-5530;"4/9/2026, 3:11:01 p. m.";Cajero;Cliente 1;45532.54;0;0;0;45532.54;"credito: $45.532,54";COMPLETED
V-2026-5529;"4/9/2026, 3:11:01 p. m.";Cajero;Cliente 1;18731.14;0;0;0;18731.14;"credito: $18.731,14";COMPLETED
V-2026-5528;"4/9/2026, 3:11:01 p. m.";Cajero;Cliente 1;32225.2;0;0;0;32225.2;"credito: $32.225,2";COMPLETED
V-2026-5527;"4/9/2026, 3:11:01 p. m.";Cajero;Cliente 1;98762.02;0;0;0;98762.02;"credito: $98.762,02";COMPLETED
V-2026-5526;"4/9/2026, 3:11:01 p. m.";Cajero;Cliente 1;73829.84;0;0;0;73829.84;"credito: $73.829,84";COMPLETED
V-2026-5525;"4/9/2026, 3:11:01 p. m.";Cajero;Cliente 1;11680.22;0;0;0;11680.22;"credito: $11.680,22";COMPLETED
V-2026-5524;"4/9/2026, 3:11:01 p. m.";Cajero;Cliente 1;75337.64;0;0;0;75337.64;"credito: $75.337,64";COMPLETED
V-2026-5523;"4/9/2026, 3:11:00 p. m.";Cajero;Cliente 1;54380.88;0;0;0;54380.88;"credito: $54.380,88";COMPLETED
V-2026-5522;"4/9/2026, 3:11:00 p. m.";Cajero;Cliente 1;55928;0;0;0;55928;credito: $55.928;COMPLETED
V-2026-5521;"4/9/2026, 3:11:00 p. m.";Cajero;Cliente 1;82421.88;0;0;0;82421.88;"credito: $82.421,88";COMPLETED
V-2026-5520;"4/9/2026, 3:11:00 p. m.";Cajero;Cliente 1;23164.34;0;0;0;23164.34;"credito: $23.164,34";COMPLETED
V-2026-5519;"4/9/2026, 3:11:00 p. m.";Cajero;Cliente 1;89841.16;0;0;0;89841.16;"credito: $89.841,16";COMPLETED
V-2026-5518;"4/9/2026, 3:11:00 p. m.";Cajero;Cliente 1;82337.08;0;0;0;82337.08;"credito: $82.337,08";COMPLETED
V-2026-5517;"4/9/2026, 3:11:00 p. m.";Cajero;Cliente 1;66681.72;0;0;0;66681.72;"credito: $66.681,72";COMPLETED
V-2026-5516;"4/9/2026, 3:11:00 p. m.";Cajero;Cliente 1;56415.76;0;0;0;56415.76;"credito: $56.415,76";COMPLETED
V-2026-5515;"4/9/2026, 3:11:00 p. m.";Cajero;Cliente 1;62493.84;0;0;0;62493.84;"credito: $62.493,84";COMPLETED
V-2026-5514;"4/9/2026, 3:11:00 p. m.";Cajero;Cliente 1;42240.86;0;0;0;42240.86;"credito: $42.240,86";COMPLETED
V-2026-5513;"4/9/2026, 3:11:00 p. m.";Cajero;Cliente 1;61608.72;0;0;0;61608.72;"credito: $61.608,72";COMPLETED
V-2026-5512;"4/9/2026, 3:11:00 p. m.";Cajero;Cliente 1;11015.5;0;0;0;11015.5;"credito: $11.015,5";COMPLETED
V-2026-5511;"4/9/2026, 3:11:00 p. m.";Cajero;Cliente 1;33369.1;0;0;0;33369.1;"credito: $33.369,1";COMPLETED
V-2026-5510;"4/9/2026, 3:11:00 p. m.";Cajero;Cliente 1;193158.3;0;0;0;193158.3;"credito: $193.158,3";COMPLETED
V-2026-5509;"4/9/2026, 3:11:00 p. m.";Cajero;Cliente 1;76376.6;0;0;0;76376.6;"credito: $76.376,6";COMPLETED
V-2026-5508;"4/9/2026, 3:11:00 p. m.";Cajero;Cliente 1;29046.8;0;0;0;29046.8;"credito: $29.046,8";COMPLETED
V-2026-5507;"4/9/2026, 3:11:00 p. m.";Cajero;Cliente 1;9722.18;0;0;0;9722.18;"credito: $9.722,18";COMPLETED
V-2026-5506;"4/9/2026, 3:11:00 p. m.";Cajero;Cliente 1;17359.5;0;0;0;17359.5;"credito: $17.359,5";COMPLETED
V-2026-5505;"4/9/2026, 3:11:00 p. m.";Cajero;Cliente 1;13900.08;0;0;0;13900.08;"credito: $13.900,08";COMPLETED
V-2026-5504;"4/9/2026, 3:11:00 p. m.";Cajero;Cliente 1;22065.24;0;0;0;22065.24;"credito: $22.065,24";COMPLETED
V-2026-5503;"4/9/2026, 3:11:00 p. m.";Cajero;Cliente 1;30623.36;0;0;0;30623.36;"credito: $30.623,36";COMPLETED
V-2026-5502;"4/9/2026, 3:10:59 p. m.";Cajero;Cliente 1;44934;0;0;0;44934;credito: $44.934;COMPLETED
V-2026-5501;"4/9/2026, 3:10:59 p. m.";Cajero;Cliente 1;67944.52;0;0;0;67944.52;"credito: $67.944,52";COMPLETED
V-2026-5500;"4/9/2026, 3:10:59 p. m.";Cajero;Cliente 1;86104.16;0;0;0;86104.16;"credito: $86.104,16";COMPLETED
V-2026-5499;"4/9/2026, 3:10:59 p. m.";Cajero;Cliente 1;187498.28;0;0;0;187498.28;"credito: $187.498,28";COMPLETED
V-2026-5498;"4/9/2026, 3:10:59 p. m.";Cajero;Cliente 1;58021.08;0;0;0;58021.08;"credito: $58.021,08";COMPLETED
V-2026-5497;"4/9/2026, 3:10:59 p. m.";Cajero;Cliente 1;43559.44;0;0;0;43559.44;"credito: $43.559,44";COMPLETED
V-2026-5496;"4/9/2026, 3:10:59 p. m.";Cajero;Cliente 1;90953.34;0;0;0;90953.34;"credito: $90.953,34";COMPLETED
V-2026-5495;"4/9/2026, 3:10:59 p. m.";Cajero;Cliente 1;92559.28;0;0;0;92559.28;"credito: $92.559,28";COMPLETED
V-2026-5494;"4/9/2026, 3:10:59 p. m.";Cajero;Cliente 1;141482.56;0;0;0;141482.56;"credito: $141.482,56";COMPLETED
V-2026-5493;"4/9/2026, 3:10:59 p. m.";Cajero;Cliente 1;153189.88;0;0;0;153189.88;"credito: $153.189,88";COMPLETED
V-2026-5492;"4/9/2026, 3:10:59 p. m.";Cajero;Cliente 1;98766.72;0;0;0;98766.72;"credito: $98.766,72";COMPLETED
V-2026-5491;"4/9/2026, 3:10:59 p. m.";Cajero;Cliente 1;140958.86;0;0;0;140958.86;"credito: $140.958,86";COMPLETED
V-2026-5490;"4/9/2026, 3:10:59 p. m.";Cajero;Cliente 1;22478.66;0;0;0;22478.66;"credito: $22.478,66";COMPLETED
V-2026-5489;"4/9/2026, 3:10:59 p. m.";Cajero;Cliente 1;66118.08;0;0;0;66118.08;"credito: $66.118,08";COMPLETED
V-2026-5488;"4/9/2026, 3:10:59 p. m.";Cajero;Cliente 1;27965.92;0;0;0;27965.92;"credito: $27.965,92";COMPLETED
V-2026-5487;"4/9/2026, 3:10:59 p. m.";Cajero;Cliente 1;21577.68;0;0;0;21577.68;"credito: $21.577,68";COMPLETED
V-2026-5486;"4/9/2026, 3:10:59 p. m.";Cajero;Cliente 1;85163.22;0;0;0;85163.22;"credito: $85.163,22";COMPLETED
V-2026-5485;"4/9/2026, 3:10:59 p. m.";Cajero;Cliente 1;50773.3;0;0;0;50773.3;"credito: $50.773,3";COMPLETED
V-2026-5484;"4/9/2026, 3:10:59 p. m.";Cajero;Cliente 1;97049.38;0;0;0;97049.38;"credito: $97.049,38";COMPLETED
V-2026-5483;"4/9/2026, 3:10:59 p. m.";Cajero;Cliente 1;48671.78;0;0;0;48671.78;"credito: $48.671,78";COMPLETED
V-2026-5482;"4/9/2026, 3:10:59 p. m.";Cajero;Cliente 1;50288.46;0;0;0;50288.46;"credito: $50.288,46";COMPLETED
V-2026-5481;"4/9/2026, 3:10:59 p. m.";Cajero;Cliente 1;129689.56;0;0;0;129689.56;"credito: $129.689,56";COMPLETED
V-2026-5480;"4/9/2026, 3:10:58 p. m.";Cajero;Cliente 1;195757.56;0;0;0;195757.56;"credito: $195.757,56";COMPLETED
V-2026-5479;"4/9/2026, 3:10:58 p. m.";Cajero;Cliente 1;161417.72;0;0;0;161417.72;"credito: $161.417,72";COMPLETED
V-2026-5478;"4/9/2026, 3:10:58 p. m.";Cajero;Cliente 1;12346.3;0;0;0;12346.3;"credito: $12.346,3";COMPLETED
V-2026-5477;"4/9/2026, 3:10:58 p. m.";Cajero;Cliente 1;13605.94;0;0;0;13605.94;"credito: $13.605,94";COMPLETED
V-2026-5476;"4/9/2026, 3:10:58 p. m.";Cajero;Cliente 1;3651.74;0;0;0;3651.74;"credito: $3.651,74";COMPLETED
V-2026-5475;"4/9/2026, 3:10:58 p. m.";Cajero;Cliente 1;28870.86;0;0;0;28870.86;"credito: $28.870,86";COMPLETED
V-2026-5474;"4/9/2026, 3:10:58 p. m.";Cajero;Cliente 1;97215.92;0;0;0;97215.92;"credito: $97.215,92";COMPLETED
V-2026-5473;"4/9/2026, 3:10:58 p. m.";Cajero;Cliente 1;32810.26;0;0;0;32810.26;"credito: $32.810,26";COMPLETED
V-2026-5472;"4/9/2026, 3:10:58 p. m.";Cajero;Cliente 1;34543.98;0;0;0;34543.98;"credito: $34.543,98";COMPLETED
V-2026-5471;"4/9/2026, 3:10:58 p. m.";Cajero;Cliente 1;12423.54;0;0;0;12423.54;"credito: $12.423,54";COMPLETED
V-2026-5470;"4/9/2026, 3:10:58 p. m.";Cajero;Cliente 1;49009.54;0;0;0;49009.54;"credito: $49.009,54";COMPLETED
V-2026-5469;"4/9/2026, 3:10:58 p. m.";Cajero;Cliente 1;75164.16;0;0;0;75164.16;"credito: $75.164,16";COMPLETED
V-2026-5468;"4/9/2026, 3:10:58 p. m.";Cajero;Cliente 1;11663.98;0;0;0;11663.98;"credito: $11.663,98";COMPLETED
V-2026-5467;"4/9/2026, 3:10:58 p. m.";Cajero;Cliente 1;21632.56;0;0;0;21632.56;"credito: $21.632,56";COMPLETED
V-2026-5466;"4/9/2026, 3:10:58 p. m.";Cajero;Cliente 1;92009.38;0;0;0;92009.38;"credito: $92.009,38";COMPLETED
V-2026-5465;"4/9/2026, 3:10:58 p. m.";Cajero;Cliente 1;197072.88;0;0;0;197072.88;"credito: $197.072,88";COMPLETED
V-2026-5464;"4/9/2026, 3:10:58 p. m.";Cajero;Cliente 1;17547.74;0;0;0;17547.74;"credito: $17.547,74";COMPLETED
V-2026-5463;"4/9/2026, 3:10:58 p. m.";Cajero;Cliente 1;78401.38;0;0;0;78401.38;"credito: $78.401,38";COMPLETED
V-2026-5462;"4/9/2026, 3:10:58 p. m.";Cajero;Cliente 1;12456.82;0;0;0;12456.82;"credito: $12.456,82";COMPLETED
V-2026-5461;"4/9/2026, 3:10:58 p. m.";Cajero;Cliente 1;45280.8;0;0;0;45280.8;"credito: $45.280,8";COMPLETED
V-2026-5460;"4/9/2026, 3:10:58 p. m.";Cajero;Cliente 1;50756.28;0;0;0;50756.28;"credito: $50.756,28";COMPLETED
V-2026-5459;"4/9/2026, 3:10:57 p. m.";Cajero;Cliente 1;166356.4;0;0;0;166356.4;"credito: $166.356,4";COMPLETED
V-2026-5458;"4/9/2026, 3:10:57 p. m.";Cajero;Cliente 1;36040.32;0;0;0;36040.32;"credito: $36.040,32";COMPLETED
V-2026-5457;"4/9/2026, 3:10:57 p. m.";Cajero;Cliente 1;24764.52;0;0;0;24764.52;"credito: $24.764,52";COMPLETED
V-2026-5456;"4/9/2026, 3:10:57 p. m.";Cajero;Cliente 1;62349;0;0;0;62349;credito: $62.349;COMPLETED
V-2026-5455;"4/9/2026, 3:10:57 p. m.";Cajero;Cliente 1;20136.64;0;0;0;20136.64;"credito: $20.136,64";COMPLETED
V-2026-5454;"4/9/2026, 3:10:57 p. m.";Cajero;Cliente 1;72148.46;0;0;0;72148.46;"credito: $72.148,46";COMPLETED
V-2026-5453;"4/9/2026, 3:10:57 p. m.";Cajero;Cliente 1;148600.8;0;0;0;148600.8;"credito: $148.600,8";COMPLETED
V-2026-5452;"4/9/2026, 3:10:57 p. m.";Cajero;Cliente 1;62695.14;0;0;0;62695.14;"credito: $62.695,14";COMPLETED
V-2026-5451;"4/9/2026, 3:10:57 p. m.";Cajero;Cliente 1;98447.2;0;0;0;98447.2;"credito: $98.447,2";COMPLETED
V-2026-5450;"4/9/2026, 3:10:57 p. m.";Cajero;Cliente 1;74028.76;0;0;0;74028.76;"credito: $74.028,76";COMPLETED
V-2026-5449;"4/9/2026, 3:10:57 p. m.";Cajero;Cliente 1;2681.84;0;0;0;2681.84;"credito: $2.681,84";COMPLETED
V-2026-5448;"4/9/2026, 3:10:57 p. m.";Cajero;Cliente 1;10011.86;0;0;0;10011.86;"credito: $10.011,86";COMPLETED
V-2026-5447;"4/9/2026, 3:10:57 p. m.";Cajero;Cliente 1;58246.56;0;0;0;58246.56;"credito: $58.246,56";COMPLETED
V-2026-5446;"4/9/2026, 3:10:57 p. m.";Cajero;Cliente 1;36599.64;0;0;0;36599.64;"credito: $36.599,64";COMPLETED
V-2026-5445;"4/9/2026, 3:10:57 p. m.";Cajero;Cliente 1;25981.8;0;0;0;25981.8;"credito: $25.981,8";COMPLETED
V-2026-5444;"4/9/2026, 3:10:57 p. m.";Cajero;Cliente 1;64988.48;0;0;0;64988.48;"credito: $64.988,48";COMPLETED
V-2026-5443;"4/9/2026, 3:10:57 p. m.";Cajero;Cliente 1;98803.42;0;0;0;98803.42;"credito: $98.803,42";COMPLETED
V-2026-5442;"4/9/2026, 3:10:57 p. m.";Cajero;Cliente 1;198048.24;0;0;0;198048.24;"credito: $198.048,24";COMPLETED
V-2026-5441;"4/9/2026, 3:10:57 p. m.";Cajero;Cliente 1;14344.12;0;0;0;14344.12;"credito: $14.344,12";COMPLETED
V-2026-5440;"4/9/2026, 3:10:57 p. m.";Cajero;Cliente 1;67120.3;0;0;0;67120.3;"credito: $67.120,3";COMPLETED
V-2026-5439;"4/9/2026, 3:10:57 p. m.";Cajero;Cliente 1;20134.74;0;0;0;20134.74;"credito: $20.134,74";COMPLETED
V-2026-5438;"4/9/2026, 3:10:57 p. m.";Cajero;Cliente 1;21812.88;0;0;0;21812.88;"credito: $21.812,88";COMPLETED
V-2026-5437;"4/9/2026, 3:10:56 p. m.";Cajero;Cliente 1;171087.02;0;0;0;171087.02;"credito: $171.087,02";COMPLETED
V-2026-5436;"4/9/2026, 3:10:56 p. m.";Cajero;Cliente 1;56963.04;0;0;0;56963.04;"credito: $56.963,04";COMPLETED
V-2026-5435;"4/9/2026, 3:10:56 p. m.";Cajero;Cliente 1;27274.76;0;0;0;27274.76;"credito: $27.274,76";COMPLETED
V-2026-5434;"4/9/2026, 3:10:56 p. m.";Cajero;Cliente 1;81313.24;0;0;0;81313.24;"credito: $81.313,24";COMPLETED
V-2026-5433;"4/9/2026, 3:10:56 p. m.";Cajero;Cliente 1;61289.7;0;0;0;61289.7;"credito: $61.289,7";COMPLETED
V-2026-5432;"4/9/2026, 3:10:56 p. m.";Cajero;Cliente 1;55147.44;0;0;0;55147.44;"credito: $55.147,44";COMPLETED
V-2026-5431;"4/9/2026, 3:10:56 p. m.";Cajero;Cliente 1;41095.7;0;0;0;41095.7;"credito: $41.095,7";COMPLETED
V-2026-5430;"4/9/2026, 3:10:56 p. m.";Cajero;Cliente 1;182922.26;0;0;0;182922.26;"credito: $182.922,26";COMPLETED
V-2026-5429;"4/9/2026, 3:10:56 p. m.";Cajero;Cliente 1;59674.04;0;0;0;59674.04;"credito: $59.674,04";COMPLETED
V-2026-5428;"4/9/2026, 3:10:56 p. m.";Cajero;Cliente 1;56130.72;0;0;0;56130.72;"credito: $56.130,72";COMPLETED
V-2026-5427;"4/9/2026, 3:10:56 p. m.";Cajero;Cliente 1;62532.1;0;0;0;62532.1;"credito: $62.532,1";COMPLETED
V-2026-5426;"4/9/2026, 3:10:56 p. m.";Cajero;Cliente 1;63640.14;0;0;0;63640.14;"credito: $63.640,14";COMPLETED
V-2026-5425;"4/9/2026, 3:10:56 p. m.";Cajero;Cliente 1;9298.58;0;0;0;9298.58;"credito: $9.298,58";COMPLETED
V-2026-5424;"4/9/2026, 3:10:56 p. m.";Cajero;Cliente 1;27274.76;0;0;0;27274.76;"credito: $27.274,76";COMPLETED
V-2026-5423;"4/9/2026, 3:10:56 p. m.";Cajero;Cliente 1;56963.04;0;0;0;56963.04;"credito: $56.963,04";COMPLETED
V-2026-5422;"4/9/2026, 3:10:56 p. m.";Cajero;Cliente 1;92630.2;0;0;0;92630.2;"credito: $92.630,2";COMPLETED
V-2026-5421;"4/9/2026, 3:10:56 p. m.";Cajero;Cliente 1;170237.92;0;0;0;170237.92;"credito: $170.237,92";COMPLETED
V-2026-5420;"4/9/2026, 3:10:56 p. m.";Cajero;Cliente 1;17278.34;0;0;0;17278.34;"credito: $17.278,34";COMPLETED
V-2026-5419;"4/9/2026, 3:10:56 p. m.";Cajero;Cliente 1;61275.18;0;0;0;61275.18;"credito: $61.275,18";COMPLETED
V-2026-5418;"4/9/2026, 3:10:56 p. m.";Cajero;Cliente 1;90777.82;0;0;0;90777.82;"credito: $90.777,82";COMPLETED
V-2026-5417;"4/9/2026, 3:10:56 p. m.";Cajero;Cliente 1;96453.52;0;0;0;96453.52;"credito: $96.453,52";COMPLETED
V-2026-5416;"4/9/2026, 3:10:55 p. m.";Cajero;Cliente 1;169947.14;0;0;0;169947.14;"credito: $169.947,14";COMPLETED
V-2026-5415;"4/9/2026, 3:10:55 p. m.";Cajero;Cliente 1;81322.7;0;0;0;81322.7;"credito: $81.322,7";COMPLETED
V-2026-5414;"4/9/2026, 3:10:55 p. m.";Cajero;Cliente 1;19234.3;0;0;0;19234.3;"credito: $19.234,3";COMPLETED
V-2026-5413;"4/9/2026, 3:10:55 p. m.";Cajero;Cliente 1;97839.64;0;0;0;97839.64;"credito: $97.839,64";COMPLETED
V-2026-5412;"4/9/2026, 3:10:55 p. m.";Cajero;Cliente 1;19698.28;0;0;0;19698.28;"credito: $19.698,28";COMPLETED
V-2026-5411;"4/9/2026, 3:10:55 p. m.";Cajero;Cliente 1;69099.02;0;0;0;69099.02;"credito: $69.099,02";COMPLETED
V-2026-5410;"4/9/2026, 3:10:55 p. m.";Cajero;Cliente 1;73103.16;0;0;0;73103.16;"credito: $73.103,16";COMPLETED
V-2026-5409;"4/9/2026, 3:10:55 p. m.";Cajero;Cliente 1;81959.86;0;0;0;81959.86;"credito: $81.959,86";COMPLETED
V-2026-5408;"4/9/2026, 3:10:55 p. m.";Cajero;Cliente 1;98128.72;0;0;0;98128.72;"credito: $98.128,72";COMPLETED
V-2026-5407;"4/9/2026, 3:10:55 p. m.";Cajero;Cliente 1;64848.58;0;0;0;64848.58;"credito: $64.848,58";COMPLETED
V-2026-5406;"4/9/2026, 3:10:55 p. m.";Cajero;Cliente 1;2238.02;0;0;0;2238.02;"credito: $2.238,02";COMPLETED
V-2026-5405;"4/9/2026, 3:10:55 p. m.";Cajero;Cliente 1;29167.86;0;0;0;29167.86;"credito: $29.167,86";COMPLETED
V-2026-5404;"4/9/2026, 3:10:55 p. m.";Cajero;Cliente 1;34324.48;0;0;0;34324.48;"credito: $34.324,48";COMPLETED
V-2026-5403;"4/9/2026, 3:10:55 p. m.";Cajero;Cliente 1;90489.62;0;0;0;90489.62;"credito: $90.489,62";COMPLETED
V-2026-5402;"4/9/2026, 3:10:55 p. m.";Cajero;Cliente 1;95177.66;0;0;0;95177.66;"credito: $95.177,66";COMPLETED
V-2026-5401;"4/9/2026, 3:10:55 p. m.";Cajero;Cliente 1;107153.34;0;0;0;107153.34;"credito: $107.153,34";COMPLETED
V-2026-5400;"4/9/2026, 3:10:55 p. m.";Cajero;Cliente 1;22566.42;0;0;0;22566.42;"credito: $22.566,42";COMPLETED
V-2026-5399;"4/9/2026, 3:10:55 p. m.";Cajero;Cliente 1;33397.22;0;0;0;33397.22;"credito: $33.397,22";COMPLETED
V-2026-5398;"4/9/2026, 3:10:55 p. m.";Cajero;Cliente 1;73485.04;0;0;0;73485.04;"credito: $73.485,04";COMPLETED
V-2026-5397;"4/9/2026, 3:10:55 p. m.";Cajero;Cliente 1;38194.4;0;0;0;38194.4;"credito: $38.194,4";COMPLETED
V-2026-5396;"4/9/2026, 3:10:55 p. m.";Cajero;Cliente 1;3447.98;0;0;0;3447.98;"credito: $3.447,98";COMPLETED
V-2026-5395;"4/9/2026, 3:10:55 p. m.";Cajero;Cliente 1;665.36;0;0;0;665.36;"credito: $665,36";COMPLETED
V-2026-5394;"4/9/2026, 3:10:55 p. m.";Cajero;Cliente 1;66403.34;0;0;0;66403.34;"credito: $66.403,34";COMPLETED
V-2026-5393;"4/9/2026, 3:10:55 p. m.";Cajero;Cliente 1;43272.04;0;0;0;43272.04;"credito: $43.272,04";COMPLETED
V-2026-5392;"4/9/2026, 3:10:54 p. m.";Cajero;Cliente 1;22874.74;0;0;0;22874.74;"credito: $22.874,74";COMPLETED
V-2026-5391;"4/9/2026, 3:10:54 p. m.";Cajero;Cliente 1;51172.7;0;0;0;51172.7;"credito: $51.172,7";COMPLETED
V-2026-5390;"4/9/2026, 3:10:54 p. m.";Cajero;Cliente 1;79530.34;0;0;0;79530.34;"credito: $79.530,34";COMPLETED
V-2026-5389;"4/9/2026, 3:10:54 p. m.";Cajero;Cliente 1;45245.28;0;0;0;45245.28;"credito: $45.245,28";COMPLETED
V-2026-5388;"4/9/2026, 3:10:54 p. m.";Cajero;Cliente 1;38662.72;0;0;0;38662.72;"credito: $38.662,72";COMPLETED
V-2026-5387;"4/9/2026, 3:10:54 p. m.";Cajero;Cliente 1;52990.06;0;0;0;52990.06;"credito: $52.990,06";COMPLETED
V-2026-5386;"4/9/2026, 3:10:54 p. m.";Cajero;Cliente 1;76810.32;0;0;0;76810.32;"credito: $76.810,32";COMPLETED
V-2026-5385;"4/9/2026, 3:10:54 p. m.";Cajero;Cliente 1;71143.66;0;0;0;71143.66;"credito: $71.143,66";COMPLETED
V-2026-5384;"4/9/2026, 3:10:54 p. m.";Cajero;Cliente 1;86322.44;0;0;0;86322.44;"credito: $86.322,44";COMPLETED
V-2026-5383;"4/9/2026, 3:10:54 p. m.";Cajero;Cliente 1;191512.92;0;0;0;191512.92;"credito: $191.512,92";COMPLETED
V-2026-5382;"4/9/2026, 3:10:54 p. m.";Cajero;Cliente 1;20569.76;0;0;0;20569.76;"credito: $20.569,76";COMPLETED
V-2026-5381;"4/9/2026, 3:10:54 p. m.";Cajero;Cliente 1;136937.54;0;0;0;136937.54;"credito: $136.937,54";COMPLETED
V-2026-5380;"4/9/2026, 3:10:54 p. m.";Cajero;Cliente 1;96245.18;0;0;0;96245.18;"credito: $96.245,18";COMPLETED
V-2026-5379;"4/9/2026, 3:10:54 p. m.";Cajero;Cliente 1;16202.28;0;0;0;16202.28;"credito: $16.202,28";COMPLETED
V-2026-5378;"4/9/2026, 3:10:54 p. m.";Cajero;Cliente 1;25008.38;0;0;0;25008.38;"credito: $25.008,38";COMPLETED
V-2026-5377;"4/9/2026, 3:10:54 p. m.";Cajero;Cliente 1;28870.86;0;0;0;28870.86;"credito: $28.870,86";COMPLETED
V-2026-5376;"4/9/2026, 3:10:54 p. m.";Cajero;Cliente 1;90093.38;0;0;0;90093.38;"credito: $90.093,38";COMPLETED
V-2026-5375;"4/9/2026, 3:10:54 p. m.";Cajero;Cliente 1;81350.76;0;0;0;81350.76;"credito: $81.350,76";COMPLETED
V-2026-5374;"4/9/2026, 3:10:54 p. m.";Cajero;Cliente 1;89767.2;0;0;0;89767.2;"credito: $89.767,2";COMPLETED
V-2026-5373;"4/9/2026, 3:10:54 p. m.";Cajero;Cliente 1;83894.08;0;0;0;83894.08;"credito: $83.894,08";COMPLETED
V-2026-5372;"4/9/2026, 3:10:54 p. m.";Cajero;Cliente 1;78993;0;0;0;78993;credito: $78.993;COMPLETED
V-2026-5371;"4/9/2026, 3:10:54 p. m.";Cajero;Cliente 1;71404.72;0;0;0;71404.72;"credito: $71.404,72";COMPLETED
V-2026-5370;"4/9/2026, 3:10:53 p. m.";Cajero;Cliente 1;1611.46;0;0;0;1611.46;"credito: $1.611,46";COMPLETED
V-2026-5369;"4/9/2026, 3:10:53 p. m.";Cajero;Cliente 1;46510.96;0;0;0;46510.96;"credito: $46.510,96";COMPLETED
V-2026-5368;"4/9/2026, 3:10:53 p. m.";Cajero;Cliente 1;2534.3;0;0;0;2534.3;"credito: $2.534,3";COMPLETED
V-2026-5367;"4/9/2026, 3:10:53 p. m.";Cajero;Cliente 1;7099.56;0;0;0;7099.56;"credito: $7.099,56";COMPLETED
V-2026-5366;"4/9/2026, 3:10:53 p. m.";Cajero;Cliente 1;76432.64;0;0;0;76432.64;"credito: $76.432,64";COMPLETED
V-2026-5365;"4/9/2026, 3:10:53 p. m.";Cajero;Cliente 1;81501.06;0;0;0;81501.06;"credito: $81.501,06";COMPLETED
V-2026-5364;"4/9/2026, 3:10:53 p. m.";Cajero;Cliente 1;167800.26;0;0;0;167800.26;"credito: $167.800,26";COMPLETED
V-2026-5363;"4/9/2026, 3:10:53 p. m.";Cajero;Cliente 1;24666.58;0;0;0;24666.58;"credito: $24.666,58";COMPLETED
V-2026-5362;"4/9/2026, 3:10:53 p. m.";Cajero;Cliente 1;64599.9;0;0;0;64599.9;"credito: $64.599,9";COMPLETED
V-2026-5361;"4/9/2026, 3:10:53 p. m.";Cajero;Cliente 1;148298.3;0;0;0;148298.3;"credito: $148.298,3";COMPLETED
V-2026-5360;"4/9/2026, 3:10:53 p. m.";Cajero;Cliente 1;63629.12;0;0;0;63629.12;"credito: $63.629,12";COMPLETED
V-2026-5359;"4/9/2026, 3:10:53 p. m.";Cajero;Cliente 1;59809.94;0;0;0;59809.94;"credito: $59.809,94";COMPLETED
V-2026-5358;"4/9/2026, 3:10:53 p. m.";Cajero;Cliente 1;55330.84;0;0;0;55330.84;"credito: $55.330,84";COMPLETED
V-2026-5357;"4/9/2026, 3:10:53 p. m.";Cajero;Cliente 1;155599.38;0;0;0;155599.38;"credito: $155.599,38";COMPLETED
V-2026-5356;"4/9/2026, 3:10:53 p. m.";Cajero;Cliente 1;60113.08;0;0;0;60113.08;"credito: $60.113,08";COMPLETED
V-2026-5355;"4/9/2026, 3:10:53 p. m.";Cajero;Cliente 1;57377.24;0;0;0;57377.24;"credito: $57.377,24";COMPLETED
V-2026-5354;"4/9/2026, 3:10:53 p. m.";Cajero;Cliente 1;47708.88;0;0;0;47708.88;"credito: $47.708,88";COMPLETED
V-2026-5353;"4/9/2026, 3:10:53 p. m.";Cajero;Cliente 1;88553.4;0;0;0;88553.4;"credito: $88.553,4";COMPLETED
V-2026-5352;"4/9/2026, 3:10:53 p. m.";Cajero;Cliente 1;95055.46;0;0;0;95055.46;"credito: $95.055,46";COMPLETED
V-2026-5351;"4/9/2026, 3:10:53 p. m.";Cajero;Cliente 1;87797.54;0;0;0;87797.54;"credito: $87.797,54";COMPLETED
V-2026-5350;"4/9/2026, 3:10:53 p. m.";Cajero;Cliente 1;17756.48;0;0;0;17756.48;"credito: $17.756,48";COMPLETED
V-2026-5349;"4/9/2026, 3:10:52 p. m.";Cajero;Cliente 1;22211.42;0;0;0;22211.42;"credito: $22.211,42";COMPLETED
V-2026-5348;"4/9/2026, 3:10:52 p. m.";Cajero;Cliente 1;29832.72;0;0;0;29832.72;"credito: $29.832,72";COMPLETED
V-2026-5347;"4/9/2026, 3:10:52 p. m.";Cajero;Cliente 1;120307.28;0;0;0;120307.28;"credito: $120.307,28";COMPLETED
V-2026-5346;"4/9/2026, 3:10:52 p. m.";Cajero;Cliente 1;40577.98;0;0;0;40577.98;"credito: $40.577,98";COMPLETED
V-2026-5345;"4/9/2026, 3:10:52 p. m.";Cajero;Cliente 1;173168.68;0;0;0;173168.68;"credito: $173.168,68";COMPLETED
V-2026-5344;"4/9/2026, 3:10:52 p. m.";Cajero;Cliente 1;90717.48;0;0;0;90717.48;"credito: $90.717,48";COMPLETED
V-2026-5343;"4/9/2026, 3:10:52 p. m.";Cajero;Cliente 1;181831.8;0;0;0;181831.8;"credito: $181.831,8";COMPLETED
V-2026-5342;"4/9/2026, 3:10:52 p. m.";Cajero;Cliente 1;36809.04;0;0;0;36809.04;"credito: $36.809,04";COMPLETED
V-2026-5341;"4/9/2026, 3:10:52 p. m.";Cajero;Cliente 1;87880.6;0;0;0;87880.6;"credito: $87.880,6";COMPLETED
V-2026-5340;"4/9/2026, 3:10:52 p. m.";Cajero;Cliente 1;14077.28;0;0;0;14077.28;"credito: $14.077,28";COMPLETED
V-2026-5339;"4/9/2026, 3:10:52 p. m.";Cajero;Cliente 1;77461.7;0;0;0;77461.7;"credito: $77.461,7";COMPLETED
V-2026-5338;"4/9/2026, 3:10:52 p. m.";Cajero;Cliente 1;78557.32;0;0;0;78557.32;"credito: $78.557,32";COMPLETED
V-2026-5337;"4/9/2026, 3:10:52 p. m.";Cajero;Cliente 1;18614.56;0;0;0;18614.56;"credito: $18.614,56";COMPLETED
V-2026-5336;"4/9/2026, 3:10:52 p. m.";Cajero;Cliente 1;69177.12;0;0;0;69177.12;"credito: $69.177,12";COMPLETED
V-2026-5335;"4/9/2026, 3:10:52 p. m.";Cajero;Cliente 1;9187.1;0;0;0;9187.1;"credito: $9.187,1";COMPLETED
V-2026-5334;"4/9/2026, 3:10:52 p. m.";Cajero;Cliente 1;24383.16;0;0;0;24383.16;"credito: $24.383,16";COMPLETED
V-2026-5333;"4/9/2026, 3:10:52 p. m.";Cajero;Cliente 1;12054.44;0;0;0;12054.44;"credito: $12.054,44";COMPLETED
V-2026-5332;"4/9/2026, 3:10:52 p. m.";Cajero;Cliente 1;58182.82;0;0;0;58182.82;"credito: $58.182,82";COMPLETED
V-2026-5331;"4/9/2026, 3:10:52 p. m.";Cajero;Cliente 1;9461.18;0;0;0;9461.18;"credito: $9.461,18";COMPLETED
V-2026-5330;"4/9/2026, 3:10:52 p. m.";Cajero;Cliente 1;58987.3;0;0;0;58987.3;"credito: $58.987,3";COMPLETED
V-2026-5329;"4/9/2026, 3:10:51 p. m.";Cajero;Cliente 1;74244.94;0;0;0;74244.94;"credito: $74.244,94";COMPLETED
V-2026-5328;"4/9/2026, 3:10:51 p. m.";Cajero;Cliente 1;95055.46;0;0;0;95055.46;"credito: $95.055,46";COMPLETED
V-2026-5327;"4/9/2026, 3:10:51 p. m.";Cajero;Cliente 1;31817.74;0;0;0;31817.74;"credito: $31.817,74";COMPLETED
V-2026-5326;"4/9/2026, 3:10:51 p. m.";Cajero;Cliente 1;12893.48;0;0;0;12893.48;"credito: $12.893,48";COMPLETED
V-2026-5325;"4/9/2026, 3:10:51 p. m.";Cajero;Cliente 1;90027.7;0;0;0;90027.7;"credito: $90.027,7";COMPLETED
V-2026-5324;"4/9/2026, 3:10:51 p. m.";Cajero;Cliente 1;14772.62;0;0;0;14772.62;"credito: $14.772,62";COMPLETED
V-2026-5323;"4/9/2026, 3:10:51 p. m.";Cajero;Cliente 1;24680.12;0;0;0;24680.12;"credito: $24.680,12";COMPLETED
V-2026-5322;"4/9/2026, 3:10:51 p. m.";Cajero;Cliente 1;35994.18;0;0;0;35994.18;"credito: $35.994,18";COMPLETED
V-2026-5321;"4/9/2026, 3:10:51 p. m.";Cajero;Cliente 1;73372.92;0;0;0;73372.92;"credito: $73.372,92";COMPLETED
V-2026-5320;"4/9/2026, 3:10:51 p. m.";Cajero;Cliente 1;60932.14;0;0;0;60932.14;"credito: $60.932,14";COMPLETED
V-2026-5319;"4/9/2026, 3:10:51 p. m.";Cajero;Cliente 1;100612.28;0;0;0;100612.28;"credito: $100.612,28";COMPLETED
V-2026-5318;"4/9/2026, 3:10:51 p. m.";Cajero;Cliente 1;88124.04;0;0;0;88124.04;"credito: $88.124,04";COMPLETED
V-2026-5317;"4/9/2026, 3:10:51 p. m.";Cajero;Cliente 1;33232;0;0;0;33232;credito: $33.232;COMPLETED
V-2026-5316;"4/9/2026, 3:10:51 p. m.";Cajero;Cliente 1;181831.8;0;0;0;181831.8;"credito: $181.831,8";COMPLETED
V-2026-5315;"4/9/2026, 3:10:51 p. m.";Cajero;Cliente 1;90362.6;0;0;0;90362.6;"credito: $90.362,6";COMPLETED
V-2026-5314;"4/9/2026, 3:10:51 p. m.";Cajero;Cliente 1;4072.38;0;0;0;4072.38;"credito: $4.072,38";COMPLETED
V-2026-5313;"4/9/2026, 3:10:51 p. m.";Cajero;Cliente 1;139184.6;0;0;0;139184.6;"credito: $139.184,6";COMPLETED
V-2026-5312;"4/9/2026, 3:10:51 p. m.";Cajero;Cliente 1;127564.72;0;0;0;127564.72;"credito: $127.564,72";COMPLETED
V-2026-5311;"4/9/2026, 3:10:51 p. m.";Cajero;Cliente 1;17172.74;0;0;0;17172.74;"credito: $17.172,74";COMPLETED
V-2026-5310;"4/9/2026, 3:10:51 p. m.";Cajero;Cliente 1;26052.76;0;0;0;26052.76;"credito: $26.052,76";COMPLETED
V-2026-5309;"4/9/2026, 3:10:51 p. m.";Cajero;Cliente 1;76817.68;0;0;0;76817.68;"credito: $76.817,68";COMPLETED
V-2026-5308;"4/9/2026, 3:10:50 p. m.";Cajero;Cliente 1;97215.92;0;0;0;97215.92;"credito: $97.215,92";COMPLETED
V-2026-5307;"4/9/2026, 3:10:50 p. m.";Cajero;Cliente 1;35817.34;0;0;0;35817.34;"credito: $35.817,34";COMPLETED
V-2026-5306;"4/9/2026, 3:10:50 p. m.";Cajero;Cliente 1;112059.16;0;0;0;112059.16;"credito: $112.059,16";COMPLETED
V-2026-5305;"4/9/2026, 3:10:50 p. m.";Cajero;Cliente 1;123196.16;0;0;0;123196.16;"credito: $123.196,16";COMPLETED
V-2026-5304;"4/9/2026, 3:10:50 p. m.";Cajero;Cliente 1;55427.7;0;0;0;55427.7;"credito: $55.427,7";COMPLETED
V-2026-5303;"4/9/2026, 3:10:50 p. m.";Cajero;Cliente 1;187408.06;0;0;0;187408.06;"credito: $187.408,06";COMPLETED
V-2026-5302;"4/9/2026, 3:10:50 p. m.";Cajero;Cliente 1;176719.7;0;0;0;176719.7;"credito: $176.719,7";COMPLETED
V-2026-5301;"4/9/2026, 3:10:50 p. m.";Cajero;Cliente 1;19297.88;0;0;0;19297.88;"credito: $19.297,88";COMPLETED
V-2026-5300;"4/9/2026, 3:10:50 p. m.";Cajero;Cliente 1;77534.88;0;0;0;77534.88;"credito: $77.534,88";COMPLETED
V-2026-5299;"4/9/2026, 3:10:50 p. m.";Cajero;Cliente 1;95476.32;0;0;0;95476.32;"credito: $95.476,32";COMPLETED
V-2026-5298;"4/9/2026, 3:10:50 p. m.";Cajero;Cliente 1;30857.22;0;0;0;30857.22;"credito: $30.857,22";COMPLETED
V-2026-5297;"4/9/2026, 3:10:50 p. m.";Cajero;Cliente 1;27717.38;0;0;0;27717.38;"credito: $27.717,38";COMPLETED
V-2026-5296;"4/9/2026, 3:10:50 p. m.";Cajero;Cliente 1;14798.4;0;0;0;14798.4;"credito: $14.798,4";COMPLETED
V-2026-5295;"4/9/2026, 3:10:50 p. m.";Cajero;Cliente 1;98337.84;0;0;0;98337.84;"credito: $98.337,84";COMPLETED
V-2026-5294;"4/9/2026, 3:10:50 p. m.";Cajero;Cliente 1;18304.32;0;0;0;18304.32;"credito: $18.304,32";COMPLETED
V-2026-5293;"4/9/2026, 3:10:50 p. m.";Cajero;Cliente 1;7047.34;0;0;0;7047.34;"credito: $7.047,34";COMPLETED
V-2026-5292;"4/9/2026, 3:10:50 p. m.";Cajero;Cliente 1;140647.5;0;0;0;140647.5;"credito: $140.647,5";COMPLETED
V-2026-5291;"4/9/2026, 3:10:50 p. m.";Cajero;Cliente 1;72016.02;0;0;0;72016.02;"credito: $72.016,02";COMPLETED
V-2026-5290;"4/9/2026, 3:10:50 p. m.";Cajero;Cliente 1;94967.32;0;0;0;94967.32;"credito: $94.967,32";COMPLETED
V-2026-5289;"4/9/2026, 3:10:50 p. m.";Cajero;Cliente 1;10233.18;0;0;0;10233.18;"credito: $10.233,18";COMPLETED
V-2026-5288;"4/9/2026, 3:10:50 p. m.";Cajero;Cliente 1;63961.86;0;0;0;63961.86;"credito: $63.961,86";COMPLETED
V-2026-5287;"4/9/2026, 3:10:49 p. m.";Cajero;Cliente 1;79188.98;0;0;0;79188.98;"credito: $79.188,98";COMPLETED
V-2026-5286;"4/9/2026, 3:10:49 p. m.";Cajero;Cliente 1;151821.5;0;0;0;151821.5;"credito: $151.821,5";COMPLETED
V-2026-5285;"4/9/2026, 3:10:49 p. m.";Cajero;Cliente 1;94882.46;0;0;0;94882.46;"credito: $94.882,46";COMPLETED
V-2026-5284;"4/9/2026, 3:10:49 p. m.";Cajero;Cliente 1;43712.78;0;0;0;43712.78;"credito: $43.712,78";COMPLETED
V-2026-5283;"4/9/2026, 3:10:49 p. m.";Cajero;Cliente 1;41708.2;0;0;0;41708.2;"credito: $41.708,2";COMPLETED
V-2026-5282;"4/9/2026, 3:10:49 p. m.";Cajero;Cliente 1;6679.74;0;0;0;6679.74;"credito: $6.679,74";COMPLETED
V-2026-5281;"4/9/2026, 3:10:49 p. m.";Cajero;Cliente 1;39345.86;0;0;0;39345.86;"credito: $39.345,86";COMPLETED
V-2026-5280;"4/9/2026, 3:10:49 p. m.";Cajero;Cliente 1;9852.14;0;0;0;9852.14;"credito: $9.852,14";COMPLETED
V-2026-5279;"4/9/2026, 3:10:49 p. m.";Cajero;Cliente 1;20144;0;0;0;20144;credito: $20.144;COMPLETED
V-2026-5278;"4/9/2026, 3:10:49 p. m.";Cajero;Cliente 1;81952.88;0;0;0;81952.88;"credito: $81.952,88";COMPLETED
V-2026-5277;"4/9/2026, 3:10:49 p. m.";Cajero;Cliente 1;150436.28;0;0;0;150436.28;"credito: $150.436,28";COMPLETED
V-2026-5276;"4/9/2026, 3:10:49 p. m.";Cajero;Cliente 1;64813.54;0;0;0;64813.54;"credito: $64.813,54";COMPLETED
V-2026-5275;"4/9/2026, 3:10:49 p. m.";Cajero;Cliente 1;122659.36;0;0;0;122659.36;"credito: $122.659,36";COMPLETED
V-2026-5274;"4/9/2026, 3:10:49 p. m.";Cajero;Cliente 1;54386.3;0;0;0;54386.3;"credito: $54.386,3";COMPLETED
V-2026-5273;"4/9/2026, 3:10:49 p. m.";Cajero;Cliente 1;159799.66;0;0;0;159799.66;"credito: $159.799,66";COMPLETED
V-2026-5272;"4/9/2026, 3:10:49 p. m.";Cajero;Cliente 1;196294.48;0;0;0;196294.48;"credito: $196.294,48";COMPLETED
V-2026-5271;"4/9/2026, 3:10:49 p. m.";Cajero;Cliente 1;28638.36;0;0;0;28638.36;"credito: $28.638,36";COMPLETED
V-2026-5270;"4/9/2026, 3:10:49 p. m.";Cajero;Cliente 1;88142.5;0;0;0;88142.5;"credito: $88.142,5";COMPLETED
V-2026-5269;"4/9/2026, 3:10:49 p. m.";Cajero;Cliente 1;51460.96;0;0;0;51460.96;"credito: $51.460,96";COMPLETED
V-2026-5268;"4/9/2026, 3:10:49 p. m.";Cajero;Cliente 1;88212.22;0;0;0;88212.22;"credito: $88.212,22";COMPLETED
V-2026-5267;"4/9/2026, 3:10:49 p. m.";Cajero;Cliente 1;57144.1;0;0;0;57144.1;"credito: $57.144,1";COMPLETED
V-2026-5266;"4/9/2026, 3:10:48 p. m.";Cajero;Cliente 1;69374.84;0;0;0;69374.84;"credito: $69.374,84";COMPLETED
V-2026-5265;"4/9/2026, 3:10:48 p. m.";Cajero;Cliente 1;65210.32;0;0;0;65210.32;"credito: $65.210,32";COMPLETED
V-2026-5264;"4/9/2026, 3:10:48 p. m.";Cajero;Cliente 1;61052.96;0;0;0;61052.96;"credito: $61.052,96";COMPLETED
V-2026-5263;"4/9/2026, 3:10:48 p. m.";Cajero;Cliente 1;52984.86;0;0;0;52984.86;"credito: $52.984,86";COMPLETED
V-2026-5262;"4/9/2026, 3:10:48 p. m.";Cajero;Cliente 1;1740.06;0;0;0;1740.06;"credito: $1.740,06";COMPLETED
V-2026-5261;"4/9/2026, 3:10:48 p. m.";Cajero;Cliente 1;176704.32;0;0;0;176704.32;"credito: $176.704,32";COMPLETED
V-2026-5260;"4/9/2026, 3:10:48 p. m.";Cajero;Cliente 1;165679.06;0;0;0;165679.06;"credito: $165.679,06";COMPLETED
V-2026-5259;"4/9/2026, 3:10:48 p. m.";Cajero;Cliente 1;88102.72;0;0;0;88102.72;"credito: $88.102,72";COMPLETED
V-2026-5258;"4/9/2026, 3:10:48 p. m.";Cajero;Cliente 1;6138.86;0;0;0;6138.86;"credito: $6.138,86";COMPLETED
V-2026-5257;"4/9/2026, 3:10:48 p. m.";Cajero;Cliente 1;191747;0;0;0;191747;credito: $191.747;COMPLETED
V-2026-5256;"4/9/2026, 3:10:48 p. m.";Cajero;Cliente 1;40729.14;0;0;0;40729.14;"credito: $40.729,14";COMPLETED
V-2026-5255;"4/9/2026, 3:10:48 p. m.";Cajero;Cliente 1;22630.2;0;0;0;22630.2;"credito: $22.630,2";COMPLETED
V-2026-5254;"4/9/2026, 3:10:48 p. m.";Cajero;Cliente 1;77604.08;0;0;0;77604.08;"credito: $77.604,08";COMPLETED
V-2026-5253;"4/9/2026, 3:10:48 p. m.";Cajero;Cliente 1;40484.3;0;0;0;40484.3;"credito: $40.484,3";COMPLETED
V-2026-5252;"4/9/2026, 3:10:48 p. m.";Cajero;Cliente 1;102336.74;0;0;0;102336.74;"credito: $102.336,74";COMPLETED
V-2026-5251;"4/9/2026, 3:10:48 p. m.";Cajero;Cliente 1;8050.66;0;0;0;8050.66;"credito: $8.050,66";COMPLETED
V-2026-5250;"4/9/2026, 3:10:48 p. m.";Cajero;Cliente 1;11409.24;0;0;0;11409.24;"credito: $11.409,24";COMPLETED
V-2026-5249;"4/9/2026, 3:10:48 p. m.";Cajero;Cliente 1;80723.36;0;0;0;80723.36;"credito: $80.723,36";COMPLETED
V-2026-5248;"4/9/2026, 3:10:48 p. m.";Cajero;Cliente 1;55747.28;0;0;0;55747.28;"credito: $55.747,28";COMPLETED
V-2026-5247;"4/9/2026, 3:10:48 p. m.";Cajero;Cliente 1;28454.4;0;0;0;28454.4;"credito: $28.454,4";COMPLETED
V-2026-5246;"4/9/2026, 3:10:48 p. m.";Cajero;Cliente 1;29015.44;0;0;0;29015.44;"credito: $29.015,44";COMPLETED
V-2026-5245;"4/9/2026, 3:10:47 p. m.";Cajero;Cliente 1;169341.18;0;0;0;169341.18;"credito: $169.341,18";COMPLETED
V-2026-5244;"4/9/2026, 3:10:47 p. m.";Cajero;Cliente 1;41485.06;0;0;0;41485.06;"credito: $41.485,06";COMPLETED
V-2026-5243;"4/9/2026, 3:10:47 p. m.";Cajero;Cliente 1;13912.32;0;0;0;13912.32;"credito: $13.912,32";COMPLETED
V-2026-5242;"4/9/2026, 3:10:47 p. m.";Cajero;Cliente 1;26182.04;0;0;0;26182.04;"credito: $26.182,04";COMPLETED
V-2026-5241;"4/9/2026, 3:10:47 p. m.";Cajero;Cliente 1;47163.86;0;0;0;47163.86;"credito: $47.163,86";COMPLETED
V-2026-5240;"4/9/2026, 3:10:47 p. m.";Cajero;Cliente 1;194198.3;0;0;0;194198.3;"credito: $194.198,3";COMPLETED
V-2026-5239;"4/9/2026, 3:10:47 p. m.";Cajero;Cliente 1;73880.48;0;0;0;73880.48;"credito: $73.880,48";COMPLETED
V-2026-5238;"4/9/2026, 3:10:47 p. m.";Cajero;Cliente 1;18859.14;0;0;0;18859.14;"credito: $18.859,14";COMPLETED
V-2026-5237;"4/9/2026, 3:10:47 p. m.";Cajero;Cliente 1;53117.6;0;0;0;53117.6;"credito: $53.117,6";COMPLETED
V-2026-5236;"4/9/2026, 3:10:47 p. m.";Cajero;Cliente 1;40689.04;0;0;0;40689.04;"credito: $40.689,04";COMPLETED
V-2026-5235;"4/9/2026, 3:10:47 p. m.";Cajero;Cliente 1;84755.62;0;0;0;84755.62;"credito: $84.755,62";COMPLETED
V-2026-5234;"4/9/2026, 3:10:47 p. m.";Cajero;Cliente 1;41319.08;0;0;0;41319.08;"credito: $41.319,08";COMPLETED
V-2026-5233;"4/9/2026, 3:10:47 p. m.";Cajero;Cliente 1;48903.98;0;0;0;48903.98;"credito: $48.903,98";COMPLETED
V-2026-5232;"4/9/2026, 3:10:47 p. m.";Cajero;Cliente 1;84590.24;0;0;0;84590.24;"credito: $84.590,24";COMPLETED
V-2026-5231;"4/9/2026, 3:10:47 p. m.";Cajero;Cliente 1;84268.86;0;0;0;84268.86;"credito: $84.268,86";COMPLETED
V-2026-5230;"4/9/2026, 3:10:47 p. m.";Cajero;Cliente 1;87907;0;0;0;87907;credito: $87.907;COMPLETED
V-2026-5229;"4/9/2026, 3:10:47 p. m.";Cajero;Cliente 1;99146.78;0;0;0;99146.78;"credito: $99.146,78";COMPLETED
V-2026-5228;"4/9/2026, 3:10:47 p. m.";Cajero;Cliente 1;26186.14;0;0;0;26186.14;"credito: $26.186,14";COMPLETED
V-2026-5227;"4/9/2026, 3:10:47 p. m.";Cajero;Cliente 1;187002.88;0;0;0;187002.88;"credito: $187.002,88";COMPLETED
V-2026-5226;"4/9/2026, 3:10:47 p. m.";Cajero;Cliente 1;149200.9;0;0;0;149200.9;"credito: $149.200,9";COMPLETED
V-2026-5225;"4/9/2026, 3:10:47 p. m.";Cajero;Cliente 1;69222.74;0;0;0;69222.74;"credito: $69.222,74";COMPLETED
V-2026-5224;"4/9/2026, 3:10:47 p. m.";Cajero;Cliente 1;83366.54;0;0;0;83366.54;"credito: $83.366,54";COMPLETED
V-2026-5223;"4/9/2026, 3:10:46 p. m.";Cajero;Cliente 1;7929.7;0;0;0;7929.7;"credito: $7.929,7";COMPLETED
V-2026-5222;"4/9/2026, 3:10:46 p. m.";Cajero;Cliente 1;36670.24;0;0;0;36670.24;"credito: $36.670,24";COMPLETED
V-2026-5221;"4/9/2026, 3:10:46 p. m.";Cajero;Cliente 1;25910.22;0;0;0;25910.22;"credito: $25.910,22";COMPLETED
V-2026-5220;"4/9/2026, 3:10:46 p. m.";Cajero;Cliente 1;74795.44;0;0;0;74795.44;"credito: $74.795,44";COMPLETED
V-2026-5219;"4/9/2026, 3:10:46 p. m.";Cajero;Cliente 1;67623.54;0;0;0;67623.54;"credito: $67.623,54";COMPLETED
V-2026-5218;"4/9/2026, 3:10:46 p. m.";Cajero;Cliente 1;45202.04;0;0;0;45202.04;"credito: $45.202,04";COMPLETED
V-2026-5217;"4/9/2026, 3:10:46 p. m.";Cajero;Cliente 1;90839.78;0;0;0;90839.78;"credito: $90.839,78";COMPLETED
V-2026-5216;"4/9/2026, 3:10:46 p. m.";Cajero;Cliente 1;48035.5;0;0;0;48035.5;"credito: $48.035,5";COMPLETED
V-2026-5215;"4/9/2026, 3:10:46 p. m.";Cajero;Cliente 1;198942.72;0;0;0;198942.72;"credito: $198.942,72";COMPLETED
V-2026-5214;"4/9/2026, 3:10:46 p. m.";Cajero;Cliente 1;87566.96;0;0;0;87566.96;"credito: $87.566,96";COMPLETED
V-2026-5213;"4/9/2026, 3:10:46 p. m.";Cajero;Cliente 1;34309;0;0;0;34309;credito: $34.309;COMPLETED
V-2026-5212;"4/9/2026, 3:10:46 p. m.";Cajero;Cliente 1;62630.64;0;0;0;62630.64;"credito: $62.630,64";COMPLETED
V-2026-5211;"4/9/2026, 3:10:46 p. m.";Cajero;Cliente 1;25802.94;0;0;0;25802.94;"credito: $25.802,94";COMPLETED
V-2026-5210;"4/9/2026, 3:10:46 p. m.";Cajero;Cliente 1;9750.14;0;0;0;9750.14;"credito: $9.750,14";COMPLETED
V-2026-5209;"4/9/2026, 3:10:46 p. m.";Cajero;Cliente 1;66767.28;0;0;0;66767.28;"credito: $66.767,28";COMPLETED
V-2026-5208;"4/9/2026, 3:10:46 p. m.";Cajero;Cliente 1;103902.54;0;0;0;103902.54;"credito: $103.902,54";COMPLETED
V-2026-5207;"4/9/2026, 3:10:46 p. m.";Cajero;Cliente 1;11513.08;0;0;0;11513.08;"credito: $11.513,08";COMPLETED
V-2026-5206;"4/9/2026, 3:10:46 p. m.";Cajero;Cliente 1;138401.22;0;0;0;138401.22;"credito: $138.401,22";COMPLETED
V-2026-5205;"4/9/2026, 3:10:46 p. m.";Cajero;Cliente 1;9280.76;0;0;0;9280.76;"credito: $9.280,76";COMPLETED
V-2026-5204;"4/9/2026, 3:10:46 p. m.";Cajero;Cliente 1;41772.58;0;0;0;41772.58;"credito: $41.772,58";COMPLETED
V-2026-5203;"4/9/2026, 3:10:46 p. m.";Cajero;Cliente 1;67120.3;0;0;0;67120.3;"credito: $67.120,3";COMPLETED
V-2026-5202;"4/9/2026, 3:10:45 p. m.";Cajero;Cliente 1;18613.04;0;0;0;18613.04;"credito: $18.613,04";COMPLETED
V-2026-5201;"4/9/2026, 3:10:45 p. m.";Cajero;Cliente 1;95708.04;0;0;0;95708.04;"credito: $95.708,04";COMPLETED
V-2026-4500;"4/9/2026, 3:07:02 p. m.";Cajero;Cliente 1;7015.42;0;0;0;7015.42;"credito: $7.015,42";COMPLETED
V-2026-4499;"4/9/2026, 3:07:02 p. m.";Cajero;Cliente 1;45563.43;0;0;0;45563.43;"credito: $45.563,43";COMPLETED
V-2026-4498;"4/9/2026, 3:07:02 p. m.";Cajero;Cliente 1;10882.56;0;0;0;10882.56;"credito: $10.882,56";COMPLETED
V-2026-4497;"4/9/2026, 3:07:02 p. m.";Cajero;Cliente 1;143764.74;0;0;0;143764.74;"credito: $143.764,74";COMPLETED
V-2026-4496;"4/9/2026, 3:07:02 p. m.";Cajero;Cliente 1;7505.32;0;0;0;7505.32;"credito: $7.505,32";COMPLETED
V-2026-4495;"4/9/2026, 3:07:02 p. m.";Cajero;Cliente 1;22243.28;0;0;0;22243.28;"credito: $22.243,28";COMPLETED
V-2026-4494;"4/9/2026, 3:07:02 p. m.";Cajero;Cliente 1;76308.42;0;0;0;76308.42;"credito: $76.308,42";COMPLETED
V-2026-4493;"4/9/2026, 3:07:02 p. m.";Cajero;Cliente 1;18676.84;0;0;0;18676.84;"credito: $18.676,84";COMPLETED
V-2026-4492;"4/9/2026, 3:07:02 p. m.";Cajero;Cliente 1;24686.24;0;0;0;24686.24;"credito: $24.686,24";COMPLETED
V-2026-4491;"4/9/2026, 3:07:02 p. m.";Cajero;Cliente 1;99588.76;0;0;0;99588.76;"credito: $99.588,76";COMPLETED
V-2026-4490;"4/9/2026, 3:07:02 p. m.";Cajero;Cliente 1;94076.26;0;0;0;94076.26;"credito: $94.076,26";COMPLETED
V-2026-4489;"4/9/2026, 3:07:02 p. m.";Cajero;Cliente 1;81496.57;0;0;0;81496.57;"credito: $81.496,57";COMPLETED
V-2026-4488;"4/9/2026, 3:07:02 p. m.";Cajero;Cliente 1;44035.8;0;0;0;44035.8;"credito: $44.035,8";COMPLETED
V-2026-4487;"4/9/2026, 3:07:02 p. m.";Cajero;Cliente 1;39873.38;0;0;0;39873.38;"credito: $39.873,38";COMPLETED
V-2026-4486;"4/9/2026, 3:07:02 p. m.";Cajero;Cliente 1;99488.6;0;0;0;99488.6;"credito: $99.488,6";COMPLETED
V-2026-4485;"4/9/2026, 3:07:02 p. m.";Cajero;Cliente 1;47985.78;0;0;0;47985.78;"credito: $47.985,78";COMPLETED
V-2026-4484;"4/9/2026, 3:07:02 p. m.";Cajero;Cliente 1;49536.92;0;0;0;49536.92;"credito: $49.536,92";COMPLETED
V-2026-4483;"4/9/2026, 3:07:02 p. m.";Cajero;Cliente 1;34563.69;0;0;0;34563.69;"credito: $34.563,69";COMPLETED
V-2026-4482;"4/9/2026, 3:07:02 p. m.";Cajero;Cliente 1;40735.78;0;0;0;40735.78;"credito: $40.735,78";COMPLETED
V-2026-4481;"4/9/2026, 3:07:02 p. m.";Cajero;Cliente 1;38858.84;0;0;0;38858.84;"credito: $38.858,84";COMPLETED
V-2026-4480;"4/9/2026, 3:07:02 p. m.";Cajero;Cliente 1;33211.2;0;0;0;33211.2;"credito: $33.211,2";COMPLETED
V-2026-4479;"4/9/2026, 3:07:02 p. m.";Cajero;Cliente 1;27615.22;0;0;0;27615.22;"credito: $27.615,22";COMPLETED
V-2026-4478;"4/9/2026, 3:07:02 p. m.";Cajero;Cliente 1;1527.51;0;0;0;1527.51;"credito: $1.527,51";COMPLETED
V-2026-4477;"4/9/2026, 3:07:02 p. m.";Cajero;Cliente 1;30735.59;0;0;0;30735.59;"credito: $30.735,59";COMPLETED
V-2026-4476;"4/9/2026, 3:07:02 p. m.";Cajero;Cliente 1;35154.7;0;0;0;35154.7;"credito: $35.154,7";COMPLETED
V-2026-4475;"4/9/2026, 3:07:02 p. m.";Cajero;Cliente 1;62505.5;0;0;0;62505.5;"credito: $62.505,5";COMPLETED
V-2026-4474;"4/9/2026, 3:07:02 p. m.";Cajero;Cliente 1;44446.51;0;0;0;44446.51;"credito: $44.446,51";COMPLETED
V-2026-4473;"4/9/2026, 3:07:02 p. m.";Cajero;Cliente 1;41316.24;0;0;0;41316.24;"credito: $41.316,24";COMPLETED
V-2026-4472;"4/9/2026, 3:07:02 p. m.";Cajero;Cliente 1;8720.02;0;0;0;8720.02;"credito: $8.720,02";COMPLETED
V-2026-4471;"4/9/2026, 3:07:02 p. m.";Cajero;Cliente 1;32314.68;0;0;0;32314.68;"credito: $32.314,68";COMPLETED
V-2026-4470;"4/9/2026, 3:07:02 p. m.";Cajero;Cliente 1;90701.12;0;0;0;90701.12;"credito: $90.701,12";COMPLETED
V-2026-4469;"4/9/2026, 3:07:02 p. m.";Cajero;Cliente 1;46465.7;0;0;0;46465.7;"credito: $46.465,7";COMPLETED
V-2026-4468;"4/9/2026, 3:07:02 p. m.";Cajero;Cliente 1;24684;0;0;0;24684;credito: $24.684;COMPLETED
V-2026-4467;"4/9/2026, 3:07:02 p. m.";Cajero;Cliente 1;35687.41;0;0;0;35687.41;"credito: $35.687,41";COMPLETED
V-2026-4466;"4/9/2026, 3:07:02 p. m.";Cajero;Cliente 1;29865.21;0;0;0;29865.21;"credito: $29.865,21";COMPLETED
V-2026-4465;"4/9/2026, 3:07:02 p. m.";Cajero;Cliente 1;35051.24;0;0;0;35051.24;"credito: $35.051,24";COMPLETED
V-2026-4464;"4/9/2026, 3:07:02 p. m.";Cajero;Cliente 1;19418.5;0;0;0;19418.5;"credito: $19.418,5";COMPLETED
V-2026-4463;"4/9/2026, 3:07:02 p. m.";Cajero;Cliente 1;52784.8;0;0;0;52784.8;"credito: $52.784,8";COMPLETED
V-2026-4462;"4/9/2026, 3:07:02 p. m.";Cajero;Cliente 1;19778.47;0;0;0;19778.47;"credito: $19.778,47";COMPLETED
V-2026-4461;"4/9/2026, 3:07:02 p. m.";Cajero;Cliente 1;48761.12;0;0;0;48761.12;"credito: $48.761,12";COMPLETED
V-2026-4460;"4/9/2026, 3:07:02 p. m.";Cajero;Cliente 1;41318.35;0;0;0;41318.35;"credito: $41.318,35";COMPLETED
V-2026-4459;"4/9/2026, 3:07:02 p. m.";Cajero;Cliente 1;113407.7;0;0;0;113407.7;"credito: $113.407,7";COMPLETED
V-2026-4458;"4/9/2026, 3:07:02 p. m.";Cajero;Cliente 1;17835.07;0;0;0;17835.07;"credito: $17.835,07";COMPLETED
V-2026-4457;"4/9/2026, 3:07:02 p. m.";Cajero;Cliente 1;52984.86;0;0;0;52984.86;"credito: $52.984,86";COMPLETED
V-2026-4456;"4/9/2026, 3:07:02 p. m.";Cajero;Cliente 1;34924.96;0;0;0;34924.96;"credito: $34.924,96";COMPLETED
V-2026-4455;"4/9/2026, 3:07:02 p. m.";Cajero;Cliente 1;25708.89;0;0;0;25708.89;"credito: $25.708,89";COMPLETED
V-2026-4454;"4/9/2026, 3:07:02 p. m.";Cajero;Cliente 1;87522.62;0;0;0;87522.62;"credito: $87.522,62";COMPLETED
V-2026-4453;"4/9/2026, 3:07:02 p. m.";Cajero;Cliente 1;42146.38;0;0;0;42146.38;"credito: $42.146,38";COMPLETED
V-2026-4452;"4/9/2026, 3:07:02 p. m.";Cajero;Cliente 1;42097.16;0;0;0;42097.16;"credito: $42.097,16";COMPLETED
V-2026-4451;"4/9/2026, 3:07:02 p. m.";Cajero;Cliente 1;21975.82;0;0;0;21975.82;"credito: $21.975,82";COMPLETED
V-2026-4450;"4/9/2026, 3:07:02 p. m.";Cajero;Cliente 1;66592.58;0;0;0;66592.58;"credito: $66.592,58";COMPLETED
V-2026-4449;"4/9/2026, 3:07:02 p. m.";Cajero;Cliente 1;2583.32;0;0;0;2583.32;"credito: $2.583,32";COMPLETED
V-2026-4448;"4/9/2026, 3:07:02 p. m.";Cajero;Cliente 1;9325.31;0;0;0;9325.31;"credito: $9.325,31";COMPLETED
V-2026-4447;"4/9/2026, 3:07:02 p. m.";Cajero;Cliente 1;3485.72;0;0;0;3485.72;"credito: $3.485,72";COMPLETED
V-2026-4446;"4/9/2026, 3:07:02 p. m.";Cajero;Cliente 1;29796.32;0;0;0;29796.32;"credito: $29.796,32";COMPLETED
V-2026-4445;"4/9/2026, 3:07:02 p. m.";Cajero;Cliente 1;99133.22;0;0;0;99133.22;"credito: $99.133,22";COMPLETED
V-2026-4444;"4/9/2026, 3:07:02 p. m.";Cajero;Cliente 1;69592.3;0;0;0;69592.3;"credito: $69.592,3";COMPLETED
V-2026-4443;"4/9/2026, 3:07:02 p. m.";Cajero;Cliente 1;50349.66;0;0;0;50349.66;"credito: $50.349,66";COMPLETED
V-2026-4442;"4/9/2026, 3:07:02 p. m.";Cajero;Cliente 1;14073.17;0;0;0;14073.17;"credito: $14.073,17";COMPLETED
V-2026-4441;"4/9/2026, 3:07:02 p. m.";Cajero;Cliente 1;44808.96;0;0;0;44808.96;"credito: $44.808,96";COMPLETED
V-2026-4440;"4/9/2026, 3:07:02 p. m.";Cajero;Cliente 1;20917.78;0;0;0;20917.78;"credito: $20.917,78";COMPLETED
V-2026-4439;"4/9/2026, 3:07:02 p. m.";Cajero;Cliente 1;151819.38;0;0;0;151819.38;"credito: $151.819,38";COMPLETED
V-2026-4438;"4/9/2026, 3:07:02 p. m.";Cajero;Cliente 1;108171.46;0;0;0;108171.46;"credito: $108.171,46";COMPLETED
V-2026-4437;"4/9/2026, 3:07:02 p. m.";Cajero;Cliente 1;96684.95;0;0;0;96684.95;"credito: $96.684,95";COMPLETED
V-2026-4436;"4/9/2026, 3:07:02 p. m.";Cajero;Cliente 1;165995.8;0;0;0;165995.8;"credito: $165.995,8";COMPLETED
V-2026-4435;"4/9/2026, 3:07:02 p. m.";Cajero;Cliente 1;3307.43;0;0;0;3307.43;"credito: $3.307,43";COMPLETED
V-2026-4434;"4/9/2026, 3:07:02 p. m.";Cajero;Cliente 1;183208.5;0;0;0;183208.5;"credito: $183.208,5";COMPLETED
V-2026-4433;"4/9/2026, 3:07:02 p. m.";Cajero;Cliente 1;31698.87;0;0;0;31698.87;"credito: $31.698,87";COMPLETED
V-2026-4432;"4/9/2026, 3:07:02 p. m.";Cajero;Cliente 1;198942.72;0;0;0;198942.72;"credito: $198.942,72";COMPLETED
V-2026-4431;"4/9/2026, 3:07:02 p. m.";Cajero;Cliente 1;84640.62;0;0;0;84640.62;"credito: $84.640,62";COMPLETED
V-2026-4430;"4/9/2026, 3:07:02 p. m.";Cajero;Cliente 1;38280.94;0;0;0;38280.94;"credito: $38.280,94";COMPLETED
V-2026-4429;"4/9/2026, 3:07:02 p. m.";Cajero;Cliente 1;32373.11;0;0;0;32373.11;"credito: $32.373,11";COMPLETED
V-2026-4428;"4/9/2026, 3:07:02 p. m.";Cajero;Cliente 1;65424.92;0;0;0;65424.92;"credito: $65.424,92";COMPLETED
V-2026-4427;"4/9/2026, 3:07:02 p. m.";Cajero;Cliente 1;17075.74;0;0;0;17075.74;"credito: $17.075,74";COMPLETED
V-2026-4426;"4/9/2026, 3:07:02 p. m.";Cajero;Cliente 1;128196.82;0;0;0;128196.82;"credito: $128.196,82";COMPLETED
V-2026-4425;"4/9/2026, 3:07:02 p. m.";Cajero;Cliente 1;43643.16;0;0;0;43643.16;"credito: $43.643,16";COMPLETED
V-2026-4424;"4/9/2026, 3:07:02 p. m.";Cajero;Cliente 1;22304.16;0;0;0;22304.16;"credito: $22.304,16";COMPLETED
V-2026-4423;"4/9/2026, 3:07:02 p. m.";Cajero;Cliente 1;99008;0;0;0;99008;credito: $99.008;COMPLETED
V-2026-4422;"4/9/2026, 3:07:02 p. m.";Cajero;Cliente 1;22022.05;0;0;0;22022.05;"credito: $22.022,05";COMPLETED
V-2026-4421;"4/9/2026, 3:07:02 p. m.";Cajero;Cliente 1;22104.28;0;0;0;22104.28;"credito: $22.104,28";COMPLETED
V-2026-4420;"4/9/2026, 3:07:02 p. m.";Cajero;Cliente 1;28841.78;0;0;0;28841.78;"credito: $28.841,78";COMPLETED
V-2026-4419;"4/9/2026, 3:07:02 p. m.";Cajero;Cliente 1;79949.37;0;0;0;79949.37;"credito: $79.949,37";COMPLETED
V-2026-4418;"4/9/2026, 3:07:02 p. m.";Cajero;Cliente 1;69374.84;0;0;0;69374.84;"credito: $69.374,84";COMPLETED
V-2026-4417;"4/9/2026, 3:07:02 p. m.";Cajero;Cliente 1;27881.74;0;0;0;27881.74;"credito: $27.881,74";COMPLETED
V-2026-4416;"4/9/2026, 3:07:02 p. m.";Cajero;Cliente 1;156145.38;0;0;0;156145.38;"credito: $156.145,38";COMPLETED
V-2026-4415;"4/9/2026, 3:07:02 p. m.";Cajero;Cliente 1;45476.67;0;0;0;45476.67;"credito: $45.476,67";COMPLETED
V-2026-4414;"4/9/2026, 3:07:02 p. m.";Cajero;Cliente 1;24470.42;0;0;0;24470.42;"credito: $24.470,42";COMPLETED
V-2026-4413;"4/9/2026, 3:07:02 p. m.";Cajero;Cliente 1;28391.54;0;0;0;28391.54;"credito: $28.391,54";COMPLETED
V-2026-4412;"4/9/2026, 3:07:02 p. m.";Cajero;Cliente 1;88102.72;0;0;0;88102.72;"credito: $88.102,72";COMPLETED
V-2026-4411;"4/9/2026, 3:07:02 p. m.";Cajero;Cliente 1;16211.46;0;0;0;16211.46;"credito: $16.211,46";COMPLETED
V-2026-4410;"4/9/2026, 3:07:02 p. m.";Cajero;Cliente 1;7501.68;0;0;0;7501.68;"credito: $7.501,68";COMPLETED
V-2026-4409;"4/9/2026, 3:07:02 p. m.";Cajero;Cliente 1;61150.46;0;0;0;61150.46;"credito: $61.150,46";COMPLETED
V-2026-4408;"4/9/2026, 3:07:02 p. m.";Cajero;Cliente 1;41364.58;0;0;0;41364.58;"credito: $41.364,58";COMPLETED
V-2026-4407;"4/9/2026, 3:07:02 p. m.";Cajero;Cliente 1;15173.29;0;0;0;15173.29;"credito: $15.173,29";COMPLETED
V-2026-4406;"4/9/2026, 3:07:02 p. m.";Cajero;Cliente 1;98909.94;0;0;0;98909.94;"credito: $98.909,94";COMPLETED
V-2026-4405;"4/9/2026, 3:07:02 p. m.";Cajero;Cliente 1;80000.84;0;0;0;80000.84;"credito: $80.000,84";COMPLETED
V-2026-4404;"4/9/2026, 3:07:02 p. m.";Cajero;Cliente 1;124610.66;0;0;0;124610.66;"credito: $124.610,66";COMPLETED
V-2026-4403;"4/9/2026, 3:07:02 p. m.";Cajero;Cliente 1;21507.7;0;0;0;21507.7;"credito: $21.507,7";COMPLETED
V-2026-4402;"4/9/2026, 3:07:02 p. m.";Cajero;Cliente 1;38097.99;0;0;0;38097.99;"credito: $38.097,99";COMPLETED
V-2026-4401;"4/9/2026, 3:07:02 p. m.";Cajero;Cliente 1;112993.02;0;0;0;112993.02;"credito: $112.993,02";COMPLETED
V-2026-4400;"4/9/2026, 3:07:02 p. m.";Cajero;Cliente 1;50810.97;0;0;0;50810.97;"credito: $50.810,97";COMPLETED
V-2026-4399;"4/9/2026, 3:07:02 p. m.";Cajero;Cliente 1;35872.32;0;0;0;35872.32;"credito: $35.872,32";COMPLETED
V-2026-4398;"4/9/2026, 3:07:02 p. m.";Cajero;Cliente 1;49368;0;0;0;49368;credito: $49.368;COMPLETED
V-2026-4397;"4/9/2026, 3:07:02 p. m.";Cajero;Cliente 1;6846.41;0;0;0;6846.41;"credito: $6.846,41";COMPLETED
V-2026-4396;"4/9/2026, 3:07:02 p. m.";Cajero;Cliente 1;24783.71;0;0;0;24783.71;"credito: $24.783,71";COMPLETED
V-2026-4395;"4/9/2026, 3:07:02 p. m.";Cajero;Cliente 1;27372.72;0;0;0;27372.72;"credito: $27.372,72";COMPLETED
V-2026-4394;"4/9/2026, 3:07:02 p. m.";Cajero;Cliente 1;24888.19;0;0;0;24888.19;"credito: $24.888,19";COMPLETED
V-2026-4393;"4/9/2026, 3:07:02 p. m.";Cajero;Cliente 1;50572.4;0;0;0;50572.4;"credito: $50.572,4";COMPLETED
V-2026-4392;"4/9/2026, 3:07:02 p. m.";Cajero;Cliente 1;146055.3;0;0;0;146055.3;"credito: $146.055,3";COMPLETED
V-2026-4391;"4/9/2026, 3:07:01 p. m.";Cajero;Cliente 1;84289.72;0;0;0;84289.72;"credito: $84.289,72";COMPLETED
V-2026-4390;"4/9/2026, 3:07:01 p. m.";Cajero;Cliente 1;4801.95;0;0;0;4801.95;"credito: $4.801,95";COMPLETED
V-2026-4389;"4/9/2026, 3:07:01 p. m.";Cajero;Cliente 1;143553.22;0;0;0;143553.22;"credito: $143.553,22";COMPLETED
V-2026-4388;"4/9/2026, 3:07:01 p. m.";Cajero;Cliente 1;83072.06;0;0;0;83072.06;"credito: $83.072,06";COMPLETED
V-2026-4387;"4/9/2026, 3:07:01 p. m.";Cajero;Cliente 1;60881.96;0;0;0;60881.96;"credito: $60.881,96";COMPLETED
V-2026-4386;"4/9/2026, 3:07:01 p. m.";Cajero;Cliente 1;53251.6;0;0;0;53251.6;"credito: $53.251,6";COMPLETED
V-2026-4385;"4/9/2026, 3:07:01 p. m.";Cajero;Cliente 1;19029.74;0;0;0;19029.74;"credito: $19.029,74";COMPLETED
V-2026-4384;"4/9/2026, 3:07:01 p. m.";Cajero;Cliente 1;89095.02;0;0;0;89095.02;"credito: $89.095,02";COMPLETED
V-2026-4383;"4/9/2026, 3:07:01 p. m.";Cajero;Cliente 1;28572.05;0;0;0;28572.05;"credito: $28.572,05";COMPLETED
V-2026-4382;"4/9/2026, 3:07:01 p. m.";Cajero;Cliente 1;28826.81;0;0;0;28826.81;"credito: $28.826,81";COMPLETED
V-2026-4381;"4/9/2026, 3:07:01 p. m.";Cajero;Cliente 1;1113.9;0;0;0;1113.9;"credito: $1.113,9";COMPLETED
V-2026-4380;"4/9/2026, 3:07:01 p. m.";Cajero;Cliente 1;70373.29;0;0;0;70373.29;"credito: $70.373,29";COMPLETED
V-2026-4379;"4/9/2026, 3:07:01 p. m.";Cajero;Cliente 1;40265.69;0;0;0;40265.69;"credito: $40.265,69";COMPLETED
V-2026-4378;"4/9/2026, 3:07:01 p. m.";Cajero;Cliente 1;97169.46;0;0;0;97169.46;"credito: $97.169,46";COMPLETED
V-2026-4377;"4/9/2026, 3:07:01 p. m.";Cajero;Cliente 1;87166.68;0;0;0;87166.68;"credito: $87.166,68";COMPLETED
V-2026-4376;"4/9/2026, 3:07:01 p. m.";Cajero;Cliente 1;149200.9;0;0;0;149200.9;"credito: $149.200,9";COMPLETED
V-2026-4375;"4/9/2026, 3:07:01 p. m.";Cajero;Cliente 1;48063.24;0;0;0;48063.24;"credito: $48.063,24";COMPLETED
V-2026-4374;"4/9/2026, 3:07:01 p. m.";Cajero;Cliente 1;119092.4;0;0;0;119092.4;"credito: $119.092,4";COMPLETED
V-2026-4373;"4/9/2026, 3:07:01 p. m.";Cajero;Cliente 1;5133.72;0;0;0;5133.72;"credito: $5.133,72";COMPLETED
V-2026-4372;"4/9/2026, 3:07:01 p. m.";Cajero;Cliente 1;6421.4;0;0;0;6421.4;"credito: $6.421,4";COMPLETED
V-2026-4371;"4/9/2026, 3:07:01 p. m.";Cajero;Cliente 1;17865.56;0;0;0;17865.56;"credito: $17.865,56";COMPLETED
V-2026-4370;"4/9/2026, 3:07:01 p. m.";Cajero;Cliente 1;85723.22;0;0;0;85723.22;"credito: $85.723,22";COMPLETED
V-2026-4369;"4/9/2026, 3:07:01 p. m.";Cajero;Cliente 1;40102.4;0;0;0;40102.4;"credito: $40.102,4";COMPLETED
V-2026-4368;"4/9/2026, 3:07:01 p. m.";Cajero;Cliente 1;66605.92;0;0;0;66605.92;"credito: $66.605,92";COMPLETED
V-2026-4367;"4/9/2026, 3:07:01 p. m.";Cajero;Cliente 1;39345.86;0;0;0;39345.86;"credito: $39.345,86";COMPLETED
V-2026-4366;"4/9/2026, 3:07:01 p. m.";Cajero;Cliente 1;1050.69;0;0;0;1050.69;"credito: $1.050,69";COMPLETED
V-2026-4365;"4/9/2026, 3:07:01 p. m.";Cajero;Cliente 1;19432.1;0;0;0;19432.1;"credito: $19.432,1";COMPLETED
V-2026-4364;"4/9/2026, 3:07:01 p. m.";Cajero;Cliente 1;12941.99;0;0;0;12941.99;"credito: $12.941,99";COMPLETED
V-2026-4363;"4/9/2026, 3:07:01 p. m.";Cajero;Cliente 1;36897.78;0;0;0;36897.78;"credito: $36.897,78";COMPLETED
V-2026-4362;"4/9/2026, 3:07:01 p. m.";Cajero;Cliente 1;90004.38;0;0;0;90004.38;"credito: $90.004,38";COMPLETED
V-2026-4361;"4/9/2026, 3:07:01 p. m.";Cajero;Cliente 1;35051.24;0;0;0;35051.24;"credito: $35.051,24";COMPLETED
V-2026-4360;"4/9/2026, 3:07:01 p. m.";Cajero;Cliente 1;43175.95;0;0;0;43175.95;"credito: $43.175,95";COMPLETED
V-2026-4359;"4/9/2026, 3:07:01 p. m.";Cajero;Cliente 1;45582.18;0;0;0;45582.18;"credito: $45.582,18";COMPLETED
V-2026-4358;"4/9/2026, 3:07:01 p. m.";Cajero;Cliente 1;37412.12;0;0;0;37412.12;"credito: $37.412,12";COMPLETED
V-2026-4357;"4/9/2026, 3:07:01 p. m.";Cajero;Cliente 1;83650.8;0;0;0;83650.8;"credito: $83.650,8";COMPLETED
V-2026-4356;"4/9/2026, 3:07:01 p. m.";Cajero;Cliente 1;81959.86;0;0;0;81959.86;"credito: $81.959,86";COMPLETED
V-2026-4355;"4/9/2026, 3:07:01 p. m.";Cajero;Cliente 1;42062.8;0;0;0;42062.8;"credito: $42.062,8";COMPLETED
V-2026-4354;"4/9/2026, 3:07:01 p. m.";Cajero;Cliente 1;181233.5;0;0;0;181233.5;"credito: $181.233,5";COMPLETED
V-2026-4353;"4/9/2026, 3:07:01 p. m.";Cajero;Cliente 1;59054.8;0;0;0;59054.8;"credito: $59.054,8";COMPLETED
V-2026-4352;"4/9/2026, 3:07:01 p. m.";Cajero;Cliente 1;64765.64;0;0;0;64765.64;"credito: $64.765,64";COMPLETED
V-2026-4351;"4/9/2026, 3:07:01 p. m.";Cajero;Cliente 1;76212.84;0;0;0;76212.84;"credito: $76.212,84";COMPLETED
V-2026-4350;"4/9/2026, 3:07:01 p. m.";Cajero;Cliente 1;9148.67;0;0;0;9148.67;"credito: $9.148,67";COMPLETED
V-2026-4349;"4/9/2026, 3:07:01 p. m.";Cajero;Cliente 1;4593.55;0;0;0;4593.55;"credito: $4.593,55";COMPLETED
V-2026-4348;"4/9/2026, 3:07:01 p. m.";Cajero;Cliente 1;168396.44;0;0;0;168396.44;"credito: $168.396,44";COMPLETED
V-2026-4347;"4/9/2026, 3:07:01 p. m.";Cajero;Cliente 1;47666.19;0;0;0;47666.19;"credito: $47.666,19";COMPLETED
V-2026-4346;"4/9/2026, 3:07:01 p. m.";Cajero;Cliente 1;37434.95;0;0;0;37434.95;"credito: $37.434,95";COMPLETED
V-2026-4345;"4/9/2026, 3:07:01 p. m.";Cajero;Cliente 1;15172.72;0;0;0;15172.72;"credito: $15.172,72";COMPLETED
V-2026-4344;"4/9/2026, 3:07:01 p. m.";Cajero;Cliente 1;22304.16;0;0;0;22304.16;"credito: $22.304,16";COMPLETED
V-2026-4343;"4/9/2026, 3:07:01 p. m.";Cajero;Cliente 1;1100.91;0;0;0;1100.91;"credito: $1.100,91";COMPLETED
V-2026-4342;"4/9/2026, 3:07:01 p. m.";Cajero;Cliente 1;13722.26;0;0;0;13722.26;"credito: $13.722,26";COMPLETED
V-2026-4341;"4/9/2026, 3:07:01 p. m.";Cajero;Cliente 1;78714.96;0;0;0;78714.96;"credito: $78.714,96";COMPLETED
V-2026-4340;"4/9/2026, 3:07:01 p. m.";Cajero;Cliente 1;49418.72;0;0;0;49418.72;"credito: $49.418,72";COMPLETED
V-2026-4339;"4/9/2026, 3:07:01 p. m.";Cajero;Cliente 1;17357.03;0;0;0;17357.03;"credito: $17.357,03";COMPLETED
V-2026-4338;"4/9/2026, 3:07:01 p. m.";Cajero;Cliente 1;30300.42;0;0;0;30300.42;"credito: $30.300,42";COMPLETED
V-2026-4337;"4/9/2026, 3:07:01 p. m.";Cajero;Cliente 1;5658.86;0;0;0;5658.86;"credito: $5.658,86";COMPLETED
V-2026-4336;"4/9/2026, 3:07:01 p. m.";Cajero;Cliente 1;89530.24;0;0;0;89530.24;"credito: $89.530,24";COMPLETED
V-2026-4335;"4/9/2026, 3:07:01 p. m.";Cajero;Cliente 1;47907.66;0;0;0;47907.66;"credito: $47.907,66";COMPLETED
V-2026-4334;"4/9/2026, 3:07:01 p. m.";Cajero;Cliente 1;25251.52;0;0;0;25251.52;"credito: $25.251,52";COMPLETED
V-2026-4333;"4/9/2026, 3:07:01 p. m.";Cajero;Cliente 1;98888.31;0;0;0;98888.31;"credito: $98.888,31";COMPLETED
V-2026-4332;"4/9/2026, 3:07:01 p. m.";Cajero;Cliente 1;35160.21;0;0;0;35160.21;"credito: $35.160,21";COMPLETED
V-2026-4331;"4/9/2026, 3:07:01 p. m.";Cajero;Cliente 1;50633.94;0;0;0;50633.94;"credito: $50.633,94";COMPLETED
V-2026-4330;"4/9/2026, 3:07:01 p. m.";Cajero;Cliente 1;76048.66;0;0;0;76048.66;"credito: $76.048,66";COMPLETED
V-2026-4329;"4/9/2026, 3:07:01 p. m.";Cajero;Cliente 1;99369.88;0;0;0;99369.88;"credito: $99.369,88";COMPLETED
V-2026-4328;"4/9/2026, 3:07:01 p. m.";Cajero;Cliente 1;68480.74;0;0;0;68480.74;"credito: $68.480,74";COMPLETED
V-2026-4327;"4/9/2026, 3:07:01 p. m.";Cajero;Cliente 1;9306.52;0;0;0;9306.52;"credito: $9.306,52";COMPLETED
V-2026-4326;"4/9/2026, 3:07:01 p. m.";Cajero;Cliente 1;39022.3;0;0;0;39022.3;"credito: $39.022,3";COMPLETED
V-2026-4325;"4/9/2026, 3:07:01 p. m.";Cajero;Cliente 1;180317.2;0;0;0;180317.2;"credito: $180.317,2";COMPLETED
V-2026-4324;"4/9/2026, 3:07:01 p. m.";Cajero;Cliente 1;29832.72;0;0;0;29832.72;"credito: $29.832,72";COMPLETED
V-2026-4323;"4/9/2026, 3:07:01 p. m.";Cajero;Cliente 1;22364.31;0;0;0;22364.31;"credito: $22.364,31";COMPLETED
V-2026-4322;"4/9/2026, 3:07:01 p. m.";Cajero;Cliente 1;8123.62;0;0;0;8123.62;"credito: $8.123,62";COMPLETED
V-2026-4321;"4/9/2026, 3:07:01 p. m.";Cajero;Cliente 1;43643.16;0;0;0;43643.16;"credito: $43.643,16";COMPLETED
V-2026-4320;"4/9/2026, 3:07:01 p. m.";Cajero;Cliente 1;11662.65;0;0;0;11662.65;"credito: $11.662,65";COMPLETED
V-2026-4319;"4/9/2026, 3:07:01 p. m.";Cajero;Cliente 1;8866.62;0;0;0;8866.62;"credito: $8.866,62";COMPLETED
V-2026-4318;"4/9/2026, 3:07:01 p. m.";Cajero;Cliente 1;67187.62;0;0;0;67187.62;"credito: $67.187,62";COMPLETED
V-2026-4317;"4/9/2026, 3:07:01 p. m.";Cajero;Cliente 1;47922.31;0;0;0;47922.31;"credito: $47.922,31";COMPLETED
V-2026-4316;"4/9/2026, 3:07:01 p. m.";Cajero;Cliente 1;10293.91;0;0;0;10293.91;"credito: $10.293,91";COMPLETED
V-2026-4315;"4/9/2026, 3:07:01 p. m.";Cajero;Cliente 1;2036.19;0;0;0;2036.19;"credito: $2.036,19";COMPLETED
V-2026-4314;"4/9/2026, 3:07:01 p. m.";Cajero;Cliente 1;30300.96;0;0;0;30300.96;"credito: $30.300,96";COMPLETED
V-2026-4313;"4/9/2026, 3:07:01 p. m.";Cajero;Cliente 1;22824.64;0;0;0;22824.64;"credito: $22.824,64";COMPLETED
V-2026-4312;"4/9/2026, 3:07:01 p. m.";Cajero;Cliente 1;96043.46;0;0;0;96043.46;"credito: $96.043,46";COMPLETED
V-2026-4311;"4/9/2026, 3:07:01 p. m.";Cajero;Cliente 1;13655.05;0;0;0;13655.05;"credito: $13.655,05";COMPLETED
V-2026-4310;"4/9/2026, 3:07:01 p. m.";Cajero;Cliente 1;81681.64;0;0;0;81681.64;"credito: $81.681,64";COMPLETED
V-2026-4309;"4/9/2026, 3:07:01 p. m.";Cajero;Cliente 1;44088.48;0;0;0;44088.48;"credito: $44.088,48";COMPLETED
V-2026-4308;"4/9/2026, 3:07:01 p. m.";Cajero;Cliente 1;15558.68;0;0;0;15558.68;"credito: $15.558,68";COMPLETED
V-2026-4307;"4/9/2026, 3:07:01 p. m.";Cajero;Cliente 1;46465.7;0;0;0;46465.7;"credito: $46.465,7";COMPLETED
V-2026-4306;"4/9/2026, 3:07:01 p. m.";Cajero;Cliente 1;89569.18;0;0;0;89569.18;"credito: $89.569,18";COMPLETED
V-2026-4305;"4/9/2026, 3:07:01 p. m.";Cajero;Cliente 1;189619.64;0;0;0;189619.64;"credito: $189.619,64";COMPLETED
V-2026-4304;"4/9/2026, 3:07:01 p. m.";Cajero;Cliente 1;6998.54;0;0;0;6998.54;"credito: $6.998,54";COMPLETED
V-2026-4303;"4/9/2026, 3:07:01 p. m.";Cajero;Cliente 1;11822.9;0;0;0;11822.9;"credito: $11.822,9";COMPLETED
V-2026-4302;"4/9/2026, 3:07:01 p. m.";Cajero;Cliente 1;15258.06;0;0;0;15258.06;"credito: $15.258,06";COMPLETED
V-2026-4301;"4/9/2026, 3:07:01 p. m.";Cajero;Cliente 1;25837.89;0;0;0;25837.89;"credito: $25.837,89";COMPLETED
V-2026-4300;"4/9/2026, 3:07:01 p. m.";Cajero;Cliente 1;62803.05;0;0;0;62803.05;"credito: $62.803,05";COMPLETED
V-2026-4299;"4/9/2026, 3:07:01 p. m.";Cajero;Cliente 1;49744.09;0;0;0;49744.09;"credito: $49.744,09";COMPLETED
V-2026-4298;"4/9/2026, 3:07:01 p. m.";Cajero;Cliente 1;1902;0;0;0;1902;credito: $1.902;COMPLETED
V-2026-4297;"4/9/2026, 3:07:01 p. m.";Cajero;Cliente 1;61664.44;0;0;0;61664.44;"credito: $61.664,44";COMPLETED
V-2026-4296;"4/9/2026, 3:07:01 p. m.";Cajero;Cliente 1;78726.44;0;0;0;78726.44;"credito: $78.726,44";COMPLETED
V-2026-4295;"4/9/2026, 3:07:01 p. m.";Cajero;Cliente 1;96109.66;0;0;0;96109.66;"credito: $96.109,66";COMPLETED
V-2026-4294;"4/9/2026, 3:07:01 p. m.";Cajero;Cliente 1;119706.48;0;0;0;119706.48;"credito: $119.706,48";COMPLETED
V-2026-4293;"4/9/2026, 3:07:01 p. m.";Cajero;Cliente 1;82398.04;0;0;0;82398.04;"credito: $82.398,04";COMPLETED
V-2026-4292;"4/9/2026, 3:07:01 p. m.";Cajero;Cliente 1;53321.94;0;0;0;53321.94;"credito: $53.321,94";COMPLETED
V-2026-4291;"4/9/2026, 3:07:01 p. m.";Cajero;Cliente 1;60897.46;0;0;0;60897.46;"credito: $60.897,46";COMPLETED
V-2026-4290;"4/9/2026, 3:07:01 p. m.";Cajero;Cliente 1;30397.34;0;0;0;30397.34;"credito: $30.397,34";COMPLETED
V-2026-4289;"4/9/2026, 3:07:01 p. m.";Cajero;Cliente 1;54357.74;0;0;0;54357.74;"credito: $54.357,74";COMPLETED
V-2026-4288;"4/9/2026, 3:07:01 p. m.";Cajero;Cliente 1;20353.6;0;0;0;20353.6;"credito: $20.353,6";COMPLETED
V-2026-4287;"4/9/2026, 3:07:01 p. m.";Cajero;Cliente 1;38474.47;0;0;0;38474.47;"credito: $38.474,47";COMPLETED
V-2026-4286;"4/9/2026, 3:07:01 p. m.";Cajero;Cliente 1;33046.92;0;0;0;33046.92;"credito: $33.046,92";COMPLETED
V-2026-4285;"4/9/2026, 3:07:01 p. m.";Cajero;Cliente 1;11089.09;0;0;0;11089.09;"credito: $11.089,09";COMPLETED
V-2026-4284;"4/9/2026, 3:07:01 p. m.";Cajero;Cliente 1;7796.02;0;0;0;7796.02;"credito: $7.796,02";COMPLETED
V-2026-4283;"4/9/2026, 3:07:01 p. m.";Cajero;Cliente 1;4722.83;0;0;0;4722.83;"credito: $4.722,83";COMPLETED
V-2026-4282;"4/9/2026, 3:07:01 p. m.";Cajero;Cliente 1;150978.68;0;0;0;150978.68;"credito: $150.978,68";COMPLETED
V-2026-4281;"4/9/2026, 3:07:01 p. m.";Cajero;Cliente 1;27256.82;0;0;0;27256.82;"credito: $27.256,82";COMPLETED
V-2026-4280;"4/9/2026, 3:07:01 p. m.";Cajero;Cliente 1;37600.92;0;0;0;37600.92;"credito: $37.600,92";COMPLETED
V-2026-4279;"4/9/2026, 3:07:01 p. m.";Cajero;Cliente 1;58699.4;0;0;0;58699.4;"credito: $58.699,4";COMPLETED
V-2026-4278;"4/9/2026, 3:07:01 p. m.";Cajero;Cliente 1;86738.46;0;0;0;86738.46;"credito: $86.738,46";COMPLETED
V-2026-4277;"4/9/2026, 3:07:01 p. m.";Cajero;Cliente 1;64038.78;0;0;0;64038.78;"credito: $64.038,78";COMPLETED
V-2026-4276;"4/9/2026, 3:07:01 p. m.";Cajero;Cliente 1;44104.74;0;0;0;44104.74;"credito: $44.104,74";COMPLETED
V-2026-4275;"4/9/2026, 3:07:01 p. m.";Cajero;Cliente 1;13210.26;0;0;0;13210.26;"credito: $13.210,26";COMPLETED
V-2026-4274;"4/9/2026, 3:07:01 p. m.";Cajero;Cliente 1;43174.51;0;0;0;43174.51;"credito: $43.174,51";COMPLETED
V-2026-4273;"4/9/2026, 3:07:01 p. m.";Cajero;Cliente 1;28383.32;0;0;0;28383.32;"credito: $28.383,32";COMPLETED
V-2026-4272;"4/9/2026, 3:07:01 p. m.";Cajero;Cliente 1;8620.56;0;0;0;8620.56;"credito: $8.620,56";COMPLETED
V-2026-4271;"4/9/2026, 3:07:01 p. m.";Cajero;Cliente 1;52990.33;0;0;0;52990.33;"credito: $52.990,33";COMPLETED
V-2026-4270;"4/9/2026, 3:07:01 p. m.";Cajero;Cliente 1;124610.66;0;0;0;124610.66;"credito: $124.610,66";COMPLETED
V-2026-4269;"4/9/2026, 3:07:01 p. m.";Cajero;Cliente 1;24962.4;0;0;0;24962.4;"credito: $24.962,4";COMPLETED
V-2026-4268;"4/9/2026, 3:07:01 p. m.";Cajero;Cliente 1;65975.9;0;0;0;65975.9;"credito: $65.975,9";COMPLETED
V-2026-4267;"4/9/2026, 3:07:01 p. m.";Cajero;Cliente 1;26579.59;0;0;0;26579.59;"credito: $26.579,59";COMPLETED
V-2026-4266;"4/9/2026, 3:07:01 p. m.";Cajero;Cliente 1;62349;0;0;0;62349;credito: $62.349;COMPLETED
V-2026-4265;"4/9/2026, 3:07:01 p. m.";Cajero;Cliente 1;40865.05;0;0;0;40865.05;"credito: $40.865,05";COMPLETED
V-2026-4264;"4/9/2026, 3:07:01 p. m.";Cajero;Cliente 1;70109.16;0;0;0;70109.16;"credito: $70.109,16";COMPLETED
V-2026-4263;"4/9/2026, 3:07:01 p. m.";Cajero;Cliente 1;134250.38;0;0;0;134250.38;"credito: $134.250,38";COMPLETED
V-2026-4262;"4/9/2026, 3:07:01 p. m.";Cajero;Cliente 1;65532.84;0;0;0;65532.84;"credito: $65.532,84";COMPLETED
V-2026-4261;"4/9/2026, 3:07:01 p. m.";Cajero;Cliente 1;30187.84;0;0;0;30187.84;"credito: $30.187,84";COMPLETED
V-2026-4260;"4/9/2026, 3:07:01 p. m.";Cajero;Cliente 1;12887.12;0;0;0;12887.12;"credito: $12.887,12";COMPLETED
V-2026-4259;"4/9/2026, 3:07:01 p. m.";Cajero;Cliente 1;1679.95;0;0;0;1679.95;"credito: $1.679,95";COMPLETED
V-2026-4258;"4/9/2026, 3:07:01 p. m.";Cajero;Cliente 1;47025.5;0;0;0;47025.5;"credito: $47.025,5";COMPLETED
V-2026-4257;"4/9/2026, 3:07:01 p. m.";Cajero;Cliente 1;9624.02;0;0;0;9624.02;"credito: $9.624,02";COMPLETED
V-2026-4256;"4/9/2026, 3:07:01 p. m.";Cajero;Cliente 1;85978.67;0;0;0;85978.67;"credito: $85.978,67";COMPLETED
V-2026-4255;"4/9/2026, 3:07:01 p. m.";Cajero;Cliente 1;146576.32;0;0;0;146576.32;"credito: $146.576,32";COMPLETED
V-2026-4254;"4/9/2026, 3:07:01 p. m.";Cajero;Cliente 1;84929.72;0;0;0;84929.72;"credito: $84.929,72";COMPLETED
V-2026-4253;"4/9/2026, 3:07:01 p. m.";Cajero;Cliente 1;88933.94;0;0;0;88933.94;"credito: $88.933,94";COMPLETED
V-2026-4252;"4/9/2026, 3:07:01 p. m.";Cajero;Cliente 1;39310.1;0;0;0;39310.1;"credito: $39.310,1";COMPLETED
V-2026-4251;"4/9/2026, 3:07:00 p. m.";Cajero;Cliente 1;33105.08;0;0;0;33105.08;"credito: $33.105,08";COMPLETED
V-2026-4250;"4/9/2026, 3:07:00 p. m.";Cajero;Cliente 1;15431.44;0;0;0;15431.44;"credito: $15.431,44";COMPLETED
V-2026-4249;"4/9/2026, 3:07:00 p. m.";Cajero;Cliente 1;16902.47;0;0;0;16902.47;"credito: $16.902,47";COMPLETED
V-2026-4248;"4/9/2026, 3:07:00 p. m.";Cajero;Cliente 1;36239.5;0;0;0;36239.5;"credito: $36.239,5";COMPLETED
V-2026-4247;"4/9/2026, 3:07:00 p. m.";Cajero;Cliente 1;199421.4;0;0;0;199421.4;"credito: $199.421,4";COMPLETED
V-2026-4246;"4/9/2026, 3:07:00 p. m.";Cajero;Cliente 1;84590.24;0;0;0;84590.24;"credito: $84.590,24";COMPLETED
V-2026-4245;"4/9/2026, 3:07:00 p. m.";Cajero;Cliente 1;835.74;0;0;0;835.74;"credito: $835,74";COMPLETED
V-2026-4244;"4/9/2026, 3:07:00 p. m.";Cajero;Cliente 1;80559.04;0;0;0;80559.04;"credito: $80.559,04";COMPLETED
V-2026-4243;"4/9/2026, 3:07:00 p. m.";Cajero;Cliente 1;64769.77;0;0;0;64769.77;"credito: $64.769,77";COMPLETED
V-2026-4242;"4/9/2026, 3:07:00 p. m.";Cajero;Cliente 1;13916.36;0;0;0;13916.36;"credito: $13.916,36";COMPLETED
V-2026-4241;"4/9/2026, 3:07:00 p. m.";Cajero;Cliente 1;60930.48;0;0;0;60930.48;"credito: $60.930,48";COMPLETED
V-2026-4240;"4/9/2026, 3:07:00 p. m.";Cajero;Cliente 1;87658.46;0;0;0;87658.46;"credito: $87.658,46";COMPLETED
V-2026-4239;"4/9/2026, 3:07:00 p. m.";Cajero;Cliente 1;41803.39;0;0;0;41803.39;"credito: $41.803,39";COMPLETED
V-2026-4238;"4/9/2026, 3:07:00 p. m.";Cajero;Cliente 1;76199.12;0;0;0;76199.12;"credito: $76.199,12";COMPLETED
V-2026-4237;"4/9/2026, 3:07:00 p. m.";Cajero;Cliente 1;51888.62;0;0;0;51888.62;"credito: $51.888,62";COMPLETED
V-2026-4236;"4/9/2026, 3:07:00 p. m.";Cajero;Cliente 1;191016.04;0;0;0;191016.04;"credito: $191.016,04";COMPLETED
V-2026-4235;"4/9/2026, 3:07:00 p. m.";Cajero;Cliente 1;185024.4;0;0;0;185024.4;"credito: $185.024,4";COMPLETED
V-2026-4234;"4/9/2026, 3:07:00 p. m.";Cajero;Cliente 1;15180.3;0;0;0;15180.3;"credito: $15.180,3";COMPLETED
V-2026-4233;"4/9/2026, 3:07:00 p. m.";Cajero;Cliente 1;8385.4;0;0;0;8385.4;"credito: $8.385,4";COMPLETED
V-2026-4232;"4/9/2026, 3:07:00 p. m.";Cajero;Cliente 1;25890.86;0;0;0;25890.86;"credito: $25.890,86";COMPLETED
V-2026-4231;"4/9/2026, 3:07:00 p. m.";Cajero;Cliente 1;2829.43;0;0;0;2829.43;"credito: $2.829,43";COMPLETED
V-2026-4230;"4/9/2026, 3:07:00 p. m.";Cajero;Cliente 1;40906.15;0;0;0;40906.15;"credito: $40.906,15";COMPLETED
V-2026-4229;"4/9/2026, 3:07:00 p. m.";Cajero;Cliente 1;60792.68;0;0;0;60792.68;"credito: $60.792,68";COMPLETED
V-2026-4228;"4/9/2026, 3:07:00 p. m.";Cajero;Cliente 1;132038.78;0;0;0;132038.78;"credito: $132.038,78";COMPLETED
V-2026-4227;"4/9/2026, 3:07:00 p. m.";Cajero;Cliente 1;65148.68;0;0;0;65148.68;"credito: $65.148,68";COMPLETED
V-2026-4226;"4/9/2026, 3:07:00 p. m.";Cajero;Cliente 1;19891.05;0;0;0;19891.05;"credito: $19.891,05";COMPLETED
V-2026-4225;"4/9/2026, 3:07:00 p. m.";Cajero;Cliente 1;53952.53;0;0;0;53952.53;"credito: $53.952,53";COMPLETED
V-2026-4224;"4/9/2026, 3:07:00 p. m.";Cajero;Cliente 1;16882.27;0;0;0;16882.27;"credito: $16.882,27";COMPLETED
V-2026-4223;"4/9/2026, 3:07:00 p. m.";Cajero;Cliente 1;38329.98;0;0;0;38329.98;"credito: $38.329,98";COMPLETED
V-2026-4222;"4/9/2026, 3:07:00 p. m.";Cajero;Cliente 1;95109.84;0;0;0;95109.84;"credito: $95.109,84";COMPLETED
V-2026-4221;"4/9/2026, 3:07:00 p. m.";Cajero;Cliente 1;18613.04;0;0;0;18613.04;"credito: $18.613,04";COMPLETED
V-2026-4220;"4/9/2026, 3:07:00 p. m.";Cajero;Cliente 1;40759.49;0;0;0;40759.49;"credito: $40.759,49";COMPLETED
V-2026-4219;"4/9/2026, 3:07:00 p. m.";Cajero;Cliente 1;52772.81;0;0;0;52772.81;"credito: $52.772,81";COMPLETED
V-2026-4218;"4/9/2026, 3:07:00 p. m.";Cajero;Cliente 1;20995.54;0;0;0;20995.54;"credito: $20.995,54";COMPLETED
V-2026-4217;"4/9/2026, 3:07:00 p. m.";Cajero;Cliente 1;6407.76;0;0;0;6407.76;"credito: $6.407,76";COMPLETED
V-2026-4216;"4/9/2026, 3:07:00 p. m.";Cajero;Cliente 1;23401.67;0;0;0;23401.67;"credito: $23.401,67";COMPLETED
V-2026-4215;"4/9/2026, 3:07:00 p. m.";Cajero;Cliente 1;165682.64;0;0;0;165682.64;"credito: $165.682,64";COMPLETED
V-2026-4214;"4/9/2026, 3:07:00 p. m.";Cajero;Cliente 1;72318.44;0;0;0;72318.44;"credito: $72.318,44";COMPLETED
V-2026-4213;"4/9/2026, 3:07:00 p. m.";Cajero;Cliente 1;20105.55;0;0;0;20105.55;"credito: $20.105,55";COMPLETED
V-2026-4212;"4/9/2026, 3:07:00 p. m.";Cajero;Cliente 1;46157.44;0;0;0;46157.44;"credito: $46.157,44";COMPLETED
V-2026-4211;"4/9/2026, 3:07:00 p. m.";Cajero;Cliente 1;16320.84;0;0;0;16320.84;"credito: $16.320,84";COMPLETED
V-2026-4210;"4/9/2026, 3:07:00 p. m.";Cajero;Cliente 1;35946.63;0;0;0;35946.63;"credito: $35.946,63";COMPLETED
V-2026-4209;"4/9/2026, 3:07:00 p. m.";Cajero;Cliente 1;42906.28;0;0;0;42906.28;"credito: $42.906,28";COMPLETED
V-2026-4208;"4/9/2026, 3:07:00 p. m.";Cajero;Cliente 1;41375.14;0;0;0;41375.14;"credito: $41.375,14";COMPLETED
V-2026-4207;"4/9/2026, 3:07:00 p. m.";Cajero;Cliente 1;3942.22;0;0;0;3942.22;"credito: $3.942,22";COMPLETED
V-2026-4206;"4/9/2026, 3:07:00 p. m.";Cajero;Cliente 1;65148.68;0;0;0;65148.68;"credito: $65.148,68";COMPLETED
V-2026-4205;"4/9/2026, 3:07:00 p. m.";Cajero;Cliente 1;23720;0;0;0;23720;credito: $23.720;COMPLETED
V-2026-4204;"4/9/2026, 3:07:00 p. m.";Cajero;Cliente 1;79899.83;0;0;0;79899.83;"credito: $79.899,83";COMPLETED
V-2026-4203;"4/9/2026, 3:07:00 p. m.";Cajero;Cliente 1;40570.54;0;0;0;40570.54;"credito: $40.570,54";COMPLETED
V-2026-4202;"4/9/2026, 3:07:00 p. m.";Cajero;Cliente 1;42509.18;0;0;0;42509.18;"credito: $42.509,18";COMPLETED
V-2026-4201;"4/9/2026, 3:07:00 p. m.";Cajero;Cliente 1;75718.74;0;0;0;75718.74;"credito: $75.718,74";COMPLETED
V-2026-4200;"4/9/2026, 3:07:00 p. m.";Cajero;Cliente 1;2101.38;0;0;0;2101.38;"credito: $2.101,38";COMPLETED
V-2026-4199;"4/9/2026, 3:07:00 p. m.";Cajero;Cliente 1;24121.18;0;0;0;24121.18;"credito: $24.121,18";COMPLETED
V-2026-4198;"4/9/2026, 3:07:00 p. m.";Cajero;Cliente 1;65593.74;0;0;0;65593.74;"credito: $65.593,74";COMPLETED
V-2026-4197;"4/9/2026, 3:07:00 p. m.";Cajero;Cliente 1;49855.91;0;0;0;49855.91;"credito: $49.855,91";COMPLETED
V-2026-4196;"4/9/2026, 3:07:00 p. m.";Cajero;Cliente 1;5011.41;0;0;0;5011.41;"credito: $5.011,41";COMPLETED
V-2026-4195;"4/9/2026, 3:07:00 p. m.";Cajero;Cliente 1;25624.95;0;0;0;25624.95;"credito: $25.624,95";COMPLETED
V-2026-4194;"4/9/2026, 3:07:00 p. m.";Cajero;Cliente 1;6097.14;0;0;0;6097.14;"credito: $6.097,14";COMPLETED
V-2026-4193;"4/9/2026, 3:07:00 p. m.";Cajero;Cliente 1;49129.55;0;0;0;49129.55;"credito: $49.129,55";COMPLETED
V-2026-4192;"4/9/2026, 3:07:00 p. m.";Cajero;Cliente 1;82421.88;0;0;0;82421.88;"credito: $82.421,88";COMPLETED
V-2026-4191;"4/9/2026, 3:07:00 p. m.";Cajero;Cliente 1;23397.69;0;0;0;23397.69;"credito: $23.397,69";COMPLETED
V-2026-4190;"4/9/2026, 3:07:00 p. m.";Cajero;Cliente 1;40560.89;0;0;0;40560.89;"credito: $40.560,89";COMPLETED
V-2026-4189;"4/9/2026, 3:07:00 p. m.";Cajero;Cliente 1;31296.28;0;0;0;31296.28;"credito: $31.296,28";COMPLETED
V-2026-4188;"4/9/2026, 3:07:00 p. m.";Cajero;Cliente 1;54327.2;0;0;0;54327.2;"credito: $54.327,2";COMPLETED
V-2026-4187;"4/9/2026, 3:07:00 p. m.";Cajero;Cliente 1;72562.18;0;0;0;72562.18;"credito: $72.562,18";COMPLETED
V-2026-4186;"4/9/2026, 3:07:00 p. m.";Cajero;Cliente 1;30187.84;0;0;0;30187.84;"credito: $30.187,84";COMPLETED
V-2026-4185;"4/9/2026, 3:07:00 p. m.";Cajero;Cliente 1;194152.3;0;0;0;194152.3;"credito: $194.152,3";COMPLETED
V-2026-4184;"4/9/2026, 3:07:00 p. m.";Cajero;Cliente 1;51270.16;0;0;0;51270.16;"credito: $51.270,16";COMPLETED
V-2026-4183;"4/9/2026, 3:07:00 p. m.";Cajero;Cliente 1;17172.74;0;0;0;17172.74;"credito: $17.172,74";COMPLETED
V-2026-4182;"4/9/2026, 3:07:00 p. m.";Cajero;Cliente 1;5099.84;0;0;0;5099.84;"credito: $5.099,84";COMPLETED
V-2026-4181;"4/9/2026, 3:07:00 p. m.";Cajero;Cliente 1;76179.88;0;0;0;76179.88;"credito: $76.179,88";COMPLETED
V-2026-4180;"4/9/2026, 3:07:00 p. m.";Cajero;Cliente 1;34753.13;0;0;0;34753.13;"credito: $34.753,13";COMPLETED
V-2026-4179;"4/9/2026, 3:07:00 p. m.";Cajero;Cliente 1;99159.38;0;0;0;99159.38;"credito: $99.159,38";COMPLETED
V-2026-4178;"4/9/2026, 3:07:00 p. m.";Cajero;Cliente 1;79320.62;0;0;0;79320.62;"credito: $79.320,62";COMPLETED
V-2026-4177;"4/9/2026, 3:07:00 p. m.";Cajero;Cliente 1;13672.19;0;0;0;13672.19;"credito: $13.672,19";COMPLETED
V-2026-4176;"4/9/2026, 3:07:00 p. m.";Cajero;Cliente 1;181831.8;0;0;0;181831.8;"credito: $181.831,8";COMPLETED
V-2026-4175;"4/9/2026, 3:07:00 p. m.";Cajero;Cliente 1;70906.1;0;0;0;70906.1;"credito: $70.906,1";COMPLETED
V-2026-4174;"4/9/2026, 3:07:00 p. m.";Cajero;Cliente 1;180918.28;0;0;0;180918.28;"credito: $180.918,28";COMPLETED
V-2026-4173;"4/9/2026, 3:07:00 p. m.";Cajero;Cliente 1;125793.88;0;0;0;125793.88;"credito: $125.793,88";COMPLETED
V-2026-4172;"4/9/2026, 3:07:00 p. m.";Cajero;Cliente 1;8878.24;0;0;0;8878.24;"credito: $8.878,24";COMPLETED
V-2026-4171;"4/9/2026, 3:07:00 p. m.";Cajero;Cliente 1;32440.58;0;0;0;32440.58;"credito: $32.440,58";COMPLETED
V-2026-4170;"4/9/2026, 3:07:00 p. m.";Cajero;Cliente 1;2481.48;0;0;0;2481.48;"credito: $2.481,48";COMPLETED
V-2026-4169;"4/9/2026, 3:07:00 p. m.";Cajero;Cliente 1;91489.95;0;0;0;91489.95;"credito: $91.489,95";COMPLETED
V-2026-4168;"4/9/2026, 3:07:00 p. m.";Cajero;Cliente 1;34309;0;0;0;34309;credito: $34.309;COMPLETED
V-2026-4167;"4/9/2026, 3:07:00 p. m.";Cajero;Cliente 1;5969.9;0;0;0;5969.9;"credito: $5.969,9";COMPLETED
V-2026-4166;"4/9/2026, 3:07:00 p. m.";Cajero;Cliente 1;33254.15;0;0;0;33254.15;"credito: $33.254,15";COMPLETED
V-2026-4165;"4/9/2026, 3:07:00 p. m.";Cajero;Cliente 1;95763.44;0;0;0;95763.44;"credito: $95.763,44";COMPLETED
V-2026-4164;"4/9/2026, 3:07:00 p. m.";Cajero;Cliente 1;2247.31;0;0;0;2247.31;"credito: $2.247,31";COMPLETED
V-2026-4163;"4/9/2026, 3:07:00 p. m.";Cajero;Cliente 1;38392.24;0;0;0;38392.24;"credito: $38.392,24";COMPLETED
V-2026-4162;"4/9/2026, 3:07:00 p. m.";Cajero;Cliente 1;167360.5;0;0;0;167360.5;"credito: $167.360,5";COMPLETED
V-2026-4161;"4/9/2026, 3:07:00 p. m.";Cajero;Cliente 1;39232.55;0;0;0;39232.55;"credito: $39.232,55";COMPLETED
V-2026-4160;"4/9/2026, 3:07:00 p. m.";Cajero;Cliente 1;15063.64;0;0;0;15063.64;"credito: $15.063,64";COMPLETED
V-2026-4159;"4/9/2026, 3:07:00 p. m.";Cajero;Cliente 1;86255.88;0;0;0;86255.88;"credito: $86.255,88";COMPLETED
V-2026-4158;"4/9/2026, 3:07:00 p. m.";Cajero;Cliente 1;50413.78;0;0;0;50413.78;"credito: $50.413,78";COMPLETED
V-2026-4157;"4/9/2026, 3:07:00 p. m.";Cajero;Cliente 1;41536.03;0;0;0;41536.03;"credito: $41.536,03";COMPLETED
V-2026-4156;"4/9/2026, 3:07:00 p. m.";Cajero;Cliente 1;23746.28;0;0;0;23746.28;"credito: $23.746,28";COMPLETED
V-2026-4155;"4/9/2026, 3:07:00 p. m.";Cajero;Cliente 1;159991.52;0;0;0;159991.52;"credito: $159.991,52";COMPLETED
V-2026-4154;"4/9/2026, 3:07:00 p. m.";Cajero;Cliente 1;52547.19;0;0;0;52547.19;"credito: $52.547,19";COMPLETED
V-2026-4153;"4/9/2026, 3:07:00 p. m.";Cajero;Cliente 1;20782.79;0;0;0;20782.79;"credito: $20.782,79";COMPLETED
V-2026-4152;"4/9/2026, 3:07:00 p. m.";Cajero;Cliente 1;8828.94;0;0;0;8828.94;"credito: $8.828,94";COMPLETED
V-2026-4151;"4/9/2026, 3:07:00 p. m.";Cajero;Cliente 1;64392.92;0;0;0;64392.92;"credito: $64.392,92";COMPLETED
V-2026-4150;"4/9/2026, 3:07:00 p. m.";Cajero;Cliente 1;35076.01;0;0;0;35076.01;"credito: $35.076,01";COMPLETED
V-2026-4149;"4/9/2026, 3:07:00 p. m.";Cajero;Cliente 1;16515.79;0;0;0;16515.79;"credito: $16.515,79";COMPLETED
V-2026-4148;"4/9/2026, 3:07:00 p. m.";Cajero;Cliente 1;86907.5;0;0;0;86907.5;"credito: $86.907,5";COMPLETED
V-2026-4147;"4/9/2026, 3:07:00 p. m.";Cajero;Cliente 1;41613.27;0;0;0;41613.27;"credito: $41.613,27";COMPLETED
V-2026-4146;"4/9/2026, 3:07:00 p. m.";Cajero;Cliente 1;98909.94;0;0;0;98909.94;"credito: $98.909,94";COMPLETED
V-2026-4145;"4/9/2026, 3:07:00 p. m.";Cajero;Cliente 1;71882.37;0;0;0;71882.37;"credito: $71.882,37";COMPLETED
V-2026-4144;"4/9/2026, 3:07:00 p. m.";Cajero;Cliente 1;50273.16;0;0;0;50273.16;"credito: $50.273,16";COMPLETED
V-2026-4143;"4/9/2026, 3:07:00 p. m.";Cajero;Cliente 1;40865.05;0;0;0;40865.05;"credito: $40.865,05";COMPLETED
V-2026-4142;"4/9/2026, 3:07:00 p. m.";Cajero;Cliente 1;41045.09;0;0;0;41045.09;"credito: $41.045,09";COMPLETED
V-2026-4141;"4/9/2026, 3:07:00 p. m.";Cajero;Cliente 1;51675.78;0;0;0;51675.78;"credito: $51.675,78";COMPLETED
V-2026-4140;"4/9/2026, 3:07:00 p. m.";Cajero;Cliente 1;40650.55;0;0;0;40650.55;"credito: $40.650,55";COMPLETED
V-2026-4139;"4/9/2026, 3:07:00 p. m.";Cajero;Cliente 1;92931.4;0;0;0;92931.4;"credito: $92.931,4";COMPLETED
V-2026-4138;"4/9/2026, 3:07:00 p. m.";Cajero;Cliente 1;22243.28;0;0;0;22243.28;"credito: $22.243,28";COMPLETED
V-2026-4137;"4/9/2026, 3:07:00 p. m.";Cajero;Cliente 1;566.36;0;0;0;566.36;"credito: $566,36";COMPLETED
V-2026-4136;"4/9/2026, 3:07:00 p. m.";Cajero;Cliente 1;9206.09;0;0;0;9206.09;"credito: $9.206,09";COMPLETED
V-2026-4135;"4/9/2026, 3:07:00 p. m.";Cajero;Cliente 1;39243.77;0;0;0;39243.77;"credito: $39.243,77";COMPLETED
V-2026-4134;"4/9/2026, 3:07:00 p. m.";Cajero;Cliente 1;40661.35;0;0;0;40661.35;"credito: $40.661,35";COMPLETED
V-2026-4133;"4/9/2026, 3:07:00 p. m.";Cajero;Cliente 1;8123.62;0;0;0;8123.62;"credito: $8.123,62";COMPLETED
V-2026-4132;"4/9/2026, 3:07:00 p. m.";Cajero;Cliente 1;20590.81;0;0;0;20590.81;"credito: $20.590,81";COMPLETED
V-2026-4131;"4/9/2026, 3:07:00 p. m.";Cajero;Cliente 1;90356.42;0;0;0;90356.42;"credito: $90.356,42";COMPLETED
V-2026-4130;"4/9/2026, 3:07:00 p. m.";Cajero;Cliente 1;46763.03;0;0;0;46763.03;"credito: $46.763,03";COMPLETED
V-2026-4129;"4/9/2026, 3:07:00 p. m.";Cajero;Cliente 1;4515.89;0;0;0;4515.89;"credito: $4.515,89";COMPLETED
V-2026-4128;"4/9/2026, 3:07:00 p. m.";Cajero;Cliente 1;96453.52;0;0;0;96453.52;"credito: $96.453,52";COMPLETED
V-2026-4127;"4/9/2026, 3:07:00 p. m.";Cajero;Cliente 1;23756.93;0;0;0;23756.93;"credito: $23.756,93";COMPLETED
V-2026-4126;"4/9/2026, 3:07:00 p. m.";Cajero;Cliente 1;85802.28;0;0;0;85802.28;"credito: $85.802,28";COMPLETED
V-2026-4125;"4/9/2026, 3:07:00 p. m.";Cajero;Cliente 1;81507.8;0;0;0;81507.8;"credito: $81.507,8";COMPLETED
V-2026-4124;"4/9/2026, 3:07:00 p. m.";Cajero;Cliente 1;26955.96;0;0;0;26955.96;"credito: $26.955,96";COMPLETED
V-2026-4123;"4/9/2026, 3:07:00 p. m.";Cajero;Cliente 1;30140.54;0;0;0;30140.54;"credito: $30.140,54";COMPLETED
V-2026-4122;"4/9/2026, 3:07:00 p. m.";Cajero;Cliente 1;85102.94;0;0;0;85102.94;"credito: $85.102,94";COMPLETED
V-2026-4121;"4/9/2026, 3:07:00 p. m.";Cajero;Cliente 1;78605.55;0;0;0;78605.55;"credito: $78.605,55";COMPLETED
V-2026-4120;"4/9/2026, 3:07:00 p. m.";Cajero;Cliente 1;55147.44;0;0;0;55147.44;"credito: $55.147,44";COMPLETED
V-2026-4119;"4/9/2026, 3:07:00 p. m.";Cajero;Cliente 1;45722.6;0;0;0;45722.6;"credito: $45.722,6";COMPLETED
V-2026-4118;"4/9/2026, 3:06:59 p. m.";Cajero;Cliente 1;48749.74;0;0;0;48749.74;"credito: $48.749,74";COMPLETED
V-2026-4117;"4/9/2026, 3:06:59 p. m.";Cajero;Cliente 1;14177.2;0;0;0;14177.2;"credito: $14.177,2";COMPLETED
V-2026-4116;"4/9/2026, 3:06:59 p. m.";Cajero;Cliente 1;160685.34;0;0;0;160685.34;"credito: $160.685,34";COMPLETED
V-2026-4115;"4/9/2026, 3:06:59 p. m.";Cajero;Cliente 1;31287.64;0;0;0;31287.64;"credito: $31.287,64";COMPLETED
V-2026-4114;"4/9/2026, 3:06:59 p. m.";Cajero;Cliente 1;51485.76;0;0;0;51485.76;"credito: $51.485,76";COMPLETED
V-2026-4113;"4/9/2026, 3:06:59 p. m.";Cajero;Cliente 1;160015.18;0;0;0;160015.18;"credito: $160.015,18";COMPLETED
V-2026-4112;"4/9/2026, 3:06:59 p. m.";Cajero;Cliente 1;3651.74;0;0;0;3651.74;"credito: $3.651,74";COMPLETED
V-2026-4111;"4/9/2026, 3:06:59 p. m.";Cajero;Cliente 1;90688.38;0;0;0;90688.38;"credito: $90.688,38";COMPLETED
V-2026-4110;"4/9/2026, 3:06:59 p. m.";Cajero;Cliente 1;55751.08;0;0;0;55751.08;"credito: $55.751,08";COMPLETED
V-2026-4109;"4/9/2026, 3:06:59 p. m.";Cajero;Cliente 1;42718.54;0;0;0;42718.54;"credito: $42.718,54";COMPLETED
V-2026-4108;"4/9/2026, 3:06:59 p. m.";Cajero;Cliente 1;129099.76;0;0;0;129099.76;"credito: $129.099,76";COMPLETED
V-2026-4107;"4/9/2026, 3:06:59 p. m.";Cajero;Cliente 1;13215;0;0;0;13215;credito: $13.215;COMPLETED
V-2026-4106;"4/9/2026, 3:06:59 p. m.";Cajero;Cliente 1;30684.45;0;0;0;30684.45;"credito: $30.684,45";COMPLETED
V-2026-4105;"4/9/2026, 3:06:59 p. m.";Cajero;Cliente 1;95059.24;0;0;0;95059.24;"credito: $95.059,24";COMPLETED
V-2026-4104;"4/9/2026, 3:06:59 p. m.";Cajero;Cliente 1;66461.38;0;0;0;66461.38;"credito: $66.461,38";COMPLETED
V-2026-4103;"4/9/2026, 3:06:59 p. m.";Cajero;Cliente 1;45499.83;0;0;0;45499.83;"credito: $45.499,83";COMPLETED
V-2026-4102;"4/9/2026, 3:06:59 p. m.";Cajero;Cliente 1;108026.26;0;0;0;108026.26;"credito: $108.026,26";COMPLETED
V-2026-4101;"4/9/2026, 3:06:59 p. m.";Cajero;Cliente 1;111293.5;0;0;0;111293.5;"credito: $111.293,5";COMPLETED
V-2026-4100;"4/9/2026, 3:06:59 p. m.";Cajero;Cliente 1;69850.44;0;0;0;69850.44;"credito: $69.850,44";COMPLETED
V-2026-4099;"4/9/2026, 3:06:59 p. m.";Cajero;Cliente 1;146401.14;0;0;0;146401.14;"credito: $146.401,14";COMPLETED
V-2026-4098;"4/9/2026, 3:06:59 p. m.";Cajero;Cliente 1;22318.74;0;0;0;22318.74;"credito: $22.318,74";COMPLETED
V-2026-4097;"4/9/2026, 3:06:59 p. m.";Cajero;Cliente 1;50190.81;0;0;0;50190.81;"credito: $50.190,81";COMPLETED
V-2026-4096;"4/9/2026, 3:06:59 p. m.";Cajero;Cliente 1;15010.64;0;0;0;15010.64;"credito: $15.010,64";COMPLETED
V-2026-4095;"4/9/2026, 3:06:59 p. m.";Cajero;Cliente 1;96814.1;0;0;0;96814.1;"credito: $96.814,1";COMPLETED
V-2026-4094;"4/9/2026, 3:06:59 p. m.";Cajero;Cliente 1;78974.88;0;0;0;78974.88;"credito: $78.974,88";COMPLETED
V-2026-4093;"4/9/2026, 3:06:59 p. m.";Cajero;Cliente 1;12046.56;0;0;0;12046.56;"credito: $12.046,56";COMPLETED
V-2026-4092;"4/9/2026, 3:06:59 p. m.";Cajero;Cliente 1;69684.14;0;0;0;69684.14;"credito: $69.684,14";COMPLETED
V-2026-4091;"4/9/2026, 3:06:59 p. m.";Cajero;Cliente 1;21063.32;0;0;0;21063.32;"credito: $21.063,32";COMPLETED
V-2026-4090;"4/9/2026, 3:06:59 p. m.";Cajero;Cliente 1;22993.78;0;0;0;22993.78;"credito: $22.993,78";COMPLETED
V-2026-4089;"4/9/2026, 3:06:59 p. m.";Cajero;Cliente 1;136062.24;0;0;0;136062.24;"credito: $136.062,24";COMPLETED
V-2026-4088;"4/9/2026, 3:06:59 p. m.";Cajero;Cliente 1;89629.59;0;0;0;89629.59;"credito: $89.629,59";COMPLETED
V-2026-4087;"4/9/2026, 3:06:59 p. m.";Cajero;Cliente 1;147287.7;0;0;0;147287.7;"credito: $147.287,7";COMPLETED
V-2026-4086;"4/9/2026, 3:06:59 p. m.";Cajero;Cliente 1;106490.72;0;0;0;106490.72;"credito: $106.490,72";COMPLETED
V-2026-4085;"4/9/2026, 3:06:59 p. m.";Cajero;Cliente 1;6579.8;0;0;0;6579.8;"credito: $6.579,8";COMPLETED
V-2026-4084;"4/9/2026, 3:06:59 p. m.";Cajero;Cliente 1;121337.56;0;0;0;121337.56;"credito: $121.337,56";COMPLETED
V-2026-4083;"4/9/2026, 3:06:59 p. m.";Cajero;Cliente 1;90570.08;0;0;0;90570.08;"credito: $90.570,08";COMPLETED
V-2026-4082;"4/9/2026, 3:06:59 p. m.";Cajero;Cliente 1;34567.17;0;0;0;34567.17;"credito: $34.567,17";COMPLETED
V-2026-4081;"4/9/2026, 3:06:59 p. m.";Cajero;Cliente 1;79286.38;0;0;0;79286.38;"credito: $79.286,38";COMPLETED
V-2026-4080;"4/9/2026, 3:06:59 p. m.";Cajero;Cliente 1;93181.04;0;0;0;93181.04;"credito: $93.181,04";COMPLETED
V-2026-4079;"4/9/2026, 3:06:59 p. m.";Cajero;Cliente 1;3451.83;0;0;0;3451.83;"credito: $3.451,83";COMPLETED
V-2026-4078;"4/9/2026, 3:06:59 p. m.";Cajero;Cliente 1;186014.44;0;0;0;186014.44;"credito: $186.014,44";COMPLETED
V-2026-4077;"4/9/2026, 3:06:59 p. m.";Cajero;Cliente 1;37746.18;0;0;0;37746.18;"credito: $37.746,18";COMPLETED
V-2026-4076;"4/9/2026, 3:06:59 p. m.";Cajero;Cliente 1;34727.66;0;0;0;34727.66;"credito: $34.727,66";COMPLETED
V-2026-4075;"4/9/2026, 3:06:59 p. m.";Cajero;Cliente 1;42386.13;0;0;0;42386.13;"credito: $42.386,13";COMPLETED
V-2026-4074;"4/9/2026, 3:06:59 p. m.";Cajero;Cliente 1;24718.4;0;0;0;24718.4;"credito: $24.718,4";COMPLETED
V-2026-4073;"4/9/2026, 3:06:59 p. m.";Cajero;Cliente 1;151321.92;0;0;0;151321.92;"credito: $151.321,92";COMPLETED
V-2026-4072;"4/9/2026, 3:06:59 p. m.";Cajero;Cliente 1;15018.43;0;0;0;15018.43;"credito: $15.018,43";COMPLETED
V-2026-4071;"4/9/2026, 3:06:59 p. m.";Cajero;Cliente 1;49182.86;0;0;0;49182.86;"credito: $49.182,86";COMPLETED
V-2026-4070;"4/9/2026, 3:06:59 p. m.";Cajero;Cliente 1;50191.28;0;0;0;50191.28;"credito: $50.191,28";COMPLETED
V-2026-4069;"4/9/2026, 3:06:59 p. m.";Cajero;Cliente 1;143128.94;0;0;0;143128.94;"credito: $143.128,94";COMPLETED
V-2026-4068;"4/9/2026, 3:06:59 p. m.";Cajero;Cliente 1;5911.45;0;0;0;5911.45;"credito: $5.911,45";COMPLETED
V-2026-4067;"4/9/2026, 3:06:59 p. m.";Cajero;Cliente 1;66941.94;0;0;0;66941.94;"credito: $66.941,94";COMPLETED
V-2026-4066;"4/9/2026, 3:06:59 p. m.";Cajero;Cliente 1;55751.08;0;0;0;55751.08;"credito: $55.751,08";COMPLETED
V-2026-4065;"4/9/2026, 3:06:59 p. m.";Cajero;Cliente 1;85988.96;0;0;0;85988.96;"credito: $85.988,96";COMPLETED
V-2026-4064;"4/9/2026, 3:06:59 p. m.";Cajero;Cliente 1;36911.91;0;0;0;36911.91;"credito: $36.911,91";COMPLETED
V-2026-4063;"4/9/2026, 3:06:59 p. m.";Cajero;Cliente 1;36700.92;0;0;0;36700.92;"credito: $36.700,92";COMPLETED
V-2026-4062;"4/9/2026, 3:06:59 p. m.";Cajero;Cliente 1;78949.5;0;0;0;78949.5;"credito: $78.949,5";COMPLETED
V-2026-4061;"4/9/2026, 3:06:59 p. m.";Cajero;Cliente 1;19100.54;0;0;0;19100.54;"credito: $19.100,54";COMPLETED
V-2026-4060;"4/9/2026, 3:06:59 p. m.";Cajero;Cliente 1;42657.74;0;0;0;42657.74;"credito: $42.657,74";COMPLETED
V-2026-4059;"4/9/2026, 3:06:59 p. m.";Cajero;Cliente 1;17053.92;0;0;0;17053.92;"credito: $17.053,92";COMPLETED
V-2026-4058;"4/9/2026, 3:06:59 p. m.";Cajero;Cliente 1;38951.46;0;0;0;38951.46;"credito: $38.951,46";COMPLETED
V-2026-4057;"4/9/2026, 3:06:59 p. m.";Cajero;Cliente 1;89037.11;0;0;0;89037.11;"credito: $89.037,11";COMPLETED
V-2026-4056;"4/9/2026, 3:06:59 p. m.";Cajero;Cliente 1;46254.74;0;0;0;46254.74;"credito: $46.254,74";COMPLETED
V-2026-4055;"4/9/2026, 3:06:59 p. m.";Cajero;Cliente 1;45376.18;0;0;0;45376.18;"credito: $45.376,18";COMPLETED
V-2026-4054;"4/9/2026, 3:06:59 p. m.";Cajero;Cliente 1;62380.68;0;0;0;62380.68;"credito: $62.380,68";COMPLETED
V-2026-4053;"4/9/2026, 3:06:59 p. m.";Cajero;Cliente 1;9443.56;0;0;0;9443.56;"credito: $9.443,56";COMPLETED
V-2026-4052;"4/9/2026, 3:06:59 p. m.";Cajero;Cliente 1;90602.28;0;0;0;90602.28;"credito: $90.602,28";COMPLETED
V-2026-4051;"4/9/2026, 3:06:59 p. m.";Cajero;Cliente 1;4962.96;0;0;0;4962.96;"credito: $4.962,96";COMPLETED
V-2026-4050;"4/9/2026, 3:06:59 p. m.";Cajero;Cliente 1;44680.77;0;0;0;44680.77;"credito: $44.680,77";COMPLETED
V-2026-4049;"4/9/2026, 3:06:59 p. m.";Cajero;Cliente 1;60817.64;0;0;0;60817.64;"credito: $60.817,64";COMPLETED
V-2026-4048;"4/9/2026, 3:06:59 p. m.";Cajero;Cliente 1;80691.54;0;0;0;80691.54;"credito: $80.691,54";COMPLETED
V-2026-4047;"4/9/2026, 3:06:59 p. m.";Cajero;Cliente 1;9202.5;0;0;0;9202.5;"credito: $9.202,5";COMPLETED
V-2026-4046;"4/9/2026, 3:06:59 p. m.";Cajero;Cliente 1;96684.95;0;0;0;96684.95;"credito: $96.684,95";COMPLETED
V-2026-4045;"4/9/2026, 3:06:59 p. m.";Cajero;Cliente 1;7290.05;0;0;0;7290.05;"credito: $7.290,05";COMPLETED
V-2026-4044;"4/9/2026, 3:06:59 p. m.";Cajero;Cliente 1;61511.8;0;0;0;61511.8;"credito: $61.511,8";COMPLETED
V-2026-4043;"4/9/2026, 3:06:59 p. m.";Cajero;Cliente 1;23744.85;0;0;0;23744.85;"credito: $23.744,85";COMPLETED
V-2026-4042;"4/9/2026, 3:06:59 p. m.";Cajero;Cliente 1;20673.84;0;0;0;20673.84;"credito: $20.673,84";COMPLETED
V-2026-4041;"4/9/2026, 3:06:59 p. m.";Cajero;Cliente 1;165704.76;0;0;0;165704.76;"credito: $165.704,76";COMPLETED
V-2026-4040;"4/9/2026, 3:06:59 p. m.";Cajero;Cliente 1;28350.58;0;0;0;28350.58;"credito: $28.350,58";COMPLETED
V-2026-4039;"4/9/2026, 3:06:59 p. m.";Cajero;Cliente 1;31330.29;0;0;0;31330.29;"credito: $31.330,29";COMPLETED
V-2026-4038;"4/9/2026, 3:06:59 p. m.";Cajero;Cliente 1;67120.3;0;0;0;67120.3;"credito: $67.120,3";COMPLETED
V-2026-4037;"4/9/2026, 3:06:59 p. m.";Cajero;Cliente 1;20473.16;0;0;0;20473.16;"credito: $20.473,16";COMPLETED
V-2026-4036;"4/9/2026, 3:06:59 p. m.";Cajero;Cliente 1;34741.84;0;0;0;34741.84;"credito: $34.741,84";COMPLETED
V-2026-4035;"4/9/2026, 3:06:59 p. m.";Cajero;Cliente 1;39278.66;0;0;0;39278.66;"credito: $39.278,66";COMPLETED
V-2026-4034;"4/9/2026, 3:06:59 p. m.";Cajero;Cliente 1;42426.68;0;0;0;42426.68;"credito: $42.426,68";COMPLETED
V-2026-4033;"4/9/2026, 3:06:59 p. m.";Cajero;Cliente 1;3404.27;0;0;0;3404.27;"credito: $3.404,27";COMPLETED
V-2026-4032;"4/9/2026, 3:06:59 p. m.";Cajero;Cliente 1;45344.19;0;0;0;45344.19;"credito: $45.344,19";COMPLETED
V-2026-4031;"4/9/2026, 3:06:59 p. m.";Cajero;Cliente 1;9845.18;0;0;0;9845.18;"credito: $9.845,18";COMPLETED
V-2026-4030;"4/9/2026, 3:06:59 p. m.";Cajero;Cliente 1;47929.48;0;0;0;47929.48;"credito: $47.929,48";COMPLETED
V-2026-4029;"4/9/2026, 3:06:59 p. m.";Cajero;Cliente 1;130262.2;0;0;0;130262.2;"credito: $130.262,2";COMPLETED
V-2026-4028;"4/9/2026, 3:06:59 p. m.";Cajero;Cliente 1;21722.14;0;0;0;21722.14;"credito: $21.722,14";COMPLETED
V-2026-4027;"4/9/2026, 3:06:59 p. m.";Cajero;Cliente 1;16762.21;0;0;0;16762.21;"credito: $16.762,21";COMPLETED
V-2026-4026;"4/9/2026, 3:06:59 p. m.";Cajero;Cliente 1;31712.76;0;0;0;31712.76;"credito: $31.712,76";COMPLETED
V-2026-4025;"4/9/2026, 3:06:59 p. m.";Cajero;Cliente 1;37752.2;0;0;0;37752.2;"credito: $37.752,2";COMPLETED
V-2026-4024;"4/9/2026, 3:06:59 p. m.";Cajero;Cliente 1;10142.25;0;0;0;10142.25;"credito: $10.142,25";COMPLETED
V-2026-4023;"4/9/2026, 3:06:59 p. m.";Cajero;Cliente 1;81518.98;0;0;0;81518.98;"credito: $81.518,98";COMPLETED
V-2026-4022;"4/9/2026, 3:06:59 p. m.";Cajero;Cliente 1;128702.84;0;0;0;128702.84;"credito: $128.702,84";COMPLETED
V-2026-4021;"4/9/2026, 3:06:59 p. m.";Cajero;Cliente 1;10292.6;0;0;0;10292.6;"credito: $10.292,6";COMPLETED
V-2026-4020;"4/9/2026, 3:06:59 p. m.";Cajero;Cliente 1;44755.48;0;0;0;44755.48;"credito: $44.755,48";COMPLETED
V-2026-4019;"4/9/2026, 3:06:59 p. m.";Cajero;Cliente 1;33470.97;0;0;0;33470.97;"credito: $33.470,97";COMPLETED
V-2026-4018;"4/9/2026, 3:06:59 p. m.";Cajero;Cliente 1;4241.88;0;0;0;4241.88;"credito: $4.241,88";COMPLETED
V-2026-4017;"4/9/2026, 3:06:59 p. m.";Cajero;Cliente 1;662.14;0;0;0;662.14;"credito: $662,14";COMPLETED
V-2026-4016;"4/9/2026, 3:06:59 p. m.";Cajero;Cliente 1;16230.7;0;0;0;16230.7;"credito: $16.230,7";COMPLETED
V-2026-4015;"4/9/2026, 3:06:59 p. m.";Cajero;Cliente 1;3323.97;0;0;0;3323.97;"credito: $3.323,97";COMPLETED
V-2026-4014;"4/9/2026, 3:06:59 p. m.";Cajero;Cliente 1;92895.08;0;0;0;92895.08;"credito: $92.895,08";COMPLETED
V-2026-4013;"4/9/2026, 3:06:59 p. m.";Cajero;Cliente 1;47282.76;0;0;0;47282.76;"credito: $47.282,76";COMPLETED
V-2026-4012;"4/9/2026, 3:06:59 p. m.";Cajero;Cliente 1;67440.34;0;0;0;67440.34;"credito: $67.440,34";COMPLETED
V-2026-4011;"4/9/2026, 3:06:59 p. m.";Cajero;Cliente 1;11989.92;0;0;0;11989.92;"credito: $11.989,92";COMPLETED
V-2026-4010;"4/9/2026, 3:06:59 p. m.";Cajero;Cliente 1;73260.96;0;0;0;73260.96;"credito: $73.260,96";COMPLETED
V-2026-4009;"4/9/2026, 3:06:59 p. m.";Cajero;Cliente 1;42891.81;0;0;0;42891.81;"credito: $42.891,81";COMPLETED
V-2026-4008;"4/9/2026, 3:06:59 p. m.";Cajero;Cliente 1;34595.28;0;0;0;34595.28;"credito: $34.595,28";COMPLETED
V-2026-4007;"4/9/2026, 3:06:59 p. m.";Cajero;Cliente 1;49231.66;0;0;0;49231.66;"credito: $49.231,66";COMPLETED
V-2026-4006;"4/9/2026, 3:06:59 p. m.";Cajero;Cliente 1;153001.3;0;0;0;153001.3;"credito: $153.001,3";COMPLETED
V-2026-4005;"4/9/2026, 3:06:59 p. m.";Cajero;Cliente 1;24980.38;0;0;0;24980.38;"credito: $24.980,38";COMPLETED
V-2026-4004;"4/9/2026, 3:06:59 p. m.";Cajero;Cliente 1;32406.77;0;0;0;32406.77;"credito: $32.406,77";COMPLETED
V-2026-4003;"4/9/2026, 3:06:59 p. m.";Cajero;Cliente 1;34081.16;0;0;0;34081.16;"credito: $34.081,16";COMPLETED
V-2026-4002;"4/9/2026, 3:06:59 p. m.";Cajero;Cliente 1;111855.76;0;0;0;111855.76;"credito: $111.855,76";COMPLETED
V-2026-4001;"4/9/2026, 3:06:59 p. m.";Cajero;Cliente 1;50971.62;0;0;0;50971.62;"credito: $50.971,62";COMPLETED
V-2026-4000;"4/9/2026, 3:06:59 p. m.";Cajero;;43788.04;0;11321.07;0;32466.97;"efectivo: $42.466,97";COMPLETED
V-2026-3999;"4/9/2026, 3:06:59 p. m.";Cajero;;71466.18;0;8575.941599999998;0;62890.238399999995;"efectivo: $72.890,238";COMPLETED
V-2026-3998;"4/9/2026, 3:06:59 p. m.";Cajero;;4951.26;0;346.5882;0;4604.6718;"efectivo: $14.604,672";COMPLETED
V-2026-3997;"4/9/2026, 3:06:59 p. m.";Cajero;;8196.2;0;3032.594;0;5163.606000000001;"efectivo: $15.163,606";COMPLETED
V-2026-3996;"4/9/2026, 3:06:59 p. m.";Cajero;;50014.770000000004;0;11140.44;0;38874.33;"efectivo: $48.874,33";COMPLETED
V-2026-3995;"4/9/2026, 3:06:59 p. m.";Cajero;;37974.84;0;5696.226;0;32278.613999999998;"efectivo: $42.278,614";COMPLETED
V-2026-3994;"4/9/2026, 3:06:59 p. m.";Cajero;;27326.78;0;9837.6408;0;17489.139199999998;"efectivo: $27.489,139";COMPLETED
V-2026-3993;"4/9/2026, 3:06:59 p. m.";Cajero;;40817.74;0;2857.2418;0;37960.4982;"efectivo: $47.960,498";COMPLETED
V-2026-3992;"4/9/2026, 3:06:59 p. m.";Cajero;;37730.09;0;18865.045;0;18865.045;"efectivo: $28.865,045";COMPLETED
V-2026-3991;"4/9/2026, 3:06:59 p. m.";Cajero;;674.86;0;150.79;0;524.07;"efectivo: $10.524,07";COMPLETED
V-2026-3990;"4/9/2026, 3:06:59 p. m.";Cajero;;264112.47000000003;0;83889.57;0;180222.90000000002;"efectivo: $190.222,9";COMPLETED
V-2026-3989;"4/9/2026, 3:06:59 p. m.";Cajero;;82576.08;0;37984.9968;0;44591.0832;"efectivo: $54.591,083";COMPLETED
V-2026-3988;"4/9/2026, 3:06:58 p. m.";Cajero;;36062.46;0;9736.8642;0;26325.5958;"efectivo: $36.325,596";COMPLETED
V-2026-3987;"4/9/2026, 3:06:58 p. m.";Cajero;;24677.64;0;740.3292;0;23937.3108;"efectivo: $33.937,311";COMPLETED
V-2026-3986;"4/9/2026, 3:06:58 p. m.";Cajero;;62288.18;0;16704.56;0;45583.619999999995;"efectivo: $55.583,62";COMPLETED
V-2026-3985;"4/9/2026, 3:06:58 p. m.";Cajero;;108418.76999999999;0;15813.81;0;92604.95999999999;"efectivo: $102.604,96";COMPLETED
V-2026-3984;"4/9/2026, 3:06:58 p. m.";Cajero;;86738.46;0;20624.47;0;66113.99;"efectivo: $76.113,99";COMPLETED
V-2026-3983;"4/9/2026, 3:06:58 p. m.";Cajero;;48879.64;0;19343.44;0;29536.2;"efectivo: $39.536,2";COMPLETED
V-2026-3982;"4/9/2026, 3:06:58 p. m.";Cajero;;92698.56;0;12045.86;0;80652.7;"efectivo: $90.652,7";COMPLETED
V-2026-3981;"4/9/2026, 3:06:58 p. m.";Cajero;;15922.79;0;2157.76;0;13765.03;"efectivo: $23.765,03";COMPLETED
V-2026-3980;"4/9/2026, 3:06:58 p. m.";Cajero;;154818.36000000002;0;71216.4456;0;83601.91440000001;"efectivo: $93.601,914";COMPLETED
V-2026-3979;"4/9/2026, 3:06:58 p. m.";Cajero;;87261.88;0;7134.78;0;80127.1;"efectivo: $90.127,1";COMPLETED
V-2026-3978;"4/9/2026, 3:06:58 p. m.";Cajero;;202198.5;0;97055.28;0;105143.22;"efectivo: $115.143,22";COMPLETED
V-2026-3977;"4/9/2026, 3:06:58 p. m.";Cajero;;38662.72;0;1243.69;0;37419.03;"efectivo: $47.419,03";COMPLETED
V-2026-3976;"4/9/2026, 3:06:58 p. m.";Cajero;;75309.08;0;30876.722800000003;0;44432.3572;"efectivo: $54.432,357";COMPLETED
V-2026-3975;"4/9/2026, 3:06:58 p. m.";Cajero;;61612.9;0;5545.161;0;56067.739;"efectivo: $66.067,739";COMPLETED
V-2026-3974;"4/9/2026, 3:06:58 p. m.";Cajero;;44471.32;0;15120.2488;0;29351.0712;"efectivo: $39.351,071";COMPLETED
V-2026-3973;"4/9/2026, 3:06:58 p. m.";Cajero;;70046.16;0;4619.93;0;65426.23;"efectivo: $75.426,23";COMPLETED
V-2026-3972;"4/9/2026, 3:06:58 p. m.";Cajero;;38524.38;0;14407.96;0;24116.42;"efectivo: $34.116,42";COMPLETED
V-2026-3971;"4/9/2026, 3:06:58 p. m.";Cajero;;118929.57;0;11892.957000000002;0;107036.61300000001;"efectivo: $117.036,613";COMPLETED
V-2026-3970;"4/9/2026, 3:06:58 p. m.";Cajero;;105774.48000000001;0;25385.875200000006;0;80388.6048;"efectivo: $90.388,605";COMPLETED
V-2026-3969;"4/9/2026, 3:06:58 p. m.";Cajero;;134042.31;0;28148.8851;0;105893.4249;"efectivo: $115.893,425";COMPLETED
V-2026-3968;"4/9/2026, 3:06:58 p. m.";Cajero;;71051.48;0;26999.5624;0;44051.9176;"efectivo: $54.051,918";COMPLETED
V-2026-3967;"4/9/2026, 3:06:58 p. m.";Cajero;;2184.0299999999997;0;895.4522999999999;0;1288.5776999999998;"efectivo: $11.288,578";COMPLETED
V-2026-3966;"4/9/2026, 3:06:58 p. m.";Cajero;;24595.99;0;3443.4386000000004;0;21152.5514;"efectivo: $31.152,551";COMPLETED
V-2026-3965;"4/9/2026, 3:06:58 p. m.";Cajero;;87811.38;0;36880.7796;0;50930.6004;"efectivo: $60.930,6";COMPLETED
V-2026-3964;"4/9/2026, 3:06:58 p. m.";Cajero;;19748.6;0;4147.206;0;15601.393999999998;"efectivo: $25.601,394";COMPLETED
V-2026-3963;"4/9/2026, 3:06:58 p. m.";Cajero;;10623.14;0;3718.0989999999997;0;6905.040999999999;"efectivo: $16.905,041";COMPLETED
V-2026-3962;"4/9/2026, 3:06:58 p. m.";Cajero;;37761.32;0;4153.7452;0;33607.5748;"efectivo: $43.607,575";COMPLETED
V-2026-3961;"4/9/2026, 3:06:58 p. m.";Cajero;;191919.68;0;95296.75;0;96622.93;"efectivo: $106.622,93";COMPLETED
V-2026-3960;"4/9/2026, 3:06:58 p. m.";Cajero;;30467.71;0;14015.1466;0;16452.5634;"efectivo: $26.452,563";COMPLETED
V-2026-3959;"4/9/2026, 3:06:58 p. m.";Cajero;;21328.87;0;8744.8367;0;12584.0333;"efectivo: $22.584,033";COMPLETED
V-2026-3958;"4/9/2026, 3:06:58 p. m.";Cajero;;12252.3;0;4410.8279999999995;0;7841.472;"efectivo: $17.841,472";COMPLETED
V-2026-3957;"4/9/2026, 3:06:58 p. m.";Cajero;;29117.56;0;291.17560000000003;0;28826.384400000003;"efectivo: $38.826,384";COMPLETED
V-2026-3956;"4/9/2026, 3:06:58 p. m.";Cajero;;172225.56;0;34956.25;0;137269.31;"efectivo: $147.269,31";COMPLETED
V-2026-3955;"4/9/2026, 3:06:58 p. m.";Cajero;;123719.6;0;11685;0;112034.6;"efectivo: $122.034,6";COMPLETED
V-2026-3954;"4/9/2026, 3:06:58 p. m.";Cajero;;92710.62;0;529.47;0;92181.15;"efectivo: $102.181,15";COMPLETED
V-2026-3953;"4/9/2026, 3:06:58 p. m.";Cajero;;70037.98;0;10505.697;0;59532.282999999996;"efectivo: $69.532,283";COMPLETED
V-2026-3952;"4/9/2026, 3:06:58 p. m.";Cajero;;19797.47;0;2826.32;0;16971.15;"efectivo: $26.971,15";COMPLETED
V-2026-3951;"4/9/2026, 3:06:58 p. m.";Cajero;;95004.64;0;35887.86;0;59116.78;"efectivo: $69.116,78";COMPLETED
V-2026-3950;"4/9/2026, 3:06:58 p. m.";Cajero;;104449.8;0;39471.4;0;64978.4;"efectivo: $74.978,4";COMPLETED
V-2026-3949;"4/9/2026, 3:06:58 p. m.";Cajero;;2340.18;0;118.38;0;2221.7999999999997;"efectivo: $12.221,8";COMPLETED
V-2026-3948;"4/9/2026, 3:06:58 p. m.";Cajero;;69722.16;0;12741.79;0;56980.37;"efectivo: $66.980,37";COMPLETED
V-2026-3947;"4/9/2026, 3:06:58 p. m.";Cajero;;4873.69;0;1023.4748999999999;0;3850.2150999999994;"efectivo: $13.850,215";COMPLETED
V-2026-3946;"4/9/2026, 3:06:58 p. m.";Cajero;;253957.83000000002;0;103496.98;0;150460.85000000003;"efectivo: $160.460,85";COMPLETED
V-2026-3945;"4/9/2026, 3:06:58 p. m.";Cajero;;1228.14;0;245.62800000000004;0;982.5120000000001;"efectivo: $10.982,512";COMPLETED
V-2026-3944;"4/9/2026, 3:06:58 p. m.";Cajero;;78345.78;0;37605.9744;0;40739.8056;"efectivo: $50.739,806";COMPLETED
V-2026-3943;"4/9/2026, 3:06:58 p. m.";Cajero;;49141.76;0;23096.627200000003;0;26045.1328;"efectivo: $36.045,133";COMPLETED
V-2026-3942;"4/9/2026, 3:06:58 p. m.";Cajero;;126969.09;0;25393.818;0;101575.272;"efectivo: $111.575,272";COMPLETED
V-2026-3941;"4/9/2026, 3:06:58 p. m.";Cajero;;71962.31999999999;0;16518.32;0;55443.99999999999;efectivo: $65.444;COMPLETED
V-2026-3940;"4/9/2026, 3:06:58 p. m.";Cajero;;99084.12;0;39633.648;0;59450.471999999994;"efectivo: $69.450,472";COMPLETED
V-2026-3939;"4/9/2026, 3:06:58 p. m.";Cajero;;3955.38;0;688.7;0;3266.6800000000003;"efectivo: $13.266,68";COMPLETED
V-2026-3938;"4/9/2026, 3:06:58 p. m.";Cajero;;9922.289999999999;0;3968.9159999999997;0;5953.374;"efectivo: $15.953,374";COMPLETED
V-2026-3937;"4/9/2026, 3:06:58 p. m.";Cajero;;118097.01;0;12262.82;0;105834.19;"efectivo: $115.834,19";COMPLETED
V-2026-3936;"4/9/2026, 3:06:58 p. m.";Cajero;;85265.86;0;11543.18;0;73722.68;"efectivo: $83.722,68";COMPLETED
V-2026-3935;"4/9/2026, 3:06:58 p. m.";Cajero;;42029.74;0;21014.87;0;21014.87;"efectivo: $31.014,87";COMPLETED
V-2026-3934;"4/9/2026, 3:06:58 p. m.";Cajero;;65611.34;0;21896.05;0;43715.28999999999;"efectivo: $53.715,29";COMPLETED
V-2026-3933;"4/9/2026, 3:06:58 p. m.";Cajero;;28721.97;0;12637.6668;0;16084.3032;"efectivo: $26.084,303";COMPLETED
V-2026-3932;"4/9/2026, 3:06:58 p. m.";Cajero;;102884.25;0;32922.96;0;69961.29000000001;"efectivo: $79.961,29";COMPLETED
V-2026-3931;"4/9/2026, 3:06:58 p. m.";Cajero;;158175.57;0;4339.36;0;153836.21000000002;"efectivo: $163.836,21";COMPLETED
V-2026-3930;"4/9/2026, 3:06:58 p. m.";Cajero;;25231.69;0;2307.2;0;22924.489999999998;"efectivo: $32.924,49";COMPLETED
V-2026-3929;"4/9/2026, 3:06:58 p. m.";Cajero;;136305.99;0;8178.359399999999;0;128127.63059999999;"efectivo: $138.127,631";COMPLETED
V-2026-3928;"4/9/2026, 3:06:58 p. m.";Cajero;;136305.99;0;1363.0599;0;134942.9301;"efectivo: $144.942,93";COMPLETED
V-2026-3927;"4/9/2026, 3:06:58 p. m.";Cajero;;103088.01;0;40592.55;0;62495.45999999999;"efectivo: $72.495,46";COMPLETED
V-2026-3926;"4/9/2026, 3:06:58 p. m.";Cajero;;48991.14;0;22046.013;0;26945.127;"efectivo: $36.945,127";COMPLETED
V-2026-3925;"4/9/2026, 3:06:58 p. m.";Cajero;;70790.12;0;10268.55;0;60521.56999999999;"efectivo: $70.521,57";COMPLETED
V-2026-3924;"4/9/2026, 3:06:58 p. m.";Cajero;;11427.08;0;561.11;0;10865.97;"efectivo: $20.865,97";COMPLETED
V-2026-3923;"4/9/2026, 3:06:58 p. m.";Cajero;;142467.24;0;1807.25;0;140659.99;"efectivo: $150.659,99";COMPLETED
V-2026-3922;"4/9/2026, 3:06:58 p. m.";Cajero;;131427.21;0;63085.0608;0;68342.14919999999;"efectivo: $78.342,149";COMPLETED
V-2026-3921;"4/9/2026, 3:06:58 p. m.";Cajero;;33972.08;0;7813.578400000001;0;26158.5016;"efectivo: $36.158,502";COMPLETED
V-2026-3920;"4/9/2026, 3:06:58 p. m.";Cajero;;93344.54999999999;0;22402.691999999995;0;70941.858;"efectivo: $80.941,858";COMPLETED
V-2026-3919;"4/9/2026, 3:06:58 p. m.";Cajero;;138104.04;0;11048.3232;0;127055.71680000001;"efectivo: $137.055,717";COMPLETED
V-2026-3918;"4/9/2026, 3:06:58 p. m.";Cajero;;140050.8;0;7002.54;0;133048.25999999998;"efectivo: $143.048,26";COMPLETED
V-2026-3917;"4/9/2026, 3:06:58 p. m.";Cajero;;53248.38;0;1064.9676;0;52183.4124;"efectivo: $62.183,412";COMPLETED
V-2026-3916;"4/9/2026, 3:06:58 p. m.";Cajero;;31147.82;0;8728.34;0;22419.48;"efectivo: $32.419,48";COMPLETED
V-2026-3915;"4/9/2026, 3:06:58 p. m.";Cajero;;17889.12;0;7513.430399999999;0;10375.6896;"efectivo: $20.375,69";COMPLETED
V-2026-3914;"4/9/2026, 3:06:58 p. m.";Cajero;;256630.52999999997;0;87254.3802;0;169376.14979999996;"efectivo: $179.376,15";COMPLETED
V-2026-3913;"4/9/2026, 3:06:58 p. m.";Cajero;;65346.42;0;20910.8544;0;44435.5656;"efectivo: $54.435,566";COMPLETED
V-2026-3912;"4/9/2026, 3:06:58 p. m.";Cajero;;30424.57;0;3346.7027000000003;0;27077.867299999998;"efectivo: $37.077,867";COMPLETED
V-2026-3911;"4/9/2026, 3:06:58 p. m.";Cajero;;14664.17;0;5719.0263;0;8945.1437;"efectivo: $18.945,144";COMPLETED
V-2026-3910;"4/9/2026, 3:06:58 p. m.";Cajero;;13481.64;0;3235.5935999999997;0;10246.0464;"efectivo: $20.246,046";COMPLETED
V-2026-3909;"4/9/2026, 3:06:58 p. m.";Cajero;;155263.16999999998;0;75755.95;0;79507.21999999999;"efectivo: $89.507,22";COMPLETED
V-2026-3908;"4/9/2026, 3:06:58 p. m.";Cajero;;47242.42;0;11810.605;0;35431.815;"efectivo: $45.431,815";COMPLETED
V-2026-3907;"4/9/2026, 3:06:58 p. m.";Cajero;;83732.54999999999;0;40405.88;0;43326.66999999999;"efectivo: $53.326,67";COMPLETED
V-2026-3906;"4/9/2026, 3:06:58 p. m.";Cajero;;89071.72;0;23991.97;0;65079.75;"efectivo: $75.079,75";COMPLETED
V-2026-3905;"4/9/2026, 3:06:58 p. m.";Cajero;;129796.79999999999;0;42073.28;0;87723.51999999999;"efectivo: $97.723,52";COMPLETED
V-2026-3904;"4/9/2026, 3:06:58 p. m.";Cajero;;83188.02;0;25788.286200000002;0;57399.7338;"efectivo: $67.399,734";COMPLETED
V-2026-3903;"4/9/2026, 3:06:58 p. m.";Cajero;;133798.23;0;53519.292;0;80278.93800000001;"efectivo: $90.278,938";COMPLETED
V-2026-3902;"4/9/2026, 3:06:58 p. m.";Cajero;;28632.52;0;4382.06;0;24250.46;"efectivo: $34.250,46";COMPLETED
V-2026-3901;"4/9/2026, 3:06:58 p. m.";Cajero;;51172.7;0;19445.626;0;31727.073999999997;"efectivo: $41.727,074";COMPLETED
V-2026-3900;"4/9/2026, 3:06:58 p. m.";Cajero;;90630.48;0;3625.2192;0;87005.26079999999;"efectivo: $97.005,261";COMPLETED
V-2026-3899;"4/9/2026, 3:06:58 p. m.";Cajero;;145319.31;0;61980.03;0;83339.28;"efectivo: $93.339,28";COMPLETED
V-2026-3898;"4/9/2026, 3:06:58 p. m.";Cajero;;41828.62;0;2509.7172000000005;0;39318.9028;"efectivo: $49.318,903";COMPLETED
V-2026-3897;"4/9/2026, 3:06:58 p. m.";Cajero;;68036.72;0;12926.976799999999;0;55109.743200000004;"efectivo: $65.109,743";COMPLETED
V-2026-3896;"4/9/2026, 3:06:58 p. m.";Cajero;;11582.17;0;4517.0463;0;7065.1237;"efectivo: $17.065,124";COMPLETED
V-2026-3895;"4/9/2026, 3:06:58 p. m.";Cajero;;42531.600000000006;0;2126.5800000000004;0;40405.020000000004;"efectivo: $50.405,02";COMPLETED
V-2026-3894;"4/9/2026, 3:06:58 p. m.";Cajero;;25759.11;0;12590.43;0;13168.68;"efectivo: $23.168,68";COMPLETED
V-2026-3893;"4/9/2026, 3:06:58 p. m.";Cajero;;73606.53;0;29094.86;0;44511.67;"efectivo: $54.511,67";COMPLETED
V-2026-3892;"4/9/2026, 3:06:58 p. m.";Cajero;;71052.86;0;1421.0572;0;69631.8028;"efectivo: $79.631,803";COMPLETED
V-2026-3891;"4/9/2026, 3:06:58 p. m.";Cajero;;4253.63;0;1318.6253;0;2935.0047000000004;"efectivo: $12.935,005";COMPLETED
V-2026-3890;"4/9/2026, 3:06:58 p. m.";Cajero;;30271.6;0;1816.2959999999998;0;28455.304;"efectivo: $38.455,304";COMPLETED
V-2026-3889;"4/9/2026, 3:06:58 p. m.";Cajero;;99058.26;0;5986.7;0;93071.56;"efectivo: $103.071,56";COMPLETED
V-2026-3888;"4/9/2026, 3:06:58 p. m.";Cajero;;30300.96;0;909.0288;0;29391.9312;"efectivo: $39.391,931";COMPLETED
V-2026-3887;"4/9/2026, 3:06:58 p. m.";Cajero;;157424.22;0;29240.2;0;128184.02;"efectivo: $138.184,02";COMPLETED
V-2026-3886;"4/9/2026, 3:06:58 p. m.";Cajero;;80463.81;0;3218.5524;0;77245.2576;"efectivo: $87.245,258";COMPLETED
V-2026-3885;"4/9/2026, 3:06:58 p. m.";Cajero;;2636.92;0;126.99;0;2509.9300000000003;"efectivo: $12.509,93";COMPLETED
V-2026-3884;"4/9/2026, 3:06:58 p. m.";Cajero;;32816.09;0;11213.19;0;21602.899999999994;"efectivo: $31.602,9";COMPLETED
V-2026-3883;"4/9/2026, 3:06:58 p. m.";Cajero;;246169.56;0;103391.21519999999;0;142778.34480000002;"efectivo: $152.778,345";COMPLETED
V-2026-3882;"4/9/2026, 3:06:58 p. m.";Cajero;;93798.15;0;25325.5005;0;68472.6495;"efectivo: $78.472,65";COMPLETED
V-2026-3881;"4/9/2026, 3:06:58 p. m.";Cajero;;174954.84;0;70236.2;0;104718.64;"efectivo: $114.718,64";COMPLETED
V-2026-3880;"4/9/2026, 3:06:58 p. m.";Cajero;;41375.14;0;2449.47;0;38925.67;"efectivo: $48.925,67";COMPLETED
V-2026-3879;"4/9/2026, 3:06:58 p. m.";Cajero;;39522.39;0;3557.0151;0;35965.3749;"efectivo: $45.965,375";COMPLETED
V-2026-3878;"4/9/2026, 3:06:58 p. m.";Cajero;;29232.96;0;14031.820800000001;0;15201.139199999998;"efectivo: $25.201,139";COMPLETED
V-2026-3877;"4/9/2026, 3:06:58 p. m.";Cajero;;41776.68;0;13046.84;0;28729.84;"efectivo: $38.729,84";COMPLETED
V-2026-3876;"4/9/2026, 3:06:58 p. m.";Cajero;;61625.44;0;15521.95;0;46103.490000000005;"efectivo: $56.103,49";COMPLETED
V-2026-3875;"4/9/2026, 3:06:58 p. m.";Cajero;;13166.89;0;2558.5;0;10608.39;"efectivo: $20.608,39";COMPLETED
V-2026-3874;"4/9/2026, 3:06:58 p. m.";Cajero;;28572.05;0;4880.3;0;23691.75;"efectivo: $33.691,75";COMPLETED
V-2026-3873;"4/9/2026, 3:06:58 p. m.";Cajero;;21821.58;0;1527.5106;0;20294.0694;"efectivo: $30.294,069";COMPLETED
V-2026-3872;"4/9/2026, 3:06:58 p. m.";Cajero;;5302.74;0;159.0822;0;5143.6578;"efectivo: $15.143,658";COMPLETED
V-2026-3871;"4/9/2026, 3:06:58 p. m.";Cajero;;211119.87;0;72982.29;0;138137.58000000002;"efectivo: $148.137,58";COMPLETED
V-2026-3870;"4/9/2026, 3:06:58 p. m.";Cajero;;216537.24;0;36811.3308;0;179725.9092;"efectivo: $189.725,909";COMPLETED
V-2026-3869;"4/9/2026, 3:06:58 p. m.";Cajero;;3300.84;0;132.0336;0;3168.8064;"efectivo: $13.168,806";COMPLETED
V-2026-3868;"4/9/2026, 3:06:58 p. m.";Cajero;;58702.200000000004;0;28264.12;0;30438.080000000005;"efectivo: $40.438,08";COMPLETED
V-2026-3867;"4/9/2026, 3:06:58 p. m.";Cajero;;25115.62;0;1496.81;0;23618.809999999998;"efectivo: $33.618,81";COMPLETED
V-2026-3866;"4/9/2026, 3:06:58 p. m.";Cajero;;25635.08;0;8459.5764;0;17175.503600000004;"efectivo: $27.175,504";COMPLETED
V-2026-3865;"4/9/2026, 3:06:58 p. m.";Cajero;;45178.21;0;15122.33;0;30055.879999999997;"efectivo: $40.055,88";COMPLETED
V-2026-3864;"4/9/2026, 3:06:58 p. m.";Cajero;;49615.96;0;9575.06;0;40040.9;"efectivo: $50.040,9";COMPLETED
V-2026-3863;"4/9/2026, 3:06:58 p. m.";Cajero;;151925.7;0;1519.257;0;150406.443;"efectivo: $160.406,443";COMPLETED
V-2026-3862;"4/9/2026, 3:06:58 p. m.";Cajero;;43072.76;0;12491.100400000001;0;30581.6596;"efectivo: $40.581,66";COMPLETED
V-2026-3861;"4/9/2026, 3:06:58 p. m.";Cajero;;6988.38;0;3171.61;0;3816.77;"efectivo: $13.816,77";COMPLETED
V-2026-3860;"4/9/2026, 3:06:58 p. m.";Cajero;;49244.75;0;9848.95;0;39395.8;"efectivo: $49.395,8";COMPLETED
V-2026-3859;"4/9/2026, 3:06:58 p. m.";Cajero;;59392.41;0;25538.736300000004;0;33853.6737;"efectivo: $43.853,674";COMPLETED
V-2026-3858;"4/9/2026, 3:06:58 p. m.";Cajero;;8408.8;0;2774.9039999999995;0;5633.896;"efectivo: $15.633,896";COMPLETED
V-2026-3857;"4/9/2026, 3:06:58 p. m.";Cajero;;147656.46;0;66158.26;0;81498.2;"efectivo: $91.498,2";COMPLETED
V-2026-3856;"4/9/2026, 3:06:58 p. m.";Cajero;;162993.14;0;11409.5198;0;151583.6202;"efectivo: $161.583,62";COMPLETED
V-2026-3855;"4/9/2026, 3:06:58 p. m.";Cajero;;40088.34;0;16436.219399999998;0;23652.1206;"efectivo: $33.652,121";COMPLETED
V-2026-3854;"4/9/2026, 3:06:58 p. m.";Cajero;;24346.050000000003;0;7060.3545;0;17285.6955;"efectivo: $27.285,696";COMPLETED
V-2026-3853;"4/9/2026, 3:06:58 p. m.";Cajero;;188743.28;0;90596.7744;0;98146.5056;"efectivo: $108.146,506";COMPLETED
V-2026-3852;"4/9/2026, 3:06:58 p. m.";Cajero;;101397.38999999998;0;9125.765099999999;0;92271.62489999998;"efectivo: $102.271,625";COMPLETED
V-2026-3851;"4/9/2026, 3:06:58 p. m.";Cajero;;12411.04;0;3102.76;0;9308.28;"efectivo: $19.308,28";COMPLETED
V-2026-3850;"4/9/2026, 3:06:58 p. m.";Cajero;;266074.58999999997;0;114412.0737;0;151662.51629999996;"efectivo: $161.662,516";COMPLETED
V-2026-3849;"4/9/2026, 3:06:58 p. m.";Cajero;;10622.24;0;5204.8976;0;5417.3423999999995;"efectivo: $15.417,342";COMPLETED
V-2026-3848;"4/9/2026, 3:06:58 p. m.";Cajero;;3240.61;0;478.65;0;2761.96;"efectivo: $12.761,96";COMPLETED
V-2026-3847;"4/9/2026, 3:06:58 p. m.";Cajero;;10142.25;0;406.88;0;9735.37;"efectivo: $19.735,37";COMPLETED
V-2026-3846;"4/9/2026, 3:06:58 p. m.";Cajero;;43108.03;0;16979.09;0;26128.94;"efectivo: $36.128,94";COMPLETED
V-2026-3845;"4/9/2026, 3:06:58 p. m.";Cajero;;36587.66;0;4024.6426;0;32563.017400000004;"efectivo: $42.563,017";COMPLETED
V-2026-3844;"4/9/2026, 3:06:58 p. m.";Cajero;;2714.58;0;464.98;0;2249.6;"efectivo: $12.249,6";COMPLETED
V-2026-3843;"4/9/2026, 3:06:58 p. m.";Cajero;;212569.11;0;55184.09;0;157385.02;"efectivo: $167.385,02";COMPLETED
V-2026-3842;"4/9/2026, 3:06:58 p. m.";Cajero;;50707.41;0;17344.83;0;33362.58;"efectivo: $43.362,58";COMPLETED
V-2026-3841;"4/9/2026, 3:06:58 p. m.";Cajero;;674.34;0;277.41;0;396.93;"efectivo: $10.396,93";COMPLETED
V-2026-3840;"4/9/2026, 3:06:57 p. m.";Cajero;;22864.46;0;9374.4286;0;13490.0314;"efectivo: $23.490,031";COMPLETED
V-2026-3839;"4/9/2026, 3:06:57 p. m.";Cajero;;122268;0;14944.33;0;107323.67;"efectivo: $117.323,67";COMPLETED
V-2026-3838;"4/9/2026, 3:06:57 p. m.";Cajero;;3283.0199999999995;0;626.31;0;2656.7099999999996;"efectivo: $12.656,71";COMPLETED
V-2026-3837;"4/9/2026, 3:06:57 p. m.";Cajero;;32765.72;0;12157.25;0;20608.47;"efectivo: $30.608,47";COMPLETED
V-2026-3836;"4/9/2026, 3:06:57 p. m.";Cajero;;163797.12;0;26207.5392;0;137589.5808;"efectivo: $147.589,581";COMPLETED
V-2026-3835;"4/9/2026, 3:06:57 p. m.";Cajero;;176744.4;0;22976.771999999997;0;153767.628;"efectivo: $163.767,628";COMPLETED
V-2026-3834;"4/9/2026, 3:06:57 p. m.";Cajero;;45563.43;0;4556.343;0;41007.087;"efectivo: $51.007,087";COMPLETED
V-2026-3833;"4/9/2026, 3:06:57 p. m.";Cajero;;165526.41;0;39931.72;0;125594.69;"efectivo: $135.594,69";COMPLETED
V-2026-3832;"4/9/2026, 3:06:57 p. m.";Cajero;;30300.42;0;5151.0714;0;25149.348599999998;"efectivo: $35.149,349";COMPLETED
V-2026-3831;"4/9/2026, 3:06:57 p. m.";Cajero;;82601.03;0;17346.2163;0;65254.8137;"efectivo: $75.254,814";COMPLETED
V-2026-3830;"4/9/2026, 3:06:57 p. m.";Cajero;;78212.3;0;5857.61;0;72354.69;"efectivo: $82.354,69";COMPLETED
V-2026-3829;"4/9/2026, 3:06:57 p. m.";Cajero;;141482.56;0;43859.5936;0;97622.9664;"efectivo: $107.622,966";COMPLETED
V-2026-3828;"4/9/2026, 3:06:57 p. m.";Cajero;;8194.08;0;2867.928;0;5326.152;"efectivo: $15.326,152";COMPLETED
V-2026-3827;"4/9/2026, 3:06:57 p. m.";Cajero;;18442.37;0;4241.745099999999;0;14200.624899999999;"efectivo: $24.200,625";COMPLETED
V-2026-3826;"4/9/2026, 3:06:57 p. m.";Cajero;;71308.17;0;12418.49;0;58889.68;"efectivo: $68.889,68";COMPLETED
V-2026-3825;"4/9/2026, 3:06:57 p. m.";Cajero;;8525.17;0;1086.74;0;7438.43;"efectivo: $17.438,43";COMPLETED
V-2026-3824;"4/9/2026, 3:06:57 p. m.";Cajero;;138916.68;0;44514.22;0;94402.45999999999;"efectivo: $104.402,46";COMPLETED
V-2026-3823;"4/9/2026, 3:06:57 p. m.";Cajero;;29553.18;0;3363.32;0;26189.86;"efectivo: $36.189,86";COMPLETED
V-2026-3822;"4/9/2026, 3:06:57 p. m.";Cajero;;90109.6;0;44153.704000000005;0;45955.896;"efectivo: $55.955,896";COMPLETED
V-2026-3821;"4/9/2026, 3:06:57 p. m.";Cajero;;31043.370000000003;0;2483.4696000000004;0;28559.900400000002;"efectivo: $38.559,9";COMPLETED
V-2026-3820;"4/9/2026, 3:06:57 p. m.";Cajero;;4536.5;0;408.285;0;4128.215;"efectivo: $14.128,215";COMPLETED
V-2026-3819;"4/9/2026, 3:06:57 p. m.";Cajero;;55430.4;0;16629.12;0;38801.28;"efectivo: $48.801,28";COMPLETED
V-2026-3818;"4/9/2026, 3:06:57 p. m.";Cajero;;57377.24;0;23770.16;0;33607.08;"efectivo: $43.607,08";COMPLETED
V-2026-3817;"4/9/2026, 3:06:57 p. m.";Cajero;;89313.03;0;15009;0;74304.03;"efectivo: $84.304,03";COMPLETED
V-2026-3816;"4/9/2026, 3:06:57 p. m.";Cajero;;70471.59;0;11541.15;0;58930.439999999995;"efectivo: $68.930,44";COMPLETED
V-2026-3815;"4/9/2026, 3:06:57 p. m.";Cajero;;276610.98;0;41491.647;0;235119.33299999998;"efectivo: $245.119,333";COMPLETED
V-2026-3814;"4/9/2026, 3:06:57 p. m.";Cajero;;7505.32;0;2852.0215999999996;0;4653.2984;"efectivo: $14.653,298";COMPLETED
V-2026-3813;"4/9/2026, 3:06:57 p. m.";Cajero;;168604.02;0;36281.8;0;132322.21999999997;"efectivo: $142.322,22";COMPLETED
V-2026-3812;"4/9/2026, 3:06:57 p. m.";Cajero;;125195.34;0;43201.13;0;81994.20999999999;"efectivo: $91.994,21";COMPLETED
V-2026-3811;"4/9/2026, 3:06:57 p. m.";Cajero;;36008.01;0;5041.1214;0;30966.888600000002;"efectivo: $40.966,889";COMPLETED
V-2026-3810;"4/9/2026, 3:06:57 p. m.";Cajero;;2863.7;0;400.91799999999995;0;2462.7819999999997;"efectivo: $12.462,782";COMPLETED
V-2026-3809;"4/9/2026, 3:06:57 p. m.";Cajero;;35361.36;0;3182.5224;0;32178.8376;"efectivo: $42.178,838";COMPLETED
V-2026-3808;"4/9/2026, 3:06:57 p. m.";Cajero;;1096.8;0;259.67;0;837.1299999999999;"efectivo: $10.837,13";COMPLETED
V-2026-3807;"4/9/2026, 3:06:57 p. m.";Cajero;;87098.61;0;12193.805400000001;0;74904.8046;"efectivo: $84.904,805";COMPLETED
V-2026-3806;"4/9/2026, 3:06:57 p. m.";Cajero;;36690.31;0;1834.5155;0;34855.794499999996;"efectivo: $44.855,794";COMPLETED
V-2026-3805;"4/9/2026, 3:06:57 p. m.";Cajero;;30148.23;0;11757.8097;0;18390.420299999998;"efectivo: $28.390,42";COMPLETED
V-2026-3804;"4/9/2026, 3:06:57 p. m.";Cajero;;45638.46;0;21906.4608;0;23731.9992;"efectivo: $33.731,999";COMPLETED
V-2026-3803;"4/9/2026, 3:06:57 p. m.";Cajero;;79762.83;0;39881.415;0;39881.415;"efectivo: $49.881,415";COMPLETED
V-2026-3802;"4/9/2026, 3:06:57 p. m.";Cajero;;160015.18;0;68806.52739999999;0;91208.6526;"efectivo: $101.208,653";COMPLETED
V-2026-3801;"4/9/2026, 3:06:57 p. m.";Cajero;;190724.66;0;85826.097;0;104898.56300000001;"efectivo: $114.898,563";COMPLETED
V-2026-3800;"4/9/2026, 3:06:57 p. m.";Cajero;;95937.52;0;38375.008;0;57562.512;"efectivo: $67.562,512";COMPLETED
V-2026-3799;"4/9/2026, 3:06:57 p. m.";Cajero;;28085.26;0;8425.578;0;19659.682;"efectivo: $29.659,682";COMPLETED
V-2026-3798;"4/9/2026, 3:06:57 p. m.";Cajero;;167168.7;0;1671.6870000000001;0;165497.013;"efectivo: $175.497,013";COMPLETED
V-2026-3797;"4/9/2026, 3:06:57 p. m.";Cajero;;16935.21;0;2370.9294;0;14564.280599999998;"efectivo: $24.564,281";COMPLETED
V-2026-3796;"4/9/2026, 3:06:57 p. m.";Cajero;;7386.31;0;715.02;0;6671.290000000001;"efectivo: $16.671,29";COMPLETED
V-2026-3795;"4/9/2026, 3:06:57 p. m.";Cajero;;48338.94;0;17684.47;0;30654.47;"efectivo: $40.654,47";COMPLETED
V-2026-3794;"4/9/2026, 3:06:57 p. m.";Cajero;;245695.68;0;70721.68;0;174974;efectivo: $184.974;COMPLETED
V-2026-3793;"4/9/2026, 3:06:57 p. m.";Cajero;;142110.15000000002;0;46720.35;0;95389.80000000002;"efectivo: $105.389,8";COMPLETED
V-2026-3792;"4/9/2026, 3:06:57 p. m.";Cajero;;23172.55;0;8769.02;0;14403.529999999999;"efectivo: $24.403,53";COMPLETED
V-2026-3791;"4/9/2026, 3:06:57 p. m.";Cajero;;14791.380000000001;0;1479.1380000000001;0;13312.242;"efectivo: $23.312,242";COMPLETED
V-2026-3790;"4/9/2026, 3:06:57 p. m.";Cajero;;72272.62;0;27367.06;0;44905.56;"efectivo: $54.905,56";COMPLETED
V-2026-3789;"4/9/2026, 3:06:57 p. m.";Cajero;;59152.54;0;19520.338200000002;0;39632.201799999995;"efectivo: $49.632,202";COMPLETED
V-2026-3788;"4/9/2026, 3:06:57 p. m.";Cajero;;99819.44;0;24954.86;0;74864.58;"efectivo: $84.864,58";COMPLETED
V-2026-3787;"4/9/2026, 3:06:57 p. m.";Cajero;;20781.48;0;156.04;0;20625.44;"efectivo: $30.625,44";COMPLETED
V-2026-3786;"4/9/2026, 3:06:57 p. m.";Cajero;;35327.48;0;2493.26;0;32834.22;"efectivo: $42.834,22";COMPLETED
V-2026-3785;"4/9/2026, 3:06:57 p. m.";Cajero;;219864.48;0;98978.17;0;120886.31000000001;"efectivo: $130.886,31";COMPLETED
V-2026-3784;"4/9/2026, 3:06:57 p. m.";Cajero;;62082.84;0;30958.2;0;31124.639999999996;"efectivo: $41.124,64";COMPLETED
V-2026-3783;"4/9/2026, 3:06:57 p. m.";Cajero;;32019.39;0;13515.55;0;18503.84;"efectivo: $28.503,84";COMPLETED
V-2026-3782;"4/9/2026, 3:06:57 p. m.";Cajero;;15603.449999999999;0;2443.7;0;13159.75;"efectivo: $23.159,75";COMPLETED
V-2026-3781;"4/9/2026, 3:06:57 p. m.";Cajero;;146530.47;0;68436.11;0;78094.36;"efectivo: $88.094,36";COMPLETED
V-2026-3780;"4/9/2026, 3:06:57 p. m.";Cajero;;62303.82;0;30528.8718;0;31774.9482;"efectivo: $41.774,948";COMPLETED
V-2026-3779;"4/9/2026, 3:06:57 p. m.";Cajero;;93096.04;0;36307.455599999994;0;56788.5844;"efectivo: $66.788,584";COMPLETED
V-2026-3778;"4/9/2026, 3:06:57 p. m.";Cajero;;9195.74;0;2773.13;0;6422.61;"efectivo: $16.422,61";COMPLETED
V-2026-3777;"4/9/2026, 3:06:57 p. m.";Cajero;;87142.02;0;30499.707000000002;0;56642.313;"efectivo: $66.642,313";COMPLETED
V-2026-3776;"4/9/2026, 3:06:57 p. m.";Cajero;;25802.94;0;1801.9;0;24001.039999999997;"efectivo: $34.001,04";COMPLETED
V-2026-3775;"4/9/2026, 3:06:57 p. m.";Cajero;;57934.049999999996;0;11605.5;0;46328.549999999996;"efectivo: $56.328,55";COMPLETED
V-2026-3774;"4/9/2026, 3:06:57 p. m.";Cajero;;18405;0;4601.25;0;13803.75;"efectivo: $23.803,75";COMPLETED
V-2026-3773;"4/9/2026, 3:06:57 p. m.";Cajero;;33799.409999999996;0;8887.04;0;24912.369999999995;"efectivo: $34.912,37";COMPLETED
V-2026-3772;"4/9/2026, 3:06:57 p. m.";Cajero;;8382.53;0;3127.32;0;5255.210000000001;"efectivo: $15.255,21";COMPLETED
V-2026-3771;"4/9/2026, 3:06:57 p. m.";Cajero;;71160.88;0;7827.696800000001;0;63333.18320000001;"efectivo: $73.333,183";COMPLETED
V-2026-3770;"4/9/2026, 3:06:57 p. m.";Cajero;;22578.36;0;7450.8588;0;15127.5012;"efectivo: $25.127,501";COMPLETED
V-2026-3769;"4/9/2026, 3:06:57 p. m.";Cajero;;5429.16;0;1965.62;0;3463.54;"efectivo: $13.463,54";COMPLETED
V-2026-3768;"4/9/2026, 3:06:57 p. m.";Cajero;;75322.66;0;23610.32;0;51712.340000000004;"efectivo: $61.712,34";COMPLETED
V-2026-3767;"4/9/2026, 3:06:57 p. m.";Cajero;;20033.6;0;3643.9;0;16389.699999999997;"efectivo: $26.389,7";COMPLETED
V-2026-3766;"4/9/2026, 3:06:57 p. m.";Cajero;;126959.97;0;48244.7886;0;78715.1814;"efectivo: $88.715,181";COMPLETED
V-2026-3765;"4/9/2026, 3:06:57 p. m.";Cajero;;6195.6;0;2187.7;0;4007.9000000000005;"efectivo: $14.007,9";COMPLETED
V-2026-3764;"4/9/2026, 3:06:57 p. m.";Cajero;;61066.94;0;14045.396200000001;0;47021.5438;"efectivo: $57.021,544";COMPLETED
V-2026-3763;"4/9/2026, 3:06:57 p. m.";Cajero;;17357.03;0;347.14059999999995;0;17009.8894;"efectivo: $27.009,889";COMPLETED
V-2026-3762;"4/9/2026, 3:06:57 p. m.";Cajero;;26849.34;0;9934.255799999999;0;16915.0842;"efectivo: $26.915,084";COMPLETED
V-2026-3761;"4/9/2026, 3:06:57 p. m.";Cajero;;97321.74;0;3892.8696;0;93428.8704;"efectivo: $103.428,87";COMPLETED
V-2026-3760;"4/9/2026, 3:06:57 p. m.";Cajero;;18132.510000000002;0;4082.82;0;14049.690000000002;"efectivo: $24.049,69";COMPLETED
V-2026-3759;"4/9/2026, 3:06:57 p. m.";Cajero;;59721.5;0;27899.59;0;31821.91;"efectivo: $41.821,91";COMPLETED
V-2026-3758;"4/9/2026, 3:06:57 p. m.";Cajero;;182378.04;0;5471.3412;0;176906.6988;"efectivo: $186.906,699";COMPLETED
V-2026-3757;"4/9/2026, 3:06:57 p. m.";Cajero;;278322.51;0;44531.6016;0;233790.90840000001;"efectivo: $243.790,908";COMPLETED
V-2026-3756;"4/9/2026, 3:06:57 p. m.";Cajero;;58727.04;0;20554.464;0;38172.576;"efectivo: $48.172,576";COMPLETED
V-2026-3755;"4/9/2026, 3:06:57 p. m.";Cajero;;12375.96;0;2475.192;0;9900.768;"efectivo: $19.900,768";COMPLETED
V-2026-3754;"4/9/2026, 3:06:57 p. m.";Cajero;;194936.82;0;13645.5774;0;181291.2426;"efectivo: $191.291,243";COMPLETED
V-2026-3753;"4/9/2026, 3:06:57 p. m.";Cajero;;36589.06;0;5854.249599999999;0;30734.8104;"efectivo: $40.734,81";COMPLETED
V-2026-3752;"4/9/2026, 3:06:57 p. m.";Cajero;;23922.52;0;5262.9544000000005;0;18659.5656;"efectivo: $28.659,566";COMPLETED
V-2026-3751;"4/9/2026, 3:06:57 p. m.";Cajero;;90881.94;0;26355.762600000002;0;64526.1774;"efectivo: $74.526,177";COMPLETED
V-2026-3750;"4/9/2026, 3:06:57 p. m.";Cajero;;49776.38;0;10012.04;0;39764.34;"efectivo: $49.764,34";COMPLETED
V-2026-3749;"4/9/2026, 3:06:57 p. m.";Cajero;;64686.36;0;32343.18;0;32343.18;"efectivo: $42.343,18";COMPLETED
V-2026-3748;"4/9/2026, 3:06:57 p. m.";Cajero;;88626.82;0;3545.0728000000004;0;85081.74720000001;"efectivo: $95.081,747";COMPLETED
V-2026-3747;"4/9/2026, 3:06:57 p. m.";Cajero;;126434.58;0;56460.58;0;69974;efectivo: $79.974;COMPLETED
V-2026-3746;"4/9/2026, 3:06:57 p. m.";Cajero;;132270.33000000002;0;7754.66;0;124515.67000000001;"efectivo: $134.515,67";COMPLETED
V-2026-3745;"4/9/2026, 3:06:57 p. m.";Cajero;;12423.54;0;4969.416;0;7454.124000000001;"efectivo: $17.454,124";COMPLETED
V-2026-3744;"4/9/2026, 3:06:57 p. m.";Cajero;;31352.36;0;11856.91;0;19495.45;"efectivo: $29.495,45";COMPLETED
V-2026-3743;"4/9/2026, 3:06:57 p. m.";Cajero;;281845.23;0;104282.73509999999;0;177562.4949;"efectivo: $187.562,495";COMPLETED
V-2026-3742;"4/9/2026, 3:06:57 p. m.";Cajero;;13210.26;0;1717.3338;0;11492.9262;"efectivo: $21.492,926";COMPLETED
V-2026-3741;"4/9/2026, 3:06:57 p. m.";Cajero;;90630.48;0;31720.667999999998;0;58909.812;"efectivo: $68.909,812";COMPLETED
V-2026-3740;"4/9/2026, 3:06:57 p. m.";Cajero;;9231.86;0;2436.87;0;6794.990000000001;"efectivo: $16.794,99";COMPLETED
V-2026-3739;"4/9/2026, 3:06:57 p. m.";Cajero;;61077.84;0;15133.66;0;45944.17999999999;"efectivo: $55.944,18";COMPLETED
V-2026-3738;"4/9/2026, 3:06:57 p. m.";Cajero;;6949.35;0;972.9090000000001;0;5976.441000000001;"efectivo: $15.976,441";COMPLETED
V-2026-3737;"4/9/2026, 3:06:57 p. m.";Cajero;;28842.42;0;7876.27;0;20966.149999999998;"efectivo: $30.966,15";COMPLETED
V-2026-3736;"4/9/2026, 3:06:57 p. m.";Cajero;;71840.79;0;16611.01;0;55229.78;"efectivo: $65.229,78";COMPLETED
V-2026-3735;"4/9/2026, 3:06:57 p. m.";Cajero;;50109.08;0;20948.04;0;29161.04;"efectivo: $39.161,04";COMPLETED
V-2026-3734;"4/9/2026, 3:06:57 p. m.";Cajero;;44190.48;0;9721.9056;0;34468.574400000005;"efectivo: $44.468,574";COMPLETED
V-2026-3733;"4/9/2026, 3:06:57 p. m.";Cajero;;130060.44;0;27312.692400000004;0;102747.7476;"efectivo: $112.747,748";COMPLETED
V-2026-3732;"4/9/2026, 3:06:57 p. m.";Cajero;;70530.38;0;7303.66;0;63226.72;"efectivo: $73.226,72";COMPLETED
V-2026-3731;"4/9/2026, 3:06:57 p. m.";Cajero;;37625.51;0;13921.4387;0;23704.071300000003;"efectivo: $33.704,071";COMPLETED
V-2026-3730;"4/9/2026, 3:06:57 p. m.";Cajero;;128120.31;0;52529.3271;0;75590.9829;"efectivo: $85.590,983";COMPLETED
V-2026-3729;"4/9/2026, 3:06:57 p. m.";Cajero;;86494.14;0;29569.49;0;56924.649999999994;"efectivo: $66.924,65";COMPLETED
V-2026-3728;"4/9/2026, 3:06:57 p. m.";Cajero;;45478.76;0;13271.58;0;32207.18;"efectivo: $42.207,18";COMPLETED
V-2026-3727;"4/9/2026, 3:06:57 p. m.";Cajero;;71358.9;0;27164.82;0;44194.079999999994;"efectivo: $54.194,08";COMPLETED
V-2026-3726;"4/9/2026, 3:06:57 p. m.";Cajero;;117748.54;0;24545.43;0;93203.10999999999;"efectivo: $103.203,11";COMPLETED
V-2026-3725;"4/9/2026, 3:06:57 p. m.";Cajero;;42382.52;0;847.6504;0;41534.8696;"efectivo: $51.534,87";COMPLETED
V-2026-3724;"4/9/2026, 3:06:57 p. m.";Cajero;;45048.93;0;6757.339499999999;0;38291.5905;"efectivo: $48.291,591";COMPLETED
V-2026-3723;"4/9/2026, 3:06:57 p. m.";Cajero;;45727.73;0;3690.74;0;42036.990000000005;"efectivo: $52.036,99";COMPLETED
V-2026-3722;"4/9/2026, 3:06:57 p. m.";Cajero;;37787.07;0;136.19;0;37650.88;"efectivo: $47.650,88";COMPLETED
V-2026-3721;"4/9/2026, 3:06:57 p. m.";Cajero;;32439.68;0;973.1904000000001;0;31466.4896;"efectivo: $41.466,49";COMPLETED
V-2026-3720;"4/9/2026, 3:06:57 p. m.";Cajero;;36085.88;0;7578.034799999999;0;28507.845199999996;"efectivo: $38.507,845";COMPLETED
V-2026-3719;"4/9/2026, 3:06:57 p. m.";Cajero;;31635.06;0;8541.4662;0;23093.593800000002;"efectivo: $33.093,594";COMPLETED
V-2026-3718;"4/9/2026, 3:06:57 p. m.";Cajero;;1485.23;0;550.12;0;935.11;"efectivo: $10.935,11";COMPLETED
V-2026-3717;"4/9/2026, 3:06:57 p. m.";Cajero;;152808.2;0;65741.52;0;87066.68000000001;"efectivo: $97.066,68";COMPLETED
V-2026-3716;"4/9/2026, 3:06:57 p. m.";Cajero;;2113.74;0;42.2748;0;2071.4651999999996;"efectivo: $12.071,465";COMPLETED
V-2026-3715;"4/9/2026, 3:06:57 p. m.";Cajero;;64506.56;0;13562.98;0;50943.58;"efectivo: $60.943,58";COMPLETED
V-2026-3714;"4/9/2026, 3:06:57 p. m.";Cajero;;47163.86;0;6131.3018;0;41032.5582;"efectivo: $51.032,558";COMPLETED
V-2026-3713;"4/9/2026, 3:06:57 p. m.";Cajero;;41799.52;0;15452.29;0;26347.229999999996;"efectivo: $36.347,23";COMPLETED
V-2026-3712;"4/9/2026, 3:06:57 p. m.";Cajero;;126165.81;0;40822.79;0;85343.01999999999;"efectivo: $95.343,02";COMPLETED
V-2026-3711;"4/9/2026, 3:06:57 p. m.";Cajero;;21731.1;0;3042.354;0;18688.746;"efectivo: $28.688,746";COMPLETED
V-2026-3710;"4/9/2026, 3:06:57 p. m.";Cajero;;44279.8;0;7164.33;0;37115.47;"efectivo: $47.115,47";COMPLETED
V-2026-3709;"4/9/2026, 3:06:57 p. m.";Cajero;;66892.39;0;14315.25;0;52577.14;"efectivo: $62.577,14";COMPLETED
V-2026-3708;"4/9/2026, 3:06:57 p. m.";Cajero;;130847.06;0;52725.46;0;78121.6;"efectivo: $88.121,6";COMPLETED
V-2026-3707;"4/9/2026, 3:06:57 p. m.";Cajero;;132056.58;0;11825.85;0;120230.72999999998;"efectivo: $130.230,73";COMPLETED
V-2026-3706;"4/9/2026, 3:06:57 p. m.";Cajero;;37757.13;0;2960.72;0;34796.409999999996;"efectivo: $44.796,41";COMPLETED
V-2026-3705;"4/9/2026, 3:06:57 p. m.";Cajero;;65700.06;0;30922.48;0;34777.58;"efectivo: $44.777,58";COMPLETED
V-2026-3704;"4/9/2026, 3:06:56 p. m.";Cajero;;176240.5;0;65878.94;0;110361.56;"efectivo: $120.361,56";COMPLETED
V-2026-3703;"4/9/2026, 3:06:56 p. m.";Cajero;;38530.26;0;11173.7754;0;27356.484600000003;"efectivo: $37.356,485";COMPLETED
V-2026-3702;"4/9/2026, 3:06:56 p. m.";Cajero;;24049.09;0;7455.217900000001;0;16593.8721;"efectivo: $26.593,872";COMPLETED
V-2026-3701;"4/9/2026, 3:06:56 p. m.";Cajero;;81406.26;0;12621.31;0;68784.95;"efectivo: $78.784,95";COMPLETED
V-2026-3700;"4/9/2026, 3:06:56 p. m.";Cajero;;9697.94;0;3218.22;0;6479.720000000001;"efectivo: $16.479,72";COMPLETED
V-2026-3699;"4/9/2026, 3:06:56 p. m.";Cajero;;36801.07;0;4048.1177000000002;0;32752.9523;"efectivo: $42.752,952";COMPLETED
V-2026-3698;"4/9/2026, 3:06:56 p. m.";Cajero;;48916.78;0;23480.0544;0;25436.725599999998;"efectivo: $35.436,726";COMPLETED
V-2026-3697;"4/9/2026, 3:06:56 p. m.";Cajero;;28387.739999999998;0;5655.94;0;22731.8;"efectivo: $32.731,8";COMPLETED
V-2026-3696;"4/9/2026, 3:06:56 p. m.";Cajero;;39517.53;0;3161.4024;0;36356.1276;"efectivo: $46.356,128";COMPLETED
V-2026-3695;"4/9/2026, 3:06:56 p. m.";Cajero;;99385;0;7905.54;0;91479.46;"efectivo: $101.479,46";COMPLETED
V-2026-3694;"4/9/2026, 3:06:56 p. m.";Cajero;;118952.52;0;34712.62;0;84239.9;"efectivo: $94.239,9";COMPLETED
V-2026-3693;"4/9/2026, 3:06:56 p. m.";Cajero;;26594.64;0;9308.124;0;17286.516;"efectivo: $27.286,516";COMPLETED
V-2026-3692;"4/9/2026, 3:06:56 p. m.";Cajero;;114375.03;0;9150.0024;0;105225.0276;"efectivo: $115.225,028";COMPLETED
V-2026-3691;"4/9/2026, 3:06:56 p. m.";Cajero;;14113.9;0;2049.9;0;12064;efectivo: $22.064;COMPLETED
V-2026-3690;"4/9/2026, 3:06:56 p. m.";Cajero;;50795.700000000004;0;14222.796;0;36572.904;"efectivo: $46.572,904";COMPLETED
V-2026-3689;"4/9/2026, 3:06:56 p. m.";Cajero;;57826.59;0;24287.1678;0;33539.4222;"efectivo: $43.539,422";COMPLETED
V-2026-3688;"4/9/2026, 3:06:56 p. m.";Cajero;;51177.14;0;20470.856;0;30706.284;"efectivo: $40.706,284";COMPLETED
V-2026-3687;"4/9/2026, 3:06:56 p. m.";Cajero;;70037.98;0;14906.29;0;55131.689999999995;"efectivo: $65.131,69";COMPLETED
V-2026-3686;"4/9/2026, 3:06:56 p. m.";Cajero;;61129.32;0;5738.38;0;55390.94;"efectivo: $65.390,94";COMPLETED
V-2026-3685;"4/9/2026, 3:06:56 p. m.";Cajero;;77096.36;0;21190.83;0;55905.53;"efectivo: $65.905,53";COMPLETED
V-2026-3684;"4/9/2026, 3:06:56 p. m.";Cajero;;16991.96;0;6134.34;0;10857.619999999999;"efectivo: $20.857,62";COMPLETED
V-2026-3683;"4/9/2026, 3:06:56 p. m.";Cajero;;9542.25;0;211.54;0;9330.71;"efectivo: $19.330,71";COMPLETED
V-2026-3682;"4/9/2026, 3:06:56 p. m.";Cajero;;227729.07;0;63701.07;0;164028;efectivo: $174.028;COMPLETED
V-2026-3681;"4/9/2026, 3:06:56 p. m.";Cajero;;33770.95;0;2254.75;0;31516.199999999997;"efectivo: $41.516,2";COMPLETED
V-2026-3680;"4/9/2026, 3:06:56 p. m.";Cajero;;79306.92;0;15068.3148;0;64238.6052;"efectivo: $74.238,605";COMPLETED
V-2026-3679;"4/9/2026, 3:06:56 p. m.";Cajero;;103628.94;0;6217.7364;0;97411.20360000001;"efectivo: $107.411,204";COMPLETED
V-2026-3678;"4/9/2026, 3:06:56 p. m.";Cajero;;58151.42;0;6624.79;0;51526.63;"efectivo: $61.526,63";COMPLETED
V-2026-3677;"4/9/2026, 3:06:56 p. m.";Cajero;;19395.88;0;5430.8464;0;13965.0336;"efectivo: $23.965,034";COMPLETED
V-2026-3676;"4/9/2026, 3:06:56 p. m.";Cajero;;4282.41;0;1712.964;0;2569.446;"efectivo: $12.569,446";COMPLETED
V-2026-3675;"4/9/2026, 3:06:56 p. m.";Cajero;;93922.08;0;42735.51;0;51186.57;"efectivo: $61.186,57";COMPLETED
V-2026-3674;"4/9/2026, 3:06:56 p. m.";Cajero;;16561.75;0;6135.4;0;10426.35;"efectivo: $20.426,35";COMPLETED
V-2026-3673;"4/9/2026, 3:06:56 p. m.";Cajero;;164940.92;0;41469.39;0;123471.53000000001;"efectivo: $133.471,53";COMPLETED
V-2026-3672;"4/9/2026, 3:06:56 p. m.";Cajero;;115685.88;0;35862.622800000005;0;79823.2572;"efectivo: $89.823,257";COMPLETED
V-2026-3671;"4/9/2026, 3:06:56 p. m.";Cajero;;93312;0;41990.4;0;51321.6;"efectivo: $61.321,6";COMPLETED
V-2026-3670;"4/9/2026, 3:06:56 p. m.";Cajero;;9874.3;0;4121.19;0;5753.11;"efectivo: $15.753,11";COMPLETED
V-2026-3669;"4/9/2026, 3:06:56 p. m.";Cajero;;49731.56;0;19395.308399999998;0;30336.2516;"efectivo: $40.336,252";COMPLETED
V-2026-3668;"4/9/2026, 3:06:56 p. m.";Cajero;;73795.56;0;14826.81;0;58968.75;"efectivo: $68.968,75";COMPLETED
V-2026-3667;"4/9/2026, 3:06:56 p. m.";Cajero;;33781.68;0;6926.32;0;26855.36;"efectivo: $36.855,36";COMPLETED
V-2026-3666;"4/9/2026, 3:06:56 p. m.";Cajero;;2671.38;0;113.63;0;2557.75;"efectivo: $12.557,75";COMPLETED
V-2026-3665;"4/9/2026, 3:06:56 p. m.";Cajero;;38041.08;0;7227.8052;0;30813.274800000003;"efectivo: $40.813,275";COMPLETED
V-2026-3664;"4/9/2026, 3:06:56 p. m.";Cajero;;35994.18;0;15837.439199999999;0;20156.7408;"efectivo: $30.156,741";COMPLETED
V-2026-3663;"4/9/2026, 3:06:56 p. m.";Cajero;;66812.56;0;10690.0096;0;56122.5504;"efectivo: $66.122,55";COMPLETED
V-2026-3662;"4/9/2026, 3:06:56 p. m.";Cajero;;6741.93;0;606.7737000000001;0;6135.156300000001;"efectivo: $16.135,156";COMPLETED
V-2026-3661;"4/9/2026, 3:06:56 p. m.";Cajero;;6362.82;0;3181.41;0;3181.41;"efectivo: $13.181,41";COMPLETED
V-2026-3660;"4/9/2026, 3:06:56 p. m.";Cajero;;49084.18;0;21106.1974;0;27977.9826;"efectivo: $37.977,983";COMPLETED
V-2026-3659;"4/9/2026, 3:06:56 p. m.";Cajero;;33944.69;0;15516.2;0;18428.49;"efectivo: $28.428,49";COMPLETED
V-2026-3658;"4/9/2026, 3:06:56 p. m.";Cajero;;93594.31;0;36245.53;0;57348.78;"efectivo: $67.348,78";COMPLETED
V-2026-3657;"4/9/2026, 3:06:56 p. m.";Cajero;;238388.13;0;54829.2699;0;183558.8601;"efectivo: $193.558,86";COMPLETED
V-2026-3656;"4/9/2026, 3:06:56 p. m.";Cajero;;34160.18;0;4835.36;0;29324.82;"efectivo: $39.324,82";COMPLETED
V-2026-3655;"4/9/2026, 3:06:56 p. m.";Cajero;;50719.88;0;4057.5903999999996;0;46662.2896;"efectivo: $56.662,29";COMPLETED
V-2026-3654;"4/9/2026, 3:06:56 p. m.";Cajero;;15258.06;0;6713.5464;0;8544.513599999998;"efectivo: $18.544,514";COMPLETED
V-2026-3653;"4/9/2026, 3:06:56 p. m.";Cajero;;86447.29;0;32192.55;0;54254.73999999999;"efectivo: $64.254,74";COMPLETED
V-2026-3652;"4/9/2026, 3:06:56 p. m.";Cajero;;56520.06;0;17521.2186;0;38998.8414;"efectivo: $48.998,841";COMPLETED
V-2026-3651;"4/9/2026, 3:06:56 p. m.";Cajero;;73398.24;0;35324.84;0;38073.40000000001;"efectivo: $48.073,4";COMPLETED
V-2026-3650;"4/9/2026, 3:06:56 p. m.";Cajero;;110295.84;0;41766.74;0;68529.1;"efectivo: $78.529,1";COMPLETED
V-2026-3649;"4/9/2026, 3:06:56 p. m.";Cajero;;119947.76;0;33378.77;0;86568.98999999999;"efectivo: $96.568,99";COMPLETED
V-2026-3648;"4/9/2026, 3:06:56 p. m.";Cajero;;77066.67;0;12304.88;0;64761.79;"efectivo: $74.761,79";COMPLETED
V-2026-3647;"4/9/2026, 3:06:56 p. m.";Cajero;;101346.59999999999;0;6080.795999999999;0;95265.80399999999;"efectivo: $105.265,804";COMPLETED
V-2026-3646;"4/9/2026, 3:06:56 p. m.";Cajero;;8811.65;0;1860.35;0;6951.299999999999;"efectivo: $16.951,3";COMPLETED
V-2026-3645;"4/9/2026, 3:06:56 p. m.";Cajero;;167371.13999999998;0;46305.74;0;121065.4;"efectivo: $131.065,4";COMPLETED
V-2026-3644;"4/9/2026, 3:06:56 p. m.";Cajero;;172092;0;25813.8;0;146278.2;"efectivo: $156.278,2";COMPLETED
V-2026-3643;"4/9/2026, 3:06:56 p. m.";Cajero;;155900.34;0;57683.1258;0;98217.21419999999;"efectivo: $108.217,214";COMPLETED
V-2026-3642;"4/9/2026, 3:06:56 p. m.";Cajero;;809.25;0;328.93;0;480.32;"efectivo: $10.480,32";COMPLETED
V-2026-3641;"4/9/2026, 3:06:56 p. m.";Cajero;;24532.16;0;4225.09;0;20307.07;"efectivo: $30.307,07";COMPLETED
V-2026-3640;"4/9/2026, 3:06:56 p. m.";Cajero;;93895.23;0;26290.664399999998;0;67604.5656;"efectivo: $77.604,566";COMPLETED
V-2026-3639;"4/9/2026, 3:06:56 p. m.";Cajero;;90500.24;0;33650.82;0;56849.420000000006;"efectivo: $66.849,42";COMPLETED
V-2026-3638;"4/9/2026, 3:06:56 p. m.";Cajero;;11617.18;0;3657.72;0;7959.460000000001;"efectivo: $17.959,46";COMPLETED
V-2026-3637;"4/9/2026, 3:06:56 p. m.";Cajero;;92710.62;0;43409.89;0;49300.729999999996;"efectivo: $59.300,73";COMPLETED
V-2026-3636;"4/9/2026, 3:06:56 p. m.";Cajero;;284195.94;0;14209.796999999999;0;269986.143;"efectivo: $279.986,143";COMPLETED
V-2026-3635;"4/9/2026, 3:06:56 p. m.";Cajero;;84859.12;0;33095.0568;0;51764.0632;"efectivo: $61.764,063";COMPLETED
V-2026-3634;"4/9/2026, 3:06:56 p. m.";Cajero;;111830.45999999999;0;22874.18;0;88956.28;"efectivo: $98.956,28";COMPLETED
V-2026-3633;"4/9/2026, 3:06:56 p. m.";Cajero;;13847.79;0;216.73;0;13631.060000000001;"efectivo: $23.631,06";COMPLETED
V-2026-3632;"4/9/2026, 3:06:56 p. m.";Cajero;;34515.02;0;1380.6008;0;33134.4192;"efectivo: $43.134,419";COMPLETED
V-2026-3631;"4/9/2026, 3:06:56 p. m.";Cajero;;45445.53;0;21295.87;0;24149.66;"efectivo: $34.149,66";COMPLETED
V-2026-3630;"4/9/2026, 3:06:56 p. m.";Cajero;;123951.75;0;57017.805;0;66933.945;"efectivo: $76.933,945";COMPLETED
V-2026-3629;"4/9/2026, 3:06:56 p. m.";Cajero;;5946.53;0;909.96;0;5036.57;"efectivo: $15.036,57";COMPLETED
V-2026-3628;"4/9/2026, 3:06:56 p. m.";Cajero;;14073.7;0;3096.2140000000004;0;10977.486;"efectivo: $20.977,486";COMPLETED
V-2026-3627;"4/9/2026, 3:06:56 p. m.";Cajero;;39873.38;0;4206.31;0;35667.07;"efectivo: $45.667,07";COMPLETED
V-2026-3626;"4/9/2026, 3:06:56 p. m.";Cajero;;48034.98;0;21615.741;0;26419.239;"efectivo: $36.419,239";COMPLETED
V-2026-3625;"4/9/2026, 3:06:56 p. m.";Cajero;;6374.73;0;2589.16;0;3785.5699999999997;"efectivo: $13.785,57";COMPLETED
V-2026-3624;"4/9/2026, 3:06:56 p. m.";Cajero;;173187.12;0;53942.98;0;119244.13999999998;"efectivo: $129.244,14";COMPLETED
V-2026-3623;"4/9/2026, 3:06:56 p. m.";Cajero;;9520.38;0;1904.0759999999998;0;7616.303999999999;"efectivo: $17.616,304";COMPLETED
V-2026-3622;"4/9/2026, 3:06:56 p. m.";Cajero;;2582.61;0;464.86980000000005;0;2117.7402;"efectivo: $12.117,74";COMPLETED
V-2026-3621;"4/9/2026, 3:06:56 p. m.";Cajero;;21659.44;0;9773.03;0;11886.409999999998;"efectivo: $21.886,41";COMPLETED
V-2026-3620;"4/9/2026, 3:06:56 p. m.";Cajero;;128467.56;0;54380.55;0;74087.01;"efectivo: $84.087,01";COMPLETED
V-2026-3619;"4/9/2026, 3:06:56 p. m.";Cajero;;72365.96;0;5789.276800000001;0;66576.6832;"efectivo: $76.576,683";COMPLETED
V-2026-3618;"4/9/2026, 3:06:56 p. m.";Cajero;;107984.86;0;7980.79;0;100004.07;"efectivo: $110.004,07";COMPLETED
V-2026-3617;"4/9/2026, 3:06:56 p. m.";Cajero;;58914.78;0;23248.31;0;35666.47;"efectivo: $45.666,47";COMPLETED
V-2026-3616;"4/9/2026, 3:06:56 p. m.";Cajero;;33470.97;0;7028.9037;0;26442.066300000002;"efectivo: $36.442,066";COMPLETED
V-2026-3615;"4/9/2026, 3:06:56 p. m.";Cajero;;39920.98;0;16054.6;0;23866.380000000005;"efectivo: $33.866,38";COMPLETED
V-2026-3614;"4/9/2026, 3:06:56 p. m.";Cajero;;33025.6;0;14625.04;0;18400.559999999998;"efectivo: $28.400,56";COMPLETED
V-2026-3613;"4/9/2026, 3:06:56 p. m.";Cajero;;31010.760000000002;0;7442.5824;0;23568.177600000003;"efectivo: $33.568,178";COMPLETED
V-2026-3612;"4/9/2026, 3:06:56 p. m.";Cajero;;13874.36;0;341.29;0;13533.07;"efectivo: $23.533,07";COMPLETED
V-2026-3611;"4/9/2026, 3:06:56 p. m.";Cajero;;48178.7;0;19753.267;0;28425.432999999997;"efectivo: $38.425,433";COMPLETED
V-2026-3610;"4/9/2026, 3:06:56 p. m.";Cajero;;86521.76;0;2503.45;0;84018.31;"efectivo: $94.018,31";COMPLETED
V-2026-3609;"4/9/2026, 3:06:56 p. m.";Cajero;;150174.52;0;45052.356;0;105122.16399999999;"efectivo: $115.122,164";COMPLETED
V-2026-3608;"4/9/2026, 3:06:56 p. m.";Cajero;;130554.58;0;52221.832;0;78332.74799999999;"efectivo: $88.332,748";COMPLETED
V-2026-3607;"4/9/2026, 3:06:56 p. m.";Cajero;;81071.08;0;28543.34;0;52527.740000000005;"efectivo: $62.527,74";COMPLETED
V-2026-3606;"4/9/2026, 3:06:56 p. m.";Cajero;;82509.34;0;22773.01;0;59736.33;"efectivo: $69.736,33";COMPLETED
V-2026-3605;"4/9/2026, 3:06:56 p. m.";Cajero;;18591.15;0;348.18;0;18242.97;"efectivo: $28.242,97";COMPLETED
V-2026-3604;"4/9/2026, 3:06:56 p. m.";Cajero;;51460.96;0;9214.77;0;42246.19;"efectivo: $52.246,19";COMPLETED
V-2026-3603;"4/9/2026, 3:06:56 p. m.";Cajero;;56664.78;0;4720.2;0;51944.58;"efectivo: $61.944,58";COMPLETED
V-2026-3602;"4/9/2026, 3:06:56 p. m.";Cajero;;52720.22;0;13070.83;0;39649.39;"efectivo: $49.649,39";COMPLETED
V-2026-3601;"4/9/2026, 3:06:56 p. m.";Cajero;;124332.76;0;54435.21;0;69897.54999999999;"efectivo: $79.897,55";COMPLETED
V-2026-3600;"4/9/2026, 3:06:56 p. m.";Cajero;;65166.42;0;23705.28;0;41461.14;"efectivo: $51.461,14";COMPLETED
V-2026-3599;"4/9/2026, 3:06:56 p. m.";Cajero;;31674.42;0;925.43;0;30748.989999999998;"efectivo: $40.748,99";COMPLETED
V-2026-3598;"4/9/2026, 3:06:56 p. m.";Cajero;;95763.44;0;45966.4512;0;49796.9888;"efectivo: $59.796,989";COMPLETED
V-2026-3597;"4/9/2026, 3:06:56 p. m.";Cajero;;31245.12;0;11560.6944;0;19684.4256;"efectivo: $29.684,426";COMPLETED
V-2026-3596;"4/9/2026, 3:06:56 p. m.";Cajero;;138786.81;0;13878.681;0;124908.129;"efectivo: $134.908,129";COMPLETED
V-2026-3595;"4/9/2026, 3:06:56 p. m.";Cajero;;165679.06;0;15939.12;0;149739.94;"efectivo: $159.739,94";COMPLETED
V-2026-3594;"4/9/2026, 3:06:56 p. m.";Cajero;;74783.43000000001;0;23182.8633;0;51600.56670000001;"efectivo: $61.600,567";COMPLETED
V-2026-3593;"4/9/2026, 3:06:56 p. m.";Cajero;;85988.96;0;10318.6752;0;75670.28480000001;"efectivo: $85.670,285";COMPLETED
V-2026-3592;"4/9/2026, 3:06:56 p. m.";Cajero;;86415.34;0;41424.18;0;44991.159999999996;"efectivo: $54.991,16";COMPLETED
V-2026-3591;"4/9/2026, 3:06:56 p. m.";Cajero;;41948.88;0;20135.462399999997;0;21813.4176;"efectivo: $31.813,418";COMPLETED
V-2026-3590;"4/9/2026, 3:06:56 p. m.";Cajero;;53248.38;0;15963.69;0;37284.689999999995;"efectivo: $47.284,69";COMPLETED
V-2026-3589;"4/9/2026, 3:06:56 p. m.";Cajero;;38402.98;0;2304.1788;0;36098.8012;"efectivo: $46.098,801";COMPLETED
V-2026-3588;"4/9/2026, 3:06:56 p. m.";Cajero;;107453.28;0;36534.1152;0;70919.1648;"efectivo: $80.919,165";COMPLETED
V-2026-3587;"4/9/2026, 3:06:56 p. m.";Cajero;;229588.47000000003;0;84044.28;0;145544.19000000003;"efectivo: $155.544,19";COMPLETED
V-2026-3586;"4/9/2026, 3:06:56 p. m.";Cajero;;56030.520000000004;0;15128.2404;0;40902.2796;"efectivo: $50.902,28";COMPLETED
V-2026-3585;"4/9/2026, 3:06:56 p. m.";Cajero;;3848.72;0;384.87199999999996;0;3463.848;"efectivo: $13.463,848";COMPLETED
V-2026-3584;"4/9/2026, 3:06:56 p. m.";Cajero;;86542.9;0;14634.66;0;71908.23999999999;"efectivo: $81.908,24";COMPLETED
V-2026-3583;"4/9/2026, 3:06:56 p. m.";Cajero;;66946.08;0;15397.5984;0;51548.4816;"efectivo: $61.548,482";COMPLETED
V-2026-3582;"4/9/2026, 3:06:56 p. m.";Cajero;;51262.54;0;8174.8;0;43087.74;"efectivo: $53.087,74";COMPLETED
V-2026-3581;"4/9/2026, 3:06:56 p. m.";Cajero;;29552.879999999997;0;4137.4032;0;25415.476799999997;"efectivo: $35.415,477";COMPLETED
V-2026-3580;"4/9/2026, 3:06:56 p. m.";Cajero;;14227.2;0;3276.36;0;10950.84;"efectivo: $20.950,84";COMPLETED
V-2026-3579;"4/9/2026, 3:06:56 p. m.";Cajero;;23140.84;0;5553.801600000001;0;17587.038399999998;"efectivo: $27.587,038";COMPLETED
V-2026-3578;"4/9/2026, 3:06:56 p. m.";Cajero;;5166.64;0;638.15;0;4528.490000000001;"efectivo: $14.528,49";COMPLETED
V-2026-3577;"4/9/2026, 3:06:56 p. m.";Cajero;;25643.46;0;4872.2573999999995;0;20771.2026;"efectivo: $30.771,203";COMPLETED
V-2026-3576;"4/9/2026, 3:06:56 p. m.";Cajero;;58557.52;0;3885.39;0;54672.13;"efectivo: $64.672,13";COMPLETED
V-2026-3575;"4/9/2026, 3:06:56 p. m.";Cajero;;37976.67;0;17485.75;0;20490.92;"efectivo: $30.490,92";COMPLETED
V-2026-3574;"4/9/2026, 3:06:56 p. m.";Cajero;;100781.43;0;50390.715;0;50390.715;"efectivo: $60.390,715";COMPLETED
V-2026-3573;"4/9/2026, 3:06:56 p. m.";Cajero;;114468.78;0;9157.5024;0;105311.2776;"efectivo: $115.311,278";COMPLETED
V-2026-3572;"4/9/2026, 3:06:56 p. m.";Cajero;;12474.64;0;4448.96;0;8025.679999999999;"efectivo: $18.025,68";COMPLETED
V-2026-3571;"4/9/2026, 3:06:56 p. m.";Cajero;;139771.86000000002;0;11983.8;0;127788.06000000001;"efectivo: $137.788,06";COMPLETED
V-2026-3570;"4/9/2026, 3:06:56 p. m.";Cajero;;6925.59;0;3303.38;0;3622.21;"efectivo: $13.622,21";COMPLETED
V-2026-3569;"4/9/2026, 3:06:56 p. m.";Cajero;;202219.44;0;58643.637599999995;0;143575.80240000002;"efectivo: $153.575,802";COMPLETED
V-2026-3568;"4/9/2026, 3:06:56 p. m.";Cajero;;134256.03;0;65785.4547;0;68470.5753;"efectivo: $78.470,575";COMPLETED
V-2026-3567;"4/9/2026, 3:06:56 p. m.";Cajero;;31009.27;0;15260.29;0;15748.98;"efectivo: $25.748,98";COMPLETED
V-2026-3566;"4/9/2026, 3:06:56 p. m.";Cajero;;89171.1;0;40878.06;0;48293.04000000001;"efectivo: $58.293,04";COMPLETED
V-2026-3565;"4/9/2026, 3:06:56 p. m.";Cajero;;163501.16;0;61293.83;0;102207.33;"efectivo: $112.207,33";COMPLETED
V-2026-3564;"4/9/2026, 3:06:56 p. m.";Cajero;;17040.58;0;5326.87;0;11713.710000000003;"efectivo: $21.713,71";COMPLETED
V-2026-3563;"4/9/2026, 3:06:55 p. m.";Cajero;;15258.06;0;5798.062800000001;0;9459.997199999998;"efectivo: $19.459,997";COMPLETED
V-2026-3562;"4/9/2026, 3:06:55 p. m.";Cajero;;107984.86;0;12958.183200000001;0;95026.6768;"efectivo: $105.026,677";COMPLETED
V-2026-3561;"4/9/2026, 3:06:55 p. m.";Cajero;;58989.38;0;1556.18;0;57433.2;"efectivo: $67.433,2";COMPLETED
V-2026-3560;"4/9/2026, 3:06:55 p. m.";Cajero;;169773.64;0;81518.29;0;88255.35000000002;"efectivo: $98.255,35";COMPLETED
V-2026-3559;"4/9/2026, 3:06:55 p. m.";Cajero;;84005.28;0;15050.89;0;68954.39;"efectivo: $78.954,39";COMPLETED
V-2026-3558;"4/9/2026, 3:06:55 p. m.";Cajero;;80007.59;0;38403.6432;0;41603.9468;"efectivo: $51.603,947";COMPLETED
V-2026-3557;"4/9/2026, 3:06:55 p. m.";Cajero;;52122.82;0;21004.67;0;31118.15;"efectivo: $41.118,15";COMPLETED
V-2026-3556;"4/9/2026, 3:06:55 p. m.";Cajero;;17736.84;0;3192.6312;0;14544.2088;"efectivo: $24.544,209";COMPLETED
V-2026-3555;"4/9/2026, 3:06:55 p. m.";Cajero;;33406.28;0;13362.511999999999;0;20043.768;"efectivo: $30.043,768";COMPLETED
V-2026-3554;"4/9/2026, 3:06:55 p. m.";Cajero;;141573.33000000002;0;57098.15;0;84475.18000000002;"efectivo: $94.475,18";COMPLETED
V-2026-3553;"4/9/2026, 3:06:55 p. m.";Cajero;;85149.95999999999;0;380.57;0;84769.38999999998;"efectivo: $94.769,39";COMPLETED
V-2026-3552;"4/9/2026, 3:06:55 p. m.";Cajero;;157320.15000000002;0;20451.6195;0;136868.53050000002;"efectivo: $146.868,531";COMPLETED
V-2026-3551;"4/9/2026, 3:06:55 p. m.";Cajero;;178696.04;0;67904.4952;0;110791.5448;"efectivo: $120.791,545";COMPLETED
V-2026-3550;"4/9/2026, 3:06:55 p. m.";Cajero;;62200.47;0;1954.16;0;60246.31;"efectivo: $70.246,31";COMPLETED
V-2026-3549;"4/9/2026, 3:06:55 p. m.";Cajero;;12099.78;0;4826.29;0;7273.490000000001;"efectivo: $17.273,49";COMPLETED
V-2026-3548;"4/9/2026, 3:06:55 p. m.";Cajero;;44196.36;0;3093.7452000000003;0;41102.6148;"efectivo: $51.102,615";COMPLETED
V-2026-3547;"4/9/2026, 3:06:55 p. m.";Cajero;;31796.73;0;8903.0844;0;22893.6456;"efectivo: $32.893,646";COMPLETED
V-2026-3546;"4/9/2026, 3:06:55 p. m.";Cajero;;271500.72000000003;0;116745.30960000001;0;154755.41040000002;"efectivo: $164.755,41";COMPLETED
V-2026-3545;"4/9/2026, 3:06:55 p. m.";Cajero;;36575.62;0;6514.48;0;30061.140000000003;"efectivo: $40.061,14";COMPLETED
V-2026-3544;"4/9/2026, 3:06:55 p. m.";Cajero;;27525.36;0;4985.34;0;22540.02;"efectivo: $32.540,02";COMPLETED
V-2026-3543;"4/9/2026, 3:06:55 p. m.";Cajero;;5658.86;0;2637.35;0;3021.5099999999998;"efectivo: $13.021,51";COMPLETED
V-2026-3542;"4/9/2026, 3:06:55 p. m.";Cajero;;36305.59;0;2377.51;0;33928.079999999994;"efectivo: $43.928,08";COMPLETED
V-2026-3541;"4/9/2026, 3:06:55 p. m.";Cajero;;36957.25;0;12616.36;0;24340.89;"efectivo: $34.340,89";COMPLETED
V-2026-3540;"4/9/2026, 3:06:55 p. m.";Cajero;;16561.75;0;2181.71;0;14380.04;"efectivo: $24.380,04";COMPLETED
V-2026-3539;"4/9/2026, 3:06:55 p. m.";Cajero;;30724.14;0;15054.828599999999;0;15669.3114;"efectivo: $25.669,311";COMPLETED
V-2026-3538;"4/9/2026, 3:06:55 p. m.";Cajero;;33014.81;0;330.1481;0;32684.6619;"efectivo: $42.684,662";COMPLETED
V-2026-3537;"4/9/2026, 3:06:55 p. m.";Cajero;;90585.95999999999;0;41106.63;0;49479.329999999994;"efectivo: $59.479,33";COMPLETED
V-2026-3536;"4/9/2026, 3:06:55 p. m.";Cajero;;76807.14;0;37635.4986;0;39171.6414;"efectivo: $49.171,641";COMPLETED
V-2026-3535;"4/9/2026, 3:06:55 p. m.";Cajero;;9672.82;0;2670.09;0;7002.73;"efectivo: $17.002,73";COMPLETED
V-2026-3534;"4/9/2026, 3:06:55 p. m.";Cajero;;38403.57;0;14593.3566;0;23810.2134;"efectivo: $33.810,213";COMPLETED
V-2026-3533;"4/9/2026, 3:06:55 p. m.";Cajero;;127898.79000000001;0;6394.9395;0;121503.8505;"efectivo: $131.503,851";COMPLETED
V-2026-3532;"4/9/2026, 3:06:55 p. m.";Cajero;;88889.1;0;6222.237000000001;0;82666.86300000001;"efectivo: $92.666,863";COMPLETED
V-2026-3531;"4/9/2026, 3:06:55 p. m.";Cajero;;87282.48;0;12219.547199999999;0;75062.9328;"efectivo: $85.062,933";COMPLETED
V-2026-3530;"4/9/2026, 3:06:55 p. m.";Cajero;;104182.98000000001;0;9694.67;0;94488.31000000001;"efectivo: $104.488,31";COMPLETED
V-2026-3529;"4/9/2026, 3:06:55 p. m.";Cajero;;69973.2;0;11195.712;0;58777.488;"efectivo: $68.777,488";COMPLETED
V-2026-3528;"4/9/2026, 3:06:55 p. m.";Cajero;;148513.44;0;54170.14;0;94343.3;"efectivo: $104.343,3";COMPLETED
V-2026-3527;"4/9/2026, 3:06:55 p. m.";Cajero;;17649.52;0;5118.3608;0;12531.1592;"efectivo: $22.531,159";COMPLETED
V-2026-3526;"4/9/2026, 3:06:55 p. m.";Cajero;;26253.239999999998;0;8758.66;0;17494.579999999998;"efectivo: $27.494,58";COMPLETED
V-2026-3525;"4/9/2026, 3:06:55 p. m.";Cajero;;19778.47;0;7140.99;0;12637.480000000001;"efectivo: $22.637,48";COMPLETED
V-2026-3524;"4/9/2026, 3:06:55 p. m.";Cajero;;7320;0;73.2;0;7246.8;"efectivo: $17.246,8";COMPLETED
V-2026-3523;"4/9/2026, 3:06:55 p. m.";Cajero;;16721.42;0;5035.88;0;11685.539999999997;"efectivo: $21.685,54";COMPLETED
V-2026-3522;"4/9/2026, 3:06:55 p. m.";Cajero;;34441.5;0;2391.98;0;32049.52;"efectivo: $42.049,52";COMPLETED
V-2026-3521;"4/9/2026, 3:06:55 p. m.";Cajero;;124610.66;0;53804.67;0;70805.99;"efectivo: $80.805,99";COMPLETED
V-2026-3520;"4/9/2026, 3:06:55 p. m.";Cajero;;86990.52;0;20007.819600000003;0;66982.7004;"efectivo: $76.982,7";COMPLETED
V-2026-3519;"4/9/2026, 3:06:55 p. m.";Cajero;;40230.51;0;6034.5765;0;34195.9335;"efectivo: $44.195,934";COMPLETED
V-2026-3518;"4/9/2026, 3:06:55 p. m.";Cajero;;3739.96;0;911.53;0;2828.4300000000003;"efectivo: $12.828,43";COMPLETED
V-2026-3517;"4/9/2026, 3:06:55 p. m.";Cajero;;160686.86;0;76059.7;0;84627.15999999999;"efectivo: $94.627,16";COMPLETED
V-2026-3516;"4/9/2026, 3:06:55 p. m.";Cajero;;43563.3;0;20474.751;0;23088.549000000003;"efectivo: $33.088,549";COMPLETED
V-2026-3515;"4/9/2026, 3:06:55 p. m.";Cajero;;280504.32;0;14605.57;0;265898.75;"efectivo: $275.898,75";COMPLETED
V-2026-3514;"4/9/2026, 3:06:55 p. m.";Cajero;;33560.15;0;5034.0225;0;28526.127500000002;"efectivo: $38.526,128";COMPLETED
V-2026-3513;"4/9/2026, 3:06:55 p. m.";Cajero;;55161.59;0;1103.2318;0;54058.358199999995;"efectivo: $64.058,358";COMPLETED
V-2026-3512;"4/9/2026, 3:06:55 p. m.";Cajero;;153486.74;0;4604.602199999999;0;148882.1378;"efectivo: $158.882,138";COMPLETED
V-2026-3511;"4/9/2026, 3:06:55 p. m.";Cajero;;34543.98;0;3960.91;0;30583.070000000003;"efectivo: $40.583,07";COMPLETED
V-2026-3510;"4/9/2026, 3:06:55 p. m.";Cajero;;239848.11;0;886.71;0;238961.4;"efectivo: $248.961,4";COMPLETED
V-2026-3509;"4/9/2026, 3:06:55 p. m.";Cajero;;117318.45000000001;0;50446.93350000001;0;66871.5165;"efectivo: $76.871,517";COMPLETED
V-2026-3508;"4/9/2026, 3:06:55 p. m.";Cajero;;5302.74;0;954.4931999999999;0;4348.2468;"efectivo: $14.348,247";COMPLETED
V-2026-3507;"4/9/2026, 3:06:55 p. m.";Cajero;;1939.28;0;155.1424;0;1784.1376;"efectivo: $11.784,138";COMPLETED
V-2026-3506;"4/9/2026, 3:06:55 p. m.";Cajero;;57998;0;27527.13;0;30470.87;"efectivo: $40.470,87";COMPLETED
V-2026-3505;"4/9/2026, 3:06:55 p. m.";Cajero;;46624.24;0;17717.211199999998;0;28907.0288;"efectivo: $38.907,029";COMPLETED
V-2026-3504;"4/9/2026, 3:06:55 p. m.";Cajero;;13315.14;0;1341.89;0;11973.25;"efectivo: $21.973,25";COMPLETED
V-2026-3503;"4/9/2026, 3:06:55 p. m.";Cajero;;47854.02;0;478.54019999999997;0;47375.479799999994;"efectivo: $57.375,48";COMPLETED
V-2026-3502;"4/9/2026, 3:06:55 p. m.";Cajero;;25463.81;0;8673.52;0;16790.29;"efectivo: $26.790,29";COMPLETED
V-2026-3501;"4/9/2026, 3:06:55 p. m.";Cajero;;45729.78;0;1825.64;0;43904.14;"efectivo: $53.904,14";COMPLETED
V-2026-3500;"4/9/2026, 3:06:55 p. m.";Cajero;;3029.94;0;1484.6706;0;1545.2694000000001;"efectivo: $11.545,269";COMPLETED
V-2026-3499;"4/9/2026, 3:06:55 p. m.";Cajero;;1742.86;0;598.75;0;1144.11;"efectivo: $11.144,11";COMPLETED
V-2026-3498;"4/9/2026, 3:06:55 p. m.";Cajero;;170111.55;0;59539.0425;0;110572.50749999998;"efectivo: $120.572,507";COMPLETED
V-2026-3497;"4/9/2026, 3:06:55 p. m.";Cajero;;36715.25;0;16462.4;0;20252.85;"efectivo: $30.252,85";COMPLETED
V-2026-3496;"4/9/2026, 3:06:55 p. m.";Cajero;;99084.12;0;2002.21;0;97081.90999999999;"efectivo: $107.081,91";COMPLETED
V-2026-3495;"4/9/2026, 3:06:55 p. m.";Cajero;;62229.7;0;8089.861;0;54139.839;"efectivo: $64.139,839";COMPLETED
V-2026-3494;"4/9/2026, 3:06:55 p. m.";Cajero;;153505.44;0;41446.4688;0;112058.9712;"efectivo: $122.058,971";COMPLETED
V-2026-3493;"4/9/2026, 3:06:55 p. m.";Cajero;;20037.78;0;6412.089599999999;0;13625.6904;"efectivo: $23.625,69";COMPLETED
V-2026-3492;"4/9/2026, 3:06:55 p. m.";Cajero;;84876.03;0;25265.81;0;59610.22;"efectivo: $69.610,22";COMPLETED
V-2026-3491;"4/9/2026, 3:06:55 p. m.";Cajero;;48452.97;0;3391.7079000000003;0;45061.2621;"efectivo: $55.061,262";COMPLETED
V-2026-3490;"4/9/2026, 3:06:55 p. m.";Cajero;;32767.23;0;6881.118299999999;0;25886.1117;"efectivo: $35.886,112";COMPLETED
V-2026-3489;"4/9/2026, 3:06:55 p. m.";Cajero;;40211.1;0;402.111;0;39808.989;"efectivo: $49.808,989";COMPLETED
V-2026-3488;"4/9/2026, 3:06:55 p. m.";Cajero;;42104.07;0;10947.058200000001;0;31157.0118;"efectivo: $41.157,012";COMPLETED
V-2026-3487;"4/9/2026, 3:06:55 p. m.";Cajero;;83789.06;0;31001.952199999996;0;52787.1078;"efectivo: $62.787,108";COMPLETED
V-2026-3486;"4/9/2026, 3:06:55 p. m.";Cajero;;2610.09;0;469.81620000000004;0;2140.2738;"efectivo: $12.140,274";COMPLETED
V-2026-3485;"4/9/2026, 3:06:55 p. m.";Cajero;;110350.94;0;23505.01;0;86845.93000000001;"efectivo: $96.845,93";COMPLETED
V-2026-3484;"4/9/2026, 3:06:55 p. m.";Cajero;;66623.96;0;15485.53;0;51138.43000000001;"efectivo: $61.138,43";COMPLETED
V-2026-3483;"4/9/2026, 3:06:55 p. m.";Cajero;;52268.72;0;11894.88;0;40373.840000000004;"efectivo: $50.373,84";COMPLETED
V-2026-3482;"4/9/2026, 3:06:55 p. m.";Cajero;;6821.61;0;1159.6737;0;5661.936299999999;"efectivo: $15.661,936";COMPLETED
V-2026-3481;"4/9/2026, 3:06:55 p. m.";Cajero;;43662.149999999994;0;11788.780499999999;0;31873.369499999993;"efectivo: $41.873,369";COMPLETED
V-2026-3480;"4/9/2026, 3:06:55 p. m.";Cajero;;39317.82;0;15267.32;0;24050.5;"efectivo: $34.050,5";COMPLETED
V-2026-3479;"4/9/2026, 3:06:55 p. m.";Cajero;;149057.01;0;49830.12;0;99226.89000000001;"efectivo: $109.226,89";COMPLETED
V-2026-3478;"4/9/2026, 3:06:55 p. m.";Cajero;;26348.26;0;11541.8;0;14806.46;"efectivo: $24.806,46";COMPLETED
V-2026-3477;"4/9/2026, 3:06:55 p. m.";Cajero;;15908.68;0;5700.22;0;10208.46;"efectivo: $20.208,46";COMPLETED
V-2026-3476;"4/9/2026, 3:06:55 p. m.";Cajero;;129059.74;0;21738.5;0;107321.24;"efectivo: $117.321,24";COMPLETED
V-2026-3475;"4/9/2026, 3:06:55 p. m.";Cajero;;31570.86;0;7151.42;0;24419.440000000002;"efectivo: $34.419,44";COMPLETED
V-2026-3474;"4/9/2026, 3:06:55 p. m.";Cajero;;3467.52;0;816.98;0;2650.54;"efectivo: $12.650,54";COMPLETED
V-2026-3473;"4/9/2026, 3:06:55 p. m.";Cajero;;17733.24;0;2482.6536;0;15250.586400000002;"efectivo: $25.250,586";COMPLETED
V-2026-3472;"4/9/2026, 3:06:55 p. m.";Cajero;;169695.14;0;70929.42;0;98765.72000000002;"efectivo: $108.765,72";COMPLETED
V-2026-3471;"4/9/2026, 3:06:55 p. m.";Cajero;;32379.17;0;5818.05;0;26561.12;"efectivo: $36.561,12";COMPLETED
V-2026-3470;"4/9/2026, 3:06:55 p. m.";Cajero;;56904.990000000005;0;17203.84;0;39701.15000000001;"efectivo: $49.701,15";COMPLETED
V-2026-3469;"4/9/2026, 3:06:55 p. m.";Cajero;;70652.08;0;20005.36;0;50646.72;"efectivo: $60.646,72";COMPLETED
V-2026-3468;"4/9/2026, 3:06:55 p. m.";Cajero;;96412.26;0;22174.8198;0;74237.4402;"efectivo: $84.237,44";COMPLETED
V-2026-3467;"4/9/2026, 3:06:55 p. m.";Cajero;;25147.590000000004;0;11819.367300000002;0;13328.222700000002;"efectivo: $23.328,223";COMPLETED
V-2026-3466;"4/9/2026, 3:06:55 p. m.";Cajero;;29873.76;0;2688.6384;0;27185.1216;"efectivo: $37.185,122";COMPLETED
V-2026-3465;"4/9/2026, 3:06:55 p. m.";Cajero;;53040.54;0;18033.783600000002;0;35006.7564;"efectivo: $45.006,756";COMPLETED
V-2026-3464;"4/9/2026, 3:06:55 p. m.";Cajero;;73103.16;0;19006.821600000003;0;54096.3384;"efectivo: $64.096,338";COMPLETED
V-2026-3463;"4/9/2026, 3:06:55 p. m.";Cajero;;43557.36;0;16927.93;0;26629.43;"efectivo: $36.629,43";COMPLETED
V-2026-3462;"4/9/2026, 3:06:55 p. m.";Cajero;;48995.62;0;13228.8174;0;35766.8026;"efectivo: $45.766,803";COMPLETED
V-2026-3461;"4/9/2026, 3:06:55 p. m.";Cajero;;182269.08000000002;0;62478.28;0;119790.80000000002;"efectivo: $129.790,8";COMPLETED
V-2026-3460;"4/9/2026, 3:06:55 p. m.";Cajero;;50182.14;0;501.8214;0;49680.3186;"efectivo: $59.680,319";COMPLETED
V-2026-3459;"4/9/2026, 3:06:55 p. m.";Cajero;;475.37;0;218.6702;0;256.6998;"efectivo: $10.256,7";COMPLETED
V-2026-3458;"4/9/2026, 3:06:55 p. m.";Cajero;;45558.02;0;4957;0;40601.02;"efectivo: $50.601,02";COMPLETED
V-2026-3457;"4/9/2026, 3:06:55 p. m.";Cajero;;47749.72;0;21964.8712;0;25784.8488;"efectivo: $35.784,849";COMPLETED
V-2026-3456;"4/9/2026, 3:06:55 p. m.";Cajero;;74070.74;0;25184.051600000003;0;48886.6884;"efectivo: $58.886,688";COMPLETED
V-2026-3455;"4/9/2026, 3:06:55 p. m.";Cajero;;34582.63;0;11758.0942;0;22824.535799999998;"efectivo: $32.824,536";COMPLETED
V-2026-3454;"4/9/2026, 3:06:55 p. m.";Cajero;;176378.46;0;7055.1384;0;169323.3216;"efectivo: $179.323,322";COMPLETED
V-2026-3453;"4/9/2026, 3:06:55 p. m.";Cajero;;11663.98;0;1749.5969999999998;0;9914.383;"efectivo: $19.914,383";COMPLETED
V-2026-3452;"4/9/2026, 3:06:55 p. m.";Cajero;;182382.44;0;69305.3272;0;113077.1128;"efectivo: $123.077,113";COMPLETED
V-2026-3451;"4/9/2026, 3:06:55 p. m.";Cajero;;27793.87;0;2408.27;0;25385.6;"efectivo: $35.385,6";COMPLETED
V-2026-3450;"4/9/2026, 3:06:55 p. m.";Cajero;;39576.96;0;12664.627199999999;0;26912.3328;"efectivo: $36.912,333";COMPLETED
V-2026-3449;"4/9/2026, 3:06:55 p. m.";Cajero;;9503.44;0;4466.616800000001;0;5036.8232;"efectivo: $15.036,823";COMPLETED
V-2026-3448;"4/9/2026, 3:06:55 p. m.";Cajero;;7677.54;0;3555.79;0;4121.75;"efectivo: $14.121,75";COMPLETED
V-2026-3447;"4/9/2026, 3:06:55 p. m.";Cajero;;143494.64;0;26405.26;0;117089.38000000002;"efectivo: $127.089,38";COMPLETED
V-2026-3446;"4/9/2026, 3:06:55 p. m.";Cajero;;18839.98;0;4010.51;0;14829.47;"efectivo: $24.829,47";COMPLETED
V-2026-3445;"4/9/2026, 3:06:55 p. m.";Cajero;;16230.7;0;2921.43;0;13309.27;"efectivo: $23.309,27";COMPLETED
V-2026-3444;"4/9/2026, 3:06:55 p. m.";Cajero;;7629.03;0;2822.7410999999997;0;4806.2889;"efectivo: $14.806,289";COMPLETED
V-2026-3443;"4/9/2026, 3:06:55 p. m.";Cajero;;51297.79;0;24272.17;0;27025.620000000003;"efectivo: $37.025,62";COMPLETED
V-2026-3442;"4/9/2026, 3:06:55 p. m.";Cajero;;232184.46000000002;0;7728.82;0;224455.64;"efectivo: $234.455,64";COMPLETED
V-2026-3441;"4/9/2026, 3:06:55 p. m.";Cajero;;210084.30000000002;0;46218.546;0;163865.75400000002;"efectivo: $173.865,754";COMPLETED
V-2026-3440;"4/9/2026, 3:06:55 p. m.";Cajero;;83546.64;0;35925.0552;0;47621.5848;"efectivo: $57.621,585";COMPLETED
V-2026-3439;"4/9/2026, 3:06:55 p. m.";Cajero;;143439.09;0;26314.85;0;117124.23999999999;"efectivo: $127.124,24";COMPLETED
V-2026-3438;"4/9/2026, 3:06:55 p. m.";Cajero;;57767.16;0;27235.81;0;30531.350000000002;"efectivo: $40.531,35";COMPLETED
V-2026-3437;"4/9/2026, 3:06:55 p. m.";Cajero;;84122.4;0;31125.287999999997;0;52997.111999999994;"efectivo: $62.997,112";COMPLETED
V-2026-3436;"4/9/2026, 3:06:55 p. m.";Cajero;;106463.07;0;28728.2;0;77734.87000000001;"efectivo: $87.734,87";COMPLETED
V-2026-3435;"4/9/2026, 3:06:55 p. m.";Cajero;;5445.39;0;2064.05;0;3381.34;"efectivo: $13.381,34";COMPLETED
V-2026-3434;"4/9/2026, 3:06:55 p. m.";Cajero;;40085.22;0;15232.383600000001;0;24852.8364;"efectivo: $34.852,836";COMPLETED
V-2026-3433;"4/9/2026, 3:06:55 p. m.";Cajero;;96093.75;0;18780.64;0;77313.11;"efectivo: $87.313,11";COMPLETED
V-2026-3432;"4/9/2026, 3:06:55 p. m.";Cajero;;27717.38;0;6374.9974;0;21342.3826;"efectivo: $31.342,383";COMPLETED
V-2026-3431;"4/9/2026, 3:06:55 p. m.";Cajero;;49033.34;0;19123.002599999996;0;29910.3374;"efectivo: $39.910,337";COMPLETED
V-2026-3430;"4/9/2026, 3:06:55 p. m.";Cajero;;139617.87;0;25131.2166;0;114486.6534;"efectivo: $124.486,653";COMPLETED
V-2026-3429;"4/9/2026, 3:06:55 p. m.";Cajero;;34509.97;0;13845.39;0;20664.58;"efectivo: $30.664,58";COMPLETED
V-2026-3428;"4/9/2026, 3:06:55 p. m.";Cajero;;32797.96;0;12623.88;0;20174.08;"efectivo: $30.174,08";COMPLETED
V-2026-3427;"4/9/2026, 3:06:55 p. m.";Cajero;;198726.96;0;65579.8968;0;133147.06319999998;"efectivo: $143.147,063";COMPLETED
V-2026-3426;"4/9/2026, 3:06:55 p. m.";Cajero;;5198.17;0;1247.5608;0;3950.6092;"efectivo: $13.950,609";COMPLETED
V-2026-3425;"4/9/2026, 3:06:55 p. m.";Cajero;;14509.9;0;4062.772;0;10447.128;"efectivo: $20.447,128";COMPLETED
V-2026-3424;"4/9/2026, 3:06:55 p. m.";Cajero;;79477.29000000001;0;23936.95;0;55540.34000000001;"efectivo: $65.540,34";COMPLETED
V-2026-3423;"4/9/2026, 3:06:55 p. m.";Cajero;;34783.88;0;9672.38;0;25111.5;"efectivo: $35.111,5";COMPLETED
V-2026-3422;"4/9/2026, 3:06:55 p. m.";Cajero;;54162.78;0;11503.7;0;42659.08;"efectivo: $52.659,08";COMPLETED
V-2026-3421;"4/9/2026, 3:06:55 p. m.";Cajero;;117366.87;0;46452.58;0;70914.29;"efectivo: $80.914,29";COMPLETED
V-2026-3420;"4/9/2026, 3:06:55 p. m.";Cajero;;11191.92;0;4252.9296;0;6938.9904;"efectivo: $16.938,99";COMPLETED
V-2026-3419;"4/9/2026, 3:06:55 p. m.";Cajero;;9208.289999999999;0;1044.35;0;8163.939999999999;"efectivo: $18.163,94";COMPLETED
V-2026-3418;"4/9/2026, 3:06:55 p. m.";Cajero;;30193.199999999997;0;905.7959999999999;0;29287.404;"efectivo: $39.287,404";COMPLETED
V-2026-3417;"4/9/2026, 3:06:55 p. m.";Cajero;;20679.12;0;3009.89;0;17669.23;"efectivo: $27.669,23";COMPLETED
V-2026-3416;"4/9/2026, 3:06:55 p. m.";Cajero;;55161.59;0;3129.56;0;52032.03;"efectivo: $62.032,03";COMPLETED
V-2026-3415;"4/9/2026, 3:06:55 p. m.";Cajero;;138945.3;0;4144.06;0;134801.24;"efectivo: $144.801,24";COMPLETED
V-2026-3414;"4/9/2026, 3:06:54 p. m.";Cajero;;51635.02;0;2065.4008;0;49569.619199999994;"efectivo: $59.569,619";COMPLETED
V-2026-3413;"4/9/2026, 3:06:54 p. m.";Cajero;;10233.18;0;2967.45;0;7265.7300000000005;"efectivo: $17.265,73";COMPLETED
V-2026-3412;"4/9/2026, 3:06:54 p. m.";Cajero;;5227.1;0;924.75;0;4302.35;"efectivo: $14.302,35";COMPLETED
V-2026-3411;"4/9/2026, 3:06:54 p. m.";Cajero;;38776.72;0;16687.77;0;22088.95;"efectivo: $32.088,95";COMPLETED
V-2026-3410;"4/9/2026, 3:06:54 p. m.";Cajero;;1197.4;0;407.11600000000004;0;790.2840000000001;"efectivo: $10.790,284";COMPLETED
V-2026-3409;"4/9/2026, 3:06:54 p. m.";Cajero;;108024.03;0;40445.41;0;67578.62;"efectivo: $77.578,62";COMPLETED
V-2026-3408;"4/9/2026, 3:06:54 p. m.";Cajero;;247128.02999999997;0;19770.2424;0;227357.78759999998;"efectivo: $237.357,788";COMPLETED
V-2026-3407;"4/9/2026, 3:06:54 p. m.";Cajero;;49454.97;0;20501.66;0;28953.31;"efectivo: $38.953,31";COMPLETED
V-2026-3406;"4/9/2026, 3:06:54 p. m.";Cajero;;27813.28;0;4450.1248;0;23363.1552;"efectivo: $33.363,155";COMPLETED
V-2026-3405;"4/9/2026, 3:06:54 p. m.";Cajero;;41047.17;0;4334.01;0;36713.159999999996;"efectivo: $46.713,16";COMPLETED
V-2026-3404;"4/9/2026, 3:06:54 p. m.";Cajero;;51521.3;0;9825.92;0;41695.380000000005;"efectivo: $51.695,38";COMPLETED
V-2026-3403;"4/9/2026, 3:06:54 p. m.";Cajero;;163360.3;0;67915.77;0;95444.52999999998;"efectivo: $105.444,53";COMPLETED
V-2026-3402;"4/9/2026, 3:06:54 p. m.";Cajero;;89880.9;0;38406.05;0;51474.84999999999;"efectivo: $61.474,85";COMPLETED
V-2026-3401;"4/9/2026, 3:06:54 p. m.";Cajero;;45563.43;0;19618.54;0;25944.89;"efectivo: $35.944,89";COMPLETED
V-2026-3400;"4/9/2026, 3:06:54 p. m.";Cajero;;66597.4;0;1770.6;0;64826.799999999996;"efectivo: $74.826,8";COMPLETED
V-2026-3399;"4/9/2026, 3:06:54 p. m.";Cajero;;68583.9;0;22952.43;0;45631.469999999994;"efectivo: $55.631,47";COMPLETED
V-2026-3398;"4/9/2026, 3:06:54 p. m.";Cajero;;57826.59;0;25800.77;0;32025.819999999996;"efectivo: $42.025,82";COMPLETED
V-2026-3397;"4/9/2026, 3:06:54 p. m.";Cajero;;67255.57;0;14123.669700000002;0;53131.90030000001;"efectivo: $63.131,9";COMPLETED
V-2026-3396;"4/9/2026, 3:06:54 p. m.";Cajero;;29230.5;0;7088.25;0;22142.25;"efectivo: $32.142,25";COMPLETED
V-2026-3395;"4/9/2026, 3:06:54 p. m.";Cajero;;11755.16;0;2233.4804;0;9521.6796;"efectivo: $19.521,68";COMPLETED
V-2026-3394;"4/9/2026, 3:06:54 p. m.";Cajero;;90232.78;0;42378.21;0;47854.57;"efectivo: $57.854,57";COMPLETED
V-2026-3393;"4/9/2026, 3:06:54 p. m.";Cajero;;81463.84;0;35029.451199999996;0;46434.3888;"efectivo: $56.434,389";COMPLETED
V-2026-3392;"4/9/2026, 3:06:54 p. m.";Cajero;;45901.409999999996;0;8564.86;0;37336.549999999996;"efectivo: $47.336,55";COMPLETED
V-2026-3391;"4/9/2026, 3:06:54 p. m.";Cajero;;26869.55;0;6717.3875;0;20152.1625;"efectivo: $30.152,163";COMPLETED
V-2026-3390;"4/9/2026, 3:06:54 p. m.";Cajero;;2582.61;0;383.05;0;2199.56;"efectivo: $12.199,56";COMPLETED
V-2026-3389;"4/9/2026, 3:06:54 p. m.";Cajero;;72856.08;0;24771.0672;0;48085.0128;"efectivo: $58.085,013";COMPLETED
V-2026-3388;"4/9/2026, 3:06:54 p. m.";Cajero;;99794.75;0;861.09;0;98933.66;"efectivo: $108.933,66";COMPLETED
V-2026-3387;"4/9/2026, 3:06:54 p. m.";Cajero;;143041.8;0;27118.29;0;115923.50999999998;"efectivo: $125.923,51";COMPLETED
V-2026-3386;"4/9/2026, 3:06:54 p. m.";Cajero;;64021.62;0;11092.89;0;52928.73;"efectivo: $62.928,73";COMPLETED
V-2026-3385;"4/9/2026, 3:06:54 p. m.";Cajero;;120866.91;0;27799.389300000003;0;93067.5207;"efectivo: $103.067,521";COMPLETED
V-2026-3384;"4/9/2026, 3:06:54 p. m.";Cajero;;91231.59;0;25544.8452;0;65686.7448;"efectivo: $75.686,745";COMPLETED
V-2026-3383;"4/9/2026, 3:06:54 p. m.";Cajero;;23611.7;0;472.23400000000004;0;23139.466;"efectivo: $33.139,466";COMPLETED
V-2026-3382;"4/9/2026, 3:06:54 p. m.";Cajero;;11933.62;0;2633.73;0;9299.890000000001;"efectivo: $19.299,89";COMPLETED
V-2026-3381;"4/9/2026, 3:06:54 p. m.";Cajero;;25916.68;0;12449.05;0;13467.630000000001;"efectivo: $23.467,63";COMPLETED
V-2026-3380;"4/9/2026, 3:06:54 p. m.";Cajero;;25156.69;0;3773.5035;0;21383.1865;"efectivo: $31.383,187";COMPLETED
V-2026-3379;"4/9/2026, 3:06:54 p. m.";Cajero;;79462.71;0;31785.084000000003;0;47677.626000000004;"efectivo: $57.677,626";COMPLETED
V-2026-3378;"4/9/2026, 3:06:54 p. m.";Cajero;;12896.37;0;4580.23;0;8316.140000000001;"efectivo: $18.316,14";COMPLETED
V-2026-3377;"4/9/2026, 3:06:54 p. m.";Cajero;;73398.24;0;33029.208000000006;0;40369.032;"efectivo: $50.369,032";COMPLETED
V-2026-3376;"4/9/2026, 3:06:54 p. m.";Cajero;;27205.96;0;12635.19;0;14570.769999999999;"efectivo: $24.570,77";COMPLETED
V-2026-3375;"4/9/2026, 3:06:54 p. m.";Cajero;;55005.36;0;11551.125600000001;0;43454.2344;"efectivo: $53.454,234";COMPLETED
V-2026-3374;"4/9/2026, 3:06:54 p. m.";Cajero;;82182.9;0;20545.725;0;61637.174999999996;"efectivo: $71.637,175";COMPLETED
V-2026-3373;"4/9/2026, 3:06:54 p. m.";Cajero;;66877.38;0;859.54;0;66017.84000000001;"efectivo: $76.017,84";COMPLETED
V-2026-3372;"4/9/2026, 3:06:54 p. m.";Cajero;;188342.52;0;61380.03;0;126962.48999999999;"efectivo: $136.962,49";COMPLETED
V-2026-3371;"4/9/2026, 3:06:54 p. m.";Cajero;;39501.08;0;5530.1512;0;33970.9288;"efectivo: $43.970,929";COMPLETED
V-2026-3370;"4/9/2026, 3:06:54 p. m.";Cajero;;26336.36;0;6331.89;0;20004.47;"efectivo: $30.004,47";COMPLETED
V-2026-3369;"4/9/2026, 3:06:54 p. m.";Cajero;;99443.84999999999;0;19053.23;0;80390.62;"efectivo: $90.390,62";COMPLETED
V-2026-3368;"4/9/2026, 3:06:54 p. m.";Cajero;;15018.900000000001;0;908.55;0;14110.350000000002;"efectivo: $24.110,35";COMPLETED
V-2026-3367;"4/9/2026, 3:06:54 p. m.";Cajero;;135041.55;0;33760.3875;0;101281.16249999999;"efectivo: $111.281,162";COMPLETED
V-2026-3366;"4/9/2026, 3:06:54 p. m.";Cajero;;49305.450000000004;0;18490.23;0;30815.220000000005;"efectivo: $40.815,22";COMPLETED
V-2026-3365;"4/9/2026, 3:06:54 p. m.";Cajero;;103011.82;0;2000.89;0;101010.93000000001;"efectivo: $111.010,93";COMPLETED
V-2026-3364;"4/9/2026, 3:06:54 p. m.";Cajero;;197965.82;0;85125.3026;0;112840.51740000001;"efectivo: $122.840,517";COMPLETED
V-2026-3363;"4/9/2026, 3:06:54 p. m.";Cajero;;59506.47;0;29753.235;0;29753.235;"efectivo: $39.753,235";COMPLETED
V-2026-3362;"4/9/2026, 3:06:54 p. m.";Cajero;;24661.15;0;10850.906;0;13810.244;"efectivo: $23.810,244";COMPLETED
V-2026-3361;"4/9/2026, 3:06:54 p. m.";Cajero;;133896.78;0;34813.1628;0;99083.61720000001;"efectivo: $109.083,617";COMPLETED
V-2026-3360;"4/9/2026, 3:06:54 p. m.";Cajero;;9820.650000000001;0;2364.12;0;7456.530000000002;"efectivo: $17.456,53";COMPLETED
V-2026-3359;"4/9/2026, 3:06:54 p. m.";Cajero;;75512.22;0;3020.4888;0;72491.7312;"efectivo: $82.491,731";COMPLETED
V-2026-3358;"4/9/2026, 3:06:54 p. m.";Cajero;;70753.96;0;15466.91;0;55287.05;"efectivo: $65.287,05";COMPLETED
V-2026-3357;"4/9/2026, 3:06:54 p. m.";Cajero;;31009.75;0;12748.44;0;18261.309999999998;"efectivo: $28.261,31";COMPLETED
V-2026-3356;"4/9/2026, 3:06:54 p. m.";Cajero;;16002.16;0;4000.54;0;12001.619999999999;"efectivo: $22.001,62";COMPLETED
V-2026-3355;"4/9/2026, 3:06:54 p. m.";Cajero;;3604.88;0;798.55;0;2806.33;"efectivo: $12.806,33";COMPLETED
V-2026-3354;"4/9/2026, 3:06:54 p. m.";Cajero;;49420.81;0;11366.7863;0;38054.0237;"efectivo: $48.054,024";COMPLETED
V-2026-3353;"4/9/2026, 3:06:54 p. m.";Cajero;;182006.34;0;1820.0634;0;180186.27659999998;"efectivo: $190.186,277";COMPLETED
V-2026-3352;"4/9/2026, 3:06:54 p. m.";Cajero;;80656.74;0;7259.1066;0;73397.6334;"efectivo: $83.397,633";COMPLETED
V-2026-3351;"4/9/2026, 3:06:54 p. m.";Cajero;;35716.62;0;7500.4902;0;28216.129800000002;"efectivo: $38.216,13";COMPLETED
V-2026-3350;"4/9/2026, 3:06:54 p. m.";Cajero;;8069.82;0;3718.86;0;4350.959999999999;"efectivo: $14.350,96";COMPLETED
V-2026-3349;"4/9/2026, 3:06:54 p. m.";Cajero;;100445.58;0;47987.56;0;52458.020000000004;"efectivo: $62.458,02";COMPLETED
V-2026-3348;"4/9/2026, 3:06:54 p. m.";Cajero;;128389.38;0;1283.8938;0;127105.4862;"efectivo: $137.105,486";COMPLETED
V-2026-3347;"4/9/2026, 3:06:54 p. m.";Cajero;;82455.54;0;24736.661999999997;0;57718.878;"efectivo: $67.718,878";COMPLETED
V-2026-3346;"4/9/2026, 3:06:54 p. m.";Cajero;;23761.66;0;5606.31;0;18155.35;"efectivo: $28.155,35";COMPLETED
V-2026-3345;"4/9/2026, 3:06:54 p. m.";Cajero;;36809.04;0;7729.8984;0;29079.141600000003;"efectivo: $39.079,142";COMPLETED
V-2026-3344;"4/9/2026, 3:06:54 p. m.";Cajero;;119337.72;0;26989.16;0;92348.56;"efectivo: $102.348,56";COMPLETED
V-2026-3343;"4/9/2026, 3:06:54 p. m.";Cajero;;161383.08;0;69869.55;0;91513.52999999998;"efectivo: $101.513,53";COMPLETED
V-2026-3342;"4/9/2026, 3:06:54 p. m.";Cajero;;32015.44;0;8660.56;0;23354.879999999997;"efectivo: $33.354,88";COMPLETED
V-2026-3341;"4/9/2026, 3:06:54 p. m.";Cajero;;125782.83;0;23898.7377;0;101884.0923;"efectivo: $111.884,092";COMPLETED
V-2026-3340;"4/9/2026, 3:06:54 p. m.";Cajero;;59392.41;0;20193.419400000002;0;39198.990600000005;"efectivo: $49.198,991";COMPLETED
V-2026-3339;"4/9/2026, 3:06:54 p. m.";Cajero;;16998.66;0;2840.05;0;14158.61;"efectivo: $24.158,61";COMPLETED
V-2026-3338;"4/9/2026, 3:06:54 p. m.";Cajero;;252594.66;0;105974.07;0;146620.59;"efectivo: $156.620,59";COMPLETED
V-2026-3337;"4/9/2026, 3:06:54 p. m.";Cajero;;25727.88;0;7594.53;0;18133.350000000002;"efectivo: $28.133,35";COMPLETED
V-2026-3336;"4/9/2026, 3:06:54 p. m.";Cajero;;60240.67;0;27652.38;0;32588.289999999997;"efectivo: $42.588,29";COMPLETED
V-2026-3335;"4/9/2026, 3:06:54 p. m.";Cajero;;80281.47;0;17425.05;0;62856.42;"efectivo: $72.856,42";COMPLETED
V-2026-3334;"4/9/2026, 3:06:54 p. m.";Cajero;;48916.78;0;18116.99;0;30799.789999999997;"efectivo: $40.799,79";COMPLETED
V-2026-3333;"4/9/2026, 3:06:54 p. m.";Cajero;;157452.88;0;73215.07;0;84237.81;"efectivo: $94.237,81";COMPLETED
V-2026-3332;"4/9/2026, 3:06:54 p. m.";Cajero;;47931.04;0;2261.35;0;45669.69;"efectivo: $55.669,69";COMPLETED
V-2026-3331;"4/9/2026, 3:06:54 p. m.";Cajero;;39792.08;0;13551.01;0;26241.07;"efectivo: $36.241,07";COMPLETED
V-2026-3330;"4/9/2026, 3:06:54 p. m.";Cajero;;24894.18;0;4729.8942;0;20164.2858;"efectivo: $30.164,286";COMPLETED
V-2026-3329;"4/9/2026, 3:06:54 p. m.";Cajero;;85484.02;0;14007;0;71477.02;"efectivo: $81.477,02";COMPLETED
V-2026-3328;"4/9/2026, 3:06:54 p. m.";Cajero;;66997.04999999999;0;6699.704999999999;0;60297.34499999999;"efectivo: $70.297,345";COMPLETED
V-2026-3327;"4/9/2026, 3:06:54 p. m.";Cajero;;78487.54;0;4709.2524;0;73778.2876;"efectivo: $83.778,288";COMPLETED
V-2026-3326;"4/9/2026, 3:06:54 p. m.";Cajero;;210084.30000000002;0;2100.8430000000003;0;207983.45700000002;"efectivo: $217.983,457";COMPLETED
V-2026-3325;"4/9/2026, 3:06:54 p. m.";Cajero;;74795.44;0;17950.905600000002;0;56844.534400000004;"efectivo: $66.844,534";COMPLETED
V-2026-3324;"4/9/2026, 3:06:54 p. m.";Cajero;;73380.62;0;19078.961199999998;0;54301.6588;"efectivo: $64.301,659";COMPLETED
V-2026-3323;"4/9/2026, 3:06:54 p. m.";Cajero;;271008.63;0;75882.4164;0;195126.21360000002;"efectivo: $205.126,214";COMPLETED
V-2026-3322;"4/9/2026, 3:06:54 p. m.";Cajero;;84109.11;0;23942.55;0;60166.56;"efectivo: $70.166,56";COMPLETED
V-2026-3321;"4/9/2026, 3:06:54 p. m.";Cajero;;68159.16;0;32161.21;0;35997.950000000004;"efectivo: $45.997,95";COMPLETED
V-2026-3320;"4/9/2026, 3:06:54 p. m.";Cajero;;15120.34;0;2116.8476;0;13003.4924;"efectivo: $23.003,492";COMPLETED
V-2026-3319;"4/9/2026, 3:06:54 p. m.";Cajero;;46818.72;0;936.3744;0;45882.3456;"efectivo: $55.882,346";COMPLETED
V-2026-3318;"4/9/2026, 3:06:54 p. m.";Cajero;;160292.8;0;22550.92;0;137741.88;"efectivo: $147.741,88";COMPLETED
V-2026-3317;"4/9/2026, 3:06:54 p. m.";Cajero;;90920.16;0;36368.064000000006;0;54552.096;"efectivo: $64.552,096";COMPLETED
V-2026-3316;"4/9/2026, 3:06:54 p. m.";Cajero;;133403.58000000002;0;2924.72;0;130478.86000000002;"efectivo: $140.478,86";COMPLETED
V-2026-3315;"4/9/2026, 3:06:54 p. m.";Cajero;;24303.420000000002;0;9478.3338;0;14825.086200000002;"efectivo: $24.825,086";COMPLETED
V-2026-3314;"4/9/2026, 3:06:54 p. m.";Cajero;;39496.5;0;14924.09;0;24572.41;"efectivo: $34.572,41";COMPLETED
V-2026-3313;"4/9/2026, 3:06:54 p. m.";Cajero;;72651.2;0;33419.551999999996;0;39231.648;"efectivo: $49.231,648";COMPLETED
V-2026-3312;"4/9/2026, 3:06:54 p. m.";Cajero;;20029.78;0;6810.1252;0;13219.654799999998;"efectivo: $23.219,655";COMPLETED
V-2026-3311;"4/9/2026, 3:06:54 p. m.";Cajero;;18722.45;0;7301.7555;0;11420.694500000001;"efectivo: $21.420,695";COMPLETED
V-2026-3310;"4/9/2026, 3:06:54 p. m.";Cajero;;59674.04;0;14918.51;0;44755.53;"efectivo: $54.755,53";COMPLETED
V-2026-3309;"4/9/2026, 3:06:54 p. m.";Cajero;;28959.24;0;5955.71;0;23003.530000000002;"efectivo: $33.003,53";COMPLETED
V-2026-3308;"4/9/2026, 3:06:54 p. m.";Cajero;;182698.84;0;31222.74;0;151476.1;"efectivo: $161.476,1";COMPLETED
V-2026-3307;"4/9/2026, 3:06:54 p. m.";Cajero;;35235.8;0;4228.296;0;31007.504;"efectivo: $41.007,504";COMPLETED
V-2026-3306;"4/9/2026, 3:06:54 p. m.";Cajero;;45376.38;0;18381.52;0;26994.859999999997;"efectivo: $36.994,86";COMPLETED
V-2026-3305;"4/9/2026, 3:06:54 p. m.";Cajero;;113478.54000000001;0;18460.99;0;95017.55;"efectivo: $105.017,55";COMPLETED
V-2026-3304;"4/9/2026, 3:06:54 p. m.";Cajero;;155538.96;0;2533.88;0;153005.08;"efectivo: $163.005,08";COMPLETED
V-2026-3303;"4/9/2026, 3:06:54 p. m.";Cajero;;30398.48;0;2735.8632000000002;0;27662.6168;"efectivo: $37.662,617";COMPLETED
V-2026-3302;"4/9/2026, 3:06:54 p. m.";Cajero;;82576.08;0;26914.83;0;55661.25;"efectivo: $65.661,25";COMPLETED
V-2026-3301;"4/9/2026, 3:06:54 p. m.";Cajero;;33163.76;0;3556.15;0;29607.61;"efectivo: $39.607,61";COMPLETED
V-2026-3300;"4/9/2026, 3:06:54 p. m.";Cajero;;46165.56;0;20774.502;0;25391.057999999997;"efectivo: $35.391,058";COMPLETED
V-2026-3299;"4/9/2026, 3:06:54 p. m.";Cajero;;154129.34;0;14373.38;0;139755.96;"efectivo: $149.755,96";COMPLETED
V-2026-3298;"4/9/2026, 3:06:54 p. m.";Cajero;;16561.75;0;2815.4975;0;13746.2525;"efectivo: $23.746,253";COMPLETED
V-2026-3297;"4/9/2026, 3:06:54 p. m.";Cajero;;71744.64;0;20805.9456;0;50938.6944;"efectivo: $60.938,694";COMPLETED
V-2026-3296;"4/9/2026, 3:06:54 p. m.";Cajero;;112732.86;0;1127.3286;0;111605.5314;"efectivo: $121.605,531";COMPLETED
V-2026-3295;"4/9/2026, 3:06:54 p. m.";Cajero;;253401.15000000002;0;48146.2185;0;205254.9315;"efectivo: $215.254,932";COMPLETED
V-2026-3294;"4/9/2026, 3:06:54 p. m.";Cajero;;270475.80000000005;0;116296.98;0;154178.82000000007;"efectivo: $164.178,82";COMPLETED
V-2026-3293;"4/9/2026, 3:06:54 p. m.";Cajero;;43176.1;0;20799.54;0;22376.559999999998;"efectivo: $32.376,56";COMPLETED
V-2026-3292;"4/9/2026, 3:06:54 p. m.";Cajero;;9632.099999999999;0;4474.03;0;5158.069999999999;"efectivo: $15.158,07";COMPLETED
V-2026-3291;"4/9/2026, 3:06:54 p. m.";Cajero;;163842.93;0;40960.7325;0;122882.1975;"efectivo: $132.882,198";COMPLETED
V-2026-3290;"4/9/2026, 3:06:54 p. m.";Cajero;;288563.64;0;72140.91;0;216422.73;"efectivo: $226.422,73";COMPLETED
V-2026-3289;"4/9/2026, 3:06:54 p. m.";Cajero;;128467.56;0;26978.187599999997;0;101489.3724;"efectivo: $111.489,372";COMPLETED
V-2026-3288;"4/9/2026, 3:06:54 p. m.";Cajero;;16530.11;0;7277.92;0;9252.19;"efectivo: $19.252,19";COMPLETED
V-2026-3287;"4/9/2026, 3:06:54 p. m.";Cajero;;91158.42;0;36458.39;0;54700.03;"efectivo: $64.700,03";COMPLETED
V-2026-3286;"4/9/2026, 3:06:54 p. m.";Cajero;;40570.54;0;5274.1702000000005;0;35296.3698;"efectivo: $45.296,37";COMPLETED
V-2026-3285;"4/9/2026, 3:06:54 p. m.";Cajero;;181539.22;0;33969.68;0;147569.54;"efectivo: $157.569,54";COMPLETED
V-2026-3284;"4/9/2026, 3:06:54 p. m.";Cajero;;33170.28;0;2186.47;0;30983.809999999998;"efectivo: $40.983,81";COMPLETED
V-2026-3283;"4/9/2026, 3:06:53 p. m.";Cajero;;152512.41;0;42181.11;0;110331.3;"efectivo: $120.331,3";COMPLETED
V-2026-3282;"4/9/2026, 3:06:53 p. m.";Cajero;;196515.04;0;63416.78;0;133098.26;"efectivo: $143.098,26";COMPLETED
V-2026-3281;"4/9/2026, 3:06:53 p. m.";Cajero;;18868.77;0;5094.5679;0;13774.2021;"efectivo: $23.774,202";COMPLETED
V-2026-3280;"4/9/2026, 3:06:53 p. m.";Cajero;;148699.83000000002;0;38996.79;0;109703.04000000001;"efectivo: $119.703,04";COMPLETED
V-2026-3279;"4/9/2026, 3:06:53 p. m.";Cajero;;110227.56;0;40784.197199999995;0;69443.3628;"efectivo: $79.443,363";COMPLETED
V-2026-3278;"4/9/2026, 3:06:53 p. m.";Cajero;;89617.92;0;21508.3008;0;68109.6192;"efectivo: $78.109,619";COMPLETED
V-2026-3277;"4/9/2026, 3:06:53 p. m.";Cajero;;7209.76;0;2523.416;0;4686.344;"efectivo: $14.686,344";COMPLETED
V-2026-3276;"4/9/2026, 3:06:53 p. m.";Cajero;;17880.13;0;8558.55;0;9321.580000000002;"efectivo: $19.321,58";COMPLETED
V-2026-3275;"4/9/2026, 3:06:53 p. m.";Cajero;;146638.91999999998;0;2932.7783999999997;0;143706.14159999997;"efectivo: $153.706,142";COMPLETED
V-2026-3274;"4/9/2026, 3:06:53 p. m.";Cajero;;78052.79;0;17171.6138;0;60881.176199999994;"efectivo: $70.881,176";COMPLETED
V-2026-3273;"4/9/2026, 3:06:53 p. m.";Cajero;;30431.47;0;8358.92;0;22072.550000000003;"efectivo: $32.072,55";COMPLETED
V-2026-3272;"4/9/2026, 3:06:53 p. m.";Cajero;;10846.66;0;4555.5972;0;6291.0628;"efectivo: $16.291,063";COMPLETED
V-2026-3271;"4/9/2026, 3:06:53 p. m.";Cajero;;9429.57;0;3017.4624;0;6412.107599999999;"efectivo: $16.412,108";COMPLETED
V-2026-3270;"4/9/2026, 3:06:53 p. m.";Cajero;;197880.48;0;59364.144;0;138516.336;"efectivo: $148.516,336";COMPLETED
V-2026-3269;"4/9/2026, 3:06:53 p. m.";Cajero;;98841.62;0;34594.566999999995;0;64247.053;"efectivo: $74.247,053";COMPLETED
V-2026-3268;"4/9/2026, 3:06:53 p. m.";Cajero;;46283.18;0;18050.4402;0;28232.7398;"efectivo: $38.232,74";COMPLETED
V-2026-3267;"4/9/2026, 3:06:53 p. m.";Cajero;;9862.64;0;3671.09;0;6191.549999999999;"efectivo: $16.191,55";COMPLETED
V-2026-3266;"4/9/2026, 3:06:53 p. m.";Cajero;;89048.26;0;18700.1346;0;70348.12539999999;"efectivo: $80.348,125";COMPLETED
V-2026-3265;"4/9/2026, 3:06:53 p. m.";Cajero;;121984.04999999999;0;32495.57;0;89488.47999999998;"efectivo: $99.488,48";COMPLETED
V-2026-3264;"4/9/2026, 3:06:53 p. m.";Cajero;;30144.86;0;1244.96;0;28899.9;"efectivo: $38.899,9";COMPLETED
V-2026-3263;"4/9/2026, 3:06:53 p. m.";Cajero;;7377.66;0;2628.57;0;4749.09;"efectivo: $14.749,09";COMPLETED
V-2026-3262;"4/9/2026, 3:06:53 p. m.";Cajero;;90027.7;0;14404.431999999999;0;75623.268;"efectivo: $85.623,268";COMPLETED
V-2026-3261;"4/9/2026, 3:06:53 p. m.";Cajero;;40407;0;2751.45;0;37655.55;"efectivo: $47.655,55";COMPLETED
V-2026-3260;"4/9/2026, 3:06:53 p. m.";Cajero;;39942.63;0;17574.7572;0;22367.872799999997;"efectivo: $32.367,873";COMPLETED
V-2026-3259;"4/9/2026, 3:06:53 p. m.";Cajero;;35076.01;0;11224.3232;0;23851.686800000003;"efectivo: $33.851,687";COMPLETED
V-2026-3258;"4/9/2026, 3:06:53 p. m.";Cajero;;25041.92;0;7978.59;0;17063.329999999998;"efectivo: $27.063,33";COMPLETED
V-2026-3257;"4/9/2026, 3:06:53 p. m.";Cajero;;11762.19;0;5260.73;0;6501.460000000001;"efectivo: $16.501,46";COMPLETED
V-2026-3256;"4/9/2026, 3:06:53 p. m.";Cajero;;87537.12;0;9348.16;0;78188.95999999999;"efectivo: $88.188,96";COMPLETED
V-2026-3255;"4/9/2026, 3:06:53 p. m.";Cajero;;38867.909999999996;0;12415.03;0;26452.879999999997;"efectivo: $36.452,88";COMPLETED
V-2026-3254;"4/9/2026, 3:06:53 p. m.";Cajero;;100301.31;0;37111.4847;0;63189.8253;"efectivo: $73.189,825";COMPLETED
V-2026-3253;"4/9/2026, 3:06:53 p. m.";Cajero;;20136.64;0;9508.39;0;10628.25;"efectivo: $20.628,25";COMPLETED
V-2026-3252;"4/9/2026, 3:06:53 p. m.";Cajero;;167460.54;0;43539.7404;0;123920.7996;"efectivo: $133.920,8";COMPLETED
V-2026-3251;"4/9/2026, 3:06:53 p. m.";Cajero;;80619.45000000001;0;36900.36;0;43719.09000000001;"efectivo: $53.719,09";COMPLETED
V-2026-3250;"4/9/2026, 3:06:53 p. m.";Cajero;;74149.15;0;930.73;0;73218.42;"efectivo: $83.218,42";COMPLETED
V-2026-3249;"4/9/2026, 3:06:53 p. m.";Cajero;;15987.59;0;6235.1601;0;9752.4299;"efectivo: $19.752,43";COMPLETED
V-2026-3248;"4/9/2026, 3:06:53 p. m.";Cajero;;25680.75;0;1284.0375;0;24396.7125;"efectivo: $34.396,713";COMPLETED
V-2026-3247;"4/9/2026, 3:06:53 p. m.";Cajero;;67995.75;0;11559.2775;0;56436.4725;"efectivo: $66.436,473";COMPLETED
V-2026-3246;"4/9/2026, 3:06:53 p. m.";Cajero;;19331.36;0;9472.3664;0;9858.9936;"efectivo: $19.858,994";COMPLETED
V-2026-3245;"4/9/2026, 3:06:53 p. m.";Cajero;;93603.72;0;11942.83;0;81660.89;"efectivo: $91.660,89";COMPLETED
V-2026-3244;"4/9/2026, 3:06:53 p. m.";Cajero;;37277.97;0;2227.91;0;35050.06;"efectivo: $45.050,06";COMPLETED
V-2026-3243;"4/9/2026, 3:06:53 p. m.";Cajero;;272884.68;0;57381.02;0;215503.66;"efectivo: $225.503,66";COMPLETED
V-2026-3242;"4/9/2026, 3:06:53 p. m.";Cajero;;98495.08;0;28563.5732;0;69931.5068;"efectivo: $79.931,507";COMPLETED
V-2026-3241;"4/9/2026, 3:06:53 p. m.";Cajero;;35702.36;0;13209.8732;0;22492.4868;"efectivo: $32.492,487";COMPLETED
V-2026-3240;"4/9/2026, 3:06:53 p. m.";Cajero;;2456.28;0;1031.6376;0;1424.6424000000002;"efectivo: $11.424,642";COMPLETED
V-2026-3239;"4/9/2026, 3:06:53 p. m.";Cajero;;36167.89;0;7956.935799999999;0;28210.9542;"efectivo: $38.210,954";COMPLETED
V-2026-3238;"4/9/2026, 3:06:53 p. m.";Cajero;;299202.63;0;69566.97;0;229635.66;"efectivo: $239.635,66";COMPLETED
V-2026-3237;"4/9/2026, 3:06:53 p. m.";Cajero;;63187.92;0;22115.771999999997;0;41072.148;"efectivo: $51.072,148";COMPLETED
V-2026-3236;"4/9/2026, 3:06:53 p. m.";Cajero;;137844.04;0;57894.49680000001;0;79949.5432;"efectivo: $89.949,543";COMPLETED
V-2026-3235;"4/9/2026, 3:06:53 p. m.";Cajero;;87781.26;0;11724.34;0;76056.92;"efectivo: $86.056,92";COMPLETED
V-2026-3234;"4/9/2026, 3:06:53 p. m.";Cajero;;144051.90000000002;0;64823.35500000001;0;79228.54500000001;"efectivo: $89.228,545";COMPLETED
V-2026-3233;"4/9/2026, 3:06:53 p. m.";Cajero;;135991.5;0;56343.55;0;79647.95;"efectivo: $89.647,95";COMPLETED
V-2026-3232;"4/9/2026, 3:06:53 p. m.";Cajero;;194462.94;0;57272.15;0;137190.79;"efectivo: $147.190,79";COMPLETED
V-2026-3231;"4/9/2026, 3:06:53 p. m.";Cajero;;37719.52;0;377.19519999999994;0;37342.324799999995;"efectivo: $47.342,325";COMPLETED
V-2026-3230;"4/9/2026, 3:06:53 p. m.";Cajero;;13997.28;0;3292;0;10705.28;"efectivo: $20.705,28";COMPLETED
V-2026-3229;"4/9/2026, 3:06:53 p. m.";Cajero;;44585.55;0;6456.97;0;38128.58;"efectivo: $48.128,58";COMPLETED
V-2026-3228;"4/9/2026, 3:06:53 p. m.";Cajero;;87527.52;0;25791.21;0;61736.310000000005;"efectivo: $71.736,31";COMPLETED
V-2026-3227;"4/9/2026, 3:06:53 p. m.";Cajero;;92630.2;0;25530.55;0;67099.65;"efectivo: $77.099,65";COMPLETED
V-2026-3226;"4/9/2026, 3:06:53 p. m.";Cajero;;25604.01;0;9328.44;0;16275.569999999998;"efectivo: $26.275,57";COMPLETED
V-2026-3225;"4/9/2026, 3:06:53 p. m.";Cajero;;7099.56;0;3385.91;0;3713.6500000000005;"efectivo: $13.713,65";COMPLETED
V-2026-3224;"4/9/2026, 3:06:53 p. m.";Cajero;;44444.55;0;1777.7820000000002;0;42666.768000000004;"efectivo: $52.666,768";COMPLETED
V-2026-3223;"4/9/2026, 3:06:53 p. m.";Cajero;;58829.81;0;15295.750600000001;0;43534.0594;"efectivo: $53.534,059";COMPLETED
V-2026-3222;"4/9/2026, 3:06:53 p. m.";Cajero;;96547.17;0;28964.151;0;67583.019;"efectivo: $77.583,019";COMPLETED
V-2026-3221;"4/9/2026, 3:06:53 p. m.";Cajero;;11627.32;0;642.41;0;10984.91;"efectivo: $20.984,91";COMPLETED
V-2026-3220;"4/9/2026, 3:06:53 p. m.";Cajero;;44609.98;0;13382.994;0;31226.986000000004;"efectivo: $41.226,986";COMPLETED
V-2026-3219;"4/9/2026, 3:06:53 p. m.";Cajero;;48250.5;0;4342.545;0;43907.955;"efectivo: $53.907,955";COMPLETED
V-2026-3218;"4/9/2026, 3:06:53 p. m.";Cajero;;19815.39;0;2774.1546;0;17041.235399999998;"efectivo: $27.041,235";COMPLETED
V-2026-3217;"4/9/2026, 3:06:53 p. m.";Cajero;;135408.66;0;10923.65;0;124485.01000000001;"efectivo: $134.485,01";COMPLETED
V-2026-3216;"4/9/2026, 3:06:53 p. m.";Cajero;;222447.44999999998;0;95652.4035;0;126795.04649999998;"efectivo: $136.795,047";COMPLETED
V-2026-3215;"4/9/2026, 3:06:53 p. m.";Cajero;;62899.049999999996;0;24360.04;0;38539.009999999995;"efectivo: $48.539,01";COMPLETED
V-2026-3214;"4/9/2026, 3:06:53 p. m.";Cajero;;290225.27999999997;0;104481.10079999999;0;185744.17919999998;"efectivo: $195.744,179";COMPLETED
V-2026-3213;"4/9/2026, 3:06:53 p. m.";Cajero;;105688.17;0;27703.4;0;77984.76999999999;"efectivo: $87.984,77";COMPLETED
V-2026-3212;"4/9/2026, 3:06:53 p. m.";Cajero;;31298.41;0;10832.7;0;20465.71;"efectivo: $30.465,71";COMPLETED
V-2026-3211;"4/9/2026, 3:06:53 p. m.";Cajero;;16698.61;0;2671.7776;0;14026.832400000001;"efectivo: $24.026,832";COMPLETED
V-2026-3210;"4/9/2026, 3:06:53 p. m.";Cajero;;244565.55000000002;0;19273.32;0;225292.23;"efectivo: $235.292,23";COMPLETED
V-2026-3209;"4/9/2026, 3:06:53 p. m.";Cajero;;22585.14;0;8809.61;0;13775.529999999999;"efectivo: $23.775,53";COMPLETED
V-2026-3208;"4/9/2026, 3:06:53 p. m.";Cajero;;55697.6;0;26734.847999999998;0;28962.752;"efectivo: $38.962,752";COMPLETED
V-2026-3207;"4/9/2026, 3:06:53 p. m.";Cajero;;96118.04999999999;0;31718.956499999993;0;64399.093499999995;"efectivo: $74.399,093";COMPLETED
V-2026-3206;"4/9/2026, 3:06:53 p. m.";Cajero;;39358.84;0;877.76;0;38481.079999999994;"efectivo: $48.481,08";COMPLETED
V-2026-3205;"4/9/2026, 3:06:53 p. m.";Cajero;;33147.95;0;14668.1;0;18479.85;"efectivo: $28.479,85";COMPLETED
V-2026-3204;"4/9/2026, 3:06:53 p. m.";Cajero;;89816.28;0;3592.6512;0;86223.6288;"efectivo: $96.223,629";COMPLETED
V-2026-3203;"4/9/2026, 3:06:53 p. m.";Cajero;;26587.61;0;4182.94;0;22404.670000000002;"efectivo: $32.404,67";COMPLETED
V-2026-3202;"4/9/2026, 3:06:53 p. m.";Cajero;;126285.63;0;31924.64;0;94360.99;"efectivo: $104.360,99";COMPLETED
V-2026-3201;"4/9/2026, 3:06:53 p. m.";Cajero;;97911.18;0;45649.57;0;52261.60999999999;"efectivo: $62.261,61";COMPLETED
V-2026-3200;"4/9/2026, 3:06:53 p. m.";Cajero;;141573.33000000002;0;6000.71;0;135572.62000000002;"efectivo: $145.572,62";COMPLETED
V-2026-3199;"4/9/2026, 3:06:53 p. m.";Cajero;;24680.12;0;9858.14;0;14821.98;"efectivo: $24.821,98";COMPLETED
V-2026-3198;"4/9/2026, 3:06:53 p. m.";Cajero;;36599.64;0;11632.88;0;24966.760000000002;"efectivo: $34.966,76";COMPLETED
V-2026-3197;"4/9/2026, 3:06:53 p. m.";Cajero;;25925.5;0;6740.63;0;19184.87;"efectivo: $29.184,87";COMPLETED
V-2026-3196;"4/9/2026, 3:06:53 p. m.";Cajero;;66834.06;0;29182.93;0;37651.13;"efectivo: $47.651,13";COMPLETED
V-2026-3195;"4/9/2026, 3:06:53 p. m.";Cajero;;11101.21;0;4974.92;0;6126.289999999999;"efectivo: $16.126,29";COMPLETED
V-2026-3194;"4/9/2026, 3:06:53 p. m.";Cajero;;90357.78;0;18975.1338;0;71382.6462;"efectivo: $81.382,646";COMPLETED
V-2026-3193;"4/9/2026, 3:06:53 p. m.";Cajero;;20653.83;0;1032.6915000000001;0;19621.1385;"efectivo: $29.621,139";COMPLETED
V-2026-3192;"4/9/2026, 3:06:53 p. m.";Cajero;;97401.33;0;32599.25;0;64802.08;"efectivo: $74.802,08";COMPLETED
V-2026-3191;"4/9/2026, 3:06:53 p. m.";Cajero;;54060.990000000005;0;17299.5168;0;36761.47320000001;"efectivo: $46.761,473";COMPLETED
V-2026-3190;"4/9/2026, 3:06:53 p. m.";Cajero;;102124.62;0;8169.969599999999;0;93954.6504;"efectivo: $103.954,65";COMPLETED
V-2026-3189;"4/9/2026, 3:06:53 p. m.";Cajero;;60723.01;0;10583.08;0;50139.93;"efectivo: $60.139,93";COMPLETED
V-2026-3188;"4/9/2026, 3:06:53 p. m.";Cajero;;14309.72;0;3005.0412;0;11304.6788;"efectivo: $21.304,679";COMPLETED
V-2026-3187;"4/9/2026, 3:06:53 p. m.";Cajero;;59941.1;0;23710.15;0;36230.95;"efectivo: $46.230,95";COMPLETED
V-2026-3186;"4/9/2026, 3:06:53 p. m.";Cajero;;238041.72000000003;0;10283.9;0;227757.82000000004;"efectivo: $237.757,82";COMPLETED
V-2026-3185;"4/9/2026, 3:06:53 p. m.";Cajero;;44053.72;0;15219.47;0;28834.25;"efectivo: $38.834,25";COMPLETED
V-2026-3184;"4/9/2026, 3:06:53 p. m.";Cajero;;28384.14;0;12489.0216;0;15895.1184;"efectivo: $25.895,118";COMPLETED
V-2026-3183;"4/9/2026, 3:06:53 p. m.";Cajero;;45692.43;0;2774.4;0;42918.03;"efectivo: $52.918,03";COMPLETED
V-2026-3182;"4/9/2026, 3:06:53 p. m.";Cajero;;291253.52999999997;0;70041.05;0;221212.47999999998;"efectivo: $231.212,48";COMPLETED
V-2026-3181;"4/9/2026, 3:06:53 p. m.";Cajero;;1349.72;0;620.8712;0;728.8488;"efectivo: $10.728,849";COMPLETED
V-2026-3180;"4/9/2026, 3:06:53 p. m.";Cajero;;77907.9;0;4424.61;0;73483.29;"efectivo: $83.483,29";COMPLETED
V-2026-3179;"4/9/2026, 3:06:53 p. m.";Cajero;;22601.02;0;6328.2856;0;16272.734400000001;"efectivo: $26.272,734";COMPLETED
V-2026-3178;"4/9/2026, 3:06:53 p. m.";Cajero;;96363.48;0;19203.73;0;77159.75;"efectivo: $87.159,75";COMPLETED
V-2026-3177;"4/9/2026, 3:06:53 p. m.";Cajero;;27215.49;0;8981.111700000001;0;18234.3783;"efectivo: $28.234,378";COMPLETED
V-2026-3176;"4/9/2026, 3:06:53 p. m.";Cajero;;47415.9;0;7023.3;0;40392.6;"efectivo: $50.392,6";COMPLETED
V-2026-3175;"4/9/2026, 3:06:53 p. m.";Cajero;;21795.32;0;1743.6256;0;20051.6944;"efectivo: $30.051,694";COMPLETED
V-2026-3174;"4/9/2026, 3:06:53 p. m.";Cajero;;54101.62;0;10820.324;0;43281.296;"efectivo: $53.281,296";COMPLETED
V-2026-3173;"4/9/2026, 3:06:53 p. m.";Cajero;;101312.84999999999;0;11567.44;0;89745.40999999999;"efectivo: $99.745,41";COMPLETED
V-2026-3172;"4/9/2026, 3:06:53 p. m.";Cajero;;8228.35;0;589.29;0;7639.06;"efectivo: $17.639,06";COMPLETED
V-2026-3171;"4/9/2026, 3:06:53 p. m.";Cajero;;34543.98;0;5527.036800000001;0;29016.9432;"efectivo: $39.016,943";COMPLETED
V-2026-3170;"4/9/2026, 3:06:53 p. m.";Cajero;;43024.01;0;16082.54;0;26941.47;"efectivo: $36.941,47";COMPLETED
V-2026-3169;"4/9/2026, 3:06:53 p. m.";Cajero;;6127.68;0;2696.1792000000005;0;3431.5008;"efectivo: $13.431,501";COMPLETED
V-2026-3168;"4/9/2026, 3:06:53 p. m.";Cajero;;6596.4;0;2176.812;0;4419.588;"efectivo: $14.419,588";COMPLETED
V-2026-3167;"4/9/2026, 3:06:53 p. m.";Cajero;;3569.7300000000005;0;1373.89;0;2195.84;"efectivo: $12.195,84";COMPLETED
V-2026-3166;"4/9/2026, 3:06:53 p. m.";Cajero;;5855.24;0;1990.7816;0;3864.4583999999995;"efectivo: $13.864,458";COMPLETED
V-2026-3165;"4/9/2026, 3:06:53 p. m.";Cajero;;109284.12;0;31240.09;0;78044.03;"efectivo: $88.044,03";COMPLETED
V-2026-3164;"4/9/2026, 3:06:53 p. m.";Cajero;;31458.39;0;5094.01;0;26364.379999999997;"efectivo: $36.364,38";COMPLETED
V-2026-3163;"4/9/2026, 3:06:53 p. m.";Cajero;;136166.73;0;61275.02850000001;0;74891.7015;"efectivo: $84.891,702";COMPLETED
V-2026-3162;"4/9/2026, 3:06:53 p. m.";Cajero;;64876.64;0;29364.25;0;35512.39;"efectivo: $45.512,39";COMPLETED
V-2026-3161;"4/9/2026, 3:06:53 p. m.";Cajero;;118097.01;0;48988.29;0;69108.72;"efectivo: $79.108,72";COMPLETED
V-2026-3160;"4/9/2026, 3:06:53 p. m.";Cajero;;24713.55;0;7661.200499999999;0;17052.3495;"efectivo: $27.052,35";COMPLETED
V-2026-3159;"4/9/2026, 3:06:53 p. m.";Cajero;;151418.6;0;7700.03;0;143718.57;"efectivo: $153.718,57";COMPLETED
V-2026-3158;"4/9/2026, 3:06:53 p. m.";Cajero;;85716.15;0;24000.521999999997;0;61715.628;"efectivo: $71.715,628";COMPLETED
V-2026-3157;"4/9/2026, 3:06:53 p. m.";Cajero;;64914.8;0;28408.26;0;36506.54000000001;"efectivo: $46.506,54";COMPLETED
V-2026-3156;"4/9/2026, 3:06:53 p. m.";Cajero;;41643.36;0;12777.01;0;28866.35;"efectivo: $38.866,35";COMPLETED
V-2026-3155;"4/9/2026, 3:06:53 p. m.";Cajero;;64022.34;0;9904.1;0;54118.24;"efectivo: $64.118,24";COMPLETED
V-2026-3154;"4/9/2026, 3:06:53 p. m.";Cajero;;49206.89;0;2460.3445;0;46746.5455;"efectivo: $56.746,546";COMPLETED
V-2026-3153;"4/9/2026, 3:06:53 p. m.";Cajero;;105232.56;0;3156.9768;0;102075.5832;"efectivo: $112.075,583";COMPLETED
V-2026-3152;"4/9/2026, 3:06:53 p. m.";Cajero;;264957.54;0;13247.877;0;251709.66299999997;"efectivo: $261.709,663";COMPLETED
V-2026-3151;"4/9/2026, 3:06:53 p. m.";Cajero;;116425.84;0;32599.2352;0;83826.6048;"efectivo: $93.826,605";COMPLETED
V-2026-3150;"4/9/2026, 3:06:53 p. m.";Cajero;;34156.96;0;14004.353599999999;0;20152.6064;"efectivo: $30.152,606";COMPLETED
V-2026-3149;"4/9/2026, 3:06:53 p. m.";Cajero;;47154.47;0;14769.43;0;32385.04;"efectivo: $42.385,04";COMPLETED
V-2026-3148;"4/9/2026, 3:06:53 p. m.";Cajero;;240768.90000000002;0;98715.24900000001;0;142053.651;"efectivo: $152.053,651";COMPLETED
V-2026-3147;"4/9/2026, 3:06:53 p. m.";Cajero;;36781.28;0;15080.3248;0;21700.955199999997;"efectivo: $31.700,955";COMPLETED
V-2026-3146;"4/9/2026, 3:06:53 p. m.";Cajero;;53596.68000000001;0;8575.4688;0;45021.211200000005;"efectivo: $55.021,211";COMPLETED
V-2026-3145;"4/9/2026, 3:06:53 p. m.";Cajero;;26654.100000000002;0;10128.558;0;16525.542;"efectivo: $26.525,542";COMPLETED
V-2026-3144;"4/9/2026, 3:06:53 p. m.";Cajero;;253505.37;0;124217.6313;0;129287.7387;"efectivo: $139.287,739";COMPLETED
V-2026-3143;"4/9/2026, 3:06:53 p. m.";Cajero;;87740.58;0;41601.95;0;46138.630000000005;"efectivo: $56.138,63";COMPLETED
V-2026-3142;"4/9/2026, 3:06:53 p. m.";Cajero;;49798.94;0;23405.501800000002;0;26393.4382;"efectivo: $36.393,438";COMPLETED
V-2026-3141;"4/9/2026, 3:06:53 p. m.";Cajero;;39142.02;0;8219.8242;0;30922.195799999998;"efectivo: $40.922,196";COMPLETED
V-2026-3140;"4/9/2026, 3:06:53 p. m.";Cajero;;96684.95;0;46408.776;0;50276.174;"efectivo: $60.276,174";COMPLETED
V-2026-3139;"4/9/2026, 3:06:52 p. m.";Cajero;;89868.6;0;6290.802000000001;0;83577.79800000001;"efectivo: $93.577,798";COMPLETED
V-2026-3138;"4/9/2026, 3:06:52 p. m.";Cajero;;197072.88;0;11824.372800000001;0;185248.5072;"efectivo: $195.248,507";COMPLETED
V-2026-3137;"4/9/2026, 3:06:52 p. m.";Cajero;;33383.64;0;15690.310800000001;0;17693.3292;"efectivo: $27.693,329";COMPLETED
V-2026-3136;"4/9/2026, 3:06:52 p. m.";Cajero;;240963.53999999998;0;54179.28;0;186784.25999999998;"efectivo: $196.784,26";COMPLETED
V-2026-3135;"4/9/2026, 3:06:52 p. m.";Cajero;;87579.84;0;27864.27;0;59715.56999999999;"efectivo: $69.715,57";COMPLETED
V-2026-3134;"4/9/2026, 3:06:52 p. m.";Cajero;;4515.89;0;135.47670000000002;0;4380.4133;"efectivo: $14.380,413";COMPLETED
V-2026-3133;"4/9/2026, 3:06:52 p. m.";Cajero;;23731.54;0;1887.45;0;21844.09;"efectivo: $31.844,09";COMPLETED
V-2026-3132;"4/9/2026, 3:06:52 p. m.";Cajero;;120087.69;0;15712.03;0;104375.66;"efectivo: $114.375,66";COMPLETED
V-2026-3131;"4/9/2026, 3:06:52 p. m.";Cajero;;92349.96;0;42480.9816;0;49868.97840000001;"efectivo: $59.868,978";COMPLETED
V-2026-3130;"4/9/2026, 3:06:52 p. m.";Cajero;;82266.04;0;10093.18;0;72172.85999999999;"efectivo: $82.172,86";COMPLETED
V-2026-3129;"4/9/2026, 3:06:52 p. m.";Cajero;;78072.69;0;19604.99;0;58467.7;"efectivo: $68.467,7";COMPLETED
V-2026-3128;"4/9/2026, 3:06:52 p. m.";Cajero;;76459.31999999999;0;19114.829999999998;0;57344.48999999999;"efectivo: $67.344,49";COMPLETED
V-2026-3127;"4/9/2026, 3:06:52 p. m.";Cajero;;78987.88;0;13911.12;0;65076.76;"efectivo: $75.076,76";COMPLETED
V-2026-3126;"4/9/2026, 3:06:52 p. m.";Cajero;;7561;0;2570.74;0;4990.26;"efectivo: $14.990,26";COMPLETED
V-2026-3125;"4/9/2026, 3:06:52 p. m.";Cajero;;4325.18;0;1296.71;0;3028.4700000000003;"efectivo: $13.028,47";COMPLETED
V-2026-3124;"4/9/2026, 3:06:52 p. m.";Cajero;;15024.03;0;2253.6045;0;12770.425500000001;"efectivo: $22.770,426";COMPLETED
V-2026-3123;"4/9/2026, 3:06:52 p. m.";Cajero;;40807.54;0;18596.28;0;22211.260000000002;"efectivo: $32.211,26";COMPLETED
V-2026-3122;"4/9/2026, 3:06:52 p. m.";Cajero;;143890.38;0;3947.51;0;139942.87;"efectivo: $149.942,87";COMPLETED
V-2026-3121;"4/9/2026, 3:06:52 p. m.";Cajero;;48090.21;0;22722.13;0;25368.079999999998;"efectivo: $35.368,08";COMPLETED
V-2026-3120;"4/9/2026, 3:06:52 p. m.";Cajero;;50109.08;0;10021.816;0;40087.264;"efectivo: $50.087,264";COMPLETED
V-2026-3119;"4/9/2026, 3:06:52 p. m.";Cajero;;17150.760000000002;0;4686.09;0;12464.670000000002;"efectivo: $22.464,67";COMPLETED
V-2026-3118;"4/9/2026, 3:06:52 p. m.";Cajero;;129101.43;0;32275.3575;0;96826.0725;"efectivo: $106.826,073";COMPLETED
V-2026-3117;"4/9/2026, 3:06:52 p. m.";Cajero;;2102.98;0;972.27;0;1130.71;"efectivo: $11.130,71";COMPLETED
V-2026-3116;"4/9/2026, 3:06:52 p. m.";Cajero;;20019;0;4927.29;0;15091.71;"efectivo: $25.091,71";COMPLETED
V-2026-3115;"4/9/2026, 3:06:52 p. m.";Cajero;;21562.54;0;2371.8794;0;19190.660600000003;"efectivo: $29.190,661";COMPLETED
V-2026-3114;"4/9/2026, 3:06:52 p. m.";Cajero;;29319.35;0;12314.127;0;17005.222999999998;"efectivo: $27.005,223";COMPLETED
V-2026-3113;"4/9/2026, 3:06:52 p. m.";Cajero;;133333.65000000002;0;25333.393500000006;0;108000.25650000002;"efectivo: $118.000,257";COMPLETED
V-2026-3112;"4/9/2026, 3:06:52 p. m.";Cajero;;14631.04;0;6730.278400000001;0;7900.7616;"efectivo: $17.900,762";COMPLETED
V-2026-3111;"4/9/2026, 3:06:52 p. m.";Cajero;;277536.72000000003;0;88811.7504;0;188724.9696;"efectivo: $198.724,97";COMPLETED
V-2026-3110;"4/9/2026, 3:06:52 p. m.";Cajero;;72073.62;0;25946.5032;0;46127.116799999996;"efectivo: $56.127,117";COMPLETED
V-2026-3109;"4/9/2026, 3:06:52 p. m.";Cajero;;37182.3;0;17847.504;0;19334.796000000002;"efectivo: $29.334,796";COMPLETED
V-2026-3108;"4/9/2026, 3:06:52 p. m.";Cajero;;12977.27;0;3851.89;0;9125.380000000001;"efectivo: $19.125,38";COMPLETED
V-2026-3107;"4/9/2026, 3:06:52 p. m.";Cajero;;4744.66;0;1551.59;0;3193.0699999999997;"efectivo: $13.193,07";COMPLETED
V-2026-3106;"4/9/2026, 3:06:52 p. m.";Cajero;;2851.2;0;1340.0639999999999;0;1511.136;"efectivo: $11.511,136";COMPLETED
V-2026-3105;"4/9/2026, 3:06:52 p. m.";Cajero;;75497.28;0;24159.1296;0;51338.1504;"efectivo: $61.338,15";COMPLETED
V-2026-3104;"4/9/2026, 3:06:52 p. m.";Cajero;;277803.6;0;80563.044;0;197240.55599999998;"efectivo: $207.240,556";COMPLETED
V-2026-3103;"4/9/2026, 3:06:52 p. m.";Cajero;;8251.02;0;4125.51;0;4125.51;"efectivo: $14.125,51";COMPLETED
V-2026-3102;"4/9/2026, 3:06:52 p. m.";Cajero;;33258.93;0;2665;0;30593.93;"efectivo: $40.593,93";COMPLETED
V-2026-3101;"4/9/2026, 3:06:52 p. m.";Cajero;;73962.62;0;8875.5144;0;65087.105599999995;"efectivo: $75.087,106";COMPLETED
V-2026-3100;"4/9/2026, 3:06:52 p. m.";Cajero;;5913.33;0;1239.66;0;4673.67;"efectivo: $14.673,67";COMPLETED
V-2026-3099;"4/9/2026, 3:06:52 p. m.";Cajero;;998.04;0;264.15;0;733.89;"efectivo: $10.733,89";COMPLETED
V-2026-3098;"4/9/2026, 3:06:52 p. m.";Cajero;;34075.8;0;10192.51;0;23883.29;"efectivo: $33.883,29";COMPLETED
V-2026-3097;"4/9/2026, 3:06:52 p. m.";Cajero;;49266.33;0;24282.51;0;24983.820000000003;"efectivo: $34.983,82";COMPLETED
V-2026-3096;"4/9/2026, 3:06:52 p. m.";Cajero;;8801.55;0;3919.96;0;4881.589999999999;"efectivo: $14.881,59";COMPLETED
V-2026-3095;"4/9/2026, 3:06:52 p. m.";Cajero;;13615.28;0;5875.81;0;7739.47;"efectivo: $17.739,47";COMPLETED
V-2026-3094;"4/9/2026, 3:06:52 p. m.";Cajero;;84051.69;0;12908.47;0;71143.22;"efectivo: $81.143,22";COMPLETED
V-2026-3093;"4/9/2026, 3:06:52 p. m.";Cajero;;65424.92;0;14671.03;0;50753.89;"efectivo: $60.753,89";COMPLETED
V-2026-3092;"4/9/2026, 3:06:52 p. m.";Cajero;;45998.850000000006;0;16714.66;0;29284.190000000006;"efectivo: $39.284,19";COMPLETED
V-2026-3091;"4/9/2026, 3:06:52 p. m.";Cajero;;104779.53;0;17812.5201;0;86967.0099;"efectivo: $96.967,01";COMPLETED
V-2026-3090;"4/9/2026, 3:06:52 p. m.";Cajero;;1671.48;0;704.02;0;967.46;"efectivo: $10.967,46";COMPLETED
V-2026-3089;"4/9/2026, 3:06:52 p. m.";Cajero;;81240.36;0;23649.67;0;57590.69;"efectivo: $67.590,69";COMPLETED
V-2026-3088;"4/9/2026, 3:06:52 p. m.";Cajero;;99297.48;0;26810.3196;0;72487.1604;"efectivo: $82.487,16";COMPLETED
V-2026-3087;"4/9/2026, 3:06:52 p. m.";Cajero;;7749.960000000001;0;2221.5;0;5528.460000000001;"efectivo: $15.528,46";COMPLETED
V-2026-3086;"4/9/2026, 3:06:52 p. m.";Cajero;;71616.72;0;2148.5016;0;69468.2184;"efectivo: $79.468,218";COMPLETED
V-2026-3085;"4/9/2026, 3:06:52 p. m.";Cajero;;108548.94;0;32564.682;0;75984.258;"efectivo: $85.984,258";COMPLETED
V-2026-3084;"4/9/2026, 3:06:52 p. m.";Cajero;;34805.909999999996;0;16334.69;0;18471.219999999994;"efectivo: $28.471,22";COMPLETED
V-2026-3083;"4/9/2026, 3:06:52 p. m.";Cajero;;249534.59999999998;0;107299.87799999998;0;142234.722;"efectivo: $152.234,722";COMPLETED
V-2026-3082;"4/9/2026, 3:06:52 p. m.";Cajero;;24543.15;0;9931.86;0;14611.29;"efectivo: $24.611,29";COMPLETED
V-2026-3081;"4/9/2026, 3:06:52 p. m.";Cajero;;93312;0;13893.45;0;79418.55;"efectivo: $89.418,55";COMPLETED
V-2026-3080;"4/9/2026, 3:06:52 p. m.";Cajero;;25805.83;0;2261.45;0;23544.38;"efectivo: $33.544,38";COMPLETED
V-2026-3079;"4/9/2026, 3:06:52 p. m.";Cajero;;64993.68;0;15835.66;0;49158.020000000004;"efectivo: $59.158,02";COMPLETED
V-2026-3078;"4/9/2026, 3:06:52 p. m.";Cajero;;23250.87;0;2280.99;0;20969.879999999997;"efectivo: $30.969,88";COMPLETED
V-2026-3077;"4/9/2026, 3:06:52 p. m.";Cajero;;90953.34;0;5754.28;0;85199.06;"efectivo: $95.199,06";COMPLETED
V-2026-3076;"4/9/2026, 3:06:52 p. m.";Cajero;;41181.62;0;9471.7726;0;31709.847400000002;"efectivo: $41.709,847";COMPLETED
V-2026-3075;"4/9/2026, 3:06:52 p. m.";Cajero;;34853.41;0;11850.159400000002;0;23003.2506;"efectivo: $33.003,251";COMPLETED
V-2026-3074;"4/9/2026, 3:06:52 p. m.";Cajero;;268359.33;0;50988.2727;0;217371.05730000001;"efectivo: $227.371,057";COMPLETED
V-2026-3073;"4/9/2026, 3:06:52 p. m.";Cajero;;55852.259999999995;0;23077.17;0;32775.09;"efectivo: $42.775,09";COMPLETED
V-2026-3072;"4/9/2026, 3:06:52 p. m.";Cajero;;47251.36;0;13841.3;0;33410.06;"efectivo: $43.410,06";COMPLETED
V-2026-3071;"4/9/2026, 3:06:52 p. m.";Cajero;;24484.86;0;1958.7888;0;22526.071200000002;"efectivo: $32.526,071";COMPLETED
V-2026-3070;"4/9/2026, 3:06:52 p. m.";Cajero;;23739.42;0;945.95;0;22793.469999999998;"efectivo: $32.793,47";COMPLETED
V-2026-3069;"4/9/2026, 3:06:52 p. m.";Cajero;;152424.82;0;45446.35;0;106978.47;"efectivo: $116.978,47";COMPLETED
V-2026-3068;"4/9/2026, 3:06:52 p. m.";Cajero;;43161.22;0;8662.21;0;34499.01;"efectivo: $44.499,01";COMPLETED
V-2026-3067;"4/9/2026, 3:06:52 p. m.";Cajero;;149232.27;0;70105.11;0;79127.15999999999;"efectivo: $89.127,16";COMPLETED
V-2026-3066;"4/9/2026, 3:06:52 p. m.";Cajero;;50286.63;0;14583.1227;0;35703.5073;"efectivo: $45.703,507";COMPLETED
V-2026-3065;"4/9/2026, 3:06:52 p. m.";Cajero;;59978.18;0;13720.87;0;46257.31;"efectivo: $56.257,31";COMPLETED
V-2026-3064;"4/9/2026, 3:06:52 p. m.";Cajero;;4630.94;0;104.51;0;4526.429999999999;"efectivo: $14.526,43";COMPLETED
V-2026-3063;"4/9/2026, 3:06:52 p. m.";Cajero;;9908.83;0;99.0883;0;9809.7417;"efectivo: $19.809,742";COMPLETED
V-2026-3062;"4/9/2026, 3:06:52 p. m.";Cajero;;41360.05;0;5376.806500000001;0;35983.243500000004;"efectivo: $45.983,244";COMPLETED
V-2026-3061;"4/9/2026, 3:06:52 p. m.";Cajero;;59197.66;0;26648.57;0;32549.090000000004;"efectivo: $42.549,09";COMPLETED
V-2026-3060;"4/9/2026, 3:06:52 p. m.";Cajero;;28620.78;0;3434.4936;0;25186.286399999997;"efectivo: $35.186,286";COMPLETED
V-2026-3059;"4/9/2026, 3:06:52 p. m.";Cajero;;32868.05;0;3321.46;0;29546.590000000004;"efectivo: $39.546,59";COMPLETED
V-2026-3058;"4/9/2026, 3:06:52 p. m.";Cajero;;198646.44;0;61580.3964;0;137066.0436;"efectivo: $147.066,044";COMPLETED
V-2026-3057;"4/9/2026, 3:06:52 p. m.";Cajero;;70530.38;0;35265.19;0;35265.19;"efectivo: $45.265,19";COMPLETED
V-2026-3056;"4/9/2026, 3:06:52 p. m.";Cajero;;47624.85;0;8574.16;0;39050.69;"efectivo: $49.050,69";COMPLETED
V-2026-3055;"4/9/2026, 3:06:52 p. m.";Cajero;;17895.22;0;2326.3786;0;15568.841400000001;"efectivo: $25.568,841";COMPLETED
V-2026-3054;"4/9/2026, 3:06:52 p. m.";Cajero;;86663.24;0;39865.0904;0;46798.149600000004;"efectivo: $56.798,15";COMPLETED
V-2026-3053;"4/9/2026, 3:06:52 p. m.";Cajero;;3245.19;0;1465.22;0;1779.97;"efectivo: $11.779,97";COMPLETED
V-2026-3052;"4/9/2026, 3:06:52 p. m.";Cajero;;22243.28;0;9119.7448;0;13123.535199999998;"efectivo: $23.123,535";COMPLETED
V-2026-3051;"4/9/2026, 3:06:52 p. m.";Cajero;;11265.42;0;2880.38;0;8385.04;"efectivo: $18.385,04";COMPLETED
V-2026-3050;"4/9/2026, 3:06:52 p. m.";Cajero;;219284.01;0;15123.25;0;204160.76;"efectivo: $214.160,76";COMPLETED
V-2026-3049;"4/9/2026, 3:06:52 p. m.";Cajero;;34583.46;0;15612.59;0;18970.87;"efectivo: $28.970,87";COMPLETED
V-2026-3048;"4/9/2026, 3:06:52 p. m.";Cajero;;61865.61;0;10517.1537;0;51348.4563;"efectivo: $61.348,456";COMPLETED
V-2026-3047;"4/9/2026, 3:06:52 p. m.";Cajero;;48584.12;0;15456.08;0;33128.04;"efectivo: $43.128,04";COMPLETED
V-2026-3046;"4/9/2026, 3:06:52 p. m.";Cajero;;32424.18;0;5729.16;0;26695.02;"efectivo: $36.695,02";COMPLETED
V-2026-3045;"4/9/2026, 3:06:52 p. m.";Cajero;;199373.73;0;85730.70390000001;0;113643.0261;"efectivo: $123.643,026";COMPLETED
V-2026-3044;"4/9/2026, 3:06:52 p. m.";Cajero;;21077.1;0;10292.94;0;10784.159999999998;"efectivo: $20.784,16";COMPLETED
V-2026-3043;"4/9/2026, 3:06:52 p. m.";Cajero;;70277.13;0;34125.23;0;36151.9;"efectivo: $46.151,9";COMPLETED
V-2026-3042;"4/9/2026, 3:06:52 p. m.";Cajero;;11299.12;0;112.9912;0;11186.1288;"efectivo: $21.186,129";COMPLETED
V-2026-3041;"4/9/2026, 3:06:52 p. m.";Cajero;;41977.49;0;14499.06;0;27478.43;"efectivo: $37.478,43";COMPLETED
V-2026-3040;"4/9/2026, 3:06:52 p. m.";Cajero;;33799.409999999996;0;7997.22;0;25802.189999999995;"efectivo: $35.802,19";COMPLETED
V-2026-3039;"4/9/2026, 3:06:52 p. m.";Cajero;;68583.9;0;28805.237999999998;0;39778.662;"efectivo: $49.778,662";COMPLETED
V-2026-3038;"4/9/2026, 3:06:52 p. m.";Cajero;;31945.44;0;15014.3568;0;16931.0832;"efectivo: $26.931,083";COMPLETED
V-2026-3037;"4/9/2026, 3:06:52 p. m.";Cajero;;43178.81;0;17403.95;0;25774.859999999997;"efectivo: $35.774,86";COMPLETED
V-2026-3036;"4/9/2026, 3:06:52 p. m.";Cajero;;61051.12;0;22588.914399999998;0;38462.2056;"efectivo: $48.462,206";COMPLETED
V-2026-3035;"4/9/2026, 3:06:52 p. m.";Cajero;;65629.83;0;29385.06;0;36244.770000000004;"efectivo: $46.244,77";COMPLETED
V-2026-3034;"4/9/2026, 3:06:52 p. m.";Cajero;;96032.43000000001;0;21778.24;0;74254.19;"efectivo: $84.254,19";COMPLETED
V-2026-3033;"4/9/2026, 3:06:52 p. m.";Cajero;;34242.06;0;16613.19;0;17628.87;"efectivo: $27.628,87";COMPLETED
V-2026-3032;"4/9/2026, 3:06:52 p. m.";Cajero;;245453.49;0;72771.3;0;172682.19;"efectivo: $182.682,19";COMPLETED
V-2026-3031;"4/9/2026, 3:06:52 p. m.";Cajero;;1277.12;0;203.14;0;1073.98;"efectivo: $11.073,98";COMPLETED
V-2026-3030;"4/9/2026, 3:06:52 p. m.";Cajero;;77456.94;0;5884.2;0;71572.74;"efectivo: $81.572,74";COMPLETED
V-2026-3029;"4/9/2026, 3:06:52 p. m.";Cajero;;43155;0;4747.05;0;38407.95;"efectivo: $48.407,95";COMPLETED
V-2026-3028;"4/9/2026, 3:06:52 p. m.";Cajero;;31114.85;0;4562.29;0;26552.559999999998;"efectivo: $36.552,56";COMPLETED
V-2026-3027;"4/9/2026, 3:06:52 p. m.";Cajero;;73627.74;0;2945.1096000000002;0;70682.63040000001;"efectivo: $80.682,63";COMPLETED
V-2026-3026;"4/9/2026, 3:06:52 p. m.";Cajero;;16933.26;0;7753.6;0;9179.659999999998;"efectivo: $19.179,66";COMPLETED
V-2026-3025;"4/9/2026, 3:06:52 p. m.";Cajero;;11822.9;0;4492.702;0;7330.197999999999;"efectivo: $17.330,198";COMPLETED
V-2026-3024;"4/9/2026, 3:06:52 p. m.";Cajero;;180361.71;0;88377.2379;0;91984.4721;"efectivo: $101.984,472";COMPLETED
V-2026-3023;"4/9/2026, 3:06:52 p. m.";Cajero;;24673.88;0;652.85;0;24021.030000000002;"efectivo: $34.021,03";COMPLETED
V-2026-3022;"4/9/2026, 3:06:52 p. m.";Cajero;;86454.2;0;19884.466;0;66569.734;"efectivo: $76.569,734";COMPLETED
V-2026-3021;"4/9/2026, 3:06:52 p. m.";Cajero;;138322.34999999998;0;51179.269499999995;0;87143.08049999998;"efectivo: $97.143,08";COMPLETED
V-2026-3020;"4/9/2026, 3:06:52 p. m.";Cajero;;3932.35;0;197.69;0;3734.66;"efectivo: $13.734,66";COMPLETED
V-2026-3019;"4/9/2026, 3:06:52 p. m.";Cajero;;108043.62;0;6677.76;0;101365.86;"efectivo: $111.365,86";COMPLETED
V-2026-3018;"4/9/2026, 3:06:52 p. m.";Cajero;;64753.84;0;26036.69;0;38717.149999999994;"efectivo: $48.717,15";COMPLETED
V-2026-3017;"4/9/2026, 3:06:52 p. m.";Cajero;;29431.61;0;12792.01;0;16639.6;"efectivo: $26.639,6";COMPLETED
V-2026-3016;"4/9/2026, 3:06:52 p. m.";Cajero;;39883.92;0;15155.8896;0;24728.030399999996;"efectivo: $34.728,03";COMPLETED
V-2026-3015;"4/9/2026, 3:06:52 p. m.";Cajero;;7528.38;0;593.02;0;6935.360000000001;"efectivo: $16.935,36";COMPLETED
V-2026-3014;"4/9/2026, 3:06:52 p. m.";Cajero;;17340.15;0;8496.6735;0;8843.4765;"efectivo: $18.843,477";COMPLETED
V-2026-3013;"4/9/2026, 3:06:52 p. m.";Cajero;;13825.76;0;6636.364799999999;0;7189.395200000001;"efectivo: $17.189,395";COMPLETED
V-2026-3012;"4/9/2026, 3:06:52 p. m.";Cajero;;81660.36;0;31030.936800000003;0;50629.4232;"efectivo: $60.629,423";COMPLETED
V-2026-3011;"4/9/2026, 3:06:52 p. m.";Cajero;;24946.5;0;519.34;0;24427.16;"efectivo: $34.427,16";COMPLETED
V-2026-3010;"4/9/2026, 3:06:52 p. m.";Cajero;;71070.81;0;23469.55;0;47601.259999999995;"efectivo: $57.601,26";COMPLETED
V-2026-3009;"4/9/2026, 3:06:52 p. m.";Cajero;;2201.82;0;770.6370000000002;0;1431.183;"efectivo: $11.431,183";COMPLETED
V-2026-3008;"4/9/2026, 3:06:52 p. m.";Cajero;;33681.64;0;1010.4492;0;32671.1908;"efectivo: $42.671,191";COMPLETED
V-2026-3007;"4/9/2026, 3:06:52 p. m.";Cajero;;87352.68000000001;0;42802.813200000004;0;44549.8668;"efectivo: $54.549,867";COMPLETED
V-2026-3006;"4/9/2026, 3:06:52 p. m.";Cajero;;25759.11;0;2060.7288;0;23698.3812;"efectivo: $33.698,381";COMPLETED
V-2026-3005;"4/9/2026, 3:06:52 p. m.";Cajero;;64955.24;0;29229.857999999997;0;35725.382;"efectivo: $45.725,382";COMPLETED
V-2026-3004;"4/9/2026, 3:06:52 p. m.";Cajero;;60217.53;0;6065.47;0;54152.06;"efectivo: $64.152,06";COMPLETED
V-2026-3003;"4/9/2026, 3:06:52 p. m.";Cajero;;12913.47;0;3775.15;0;9138.32;"efectivo: $19.138,32";COMPLETED
V-2026-3002;"4/9/2026, 3:06:52 p. m.";Cajero;;25193.09;0;8313.7197;0;16879.370300000002;"efectivo: $26.879,37";COMPLETED
V-2026-3001;"4/9/2026, 3:06:52 p. m.";Cajero;;37761.92;0;13594.2912;0;24167.6288;"efectivo: $34.167,629";COMPLETED
V-2026-3000;"4/9/2026, 3:06:52 p. m.";Cajero;;909834.49;0;0;0;909834.49;"tarjeta: $942.520,49";COMPLETED
V-2026-2999;"4/9/2026, 3:06:52 p. m.";Cajero;;245838.50999999998;0;0;0;245838.50999999998;"daviplata: $290.147,51";COMPLETED
V-2026-2998;"4/9/2026, 3:06:52 p. m.";Cajero;;224134.58000000002;0;0;0;224134.58000000002;"nequi: $237.051,58";COMPLETED
V-2026-2997;"4/9/2026, 3:06:52 p. m.";Cajero;;153877.06;0;0;0;153877.06;"tarjeta: $167.922,06";COMPLETED
V-2026-2996;"4/9/2026, 3:06:52 p. m.";Cajero;;63975.42;0;0;0;63975.42;"tarjeta: $68.313,42";COMPLETED
V-2026-2995;"4/9/2026, 3:06:52 p. m.";Cajero;;292995.19999999995;0;0;0;292995.19999999995;"nequi: $334.742,2";COMPLETED
V-2026-2994;"4/9/2026, 3:06:52 p. m.";Cajero;;156074.13;0;0;0;156074.13;"nequi: $177.013,13";COMPLETED
V-2026-2993;"4/9/2026, 3:06:52 p. m.";Cajero;;107812.36;0;0;0;107812.36;"efectivo: $131.751,36";COMPLETED
V-2026-2992;"4/9/2026, 3:06:52 p. m.";Cajero;;655538.1900000001;0;0;0;655538.1900000001;"tarjeta: $670.706,19";COMPLETED
V-2026-2991;"4/9/2026, 3:06:52 p. m.";Cajero;;587285.96;0;0;0;587285.96;"transferencia: $624.785,96";COMPLETED
V-2026-2990;"4/9/2026, 3:06:52 p. m.";Cajero;;24831.78;0;0;0;24831.78;"transferencia: $29.773,78";COMPLETED
V-2026-2989;"4/9/2026, 3:06:52 p. m.";Cajero;;177960.32;0;0;0;177960.32;"efectivo: $213.812,32";COMPLETED
V-2026-2988;"4/9/2026, 3:06:51 p. m.";Cajero;;463911.45999999996;0;0;0;463911.45999999996;"nequi: $479.764,46";COMPLETED
V-2026-2987;"4/9/2026, 3:06:51 p. m.";Cajero;;116626.26;0;0;0;116626.26;"efectivo: $118.893,26";COMPLETED
V-2026-2986;"4/9/2026, 3:06:51 p. m.";Cajero;;627313.03;0;0;0;627313.03;"daviplata: $672.672,03";COMPLETED
V-2026-2985;"4/9/2026, 3:06:51 p. m.";Cajero;;761777.59;0;0;0;761777.59;"efectivo: $767.765,59";COMPLETED
V-2026-2984;"4/9/2026, 3:06:51 p. m.";Cajero;;462050.82;0;0;0;462050.82;"nequi: $491.940,82";COMPLETED
V-2026-2983;"4/9/2026, 3:06:51 p. m.";Cajero;;168016.36;0;0;0;168016.36;"nequi: $207.400,36";COMPLETED
V-2026-2982;"4/9/2026, 3:06:51 p. m.";Cajero;;650079.4600000001;0;0;0;650079.4600000001;"transferencia: $652.607,46";COMPLETED
V-2026-2981;"4/9/2026, 3:06:51 p. m.";Cajero;;4962.96;0;0;0;4962.96;"daviplata: $29.995,96";COMPLETED
V-2026-2980;"4/9/2026, 3:06:51 p. m.";Cajero;;1280917.78;0;0;0;1280917.78;"nequi: $1.303.288,78";COMPLETED
V-2026-2979;"4/9/2026, 3:06:51 p. m.";Cajero;;392266.31;0;0;0;392266.31;"efectivo: $425.249,31";COMPLETED
V-2026-2978;"4/9/2026, 3:06:51 p. m.";Cajero;;829417.66;0;0;0;829417.66;"tarjeta: $831.753,66";COMPLETED
V-2026-2977;"4/9/2026, 3:06:51 p. m.";Cajero;;246108.99999999997;0;0;0;246108.99999999997;transferencia: $266.525;COMPLETED
V-2026-2976;"4/9/2026, 3:06:51 p. m.";Cajero;;497048.93999999994;0;0;0;497048.93999999994;"tarjeta: $536.728,94";COMPLETED
V-2026-2975;"4/9/2026, 3:06:51 p. m.";Cajero;;413016.55999999994;0;0;0;413016.55999999994;"transferencia: $421.133,56";COMPLETED
V-2026-2974;"4/9/2026, 3:06:51 p. m.";Cajero;;830996.02;0;0;0;830996.02;"transferencia: $875.525,02";COMPLETED
V-2026-2973;"4/9/2026, 3:06:51 p. m.";Cajero;;271171.3;0;0;0;271171.3;"tarjeta: $308.087,3";COMPLETED
V-2026-2972;"4/9/2026, 3:06:51 p. m.";Cajero;;1058196.48;0;0;0;1058196.48;"efectivo: $1.058.708,48";COMPLETED
V-2026-2971;"4/9/2026, 3:06:51 p. m.";Cajero;;490393.2;0;0;0;490393.2;"tarjeta: $536.266,2";COMPLETED
V-2026-2970;"4/9/2026, 3:06:51 p. m.";Cajero;;218859.31;0;0;0;218859.31;"tarjeta: $268.270,31";COMPLETED
V-2026-2969;"4/9/2026, 3:06:51 p. m.";Cajero;;494938.32;0;0;0;494938.32;"nequi: $505.682,32";COMPLETED
V-2026-2968;"4/9/2026, 3:06:51 p. m.";Cajero;;212529.36;0;0;0;212529.36;"tarjeta: $255.480,36";COMPLETED
V-2026-2967;"4/9/2026, 3:06:51 p. m.";Cajero;;769964.37;0;0;0;769964.37;"tarjeta: $786.489,37";COMPLETED
V-2026-2966;"4/9/2026, 3:06:51 p. m.";Cajero;;270557.73;0;0;0;270557.73;"efectivo: $311.836,73";COMPLETED
V-2026-2965;"4/9/2026, 3:06:51 p. m.";Cajero;;644494.38;0;0;0;644494.38;"daviplata: $679.783,38";COMPLETED
V-2026-2964;"4/9/2026, 3:06:51 p. m.";Cajero;;272496.68;0;0;0;272496.68;"tarjeta: $310.935,68";COMPLETED
V-2026-2963;"4/9/2026, 3:06:51 p. m.";Cajero;;765176.6599999999;0;0;0;765176.6599999999;"daviplata: $794.593,66";COMPLETED
V-2026-2962;"4/9/2026, 3:06:51 p. m.";Cajero;;1218401.01;0;0;0;1218401.01;"transferencia: $1.244.252,01";COMPLETED
V-2026-2961;"4/9/2026, 3:06:51 p. m.";Cajero;;632049.9199999999;0;0;0;632049.9199999999;"tarjeta: $681.392,92";COMPLETED
V-2026-2960;"4/9/2026, 3:06:51 p. m.";Cajero;;43934.94;0;0;0;43934.94;"tarjeta: $78.386,94";COMPLETED
V-2026-2959;"4/9/2026, 3:06:51 p. m.";Cajero;;394013.23;0;0;0;394013.23;"tarjeta: $397.783,23";COMPLETED
V-2026-2958;"4/9/2026, 3:06:51 p. m.";Cajero;;461374.9;0;0;0;461374.9;"transferencia: $498.134,9";COMPLETED
V-2026-2957;"4/9/2026, 3:06:51 p. m.";Cajero;;570526.4099999999;0;0;0;570526.4099999999;"daviplata: $612.465,41";COMPLETED
V-2026-2956;"4/9/2026, 3:06:51 p. m.";Cajero;;619086.8;0;0;0;619086.8;"daviplata: $643.945,8";COMPLETED
V-2026-2955;"4/9/2026, 3:06:51 p. m.";Cajero;;73288.16;0;0;0;73288.16;"efectivo: $118.982,16";COMPLETED
V-2026-2954;"4/9/2026, 3:06:51 p. m.";Cajero;;268005.80000000005;0;0;0;268005.80000000005;"efectivo: $297.968,8";COMPLETED
V-2026-2953;"4/9/2026, 3:06:51 p. m.";Cajero;;472006.51;0;0;0;472006.51;"efectivo: $488.422,51";COMPLETED
V-2026-2952;"4/9/2026, 3:06:51 p. m.";Cajero;;336130.68;0;0;0;336130.68;"nequi: $373.854,68";COMPLETED
V-2026-2951;"4/9/2026, 3:06:51 p. m.";Cajero;;252728.65;0;0;0;252728.65;"transferencia: $296.079,65";COMPLETED
V-2026-2950;"4/9/2026, 3:06:51 p. m.";Cajero;;540399.49;0;0;0;540399.49;"tarjeta: $554.537,49";COMPLETED
V-2026-2949;"4/9/2026, 3:06:51 p. m.";Cajero;;687932.92;0;0;0;687932.92;"daviplata: $699.576,92";COMPLETED
V-2026-2948;"4/9/2026, 3:06:51 p. m.";Cajero;;1196165.7;0;0;0;1196165.7;"daviplata: $1.234.078,7";COMPLETED
V-2026-2947;"4/9/2026, 3:06:51 p. m.";Cajero;;585218.91;0;0;0;585218.91;"daviplata: $618.063,91";COMPLETED
V-2026-2946;"4/9/2026, 3:06:51 p. m.";Cajero;;198319.16;0;0;0;198319.16;"nequi: $243.998,16";COMPLETED
V-2026-2945;"4/9/2026, 3:06:51 p. m.";Cajero;;426406.33;0;0;0;426406.33;"nequi: $476.308,33";COMPLETED
V-2026-2944;"4/9/2026, 3:06:51 p. m.";Cajero;;672685.01;0;0;0;672685.01;"transferencia: $679.635,01";COMPLETED
V-2026-2943;"4/9/2026, 3:06:51 p. m.";Cajero;;141653.34;0;0;0;141653.34;"daviplata: $175.731,34";COMPLETED
V-2026-2942;"4/9/2026, 3:06:51 p. m.";Cajero;;298346.92;0;0;0;298346.92;"nequi: $327.739,92";COMPLETED
V-2026-2941;"4/9/2026, 3:06:51 p. m.";Cajero;;431925.36;0;0;0;431925.36;"efectivo: $438.039,36";COMPLETED
V-2026-2940;"4/9/2026, 3:06:51 p. m.";Cajero;;327696.29000000004;0;0;0;327696.29000000004;"nequi: $352.287,29";COMPLETED
V-2026-2939;"4/9/2026, 3:06:51 p. m.";Cajero;;550340.88;0;0;0;550340.88;"nequi: $591.025,88";COMPLETED
V-2026-2938;"4/9/2026, 3:06:51 p. m.";Cajero;;570388.29;0;0;0;570388.29;"efectivo: $604.541,29";COMPLETED
V-2026-2937;"4/9/2026, 3:06:51 p. m.";Cajero;;372232.87;0;0;0;372232.87;"efectivo: $377.797,87";COMPLETED
V-2026-2936;"4/9/2026, 3:06:51 p. m.";Cajero;;336489.41;0;0;0;336489.41;"efectivo: $361.500,41";COMPLETED
V-2026-2935;"4/9/2026, 3:06:51 p. m.";Cajero;;76405.08;0;0;0;76405.08;"nequi: $84.821,08";COMPLETED
V-2026-2934;"4/9/2026, 3:06:51 p. m.";Cajero;;775890.51;0;0;0;775890.51;"transferencia: $794.874,51";COMPLETED
V-2026-2933;"4/9/2026, 3:06:51 p. m.";Cajero;;893325.77;0;0;0;893325.77;"tarjeta: $917.888,77";COMPLETED
V-2026-2932;"4/9/2026, 3:06:51 p. m.";Cajero;;760797.75;0;0;0;760797.75;"nequi: $772.567,75";COMPLETED
V-2026-2931;"4/9/2026, 3:06:51 p. m.";Cajero;;42074.41;0;0;0;42074.41;"efectivo: $49.483,41";COMPLETED
V-2026-2930;"4/9/2026, 3:06:51 p. m.";Cajero;;346009.48;0;0;0;346009.48;"nequi: $362.013,48";COMPLETED
V-2026-2929;"4/9/2026, 3:06:51 p. m.";Cajero;;697471.78;0;0;0;697471.78;"tarjeta: $718.025,78";COMPLETED
V-2026-2928;"4/9/2026, 3:06:51 p. m.";Cajero;;583362.1799999999;0;0;0;583362.1799999999;"daviplata: $590.625,18";COMPLETED
V-2026-2927;"4/9/2026, 3:06:51 p. m.";Cajero;;572972.0800000001;0;0;0;572972.0800000001;"daviplata: $607.833,08";COMPLETED
V-2026-2926;"4/9/2026, 3:06:51 p. m.";Cajero;;481406.79;0;0;0;481406.79;"efectivo: $517.194,79";COMPLETED
V-2026-2925;"4/9/2026, 3:06:51 p. m.";Cajero;;167529.73;0;0;0;167529.73;"efectivo: $173.036,73";COMPLETED
V-2026-2924;"4/9/2026, 3:06:51 p. m.";Cajero;;207491.68;0;0;0;207491.68;"daviplata: $241.038,68";COMPLETED
V-2026-2923;"4/9/2026, 3:06:51 p. m.";Cajero;;843552.06;0;0;0;843552.06;"transferencia: $873.711,06";COMPLETED
V-2026-2922;"4/9/2026, 3:06:51 p. m.";Cajero;;31620.36;0;0;0;31620.36;"daviplata: $76.728,36";COMPLETED
V-2026-2921;"4/9/2026, 3:06:51 p. m.";Cajero;;599708.08;0;0;0;599708.08;"tarjeta: $602.507,08";COMPLETED
V-2026-2920;"4/9/2026, 3:06:51 p. m.";Cajero;;26869.55;0;0;0;26869.55;"transferencia: $35.817,55";COMPLETED
V-2026-2919;"4/9/2026, 3:06:51 p. m.";Cajero;;471223.8;0;0;0;471223.8;"nequi: $504.556,8";COMPLETED
V-2026-2918;"4/9/2026, 3:06:51 p. m.";Cajero;;529389.02;0;0;0;529389.02;"nequi: $552.894,02";COMPLETED
V-2026-2917;"4/9/2026, 3:06:51 p. m.";Cajero;;240171.06999999998;0;0;0;240171.06999999998;"nequi: $259.848,07";COMPLETED
V-2026-2916;"4/9/2026, 3:06:51 p. m.";Cajero;;377489.25;0;0;0;377489.25;"transferencia: $393.628,25";COMPLETED
V-2026-2915;"4/9/2026, 3:06:51 p. m.";Cajero;;1064539.57;0;0;0;1064539.57;"transferencia: $1.103.553,57";COMPLETED
V-2026-2914;"4/9/2026, 3:06:51 p. m.";Cajero;;462347.91000000003;0;0;0;462347.91000000003;"nequi: $465.042,91";COMPLETED
V-2026-2913;"4/9/2026, 3:06:51 p. m.";Cajero;;840074.3899999999;0;0;0;840074.3899999999;"nequi: $875.079,39";COMPLETED
V-2026-2912;"4/9/2026, 3:06:51 p. m.";Cajero;;412349.13999999996;0;0;0;412349.13999999996;"daviplata: $439.356,14";COMPLETED
V-2026-2911;"4/9/2026, 3:06:51 p. m.";Cajero;;323963.97000000003;0;0;0;323963.97000000003;"tarjeta: $334.683,97";COMPLETED
V-2026-2910;"4/9/2026, 3:06:51 p. m.";Cajero;;813847.6099999999;0;0;0;813847.6099999999;"nequi: $860.757,61";COMPLETED
V-2026-2909;"4/9/2026, 3:06:51 p. m.";Cajero;;442074.29999999993;0;0;0;442074.29999999993;"daviplata: $453.888,3";COMPLETED
V-2026-2908;"4/9/2026, 3:06:51 p. m.";Cajero;;499006.42000000004;0;0;0;499006.42000000004;"nequi: $514.545,42";COMPLETED
V-2026-2907;"4/9/2026, 3:06:51 p. m.";Cajero;;867186.8799999999;0;0;0;867186.8799999999;"transferencia: $908.184,88";COMPLETED
V-2026-2906;"4/9/2026, 3:06:50 p. m.";Cajero;;187164.39;0;0;0;187164.39;"daviplata: $204.859,39";COMPLETED
V-2026-2905;"4/9/2026, 3:06:50 p. m.";Cajero;;423303.67000000004;0;0;0;423303.67000000004;"transferencia: $452.435,67";COMPLETED
V-2026-2904;"4/9/2026, 3:06:50 p. m.";Cajero;;371012.83999999997;0;0;0;371012.83999999997;"tarjeta: $396.468,84";COMPLETED
V-2026-2903;"4/9/2026, 3:06:50 p. m.";Cajero;;765836.9;0;0;0;765836.9;"tarjeta: $810.842,9";COMPLETED
V-2026-2902;"4/9/2026, 3:06:50 p. m.";Cajero;;553566.49;0;0;0;553566.49;"tarjeta: $558.078,49";COMPLETED
V-2026-2901;"4/9/2026, 3:06:50 p. m.";Cajero;;75219.95999999999;0;0;0;75219.95999999999;"transferencia: $120.545,96";COMPLETED
V-2026-2900;"4/9/2026, 3:06:50 p. m.";Cajero;;814221.8200000001;0;0;0;814221.8200000001;"efectivo: $825.533,82";COMPLETED
V-2026-2899;"4/9/2026, 3:06:50 p. m.";Cajero;;21638;0;0;0;21638;daviplata: $41.460;COMPLETED
V-2026-2898;"4/9/2026, 3:06:50 p. m.";Cajero;;136110.97;0;0;0;136110.97;"efectivo: $183.763,97";COMPLETED
V-2026-2897;"4/9/2026, 3:06:50 p. m.";Cajero;;271131.16000000003;0;0;0;271131.16000000003;"tarjeta: $271.987,16";COMPLETED
V-2026-2896;"4/9/2026, 3:06:50 p. m.";Cajero;;571111.69;0;0;0;571111.69;"daviplata: $589.361,69";COMPLETED
V-2026-2895;"4/9/2026, 3:06:50 p. m.";Cajero;;828003.9199999999;0;0;0;828003.9199999999;"tarjeta: $841.617,92";COMPLETED
V-2026-2894;"4/9/2026, 3:06:50 p. m.";Cajero;;595865.4299999999;0;0;0;595865.4299999999;"nequi: $641.147,43";COMPLETED
V-2026-2893;"4/9/2026, 3:06:50 p. m.";Cajero;;336146.35000000003;0;0;0;336146.35000000003;"transferencia: $377.227,35";COMPLETED
V-2026-2892;"4/9/2026, 3:06:50 p. m.";Cajero;;557617.72;0;0;0;557617.72;"transferencia: $595.875,72";COMPLETED
V-2026-2891;"4/9/2026, 3:06:50 p. m.";Cajero;;556949.8400000001;0;0;0;556949.8400000001;"nequi: $574.683,84";COMPLETED
V-2026-2890;"4/9/2026, 3:06:50 p. m.";Cajero;;534875.1;0;0;0;534875.1;"nequi: $547.751,1";COMPLETED
V-2026-2889;"4/9/2026, 3:06:50 p. m.";Cajero;;462315.18;0;0;0;462315.18;"efectivo: $494.034,18";COMPLETED
V-2026-2888;"4/9/2026, 3:06:50 p. m.";Cajero;;1205868.8399999999;0;0;0;1205868.8399999999;"nequi: $1.249.453,84";COMPLETED
V-2026-2887;"4/9/2026, 3:06:50 p. m.";Cajero;;666982.04;0;0;0;666982.04;"efectivo: $697.755,04";COMPLETED
V-2026-2886;"4/9/2026, 3:06:50 p. m.";Cajero;;1094333.33;0;0;0;1094333.33;"transferencia: $1.130.959,33";COMPLETED
V-2026-2885;"4/9/2026, 3:06:50 p. m.";Cajero;;532969.3300000001;0;0;0;532969.3300000001;"tarjeta: $566.049,33";COMPLETED
V-2026-2884;"4/9/2026, 3:06:50 p. m.";Cajero;;518832.94;0;0;0;518832.94;"tarjeta: $558.351,94";COMPLETED
V-2026-2883;"4/9/2026, 3:06:50 p. m.";Cajero;;267336.24;0;0;0;267336.24;"daviplata: $289.118,24";COMPLETED
V-2026-2882;"4/9/2026, 3:06:50 p. m.";Cajero;;212350.95;0;0;0;212350.95;"efectivo: $240.362,95";COMPLETED
V-2026-2881;"4/9/2026, 3:06:50 p. m.";Cajero;;282447.63;0;0;0;282447.63;"daviplata: $320.785,63";COMPLETED
V-2026-2880;"4/9/2026, 3:06:50 p. m.";Cajero;;215329.83000000002;0;0;0;215329.83000000002;"daviplata: $232.824,83";COMPLETED
V-2026-2879;"4/9/2026, 3:06:50 p. m.";Cajero;;462427.38;0;0;0;462427.38;"tarjeta: $480.841,38";COMPLETED
V-2026-2878;"4/9/2026, 3:06:50 p. m.";Cajero;;161992.11000000002;0;0;0;161992.11000000002;"transferencia: $193.487,11";COMPLETED
V-2026-2877;"4/9/2026, 3:06:50 p. m.";Cajero;;298655.29;0;0;0;298655.29;"efectivo: $317.051,29";COMPLETED
V-2026-2876;"4/9/2026, 3:06:50 p. m.";Cajero;;26052.76;0;0;0;26052.76;"nequi: $52.161,76";COMPLETED
V-2026-2875;"4/9/2026, 3:06:50 p. m.";Cajero;;297080.64;0;0;0;297080.64;"tarjeta: $339.537,64";COMPLETED
V-2026-2874;"4/9/2026, 3:06:50 p. m.";Cajero;;1081662.76;0;0;0;1081662.76;"efectivo: $1.095.511,76";COMPLETED
V-2026-2873;"4/9/2026, 3:06:50 p. m.";Cajero;;736095.61;0;0;0;736095.61;"transferencia: $765.183,61";COMPLETED
V-2026-2872;"4/9/2026, 3:06:50 p. m.";Cajero;;457574.45999999996;0;0;0;457574.45999999996;"daviplata: $468.313,46";COMPLETED
V-2026-2871;"4/9/2026, 3:06:50 p. m.";Cajero;;378086.44;0;0;0;378086.44;"transferencia: $382.702,44";COMPLETED
V-2026-2870;"4/9/2026, 3:06:50 p. m.";Cajero;;206720.62;0;0;0;206720.62;"efectivo: $226.469,62";COMPLETED
V-2026-2869;"4/9/2026, 3:06:50 p. m.";Cajero;;863336.58;0;0;0;863336.58;"daviplata: $875.714,58";COMPLETED
V-2026-2868;"4/9/2026, 3:06:50 p. m.";Cajero;;62279.97999999999;0;0;0;62279.97999999999;"transferencia: $99.315,98";COMPLETED
V-2026-2867;"4/9/2026, 3:06:50 p. m.";Cajero;;46548.02;0;0;0;46548.02;"nequi: $58.259,02";COMPLETED
V-2026-2866;"4/9/2026, 3:06:50 p. m.";Cajero;;373814.20999999996;0;0;0;373814.20999999996;"efectivo: $380.428,21";COMPLETED
V-2026-2865;"4/9/2026, 3:06:50 p. m.";Cajero;;1327715.53;0;0;0;1327715.53;"tarjeta: $1.361.737,53";COMPLETED
V-2026-2864;"4/9/2026, 3:06:50 p. m.";Cajero;;1084581.2200000002;0;0;0;1084581.2200000002;"daviplata: $1.088.586,22";COMPLETED
V-2026-2863;"4/9/2026, 3:06:50 p. m.";Cajero;;115905.29999999999;0;0;0;115905.29999999999;"efectivo: $154.687,3";COMPLETED
V-2026-2862;"4/9/2026, 3:06:50 p. m.";Cajero;;375980.6;0;0;0;375980.6;"daviplata: $376.367,6";COMPLETED
V-2026-2861;"4/9/2026, 3:06:50 p. m.";Cajero;;473353.50000000006;0;0;0;473353.50000000006;"transferencia: $520.105,5";COMPLETED
V-2026-2860;"4/9/2026, 3:06:50 p. m.";Cajero;;1210735.2199999997;0;0;0;1210735.2199999997;"nequi: $1.222.154,22";COMPLETED
V-2026-2859;"4/9/2026, 3:06:50 p. m.";Cajero;;91738.77;0;0;0;91738.77;"transferencia: $118.537,77";COMPLETED
V-2026-2858;"4/9/2026, 3:06:50 p. m.";Cajero;;360273.5;0;0;0;360273.5;"transferencia: $385.958,5";COMPLETED
V-2026-2857;"4/9/2026, 3:06:50 p. m.";Cajero;;580481.49;0;0;0;580481.49;"transferencia: $596.781,49";COMPLETED
V-2026-2856;"4/9/2026, 3:06:50 p. m.";Cajero;;794051.6;0;0;0;794051.6;"transferencia: $813.255,6";COMPLETED
V-2026-2855;"4/9/2026, 3:06:50 p. m.";Cajero;;733221.49;0;0;0;733221.49;"daviplata: $769.012,49";COMPLETED
V-2026-2854;"4/9/2026, 3:06:50 p. m.";Cajero;;11755.16;0;0;0;11755.16;"nequi: $57.399,16";COMPLETED
V-2026-2853;"4/9/2026, 3:06:50 p. m.";Cajero;;848827.03;0;0;0;848827.03;"tarjeta: $857.249,03";COMPLETED
V-2026-2852;"4/9/2026, 3:06:50 p. m.";Cajero;;309459;0;0;0;309459;transferencia: $334.955;COMPLETED
V-2026-2851;"4/9/2026, 3:06:50 p. m.";Cajero;;665577.55;0;0;0;665577.55;"efectivo: $692.718,55";COMPLETED
V-2026-2850;"4/9/2026, 3:06:50 p. m.";Cajero;;563119.96;0;0;0;563119.96;"nequi: $563.386,96";COMPLETED
V-2026-2849;"4/9/2026, 3:06:50 p. m.";Cajero;;312974.19999999995;0;0;0;312974.19999999995;"nequi: $357.269,2";COMPLETED
V-2026-2848;"4/9/2026, 3:06:50 p. m.";Cajero;;461938.1;0;0;0;461938.1;"daviplata: $473.300,1";COMPLETED
V-2026-2847;"4/9/2026, 3:06:50 p. m.";Cajero;;154657.7;0;0;0;154657.7;"nequi: $186.149,7";COMPLETED
V-2026-2846;"4/9/2026, 3:06:50 p. m.";Cajero;;252508.3;0;0;0;252508.3;"tarjeta: $265.056,3";COMPLETED
V-2026-2845;"4/9/2026, 3:06:50 p. m.";Cajero;;100802.9;0;0;0;100802.9;"daviplata: $106.289,9";COMPLETED
V-2026-2844;"4/9/2026, 3:06:50 p. m.";Cajero;;478092.35;0;0;0;478092.35;"transferencia: $500.972,35";COMPLETED
V-2026-2843;"4/9/2026, 3:06:50 p. m.";Cajero;;642158.83;0;0;0;642158.83;"transferencia: $668.383,83";COMPLETED
V-2026-2842;"4/9/2026, 3:06:50 p. m.";Cajero;;235750.34;0;0;0;235750.34;"tarjeta: $263.327,34";COMPLETED
V-2026-2841;"4/9/2026, 3:06:50 p. m.";Cajero;;80088.61;0;0;0;80088.61;"daviplata: $100.352,61";COMPLETED
V-2026-2840;"4/9/2026, 3:06:50 p. m.";Cajero;;7291.56;0;0;0;7291.56;"nequi: $45.019,56";COMPLETED
V-2026-2839;"4/9/2026, 3:06:50 p. m.";Cajero;;661189.49;0;0;0;661189.49;"daviplata: $672.097,49";COMPLETED
V-2026-2838;"4/9/2026, 3:06:50 p. m.";Cajero;;937044.1;0;0;0;937044.1;"efectivo: $959.336,1";COMPLETED
V-2026-2837;"4/9/2026, 3:06:50 p. m.";Cajero;;354705.89;0;0;0;354705.89;"efectivo: $380.079,89";COMPLETED
V-2026-2836;"4/9/2026, 3:06:50 p. m.";Cajero;;191942.21000000002;0;0;0;191942.21000000002;"tarjeta: $235.396,21";COMPLETED
V-2026-2835;"4/9/2026, 3:06:50 p. m.";Cajero;;442313.15;0;0;0;442313.15;"tarjeta: $455.151,15";COMPLETED
V-2026-2834;"4/9/2026, 3:06:50 p. m.";Cajero;;462517.89;0;0;0;462517.89;"efectivo: $504.620,89";COMPLETED
V-2026-2833;"4/9/2026, 3:06:50 p. m.";Cajero;;458753.70999999996;0;0;0;458753.70999999996;"nequi: $459.393,71";COMPLETED
V-2026-2832;"4/9/2026, 3:06:50 p. m.";Cajero;;539669.01;0;0;0;539669.01;"transferencia: $566.967,01";COMPLETED
V-2026-2831;"4/9/2026, 3:06:50 p. m.";Cajero;;157493.34;0;0;0;157493.34;"efectivo: $203.801,34";COMPLETED
V-2026-2830;"4/9/2026, 3:06:50 p. m.";Cajero;;834775.6799999999;0;0;0;834775.6799999999;"transferencia: $878.628,68";COMPLETED
V-2026-2829;"4/9/2026, 3:06:50 p. m.";Cajero;;175049.76;0;0;0;175049.76;"tarjeta: $191.078,76";COMPLETED
V-2026-2828;"4/9/2026, 3:06:50 p. m.";Cajero;;345704.2;0;0;0;345704.2;"transferencia: $362.449,2";COMPLETED
V-2026-2827;"4/9/2026, 3:06:50 p. m.";Cajero;;1082829.53;0;0;0;1082829.53;"tarjeta: $1.083.296,53";COMPLETED
V-2026-2826;"4/9/2026, 3:06:50 p. m.";Cajero;;238135.16;0;0;0;238135.16;"nequi: $281.241,16";COMPLETED
V-2026-2825;"4/9/2026, 3:06:50 p. m.";Cajero;;292085.4;0;0;0;292085.4;"transferencia: $338.767,4";COMPLETED
V-2026-2824;"4/9/2026, 3:06:50 p. m.";Cajero;;454266.4;0;0;0;454266.4;"nequi: $469.219,4";COMPLETED
V-2026-2823;"4/9/2026, 3:06:50 p. m.";Cajero;;72357.51000000001;0;0;0;72357.51000000001;"daviplata: $104.140,51";COMPLETED
V-2026-2822;"4/9/2026, 3:06:50 p. m.";Cajero;;433248.76;0;0;0;433248.76;"efectivo: $466.522,76";COMPLETED
V-2026-2821;"4/9/2026, 3:06:50 p. m.";Cajero;;596509.3;0;0;0;596509.3;"transferencia: $635.120,3";COMPLETED
V-2026-2820;"4/9/2026, 3:06:50 p. m.";Cajero;;184786.25;0;0;0;184786.25;"tarjeta: $215.302,25";COMPLETED
V-2026-2819;"4/9/2026, 3:06:50 p. m.";Cajero;;417597.14999999997;0;0;0;417597.14999999997;"transferencia: $419.752,15";COMPLETED
V-2026-2818;"4/9/2026, 3:06:49 p. m.";Cajero;;537691.68;0;0;0;537691.68;"transferencia: $569.502,68";COMPLETED
V-2026-2817;"4/9/2026, 3:06:49 p. m.";Cajero;;81617.88;0;0;0;81617.88;"transferencia: $105.949,88";COMPLETED
V-2026-2816;"4/9/2026, 3:06:49 p. m.";Cajero;;497829.62;0;0;0;497829.62;"efectivo: $523.564,62";COMPLETED
V-2026-2815;"4/9/2026, 3:06:49 p. m.";Cajero;;190270.6;0;0;0;190270.6;"daviplata: $239.797,6";COMPLETED
V-2026-2814;"4/9/2026, 3:06:49 p. m.";Cajero;;30854.64;0;0;0;30854.64;"daviplata: $50.302,64";COMPLETED
V-2026-2813;"4/9/2026, 3:06:49 p. m.";Cajero;;356814.87999999995;0;0;0;356814.87999999995;"nequi: $402.431,88";COMPLETED
V-2026-2812;"4/9/2026, 3:06:49 p. m.";Cajero;;132189.35;0;0;0;132189.35;"efectivo: $172.951,35";COMPLETED
V-2026-2811;"4/9/2026, 3:06:49 p. m.";Cajero;;571606.12;0;0;0;571606.12;"transferencia: $603.757,12";COMPLETED
V-2026-2810;"4/9/2026, 3:06:49 p. m.";Cajero;;705816.2999999999;0;0;0;705816.2999999999;"transferencia: $715.263,3";COMPLETED
V-2026-2809;"4/9/2026, 3:06:49 p. m.";Cajero;;207071.19;0;0;0;207071.19;"efectivo: $250.136,19";COMPLETED
V-2026-2808;"4/9/2026, 3:06:49 p. m.";Cajero;;439011.94000000006;0;0;0;439011.94000000006;"daviplata: $444.640,94";COMPLETED
V-2026-2807;"4/9/2026, 3:06:49 p. m.";Cajero;;285493.31;0;0;0;285493.31;"nequi: $292.353,31";COMPLETED
V-2026-2806;"4/9/2026, 3:06:49 p. m.";Cajero;;750362.66;0;0;0;750362.66;"efectivo: $775.747,66";COMPLETED
V-2026-2805;"4/9/2026, 3:06:49 p. m.";Cajero;;313656.8;0;0;0;313656.8;"transferencia: $333.108,8";COMPLETED
V-2026-2804;"4/9/2026, 3:06:49 p. m.";Cajero;;203540.52;0;0;0;203540.52;"transferencia: $212.461,52";COMPLETED
V-2026-2803;"4/9/2026, 3:06:49 p. m.";Cajero;;98858.51999999999;0;0;0;98858.51999999999;"efectivo: $103.891,52";COMPLETED
V-2026-2802;"4/9/2026, 3:06:49 p. m.";Cajero;;169144.21;0;0;0;169144.21;"efectivo: $173.384,21";COMPLETED
V-2026-2801;"4/9/2026, 3:06:49 p. m.";Cajero;;1075678.9;0;0;0;1075678.9;"transferencia: $1.102.613,9";COMPLETED
V-2026-2800;"4/9/2026, 3:06:49 p. m.";Cajero;;819264.3799999999;0;0;0;819264.3799999999;"efectivo: $823.843,38";COMPLETED
V-2026-2799;"4/9/2026, 3:06:49 p. m.";Cajero;;315484.68;0;0;0;315484.68;"efectivo: $349.099,68";COMPLETED
V-2026-2798;"4/9/2026, 3:06:49 p. m.";Cajero;;380793.63;0;0;0;380793.63;"daviplata: $404.922,63";COMPLETED
V-2026-2797;"4/9/2026, 3:06:49 p. m.";Cajero;;51681.130000000005;0;0;0;51681.130000000005;"tarjeta: $63.573,13";COMPLETED
V-2026-2796;"4/9/2026, 3:06:49 p. m.";Cajero;;209138.9;0;0;0;209138.9;"efectivo: $229.109,9";COMPLETED
V-2026-2795;"4/9/2026, 3:06:49 p. m.";Cajero;;898103.73;0;0;0;898103.73;"nequi: $905.726,73";COMPLETED
V-2026-2794;"4/9/2026, 3:06:49 p. m.";Cajero;;104429.20000000001;0;0;0;104429.20000000001;"daviplata: $153.910,2";COMPLETED
V-2026-2793;"4/9/2026, 3:06:49 p. m.";Cajero;;875868.8900000001;0;0;0;875868.8900000001;"nequi: $913.720,89";COMPLETED
V-2026-2792;"4/9/2026, 3:06:49 p. m.";Cajero;;86793.72;0;0;0;86793.72;"transferencia: $122.962,72";COMPLETED
V-2026-2791;"4/9/2026, 3:06:49 p. m.";Cajero;;610999.72;0;0;0;610999.72;"transferencia: $631.564,72";COMPLETED
V-2026-2790;"4/9/2026, 3:06:49 p. m.";Cajero;;714998.8500000001;0;0;0;714998.8500000001;"daviplata: $734.610,85";COMPLETED
V-2026-2789;"4/9/2026, 3:06:49 p. m.";Cajero;;480900.74;0;0;0;480900.74;"efectivo: $526.000,74";COMPLETED
V-2026-2788;"4/9/2026, 3:06:49 p. m.";Cajero;;714222.2;0;0;0;714222.2;"transferencia: $722.279,2";COMPLETED
V-2026-2787;"4/9/2026, 3:06:49 p. m.";Cajero;;332365.76999999996;0;0;0;332365.76999999996;"daviplata: $338.157,77";COMPLETED
V-2026-2786;"4/9/2026, 3:06:49 p. m.";Cajero;;498315.7;0;0;0;498315.7;"transferencia: $518.635,7";COMPLETED
V-2026-2785;"4/9/2026, 3:06:49 p. m.";Cajero;;913059.76;0;0;0;913059.76;"nequi: $947.595,76";COMPLETED
V-2026-2784;"4/9/2026, 3:06:49 p. m.";Cajero;;660155.8300000001;0;0;0;660155.8300000001;"nequi: $686.388,83";COMPLETED
V-2026-2783;"4/9/2026, 3:06:49 p. m.";Cajero;;230851.51;0;0;0;230851.51;"transferencia: $275.506,51";COMPLETED
V-2026-2782;"4/9/2026, 3:06:49 p. m.";Cajero;;30654.76;0;0;0;30654.76;"transferencia: $62.716,76";COMPLETED
V-2026-2781;"4/9/2026, 3:06:49 p. m.";Cajero;;70445.28;0;0;0;70445.28;"tarjeta: $112.810,28";COMPLETED
V-2026-2780;"4/9/2026, 3:06:49 p. m.";Cajero;;730854.07;0;0;0;730854.07;"tarjeta: $765.444,07";COMPLETED
V-2026-2779;"4/9/2026, 3:06:49 p. m.";Cajero;;924548.56;0;0;0;924548.56;"efectivo: $972.015,56";COMPLETED
V-2026-2778;"4/9/2026, 3:06:49 p. m.";Cajero;;634029.52;0;0;0;634029.52;"efectivo: $671.934,52";COMPLETED
V-2026-2777;"4/9/2026, 3:06:49 p. m.";Cajero;;203737.25;0;0;0;203737.25;"transferencia: $204.892,25";COMPLETED
V-2026-2776;"4/9/2026, 3:06:49 p. m.";Cajero;;464004.85;0;0;0;464004.85;"daviplata: $505.735,85";COMPLETED
V-2026-2775;"4/9/2026, 3:06:49 p. m.";Cajero;;232202.54;0;0;0;232202.54;"transferencia: $249.990,54";COMPLETED
V-2026-2774;"4/9/2026, 3:06:49 p. m.";Cajero;;890638.6599999999;0;0;0;890638.6599999999;"daviplata: $910.177,66";COMPLETED
V-2026-2773;"4/9/2026, 3:06:49 p. m.";Cajero;;625944.5499999999;0;0;0;625944.5499999999;"tarjeta: $659.389,55";COMPLETED
V-2026-2772;"4/9/2026, 3:06:49 p. m.";Cajero;;703217.3400000001;0;0;0;703217.3400000001;"efectivo: $723.652,34";COMPLETED
V-2026-2771;"4/9/2026, 3:06:49 p. m.";Cajero;;52717.58;0;0;0;52717.58;"efectivo: $72.405,58";COMPLETED
V-2026-2770;"4/9/2026, 3:06:49 p. m.";Cajero;;1021257.2499999999;0;0;0;1021257.2499999999;"daviplata: $1.049.226,25";COMPLETED
V-2026-2769;"4/9/2026, 3:06:49 p. m.";Cajero;;377333.39;0;0;0;377333.39;"daviplata: $379.795,39";COMPLETED
V-2026-2768;"4/9/2026, 3:06:49 p. m.";Cajero;;579305.62;0;0;0;579305.62;"efectivo: $608.040,62";COMPLETED
V-2026-2767;"4/9/2026, 3:06:49 p. m.";Cajero;;1074689.19;0;0;0;1074689.19;"nequi: $1.105.397,19";COMPLETED
V-2026-2766;"4/9/2026, 3:06:49 p. m.";Cajero;;133185.16;0;0;0;133185.16;"transferencia: $174.335,16";COMPLETED
V-2026-2765;"4/9/2026, 3:06:49 p. m.";Cajero;;263298.66;0;0;0;263298.66;"nequi: $309.125,66";COMPLETED
V-2026-2764;"4/9/2026, 3:06:49 p. m.";Cajero;;450580.91000000003;0;0;0;450580.91000000003;"daviplata: $456.614,91";COMPLETED
V-2026-2763;"4/9/2026, 3:06:49 p. m.";Cajero;;33393.94;0;0;0;33393.94;"transferencia: $48.012,94";COMPLETED
V-2026-2762;"4/9/2026, 3:06:49 p. m.";Cajero;;726099.3600000001;0;0;0;726099.3600000001;"transferencia: $758.887,36";COMPLETED
V-2026-2761;"4/9/2026, 3:06:49 p. m.";Cajero;;525590.46;0;0;0;525590.46;"efectivo: $544.553,46";COMPLETED
V-2026-2760;"4/9/2026, 3:06:49 p. m.";Cajero;;75601.7;0;0;0;75601.7;"nequi: $107.973,7";COMPLETED
V-2026-2759;"4/9/2026, 3:06:49 p. m.";Cajero;;881188;0;0;0;881188;daviplata: $881.338;COMPLETED
V-2026-2758;"4/9/2026, 3:06:49 p. m.";Cajero;;1021024.53;0;0;0;1021024.53;"transferencia: $1.037.079,53";COMPLETED
V-2026-2757;"4/9/2026, 3:06:49 p. m.";Cajero;;206764.16999999998;0;0;0;206764.16999999998;"efectivo: $248.349,17";COMPLETED
V-2026-2756;"4/9/2026, 3:06:49 p. m.";Cajero;;463680.99;0;0;0;463680.99;"nequi: $513.653,99";COMPLETED
V-2026-2755;"4/9/2026, 3:06:49 p. m.";Cajero;;615317.24;0;0;0;615317.24;"tarjeta: $648.823,24";COMPLETED
V-2026-2754;"4/9/2026, 3:06:49 p. m.";Cajero;;965227.5900000001;0;0;0;965227.5900000001;"transferencia: $988.440,59";COMPLETED
V-2026-2753;"4/9/2026, 3:06:49 p. m.";Cajero;;39207.28;0;0;0;39207.28;"tarjeta: $60.236,28";COMPLETED
V-2026-2752;"4/9/2026, 3:06:49 p. m.";Cajero;;193480.56;0;0;0;193480.56;"transferencia: $203.574,56";COMPLETED
V-2026-2751;"4/9/2026, 3:06:49 p. m.";Cajero;;31189.15;0;0;0;31189.15;"nequi: $63.907,15";COMPLETED
V-2026-2750;"4/9/2026, 3:06:49 p. m.";Cajero;;91566.98;0;0;0;91566.98;"transferencia: $95.105,98";COMPLETED
V-2026-2749;"4/9/2026, 3:06:49 p. m.";Cajero;;880653.08;0;0;0;880653.08;"nequi: $923.609,08";COMPLETED
V-2026-2748;"4/9/2026, 3:06:49 p. m.";Cajero;;185024.4;0;0;0;185024.4;"tarjeta: $215.606,4";COMPLETED
V-2026-2747;"4/9/2026, 3:06:49 p. m.";Cajero;;32200.6;0;0;0;32200.6;"efectivo: $67.722,6";COMPLETED
V-2026-2746;"4/9/2026, 3:06:49 p. m.";Cajero;;957170.9199999999;0;0;0;957170.9199999999;"daviplata: $980.073,92";COMPLETED
V-2026-2745;"4/9/2026, 3:06:49 p. m.";Cajero;;25921.36;0;0;0;25921.36;"nequi: $58.666,36";COMPLETED
V-2026-2744;"4/9/2026, 3:06:49 p. m.";Cajero;;57285.08;0;0;0;57285.08;"transferencia: $66.830,08";COMPLETED
V-2026-2743;"4/9/2026, 3:06:49 p. m.";Cajero;;478923.85;0;0;0;478923.85;"tarjeta: $482.897,85";COMPLETED
V-2026-2742;"4/9/2026, 3:06:49 p. m.";Cajero;;192530.9;0;0;0;192530.9;"efectivo: $218.672,9";COMPLETED
V-2026-2741;"4/9/2026, 3:06:49 p. m.";Cajero;;223020.81;0;0;0;223020.81;"daviplata: $232.288,81";COMPLETED
V-2026-2740;"4/9/2026, 3:06:49 p. m.";Cajero;;331823.89999999997;0;0;0;331823.89999999997;"transferencia: $378.111,9";COMPLETED
V-2026-2739;"4/9/2026, 3:06:49 p. m.";Cajero;;848742.77;0;0;0;848742.77;"tarjeta: $884.226,77";COMPLETED
V-2026-2738;"4/9/2026, 3:06:49 p. m.";Cajero;;533059.9999999999;0;0;0;533059.9999999999;nequi: $536.161;COMPLETED
V-2026-2737;"4/9/2026, 3:06:49 p. m.";Cajero;;621823.21;0;0;0;621823.21;"transferencia: $622.781,21";COMPLETED
V-2026-2736;"4/9/2026, 3:06:49 p. m.";Cajero;;71553.68;0;0;0;71553.68;"nequi: $98.885,68";COMPLETED
V-2026-2735;"4/9/2026, 3:06:49 p. m.";Cajero;;377695.61;0;0;0;377695.61;"nequi: $384.048,61";COMPLETED
V-2026-2734;"4/9/2026, 3:06:48 p. m.";Cajero;;861571.46;0;0;0;861571.46;"tarjeta: $883.505,46";COMPLETED
V-2026-2733;"4/9/2026, 3:06:48 p. m.";Cajero;;737888.66;0;0;0;737888.66;"efectivo: $747.162,66";COMPLETED
V-2026-2732;"4/9/2026, 3:06:48 p. m.";Cajero;;363450.47;0;0;0;363450.47;"nequi: $390.547,47";COMPLETED
V-2026-2731;"4/9/2026, 3:06:48 p. m.";Cajero;;354600.41000000003;0;0;0;354600.41000000003;"transferencia: $365.950,41";COMPLETED
V-2026-2730;"4/9/2026, 3:06:48 p. m.";Cajero;;250085.24;0;0;0;250085.24;"nequi: $277.258,24";COMPLETED
V-2026-2729;"4/9/2026, 3:06:48 p. m.";Cajero;;601260.8200000001;0;0;0;601260.8200000001;"nequi: $611.274,82";COMPLETED
V-2026-2728;"4/9/2026, 3:06:48 p. m.";Cajero;;102245.6;0;0;0;102245.6;"daviplata: $133.787,6";COMPLETED
V-2026-2727;"4/9/2026, 3:06:48 p. m.";Cajero;;851137.2;0;0;0;851137.2;"efectivo: $880.817,2";COMPLETED
V-2026-2726;"4/9/2026, 3:06:48 p. m.";Cajero;;325765.88999999996;0;0;0;325765.88999999996;"efectivo: $358.033,89";COMPLETED
V-2026-2725;"4/9/2026, 3:06:48 p. m.";Cajero;;608316.72;0;0;0;608316.72;"nequi: $634.034,72";COMPLETED
V-2026-2724;"4/9/2026, 3:06:48 p. m.";Cajero;;390453.14;0;0;0;390453.14;"nequi: $404.724,14";COMPLETED
V-2026-2723;"4/9/2026, 3:06:48 p. m.";Cajero;;616370.84;0;0;0;616370.84;"efectivo: $661.367,84";COMPLETED
V-2026-2722;"4/9/2026, 3:06:48 p. m.";Cajero;;697624.8599999999;0;0;0;697624.8599999999;"transferencia: $741.916,86";COMPLETED
V-2026-2721;"4/9/2026, 3:06:48 p. m.";Cajero;;784024.97;0;0;0;784024.97;"tarjeta: $832.800,97";COMPLETED
V-2026-2720;"4/9/2026, 3:06:48 p. m.";Cajero;;819583.2700000001;0;0;0;819583.2700000001;"tarjeta: $851.587,27";COMPLETED
V-2026-2719;"4/9/2026, 3:06:48 p. m.";Cajero;;1002073.3800000001;0;0;0;1002073.3800000001;"daviplata: $1.046.345,38";COMPLETED
V-2026-2718;"4/9/2026, 3:06:48 p. m.";Cajero;;595873.97;0;0;0;595873.97;"daviplata: $602.835,97";COMPLETED
V-2026-2717;"4/9/2026, 3:06:48 p. m.";Cajero;;212147.78;0;0;0;212147.78;"tarjeta: $244.894,78";COMPLETED
V-2026-2716;"4/9/2026, 3:06:48 p. m.";Cajero;;352234.08999999997;0;0;0;352234.08999999997;"daviplata: $366.012,09";COMPLETED
V-2026-2715;"4/9/2026, 3:06:48 p. m.";Cajero;;102052.54;0;0;0;102052.54;"efectivo: $123.287,54";COMPLETED
V-2026-2714;"4/9/2026, 3:06:48 p. m.";Cajero;;373142.94999999995;0;0;0;373142.94999999995;"transferencia: $407.716,95";COMPLETED
V-2026-2713;"4/9/2026, 3:06:48 p. m.";Cajero;;447090.23;0;0;0;447090.23;"transferencia: $495.514,23";COMPLETED
V-2026-2712;"4/9/2026, 3:06:48 p. m.";Cajero;;623072.03;0;0;0;623072.03;"transferencia: $671.744,03";COMPLETED
V-2026-2711;"4/9/2026, 3:06:48 p. m.";Cajero;;755337.1799999999;0;0;0;755337.1799999999;"nequi: $760.287,18";COMPLETED
V-2026-2710;"4/9/2026, 3:06:48 p. m.";Cajero;;428483.79000000004;0;0;0;428483.79000000004;"efectivo: $448.346,79";COMPLETED
V-2026-2709;"4/9/2026, 3:06:48 p. m.";Cajero;;652444.49;0;0;0;652444.49;"daviplata: $661.820,49";COMPLETED
V-2026-2708;"4/9/2026, 3:06:48 p. m.";Cajero;;163518.4;0;0;0;163518.4;"nequi: $170.133,4";COMPLETED
V-2026-2707;"4/9/2026, 3:06:48 p. m.";Cajero;;80988.2;0;0;0;80988.2;"tarjeta: $84.565,2";COMPLETED
V-2026-2706;"4/9/2026, 3:06:48 p. m.";Cajero;;572849.4099999999;0;0;0;572849.4099999999;"daviplata: $573.128,41";COMPLETED
V-2026-2705;"4/9/2026, 3:06:48 p. m.";Cajero;;892631.28;0;0;0;892631.28;"tarjeta: $932.347,28";COMPLETED
V-2026-2704;"4/9/2026, 3:06:48 p. m.";Cajero;;902437.85;0;0;0;902437.85;"nequi: $904.228,85";COMPLETED
V-2026-2703;"4/9/2026, 3:06:48 p. m.";Cajero;;739518.58;0;0;0;739518.58;"tarjeta: $749.826,58";COMPLETED
V-2026-2702;"4/9/2026, 3:06:48 p. m.";Cajero;;596578.5;0;0;0;596578.5;"efectivo: $630.604,5";COMPLETED
V-2026-2701;"4/9/2026, 3:06:48 p. m.";Cajero;;959828.38;0;0;0;959828.38;"nequi: $977.159,38";COMPLETED
V-2026-2700;"4/9/2026, 3:06:48 p. m.";Cajero;;966785.2799999999;0;0;0;966785.2799999999;"tarjeta: $978.707,28";COMPLETED
V-2026-2699;"4/9/2026, 3:06:48 p. m.";Cajero;;766098.21;0;0;0;766098.21;"efectivo: $810.061,21";COMPLETED
V-2026-2698;"4/9/2026, 3:06:48 p. m.";Cajero;;724606.2200000001;0;0;0;724606.2200000001;"tarjeta: $729.914,22";COMPLETED
V-2026-2697;"4/9/2026, 3:06:48 p. m.";Cajero;;567657.04;0;0;0;567657.04;"efectivo: $581.340,04";COMPLETED
V-2026-2696;"4/9/2026, 3:06:48 p. m.";Cajero;;942591.6900000001;0;0;0;942591.6900000001;"transferencia: $981.739,69";COMPLETED
V-2026-2695;"4/9/2026, 3:06:48 p. m.";Cajero;;348196.05;0;0;0;348196.05;"tarjeta: $389.547,05";COMPLETED
V-2026-2694;"4/9/2026, 3:06:48 p. m.";Cajero;;296699.06;0;0;0;296699.06;"tarjeta: $306.881,06";COMPLETED
V-2026-2693;"4/9/2026, 3:06:48 p. m.";Cajero;;903189.02;0;0;0;903189.02;"efectivo: $923.737,02";COMPLETED
V-2026-2692;"4/9/2026, 3:06:48 p. m.";Cajero;;642945.74;0;0;0;642945.74;"efectivo: $681.634,74";COMPLETED
V-2026-2691;"4/9/2026, 3:06:48 p. m.";Cajero;;448390.30000000005;0;0;0;448390.30000000005;"nequi: $487.641,3";COMPLETED
V-2026-2690;"4/9/2026, 3:06:48 p. m.";Cajero;;502802.89999999997;0;0;0;502802.89999999997;"transferencia: $532.163,9";COMPLETED
V-2026-2689;"4/9/2026, 3:06:48 p. m.";Cajero;;12075.99;0;0;0;12075.99;"tarjeta: $23.709,99";COMPLETED
V-2026-2688;"4/9/2026, 3:06:48 p. m.";Cajero;;373063.04;0;0;0;373063.04;"transferencia: $377.617,04";COMPLETED
V-2026-2687;"4/9/2026, 3:06:48 p. m.";Cajero;;988943.4199999999;0;0;0;988943.4199999999;"efectivo: $1.037.787,42";COMPLETED
V-2026-2686;"4/9/2026, 3:06:48 p. m.";Cajero;;844079.13;0;0;0;844079.13;"transferencia: $849.834,13";COMPLETED
V-2026-2685;"4/9/2026, 3:06:48 p. m.";Cajero;;412217.53;0;0;0;412217.53;"transferencia: $440.096,53";COMPLETED
V-2026-2684;"4/9/2026, 3:06:48 p. m.";Cajero;;302099.89;0;0;0;302099.89;"tarjeta: $343.556,89";COMPLETED
V-2026-2683;"4/9/2026, 3:06:48 p. m.";Cajero;;341067.28;0;0;0;341067.28;"nequi: $382.870,28";COMPLETED
V-2026-2682;"4/9/2026, 3:06:48 p. m.";Cajero;;499296.76;0;0;0;499296.76;"efectivo: $512.744,76";COMPLETED
V-2026-2681;"4/9/2026, 3:06:48 p. m.";Cajero;;175197.26;0;0;0;175197.26;"daviplata: $193.514,26";COMPLETED
V-2026-2680;"4/9/2026, 3:06:48 p. m.";Cajero;;758360.71;0;0;0;758360.71;"tarjeta: $786.722,71";COMPLETED
V-2026-2679;"4/9/2026, 3:06:48 p. m.";Cajero;;126069.82;0;0;0;126069.82;"nequi: $166.705,82";COMPLETED
V-2026-2678;"4/9/2026, 3:06:48 p. m.";Cajero;;430835.65;0;0;0;430835.65;"nequi: $472.289,65";COMPLETED
V-2026-2677;"4/9/2026, 3:06:48 p. m.";Cajero;;79171.8;0;0;0;79171.8;"daviplata: $102.406,8";COMPLETED
V-2026-2676;"4/9/2026, 3:06:48 p. m.";Cajero;;677964.1799999999;0;0;0;677964.1799999999;"transferencia: $707.093,18";COMPLETED
V-2026-2675;"4/9/2026, 3:06:48 p. m.";Cajero;;343315.72;0;0;0;343315.72;"transferencia: $354.574,72";COMPLETED
V-2026-2674;"4/9/2026, 3:06:48 p. m.";Cajero;;740101.46;0;0;0;740101.46;"efectivo: $756.841,46";COMPLETED
V-2026-2673;"4/9/2026, 3:06:48 p. m.";Cajero;;999567.0700000001;0;0;0;999567.0700000001;"efectivo: $1.013.097,07";COMPLETED
V-2026-2672;"4/9/2026, 3:06:48 p. m.";Cajero;;369102.06;0;0;0;369102.06;"transferencia: $369.954,06";COMPLETED
V-2026-2671;"4/9/2026, 3:06:48 p. m.";Cajero;;352370.06;0;0;0;352370.06;"daviplata: $389.491,06";COMPLETED
V-2026-2670;"4/9/2026, 3:06:48 p. m.";Cajero;;326252.51;0;0;0;326252.51;"efectivo: $374.497,51";COMPLETED
V-2026-2669;"4/9/2026, 3:06:48 p. m.";Cajero;;877610.16;0;0;0;877610.16;"efectivo: $887.231,16";COMPLETED
V-2026-2668;"4/9/2026, 3:06:48 p. m.";Cajero;;5649.56;0;0;0;5649.56;"transferencia: $11.972,56";COMPLETED
V-2026-2667;"4/9/2026, 3:06:48 p. m.";Cajero;;30300.96;0;0;0;30300.96;"tarjeta: $71.325,96";COMPLETED
V-2026-2666;"4/9/2026, 3:06:48 p. m.";Cajero;;93248.48;0;0;0;93248.48;"nequi: $95.310,48";COMPLETED
V-2026-2665;"4/9/2026, 3:06:48 p. m.";Cajero;;150163.26;0;0;0;150163.26;"daviplata: $191.405,26";COMPLETED
V-2026-2664;"4/9/2026, 3:06:48 p. m.";Cajero;;367087.16000000003;0;0;0;367087.16000000003;"daviplata: $382.131,16";COMPLETED
V-2026-2663;"4/9/2026, 3:06:48 p. m.";Cajero;;51120.75;0;0;0;51120.75;"tarjeta: $80.360,75";COMPLETED
V-2026-2662;"4/9/2026, 3:06:48 p. m.";Cajero;;133834.59;0;0;0;133834.59;"nequi: $150.510,59";COMPLETED
V-2026-2661;"4/9/2026, 3:06:48 p. m.";Cajero;;162202.90000000002;0;0;0;162202.90000000002;"transferencia: $177.650,9";COMPLETED
V-2026-2660;"4/9/2026, 3:06:48 p. m.";Cajero;;611784.02;0;0;0;611784.02;"nequi: $625.702,02";COMPLETED
V-2026-2659;"4/9/2026, 3:06:48 p. m.";Cajero;;555105.8799999999;0;0;0;555105.8799999999;"efectivo: $560.508,88";COMPLETED
V-2026-2658;"4/9/2026, 3:06:48 p. m.";Cajero;;181076.15;0;0;0;181076.15;"nequi: $216.880,15";COMPLETED
V-2026-2657;"4/9/2026, 3:06:48 p. m.";Cajero;;83224.09;0;0;0;83224.09;"tarjeta: $112.221,09";COMPLETED
V-2026-2656;"4/9/2026, 3:06:48 p. m.";Cajero;;553429.7;0;0;0;553429.7;"tarjeta: $597.078,7";COMPLETED
V-2026-2655;"4/9/2026, 3:06:47 p. m.";Cajero;;231850.6;0;0;0;231850.6;"transferencia: $277.522,6";COMPLETED
V-2026-2654;"4/9/2026, 3:06:47 p. m.";Cajero;;975504.7300000001;0;0;0;975504.7300000001;"daviplata: $999.711,73";COMPLETED
V-2026-2653;"4/9/2026, 3:06:47 p. m.";Cajero;;355706.81;0;0;0;355706.81;"efectivo: $402.518,81";COMPLETED
V-2026-2652;"4/9/2026, 3:06:47 p. m.";Cajero;;763507.2;0;0;0;763507.2;"tarjeta: $783.727,2";COMPLETED
V-2026-2651;"4/9/2026, 3:06:47 p. m.";Cajero;;290684.42;0;0;0;290684.42;"transferencia: $313.422,42";COMPLETED
V-2026-2650;"4/9/2026, 3:06:47 p. m.";Cajero;;263010.45;0;0;0;263010.45;"nequi: $270.186,45";COMPLETED
V-2026-2649;"4/9/2026, 3:06:47 p. m.";Cajero;;389081.99;0;0;0;389081.99;"daviplata: $406.610,99";COMPLETED
V-2026-2648;"4/9/2026, 3:06:47 p. m.";Cajero;;912920.61;0;0;0;912920.61;"nequi: $925.542,61";COMPLETED
V-2026-2647;"4/9/2026, 3:06:47 p. m.";Cajero;;321774.63;0;0;0;321774.63;"transferencia: $362.858,63";COMPLETED
V-2026-2646;"4/9/2026, 3:06:47 p. m.";Cajero;;378823.76;0;0;0;378823.76;"nequi: $399.655,76";COMPLETED
V-2026-2645;"4/9/2026, 3:06:47 p. m.";Cajero;;757395.9400000002;0;0;0;757395.9400000002;"tarjeta: $777.729,94";COMPLETED
V-2026-2644;"4/9/2026, 3:06:47 p. m.";Cajero;;834434.7000000001;0;0;0;834434.7000000001;"transferencia: $864.531,7";COMPLETED
V-2026-2643;"4/9/2026, 3:06:47 p. m.";Cajero;;1459411.08;0;0;0;1459411.08;"transferencia: $1.474.712,08";COMPLETED
V-2026-2642;"4/9/2026, 3:06:47 p. m.";Cajero;;344971.5;0;0;0;344971.5;"efectivo: $385.245,5";COMPLETED
V-2026-2641;"4/9/2026, 3:06:47 p. m.";Cajero;;43797.72;0;0;0;43797.72;"daviplata: $83.581,72";COMPLETED
V-2026-2640;"4/9/2026, 3:06:47 p. m.";Cajero;;449480.73000000004;0;0;0;449480.73000000004;"daviplata: $474.903,73";COMPLETED
V-2026-2639;"4/9/2026, 3:06:47 p. m.";Cajero;;219512.21;0;0;0;219512.21;"tarjeta: $248.685,21";COMPLETED
V-2026-2638;"4/9/2026, 3:06:47 p. m.";Cajero;;369399.84;0;0;0;369399.84;"tarjeta: $379.648,84";COMPLETED
V-2026-2637;"4/9/2026, 3:06:47 p. m.";Cajero;;462461.55000000005;0;0;0;462461.55000000005;"transferencia: $480.838,55";COMPLETED
V-2026-2636;"4/9/2026, 3:06:47 p. m.";Cajero;;749669.11;0;0;0;749669.11;"efectivo: $754.254,11";COMPLETED
V-2026-2635;"4/9/2026, 3:06:47 p. m.";Cajero;;50173.47;0;0;0;50173.47;"tarjeta: $99.824,47";COMPLETED
V-2026-2634;"4/9/2026, 3:06:47 p. m.";Cajero;;596946.2;0;0;0;596946.2;"tarjeta: $612.649,2";COMPLETED
V-2026-2633;"4/9/2026, 3:06:47 p. m.";Cajero;;232818.9;0;0;0;232818.9;"efectivo: $272.528,9";COMPLETED
V-2026-2632;"4/9/2026, 3:06:47 p. m.";Cajero;;227440;0;0;0;227440;nequi: $268.750;COMPLETED
V-2026-2631;"4/9/2026, 3:06:47 p. m.";Cajero;;230058.53;0;0;0;230058.53;"transferencia: $239.320,53";COMPLETED
V-2026-2630;"4/9/2026, 3:06:47 p. m.";Cajero;;1233596.5100000002;0;0;0;1233596.5100000002;"tarjeta: $1.282.154,51";COMPLETED
V-2026-2629;"4/9/2026, 3:06:47 p. m.";Cajero;;390694;0;0;0;390694;tarjeta: $426.620;COMPLETED
V-2026-2628;"4/9/2026, 3:06:47 p. m.";Cajero;;1303541.3;0;0;0;1303541.3;"tarjeta: $1.348.548,3";COMPLETED
V-2026-2627;"4/9/2026, 3:06:47 p. m.";Cajero;;97925.04;0;0;0;97925.04;"transferencia: $109.619,04";COMPLETED
V-2026-2626;"4/9/2026, 3:06:47 p. m.";Cajero;;219461.09999999998;0;0;0;219461.09999999998;"daviplata: $257.551,1";COMPLETED
V-2026-2625;"4/9/2026, 3:06:47 p. m.";Cajero;;175206.09;0;0;0;175206.09;"daviplata: $196.669,09";COMPLETED
V-2026-2624;"4/9/2026, 3:06:47 p. m.";Cajero;;543952.25;0;0;0;543952.25;"daviplata: $559.162,25";COMPLETED
V-2026-2623;"4/9/2026, 3:06:47 p. m.";Cajero;;671720.48;0;0;0;671720.48;"tarjeta: $686.580,48";COMPLETED
V-2026-2622;"4/9/2026, 3:06:47 p. m.";Cajero;;253601.22999999998;0;0;0;253601.22999999998;"tarjeta: $269.519,23";COMPLETED
V-2026-2621;"4/9/2026, 3:06:47 p. m.";Cajero;;478806.5800000001;0;0;0;478806.5800000001;"efectivo: $497.566,58";COMPLETED
V-2026-2620;"4/9/2026, 3:06:47 p. m.";Cajero;;267098.62;0;0;0;267098.62;"efectivo: $273.637,62";COMPLETED
V-2026-2619;"4/9/2026, 3:06:47 p. m.";Cajero;;1070726.3599999999;0;0;0;1070726.3599999999;"transferencia: $1.116.574,36";COMPLETED
V-2026-2618;"4/9/2026, 3:06:47 p. m.";Cajero;;165630.38;0;0;0;165630.38;"daviplata: $201.916,38";COMPLETED
V-2026-2617;"4/9/2026, 3:06:47 p. m.";Cajero;;540907.34;0;0;0;540907.34;"transferencia: $553.102,34";COMPLETED
V-2026-2616;"4/9/2026, 3:06:47 p. m.";Cajero;;680187.6099999999;0;0;0;680187.6099999999;"tarjeta: $702.853,61";COMPLETED
V-2026-2615;"4/9/2026, 3:06:47 p. m.";Cajero;;407064.69;0;0;0;407064.69;"nequi: $442.139,69";COMPLETED
V-2026-2614;"4/9/2026, 3:06:47 p. m.";Cajero;;598175.53;0;0;0;598175.53;"tarjeta: $631.881,53";COMPLETED
V-2026-2613;"4/9/2026, 3:06:47 p. m.";Cajero;;39339.27;0;0;0;39339.27;"nequi: $66.883,27";COMPLETED
V-2026-2612;"4/9/2026, 3:06:47 p. m.";Cajero;;225534.04;0;0;0;225534.04;"efectivo: $244.832,04";COMPLETED
V-2026-2611;"4/9/2026, 3:06:47 p. m.";Cajero;;252605.04;0;0;0;252605.04;"efectivo: $265.656,04";COMPLETED
V-2026-2610;"4/9/2026, 3:06:47 p. m.";Cajero;;2129.7599999999998;0;0;0;2129.7599999999998;"tarjeta: $5.324,76";COMPLETED
V-2026-2609;"4/9/2026, 3:06:47 p. m.";Cajero;;792574.97;0;0;0;792574.97;"efectivo: $802.179,97";COMPLETED
V-2026-2608;"4/9/2026, 3:06:47 p. m.";Cajero;;871022.14;0;0;0;871022.14;"daviplata: $880.895,14";COMPLETED
V-2026-2607;"4/9/2026, 3:06:47 p. m.";Cajero;;645158.7599999999;0;0;0;645158.7599999999;"efectivo: $686.636,76";COMPLETED
V-2026-2606;"4/9/2026, 3:06:47 p. m.";Cajero;;93829.94;0;0;0;93829.94;"transferencia: $129.897,94";COMPLETED
V-2026-2605;"4/9/2026, 3:06:47 p. m.";Cajero;;478285.13;0;0;0;478285.13;"efectivo: $507.777,13";COMPLETED
V-2026-2604;"4/9/2026, 3:06:47 p. m.";Cajero;;134354.44;0;0;0;134354.44;"efectivo: $148.390,44";COMPLETED
V-2026-2603;"4/9/2026, 3:06:47 p. m.";Cajero;;42762.94;0;0;0;42762.94;"nequi: $70.215,94";COMPLETED
V-2026-2602;"4/9/2026, 3:06:47 p. m.";Cajero;;331646.94000000006;0;0;0;331646.94000000006;"tarjeta: $360.088,94";COMPLETED
V-2026-2601;"4/9/2026, 3:06:47 p. m.";Cajero;;310552.56;0;0;0;310552.56;"transferencia: $318.200,56";COMPLETED
V-2026-2600;"4/9/2026, 3:06:47 p. m.";Cajero;;298570.6;0;0;0;298570.6;"daviplata: $346.541,6";COMPLETED
V-2026-2599;"4/9/2026, 3:06:47 p. m.";Cajero;;367563.87;0;0;0;367563.87;"nequi: $398.501,87";COMPLETED
V-2026-2598;"4/9/2026, 3:06:47 p. m.";Cajero;;655914.61;0;0;0;655914.61;"efectivo: $657.814,61";COMPLETED
V-2026-2597;"4/9/2026, 3:06:47 p. m.";Cajero;;152702.63999999998;0;0;0;152702.63999999998;"tarjeta: $185.784,64";COMPLETED
V-2026-2596;"4/9/2026, 3:06:47 p. m.";Cajero;;870533.85;0;0;0;870533.85;"tarjeta: $889.192,85";COMPLETED
V-2026-2595;"4/9/2026, 3:06:47 p. m.";Cajero;;403355.72;0;0;0;403355.72;"tarjeta: $428.132,72";COMPLETED
V-2026-2594;"4/9/2026, 3:06:47 p. m.";Cajero;;942069.36;0;0;0;942069.36;"transferencia: $990.258,36";COMPLETED
V-2026-2593;"4/9/2026, 3:06:47 p. m.";Cajero;;1053125.39;0;0;0;1053125.39;"nequi: $1.100.884,39";COMPLETED
V-2026-2592;"4/9/2026, 3:06:47 p. m.";Cajero;;614452.98;0;0;0;614452.98;"efectivo: $615.819,98";COMPLETED
V-2026-2591;"4/9/2026, 3:06:47 p. m.";Cajero;;447735.99;0;0;0;447735.99;"transferencia: $481.155,99";COMPLETED
V-2026-2590;"4/9/2026, 3:06:47 p. m.";Cajero;;716207.98;0;0;0;716207.98;"nequi: $756.655,98";COMPLETED
V-2026-2589;"4/9/2026, 3:06:47 p. m.";Cajero;;428114.05;0;0;0;428114.05;"daviplata: $449.421,05";COMPLETED
V-2026-2588;"4/9/2026, 3:06:47 p. m.";Cajero;;722084.62;0;0;0;722084.62;"efectivo: $727.345,62";COMPLETED
V-2026-2587;"4/9/2026, 3:06:47 p. m.";Cajero;;300981.17000000004;0;0;0;300981.17000000004;"daviplata: $318.478,17";COMPLETED
V-2026-2586;"4/9/2026, 3:06:47 p. m.";Cajero;;408376.37;0;0;0;408376.37;"daviplata: $447.948,37";COMPLETED
V-2026-2585;"4/9/2026, 3:06:47 p. m.";Cajero;;61302.96;0;0;0;61302.96;"transferencia: $75.076,96";COMPLETED
V-2026-2584;"4/9/2026, 3:06:47 p. m.";Cajero;;343989.16;0;0;0;343989.16;"transferencia: $371.993,16";COMPLETED
V-2026-2583;"4/9/2026, 3:06:47 p. m.";Cajero;;288181.97;0;0;0;288181.97;"tarjeta: $309.266,97";COMPLETED
V-2026-2582;"4/9/2026, 3:06:47 p. m.";Cajero;;993100.84;0;0;0;993100.84;"daviplata: $1.006.065,84";COMPLETED
V-2026-2581;"4/9/2026, 3:06:47 p. m.";Cajero;;186753.15999999997;0;0;0;186753.15999999997;"transferencia: $204.188,16";COMPLETED
V-2026-2580;"4/9/2026, 3:06:47 p. m.";Cajero;;802116.5399999999;0;0;0;802116.5399999999;"transferencia: $840.237,54";COMPLETED
V-2026-2579;"4/9/2026, 3:06:47 p. m.";Cajero;;1449111.47;0;0;0;1449111.47;"tarjeta: $1.494.007,47";COMPLETED
V-2026-2578;"4/9/2026, 3:06:47 p. m.";Cajero;;217402.45;0;0;0;217402.45;"efectivo: $264.871,45";COMPLETED
V-2026-2577;"4/9/2026, 3:06:47 p. m.";Cajero;;456239.69;0;0;0;456239.69;"tarjeta: $461.256,69";COMPLETED
V-2026-2576;"4/9/2026, 3:06:47 p. m.";Cajero;;196427.57;0;0;0;196427.57;"nequi: $200.762,57";COMPLETED
V-2026-2575;"4/9/2026, 3:06:47 p. m.";Cajero;;299216.52999999997;0;0;0;299216.52999999997;"daviplata: $337.892,53";COMPLETED
V-2026-2574;"4/9/2026, 3:06:47 p. m.";Cajero;;804822.6599999999;0;0;0;804822.6599999999;"nequi: $843.047,66";COMPLETED
V-2026-2573;"4/9/2026, 3:06:47 p. m.";Cajero;;805738.56;0;0;0;805738.56;"tarjeta: $810.236,56";COMPLETED
V-2026-2572;"4/9/2026, 3:06:47 p. m.";Cajero;;1123866.89;0;0;0;1123866.89;"tarjeta: $1.127.742,89";COMPLETED
V-2026-2571;"4/9/2026, 3:06:47 p. m.";Cajero;;452761.35000000003;0;0;0;452761.35000000003;"transferencia: $477.950,35";COMPLETED
V-2026-2570;"4/9/2026, 3:06:47 p. m.";Cajero;;653078.74;0;0;0;653078.74;"daviplata: $675.068,74";COMPLETED
V-2026-2569;"4/9/2026, 3:06:47 p. m.";Cajero;;335776.62000000005;0;0;0;335776.62000000005;"transferencia: $336.508,62";COMPLETED
V-2026-2568;"4/9/2026, 3:06:46 p. m.";Cajero;;577550.6599999999;0;0;0;577550.6599999999;"daviplata: $594.246,66";COMPLETED
V-2026-2567;"4/9/2026, 3:06:46 p. m.";Cajero;;460494.82999999996;0;0;0;460494.82999999996;"tarjeta: $482.126,83";COMPLETED
V-2026-2566;"4/9/2026, 3:06:46 p. m.";Cajero;;728084.2300000001;0;0;0;728084.2300000001;"efectivo: $740.921,23";COMPLETED
V-2026-2565;"4/9/2026, 3:06:46 p. m.";Cajero;;287628.65;0;0;0;287628.65;"daviplata: $320.622,65";COMPLETED
V-2026-2564;"4/9/2026, 3:06:46 p. m.";Cajero;;703075.8999999999;0;0;0;703075.8999999999;"tarjeta: $738.728,9";COMPLETED
V-2026-2563;"4/9/2026, 3:06:46 p. m.";Cajero;;1058768.27;0;0;0;1058768.27;"transferencia: $1.063.584,27";COMPLETED
V-2026-2562;"4/9/2026, 3:06:46 p. m.";Cajero;;387769.73;0;0;0;387769.73;"transferencia: $433.411,73";COMPLETED
V-2026-2561;"4/9/2026, 3:06:46 p. m.";Cajero;;854108.43;0;0;0;854108.43;"nequi: $880.290,43";COMPLETED
V-2026-2560;"4/9/2026, 3:06:46 p. m.";Cajero;;260953.08;0;0;0;260953.08;"nequi: $265.623,08";COMPLETED
V-2026-2559;"4/9/2026, 3:06:46 p. m.";Cajero;;100804.56;0;0;0;100804.56;"tarjeta: $133.418,56";COMPLETED
V-2026-2558;"4/9/2026, 3:06:46 p. m.";Cajero;;577476.0800000001;0;0;0;577476.0800000001;"efectivo: $586.601,08";COMPLETED
V-2026-2557;"4/9/2026, 3:06:46 p. m.";Cajero;;1325186.6;0;0;0;1325186.6;"nequi: $1.344.478,6";COMPLETED
V-2026-2556;"4/9/2026, 3:06:46 p. m.";Cajero;;1110634.04;0;0;0;1110634.04;"daviplata: $1.151.692,04";COMPLETED
V-2026-2555;"4/9/2026, 3:06:46 p. m.";Cajero;;228893.83000000002;0;0;0;228893.83000000002;"tarjeta: $263.572,83";COMPLETED
V-2026-2554;"4/9/2026, 3:06:46 p. m.";Cajero;;220728.75;0;0;0;220728.75;"daviplata: $257.367,75";COMPLETED
V-2026-2553;"4/9/2026, 3:06:46 p. m.";Cajero;;960641.4199999999;0;0;0;960641.4199999999;"transferencia: $1.008.036,42";COMPLETED
V-2026-2552;"4/9/2026, 3:06:46 p. m.";Cajero;;353436.63;0;0;0;353436.63;"efectivo: $388.861,63";COMPLETED
V-2026-2551;"4/9/2026, 3:06:46 p. m.";Cajero;;858251.7300000001;0;0;0;858251.7300000001;"nequi: $896.460,73";COMPLETED
V-2026-2550;"4/9/2026, 3:06:46 p. m.";Cajero;;921186.25;0;0;0;921186.25;"transferencia: $943.806,25";COMPLETED
V-2026-2549;"4/9/2026, 3:06:46 p. m.";Cajero;;247877.55;0;0;0;247877.55;"nequi: $272.865,55";COMPLETED
V-2026-2548;"4/9/2026, 3:06:46 p. m.";Cajero;;1525171.2800000003;0;0;0;1525171.2800000003;"transferencia: $1.575.034,28";COMPLETED
V-2026-2547;"4/9/2026, 3:06:46 p. m.";Cajero;;415321.57999999996;0;0;0;415321.57999999996;"efectivo: $417.040,58";COMPLETED
V-2026-2546;"4/9/2026, 3:06:46 p. m.";Cajero;;797130.82;0;0;0;797130.82;"nequi: $812.129,82";COMPLETED
V-2026-2545;"4/9/2026, 3:06:46 p. m.";Cajero;;518393.76;0;0;0;518393.76;"daviplata: $546.524,76";COMPLETED
V-2026-2544;"4/9/2026, 3:06:46 p. m.";Cajero;;674421.9700000001;0;0;0;674421.9700000001;"transferencia: $678.173,97";COMPLETED
V-2026-2543;"4/9/2026, 3:06:46 p. m.";Cajero;;46131.1;0;0;0;46131.1;"efectivo: $87.535,1";COMPLETED
V-2026-2542;"4/9/2026, 3:06:46 p. m.";Cajero;;648374.69;0;0;0;648374.69;"efectivo: $685.367,69";COMPLETED
V-2026-2541;"4/9/2026, 3:06:46 p. m.";Cajero;;351039.35;0;0;0;351039.35;"nequi: $390.639,35";COMPLETED
V-2026-2540;"4/9/2026, 3:06:46 p. m.";Cajero;;139455.44;0;0;0;139455.44;"daviplata: $141.202,44";COMPLETED
V-2026-2539;"4/9/2026, 3:06:46 p. m.";Cajero;;218847.64;0;0;0;218847.64;"daviplata: $260.135,64";COMPLETED
V-2026-2538;"4/9/2026, 3:06:46 p. m.";Cajero;;275708.35000000003;0;0;0;275708.35000000003;"transferencia: $313.124,35";COMPLETED
V-2026-2537;"4/9/2026, 3:06:46 p. m.";Cajero;;771526.1600000001;0;0;0;771526.1600000001;"nequi: $815.680,16";COMPLETED
V-2026-2536;"4/9/2026, 3:06:46 p. m.";Cajero;;892193.14;0;0;0;892193.14;"tarjeta: $928.151,14";COMPLETED
V-2026-2535;"4/9/2026, 3:06:46 p. m.";Cajero;;29818.28;0;0;0;29818.28;"transferencia: $62.427,28";COMPLETED
V-2026-2534;"4/9/2026, 3:06:46 p. m.";Cajero;;150975.16999999998;0;0;0;150975.16999999998;"efectivo: $172.553,17";COMPLETED
V-2026-2533;"4/9/2026, 3:06:46 p. m.";Cajero;;347620.55000000005;0;0;0;347620.55000000005;"transferencia: $348.425,55";COMPLETED
V-2026-2532;"4/9/2026, 3:06:46 p. m.";Cajero;;315251.5;0;0;0;315251.5;"efectivo: $328.540,5";COMPLETED
V-2026-2531;"4/9/2026, 3:06:46 p. m.";Cajero;;407831.5;0;0;0;407831.5;"nequi: $418.385,5";COMPLETED
V-2026-2530;"4/9/2026, 3:06:46 p. m.";Cajero;;1015471.3399999999;0;0;0;1015471.3399999999;"daviplata: $1.025.844,34";COMPLETED
V-2026-2529;"4/9/2026, 3:06:46 p. m.";Cajero;;315017.5;0;0;0;315017.5;"daviplata: $350.999,5";COMPLETED
V-2026-2528;"4/9/2026, 3:06:46 p. m.";Cajero;;714105.3500000001;0;0;0;714105.3500000001;"nequi: $754.913,35";COMPLETED
V-2026-2527;"4/9/2026, 3:06:46 p. m.";Cajero;;107097.95999999999;0;0;0;107097.95999999999;"tarjeta: $141.000,96";COMPLETED
V-2026-2526;"4/9/2026, 3:06:46 p. m.";Cajero;;578846.03;0;0;0;578846.03;"nequi: $604.378,03";COMPLETED
V-2026-2525;"4/9/2026, 3:06:46 p. m.";Cajero;;664323.51;0;0;0;664323.51;"tarjeta: $694.455,51";COMPLETED
V-2026-2524;"4/9/2026, 3:06:46 p. m.";Cajero;;947280.7899999999;0;0;0;947280.7899999999;"efectivo: $968.469,79";COMPLETED
V-2026-2523;"4/9/2026, 3:06:46 p. m.";Cajero;;198473.51;0;0;0;198473.51;"nequi: $229.103,51";COMPLETED
V-2026-2522;"4/9/2026, 3:06:46 p. m.";Cajero;;565318.81;0;0;0;565318.81;"nequi: $592.682,81";COMPLETED
V-2026-2521;"4/9/2026, 3:06:46 p. m.";Cajero;;518904.18000000005;0;0;0;518904.18000000005;"daviplata: $557.050,18";COMPLETED
V-2026-2520;"4/9/2026, 3:06:46 p. m.";Cajero;;486680.4;0;0;0;486680.4;"transferencia: $493.280,4";COMPLETED
V-2026-2519;"4/9/2026, 3:06:46 p. m.";Cajero;;294627.04000000004;0;0;0;294627.04000000004;"daviplata: $296.093,04";COMPLETED
V-2026-2518;"4/9/2026, 3:06:46 p. m.";Cajero;;169057.01;0;0;0;169057.01;"transferencia: $200.883,01";COMPLETED
V-2026-2517;"4/9/2026, 3:06:46 p. m.";Cajero;;35495.49;0;0;0;35495.49;"nequi: $78.692,49";COMPLETED
V-2026-2516;"4/9/2026, 3:06:46 p. m.";Cajero;;442411.06999999995;0;0;0;442411.06999999995;"daviplata: $477.556,07";COMPLETED
V-2026-2515;"4/9/2026, 3:06:46 p. m.";Cajero;;927541.23;0;0;0;927541.23;"efectivo: $971.397,23";COMPLETED
V-2026-2514;"4/9/2026, 3:06:46 p. m.";Cajero;;95885.37;0;0;0;95885.37;"nequi: $110.978,37";COMPLETED
V-2026-2513;"4/9/2026, 3:06:46 p. m.";Cajero;;972407.74;0;0;0;972407.74;"tarjeta: $1.011.285,74";COMPLETED
V-2026-2512;"4/9/2026, 3:06:46 p. m.";Cajero;;219356.64;0;0;0;219356.64;"nequi: $247.551,64";COMPLETED
V-2026-2511;"4/9/2026, 3:06:46 p. m.";Cajero;;770450.4;0;0;0;770450.4;"tarjeta: $790.655,4";COMPLETED
V-2026-2510;"4/9/2026, 3:06:46 p. m.";Cajero;;427461.10000000003;0;0;0;427461.10000000003;"transferencia: $432.625,1";COMPLETED
V-2026-2509;"4/9/2026, 3:06:46 p. m.";Cajero;;152123.39;0;0;0;152123.39;"transferencia: $190.614,39";COMPLETED
V-2026-2508;"4/9/2026, 3:06:46 p. m.";Cajero;;822073.7299999999;0;0;0;822073.7299999999;"nequi: $830.830,73";COMPLETED
V-2026-2507;"4/9/2026, 3:06:46 p. m.";Cajero;;166723.24;0;0;0;166723.24;"transferencia: $187.148,24";COMPLETED
V-2026-2506;"4/9/2026, 3:06:46 p. m.";Cajero;;71287.73999999999;0;0;0;71287.73999999999;"efectivo: $88.237,74";COMPLETED
V-2026-2505;"4/9/2026, 3:06:46 p. m.";Cajero;;886806.2399999999;0;0;0;886806.2399999999;"nequi: $920.239,24";COMPLETED
V-2026-2504;"4/9/2026, 3:06:46 p. m.";Cajero;;766483.42;0;0;0;766483.42;"transferencia: $773.801,42";COMPLETED
V-2026-2503;"4/9/2026, 3:06:46 p. m.";Cajero;;42206.31;0;0;0;42206.31;"daviplata: $48.593,31";COMPLETED
V-2026-2502;"4/9/2026, 3:06:46 p. m.";Cajero;;511361.6;0;0;0;511361.6;"tarjeta: $518.581,6";COMPLETED
V-2026-2501;"4/9/2026, 3:06:46 p. m.";Cajero;;579023.01;0;0;0;579023.01;"daviplata: $617.390,01";COMPLETED
V-2026-2500;"4/9/2026, 3:06:46 p. m.";Cajero;;911833.73;0;0;0;911833.73;"nequi: $954.234,73";COMPLETED
V-2026-2499;"4/9/2026, 3:06:46 p. m.";Cajero;;1054598.5599999998;0;0;0;1054598.5599999998;"efectivo: $1.086.246,56";COMPLETED
V-2026-2498;"4/9/2026, 3:06:46 p. m.";Cajero;;638196.8899999999;0;0;0;638196.8899999999;"tarjeta: $645.877,89";COMPLETED
V-2026-2497;"4/9/2026, 3:06:46 p. m.";Cajero;;265001.32;0;0;0;265001.32;"tarjeta: $275.374,32";COMPLETED
V-2026-2496;"4/9/2026, 3:06:46 p. m.";Cajero;;644362.46;0;0;0;644362.46;"transferencia: $693.426,46";COMPLETED
V-2026-2495;"4/9/2026, 3:06:46 p. m.";Cajero;;308295.97;0;0;0;308295.97;"tarjeta: $337.723,97";COMPLETED
V-2026-2494;"4/9/2026, 3:06:46 p. m.";Cajero;;679048.02;0;0;0;679048.02;"efectivo: $710.901,02";COMPLETED
V-2026-2493;"4/9/2026, 3:06:46 p. m.";Cajero;;687585.61;0;0;0;687585.61;"nequi: $720.132,61";COMPLETED
V-2026-2492;"4/9/2026, 3:06:46 p. m.";Cajero;;1075345.76;0;0;0;1075345.76;"daviplata: $1.088.495,76";COMPLETED
V-2026-2491;"4/9/2026, 3:06:46 p. m.";Cajero;;775540.15;0;0;0;775540.15;"daviplata: $786.894,15";COMPLETED
V-2026-2490;"4/9/2026, 3:06:46 p. m.";Cajero;;596547.53;0;0;0;596547.53;"efectivo: $604.532,53";COMPLETED
V-2026-2489;"4/9/2026, 3:06:46 p. m.";Cajero;;943663.9800000001;0;0;0;943663.9800000001;"efectivo: $960.157,98";COMPLETED
V-2026-2488;"4/9/2026, 3:06:45 p. m.";Cajero;;603554.98;0;0;0;603554.98;"nequi: $612.228,98";COMPLETED
V-2026-2487;"4/9/2026, 3:06:45 p. m.";Cajero;;1086382.67;0;0;0;1086382.67;"efectivo: $1.125.253,67";COMPLETED
V-2026-2486;"4/9/2026, 3:06:45 p. m.";Cajero;;39387.92;0;0;0;39387.92;"daviplata: $43.352,92";COMPLETED
V-2026-2485;"4/9/2026, 3:06:45 p. m.";Cajero;;249014.58;0;0;0;249014.58;"nequi: $259.234,58";COMPLETED
V-2026-2484;"4/9/2026, 3:06:45 p. m.";Cajero;;1069782.8599999999;0;0;0;1069782.8599999999;"daviplata: $1.106.741,86";COMPLETED
V-2026-2483;"4/9/2026, 3:06:45 p. m.";Cajero;;1245371.71;0;0;0;1245371.71;"efectivo: $1.279.641,71";COMPLETED
V-2026-2482;"4/9/2026, 3:06:45 p. m.";Cajero;;571101.0199999999;0;0;0;571101.0199999999;"daviplata: $593.250,02";COMPLETED
V-2026-2481;"4/9/2026, 3:06:45 p. m.";Cajero;;991008.8899999999;0;0;0;991008.8899999999;"transferencia: $1.028.133,89";COMPLETED
V-2026-2480;"4/9/2026, 3:06:45 p. m.";Cajero;;419219.07999999996;0;0;0;419219.07999999996;"tarjeta: $468.895,08";COMPLETED
V-2026-2479;"4/9/2026, 3:06:45 p. m.";Cajero;;380484.51;0;0;0;380484.51;"daviplata: $402.270,51";COMPLETED
V-2026-2478;"4/9/2026, 3:06:45 p. m.";Cajero;;181644.47;0;0;0;181644.47;"efectivo: $230.109,47";COMPLETED
V-2026-2477;"4/9/2026, 3:06:45 p. m.";Cajero;;601302.73;0;0;0;601302.73;"transferencia: $601.456,73";COMPLETED
V-2026-2476;"4/9/2026, 3:06:45 p. m.";Cajero;;559847.16;0;0;0;559847.16;"efectivo: $606.374,16";COMPLETED
V-2026-2475;"4/9/2026, 3:06:45 p. m.";Cajero;;222737.55000000002;0;0;0;222737.55000000002;"transferencia: $230.832,55";COMPLETED
V-2026-2474;"4/9/2026, 3:06:45 p. m.";Cajero;;19310.039999999997;0;0;0;19310.039999999997;"efectivo: $23.569,04";COMPLETED
V-2026-2473;"4/9/2026, 3:06:45 p. m.";Cajero;;23683.06;0;0;0;23683.06;"tarjeta: $42.571,06";COMPLETED
V-2026-2472;"4/9/2026, 3:06:45 p. m.";Cajero;;610539.46;0;0;0;610539.46;"efectivo: $648.044,46";COMPLETED
V-2026-2471;"4/9/2026, 3:06:45 p. m.";Cajero;;815259.32;0;0;0;815259.32;"transferencia: $831.032,32";COMPLETED
V-2026-2470;"4/9/2026, 3:06:45 p. m.";Cajero;;395483.72;0;0;0;395483.72;"tarjeta: $407.409,72";COMPLETED
V-2026-2469;"4/9/2026, 3:06:45 p. m.";Cajero;;325118.27;0;0;0;325118.27;"transferencia: $358.187,27";COMPLETED
V-2026-2468;"4/9/2026, 3:06:45 p. m.";Cajero;;160312.83;0;0;0;160312.83;"nequi: $170.327,83";COMPLETED
V-2026-2467;"4/9/2026, 3:06:45 p. m.";Cajero;;421800.60000000003;0;0;0;421800.60000000003;"daviplata: $441.111,6";COMPLETED
V-2026-2466;"4/9/2026, 3:06:45 p. m.";Cajero;;752755.52;0;0;0;752755.52;"tarjeta: $767.676,52";COMPLETED
V-2026-2465;"4/9/2026, 3:06:45 p. m.";Cajero;;228554.19;0;0;0;228554.19;"efectivo: $267.078,19";COMPLETED
V-2026-2464;"4/9/2026, 3:06:45 p. m.";Cajero;;936427.1699999999;0;0;0;936427.1699999999;"nequi: $976.886,17";COMPLETED
V-2026-2463;"4/9/2026, 3:06:45 p. m.";Cajero;;24663.87;0;0;0;24663.87;"daviplata: $49.436,87";COMPLETED
V-2026-2462;"4/9/2026, 3:06:45 p. m.";Cajero;;1111960.9600000002;0;0;0;1111960.9600000002;"transferencia: $1.149.006,96";COMPLETED
V-2026-2461;"4/9/2026, 3:06:45 p. m.";Cajero;;264701.5;0;0;0;264701.5;"tarjeta: $306.384,5";COMPLETED
V-2026-2460;"4/9/2026, 3:06:45 p. m.";Cajero;;358938.06;0;0;0;358938.06;"daviplata: $399.349,06";COMPLETED
V-2026-2459;"4/9/2026, 3:06:45 p. m.";Cajero;;341574.82999999996;0;0;0;341574.82999999996;"nequi: $355.991,83";COMPLETED
V-2026-2458;"4/9/2026, 3:06:45 p. m.";Cajero;;575564.18;0;0;0;575564.18;"transferencia: $590.282,18";COMPLETED
V-2026-2457;"4/9/2026, 3:06:45 p. m.";Cajero;;96732.15;0;0;0;96732.15;"efectivo: $97.050,15";COMPLETED
V-2026-2456;"4/9/2026, 3:06:45 p. m.";Cajero;;721975.45;0;0;0;721975.45;"tarjeta: $735.903,45";COMPLETED
V-2026-2455;"4/9/2026, 3:06:45 p. m.";Cajero;;171606.96;0;0;0;171606.96;"daviplata: $202.146,96";COMPLETED
V-2026-2454;"4/9/2026, 3:06:45 p. m.";Cajero;;945709.43;0;0;0;945709.43;"transferencia: $973.014,43";COMPLETED
V-2026-2453;"4/9/2026, 3:06:45 p. m.";Cajero;;75380.19;0;0;0;75380.19;"efectivo: $75.497,19";COMPLETED
V-2026-2452;"4/9/2026, 3:06:45 p. m.";Cajero;;815770.13;0;0;0;815770.13;"transferencia: $852.475,13";COMPLETED
V-2026-2451;"4/9/2026, 3:06:45 p. m.";Cajero;;405523.07999999996;0;0;0;405523.07999999996;"efectivo: $452.123,08";COMPLETED
V-2026-2450;"4/9/2026, 3:06:45 p. m.";Cajero;;514797.26;0;0;0;514797.26;"tarjeta: $521.685,26";COMPLETED
V-2026-2449;"4/9/2026, 3:06:45 p. m.";Cajero;;44684.19;0;0;0;44684.19;"efectivo: $82.956,19";COMPLETED
V-2026-2448;"4/9/2026, 3:06:45 p. m.";Cajero;;383417.58999999997;0;0;0;383417.58999999997;"nequi: $424.978,59";COMPLETED
V-2026-2447;"4/9/2026, 3:06:45 p. m.";Cajero;;482155.46;0;0;0;482155.46;"tarjeta: $520.766,46";COMPLETED
V-2026-2446;"4/9/2026, 3:06:45 p. m.";Cajero;;973313.7200000001;0;0;0;973313.7200000001;"efectivo: $997.666,72";COMPLETED
V-2026-2445;"4/9/2026, 3:06:45 p. m.";Cajero;;970041.0700000001;0;0;0;970041.0700000001;"tarjeta: $984.519,07";COMPLETED
V-2026-2444;"4/9/2026, 3:06:45 p. m.";Cajero;;49009.1;0;0;0;49009.1;"daviplata: $82.414,1";COMPLETED
V-2026-2443;"4/9/2026, 3:06:45 p. m.";Cajero;;206803.41999999998;0;0;0;206803.41999999998;"daviplata: $251.647,42";COMPLETED
V-2026-2442;"4/9/2026, 3:06:45 p. m.";Cajero;;231352.75;0;0;0;231352.75;"transferencia: $268.759,75";COMPLETED
V-2026-2441;"4/9/2026, 3:06:45 p. m.";Cajero;;596192.6;0;0;0;596192.6;"nequi: $597.396,6";COMPLETED
V-2026-2440;"4/9/2026, 3:06:45 p. m.";Cajero;;962063.1199999999;0;0;0;962063.1199999999;"daviplata: $970.199,12";COMPLETED
V-2026-2439;"4/9/2026, 3:06:45 p. m.";Cajero;;340890.87;0;0;0;340890.87;"efectivo: $341.176,87";COMPLETED
V-2026-2438;"4/9/2026, 3:06:45 p. m.";Cajero;;86554.57;0;0;0;86554.57;"tarjeta: $110.042,57";COMPLETED
V-2026-2437;"4/9/2026, 3:06:45 p. m.";Cajero;;47985.78;0;0;0;47985.78;"efectivo: $95.509,78";COMPLETED
V-2026-2436;"4/9/2026, 3:06:45 p. m.";Cajero;;540094.6799999999;0;0;0;540094.6799999999;"daviplata: $555.418,68";COMPLETED
V-2026-2435;"4/9/2026, 3:06:45 p. m.";Cajero;;99215.36;0;0;0;99215.36;"transferencia: $101.656,36";COMPLETED
V-2026-2434;"4/9/2026, 3:06:45 p. m.";Cajero;;344345.3499999999;0;0;0;344345.3499999999;"tarjeta: $352.506,35";COMPLETED
V-2026-2433;"4/9/2026, 3:06:45 p. m.";Cajero;;76321.73;0;0;0;76321.73;"efectivo: $119.565,73";COMPLETED
V-2026-2432;"4/9/2026, 3:06:45 p. m.";Cajero;;91835.58000000002;0;0;0;91835.58000000002;"transferencia: $93.443,58";COMPLETED
V-2026-2431;"4/9/2026, 3:06:45 p. m.";Cajero;;64317.88;0;0;0;64317.88;"daviplata: $74.934,88";COMPLETED
V-2026-2430;"4/9/2026, 3:06:45 p. m.";Cajero;;353151.89;0;0;0;353151.89;"tarjeta: $378.494,89";COMPLETED
V-2026-2429;"4/9/2026, 3:06:45 p. m.";Cajero;;373119.92999999993;0;0;0;373119.92999999993;"efectivo: $393.796,93";COMPLETED
V-2026-2428;"4/9/2026, 3:06:45 p. m.";Cajero;;30113.52;0;0;0;30113.52;"nequi: $34.096,52";COMPLETED
V-2026-2427;"4/9/2026, 3:06:45 p. m.";Cajero;;177809.36;0;0;0;177809.36;"transferencia: $213.614,36";COMPLETED
V-2026-2426;"4/9/2026, 3:06:45 p. m.";Cajero;;670718.5800000001;0;0;0;670718.5800000001;"transferencia: $711.871,58";COMPLETED
V-2026-2425;"4/9/2026, 3:06:45 p. m.";Cajero;;64322.299999999996;0;0;0;64322.299999999996;"efectivo: $111.889,3";COMPLETED
V-2026-2424;"4/9/2026, 3:06:45 p. m.";Cajero;;432152.0800000001;0;0;0;432152.0800000001;"transferencia: $452.321,08";COMPLETED
V-2026-2423;"4/9/2026, 3:06:45 p. m.";Cajero;;787238.56;0;0;0;787238.56;"transferencia: $812.296,56";COMPLETED
V-2026-2422;"4/9/2026, 3:06:45 p. m.";Cajero;;253400.38;0;0;0;253400.38;"efectivo: $274.338,38";COMPLETED
V-2026-2421;"4/9/2026, 3:06:45 p. m.";Cajero;;338505.22000000003;0;0;0;338505.22000000003;"efectivo: $350.255,22";COMPLETED
V-2026-2420;"4/9/2026, 3:06:45 p. m.";Cajero;;500861.87;0;0;0;500861.87;"transferencia: $530.528,87";COMPLETED
V-2026-2419;"4/9/2026, 3:06:45 p. m.";Cajero;;246237.7;0;0;0;246237.7;"nequi: $278.008,7";COMPLETED
V-2026-2418;"4/9/2026, 3:06:45 p. m.";Cajero;;22229.71;0;0;0;22229.71;"efectivo: $47.998,71";COMPLETED
V-2026-2417;"4/9/2026, 3:06:45 p. m.";Cajero;;252857.11000000002;0;0;0;252857.11000000002;"nequi: $264.457,11";COMPLETED
V-2026-2416;"4/9/2026, 3:06:45 p. m.";Cajero;;372568.87999999995;0;0;0;372568.87999999995;"efectivo: $405.946,88";COMPLETED
V-2026-2415;"4/9/2026, 3:06:45 p. m.";Cajero;;565025.2;0;0;0;565025.2;"transferencia: $570.170,2";COMPLETED
V-2026-2414;"4/9/2026, 3:06:45 p. m.";Cajero;;16405.13;0;0;0;16405.13;"transferencia: $44.108,13";COMPLETED
V-2026-2413;"4/9/2026, 3:06:45 p. m.";Cajero;;26673.4;0;0;0;26673.4;"nequi: $69.201,4";COMPLETED
V-2026-2412;"4/9/2026, 3:06:45 p. m.";Cajero;;502858.63;0;0;0;502858.63;"transferencia: $517.782,63";COMPLETED
V-2026-2411;"4/9/2026, 3:06:45 p. m.";Cajero;;153058.98;0;0;0;153058.98;"tarjeta: $172.757,98";COMPLETED
V-2026-2410;"4/9/2026, 3:06:45 p. m.";Cajero;;54126.93;0;0;0;54126.93;"tarjeta: $82.115,93";COMPLETED
V-2026-2409;"4/9/2026, 3:06:45 p. m.";Cajero;;625862.17;0;0;0;625862.17;"efectivo: $627.061,17";COMPLETED
V-2026-2408;"4/9/2026, 3:06:45 p. m.";Cajero;;263686.91;0;0;0;263686.91;"daviplata: $264.705,91";COMPLETED
V-2026-2407;"4/9/2026, 3:06:45 p. m.";Cajero;;194616.08000000002;0;0;0;194616.08000000002;"daviplata: $225.833,08";COMPLETED
V-2026-2406;"4/9/2026, 3:06:45 p. m.";Cajero;;688425.64;0;0;0;688425.64;"daviplata: $707.190,64";COMPLETED
V-2026-2405;"4/9/2026, 3:06:45 p. m.";Cajero;;595609.82;0;0;0;595609.82;"nequi: $621.267,82";COMPLETED
V-2026-2404;"4/9/2026, 3:06:45 p. m.";Cajero;;240802.42999999996;0;0;0;240802.42999999996;"tarjeta: $265.813,43";COMPLETED
V-2026-2403;"4/9/2026, 3:06:45 p. m.";Cajero;;395028.27;0;0;0;395028.27;"efectivo: $410.657,27";COMPLETED
V-2026-2402;"4/9/2026, 3:06:45 p. m.";Cajero;;169763.84;0;0;0;169763.84;"transferencia: $200.253,84";COMPLETED
V-2026-2401;"4/9/2026, 3:06:45 p. m.";Cajero;;204113.96;0;0;0;204113.96;"efectivo: $227.692,96";COMPLETED
V-2026-2400;"4/9/2026, 3:06:45 p. m.";Cajero;;563992.26;0;0;0;563992.26;"tarjeta: $605.200,26";COMPLETED
V-2026-2399;"4/9/2026, 3:06:45 p. m.";Cajero;;662753.56;0;0;0;662753.56;"daviplata: $709.180,56";COMPLETED
V-2026-2398;"4/9/2026, 3:06:45 p. m.";Cajero;;241755;0;0;0;241755;transferencia: $269.668;COMPLETED
V-2026-2397;"4/9/2026, 3:06:45 p. m.";Cajero;;599365.67;0;0;0;599365.67;"efectivo: $619.091,67";COMPLETED
V-2026-2396;"4/9/2026, 3:06:45 p. m.";Cajero;;1449778.81;0;0;0;1449778.81;"efectivo: $1.487.099,81";COMPLETED
V-2026-2395;"4/9/2026, 3:06:45 p. m.";Cajero;;184939.98;0;0;0;184939.98;"daviplata: $230.006,98";COMPLETED
V-2026-2394;"4/9/2026, 3:06:44 p. m.";Cajero;;413527.8400000001;0;0;0;413527.8400000001;"transferencia: $445.864,84";COMPLETED
V-2026-2393;"4/9/2026, 3:06:44 p. m.";Cajero;;385824.16000000003;0;0;0;385824.16000000003;"nequi: $406.896,16";COMPLETED
V-2026-2392;"4/9/2026, 3:06:44 p. m.";Cajero;;243693.09999999998;0;0;0;243693.09999999998;"nequi: $267.560,1";COMPLETED
V-2026-2391;"4/9/2026, 3:06:44 p. m.";Cajero;;94692.72;0;0;0;94692.72;"daviplata: $112.302,72";COMPLETED
V-2026-2390;"4/9/2026, 3:06:44 p. m.";Cajero;;429893.35;0;0;0;429893.35;"transferencia: $460.131,35";COMPLETED
V-2026-2389;"4/9/2026, 3:06:44 p. m.";Cajero;;361758.22;0;0;0;361758.22;"daviplata: $368.660,22";COMPLETED
V-2026-2388;"4/9/2026, 3:06:44 p. m.";Cajero;;336745.38;0;0;0;336745.38;"nequi: $373.451,38";COMPLETED
V-2026-2387;"4/9/2026, 3:06:44 p. m.";Cajero;;1342066.92;0;0;0;1342066.92;"transferencia: $1.384.827,92";COMPLETED
V-2026-2386;"4/9/2026, 3:06:44 p. m.";Cajero;;633080.6599999999;0;0;0;633080.6599999999;"transferencia: $640.778,66";COMPLETED
V-2026-2385;"4/9/2026, 3:06:44 p. m.";Cajero;;175931.49;0;0;0;175931.49;"efectivo: $217.159,49";COMPLETED
V-2026-2384;"4/9/2026, 3:06:44 p. m.";Cajero;;582831.44;0;0;0;582831.44;"daviplata: $621.147,44";COMPLETED
V-2026-2383;"4/9/2026, 3:06:44 p. m.";Cajero;;954678.55;0;0;0;954678.55;"tarjeta: $956.872,55";COMPLETED
V-2026-2382;"4/9/2026, 3:06:44 p. m.";Cajero;;710280.86;0;0;0;710280.86;"tarjeta: $720.540,86";COMPLETED
V-2026-2381;"4/9/2026, 3:06:44 p. m.";Cajero;;43950.51;0;0;0;43950.51;"tarjeta: $71.656,51";COMPLETED
V-2026-2380;"4/9/2026, 3:06:44 p. m.";Cajero;;1449024.98;0;0;0;1449024.98;"daviplata: $1.497.350,98";COMPLETED
V-2026-2379;"4/9/2026, 3:06:44 p. m.";Cajero;;99078.11000000002;0;0;0;99078.11000000002;"transferencia: $147.494,11";COMPLETED
V-2026-2378;"4/9/2026, 3:06:44 p. m.";Cajero;;596208.28;0;0;0;596208.28;"daviplata: $598.566,28";COMPLETED
V-2026-2377;"4/9/2026, 3:06:44 p. m.";Cajero;;321672.50999999995;0;0;0;321672.50999999995;"daviplata: $348.705,51";COMPLETED
V-2026-2376;"4/9/2026, 3:06:44 p. m.";Cajero;;1068405.28;0;0;0;1068405.28;"daviplata: $1.113.314,28";COMPLETED
V-2026-2375;"4/9/2026, 3:06:44 p. m.";Cajero;;41390.79;0;0;0;41390.79;"transferencia: $67.186,79";COMPLETED
V-2026-2374;"4/9/2026, 3:06:44 p. m.";Cajero;;25193.09;0;0;0;25193.09;"nequi: $69.225,09";COMPLETED
V-2026-2373;"4/9/2026, 3:06:44 p. m.";Cajero;;148459.94;0;0;0;148459.94;"efectivo: $192.675,94";COMPLETED
V-2026-2372;"4/9/2026, 3:06:44 p. m.";Cajero;;289636.99;0;0;0;289636.99;"nequi: $325.910,99";COMPLETED
V-2026-2371;"4/9/2026, 3:06:44 p. m.";Cajero;;741423.79;0;0;0;741423.79;"efectivo: $779.064,79";COMPLETED
V-2026-2370;"4/9/2026, 3:06:44 p. m.";Cajero;;469406.06;0;0;0;469406.06;"daviplata: $492.726,06";COMPLETED
V-2026-2369;"4/9/2026, 3:06:44 p. m.";Cajero;;637810.17;0;0;0;637810.17;"efectivo: $671.612,17";COMPLETED
V-2026-2368;"4/9/2026, 3:06:44 p. m.";Cajero;;329045.11;0;0;0;329045.11;"tarjeta: $366.888,11";COMPLETED
V-2026-2367;"4/9/2026, 3:06:44 p. m.";Cajero;;206834.05;0;0;0;206834.05;"nequi: $216.614,05";COMPLETED
V-2026-2366;"4/9/2026, 3:06:44 p. m.";Cajero;;399876.76;0;0;0;399876.76;"daviplata: $438.868,76";COMPLETED
V-2026-2365;"4/9/2026, 3:06:44 p. m.";Cajero;;386189.79;0;0;0;386189.79;"nequi: $386.637,79";COMPLETED
V-2026-2364;"4/9/2026, 3:06:44 p. m.";Cajero;;349513.80999999994;0;0;0;349513.80999999994;"nequi: $388.675,81";COMPLETED
V-2026-2363;"4/9/2026, 3:06:44 p. m.";Cajero;;34687.42;0;0;0;34687.42;"tarjeta: $63.322,42";COMPLETED
V-2026-2362;"4/9/2026, 3:06:44 p. m.";Cajero;;12252.3;0;0;0;12252.3;"nequi: $23.369,3";COMPLETED
V-2026-2361;"4/9/2026, 3:06:44 p. m.";Cajero;;658325.5800000001;0;0;0;658325.5800000001;"transferencia: $667.148,58";COMPLETED
V-2026-2360;"4/9/2026, 3:06:44 p. m.";Cajero;;279120.51;0;0;0;279120.51;"tarjeta: $327.790,51";COMPLETED
V-2026-2359;"4/9/2026, 3:06:44 p. m.";Cajero;;228295.76;0;0;0;228295.76;"tarjeta: $260.398,76";COMPLETED
V-2026-2358;"4/9/2026, 3:06:44 p. m.";Cajero;;360269.35;0;0;0;360269.35;"nequi: $372.021,35";COMPLETED
V-2026-2357;"4/9/2026, 3:06:44 p. m.";Cajero;;192166.3;0;0;0;192166.3;"efectivo: $216.921,3";COMPLETED
V-2026-2356;"4/9/2026, 3:06:44 p. m.";Cajero;;167919.90000000002;0;0;0;167919.90000000002;"daviplata: $211.492,9";COMPLETED
V-2026-2355;"4/9/2026, 3:06:44 p. m.";Cajero;;338919.35000000003;0;0;0;338919.35000000003;"efectivo: $360.569,35";COMPLETED
V-2026-2354;"4/9/2026, 3:06:44 p. m.";Cajero;;592769.24;0;0;0;592769.24;"nequi: $626.962,24";COMPLETED
V-2026-2353;"4/9/2026, 3:06:44 p. m.";Cajero;;636819.6900000001;0;0;0;636819.6900000001;"nequi: $656.962,69";COMPLETED
V-2026-2352;"4/9/2026, 3:06:44 p. m.";Cajero;;834343.8;0;0;0;834343.8;"transferencia: $854.867,8";COMPLETED
V-2026-2351;"4/9/2026, 3:06:44 p. m.";Cajero;;822704.7;0;0;0;822704.7;"tarjeta: $831.965,7";COMPLETED
V-2026-2350;"4/9/2026, 3:06:44 p. m.";Cajero;;111318.73999999999;0;0;0;111318.73999999999;"nequi: $160.169,74";COMPLETED
V-2026-2349;"4/9/2026, 3:06:44 p. m.";Cajero;;1149283.4700000002;0;0;0;1149283.4700000002;"efectivo: $1.159.807,47";COMPLETED
V-2026-2348;"4/9/2026, 3:06:44 p. m.";Cajero;;232740.82;0;0;0;232740.82;"transferencia: $275.827,82";COMPLETED
V-2026-2347;"4/9/2026, 3:06:44 p. m.";Cajero;;1149139.11;0;0;0;1149139.11;"efectivo: $1.187.282,11";COMPLETED
V-2026-2346;"4/9/2026, 3:06:44 p. m.";Cajero;;751962.63;0;0;0;751962.63;"daviplata: $793.864,63";COMPLETED
V-2026-2345;"4/9/2026, 3:06:44 p. m.";Cajero;;469249.46;0;0;0;469249.46;"daviplata: $500.397,46";COMPLETED
V-2026-2344;"4/9/2026, 3:06:44 p. m.";Cajero;;216676.84999999998;0;0;0;216676.84999999998;"transferencia: $217.362,85";COMPLETED
V-2026-2343;"4/9/2026, 3:06:44 p. m.";Cajero;;962881.3999999998;0;0;0;962881.3999999998;"transferencia: $991.644,4";COMPLETED
V-2026-2342;"4/9/2026, 3:06:44 p. m.";Cajero;;337527.09;0;0;0;337527.09;"transferencia: $375.429,09";COMPLETED
V-2026-2341;"4/9/2026, 3:06:44 p. m.";Cajero;;361554.85000000003;0;0;0;361554.85000000003;"transferencia: $376.180,85";COMPLETED
V-2026-2340;"4/9/2026, 3:06:44 p. m.";Cajero;;286522.58999999997;0;0;0;286522.58999999997;"transferencia: $293.612,59";COMPLETED
V-2026-2339;"4/9/2026, 3:06:44 p. m.";Cajero;;820829.75;0;0;0;820829.75;"efectivo: $862.191,75";COMPLETED
V-2026-2338;"4/9/2026, 3:06:44 p. m.";Cajero;;339995.70999999996;0;0;0;339995.70999999996;"transferencia: $382.708,71";COMPLETED
V-2026-2337;"4/9/2026, 3:06:44 p. m.";Cajero;;716900.1900000001;0;0;0;716900.1900000001;"daviplata: $738.715,19";COMPLETED
V-2026-2336;"4/9/2026, 3:06:44 p. m.";Cajero;;752348.54;0;0;0;752348.54;"transferencia: $788.570,54";COMPLETED
V-2026-2335;"4/9/2026, 3:06:44 p. m.";Cajero;;417348.75;0;0;0;417348.75;"tarjeta: $453.253,75";COMPLETED
V-2026-2334;"4/9/2026, 3:06:44 p. m.";Cajero;;606374.54;0;0;0;606374.54;"daviplata: $627.845,54";COMPLETED
V-2026-2333;"4/9/2026, 3:06:44 p. m.";Cajero;;1157784.8199999998;0;0;0;1157784.8199999998;"daviplata: $1.158.029,82";COMPLETED
V-2026-2332;"4/9/2026, 3:06:44 p. m.";Cajero;;982124.33;0;0;0;982124.33;"tarjeta: $1.003.628,33";COMPLETED
V-2026-2331;"4/9/2026, 3:06:44 p. m.";Cajero;;383344.52;0;0;0;383344.52;"transferencia: $421.208,52";COMPLETED
V-2026-2330;"4/9/2026, 3:06:44 p. m.";Cajero;;592796.2000000001;0;0;0;592796.2000000001;"nequi: $628.006,2";COMPLETED
V-2026-2329;"4/9/2026, 3:06:44 p. m.";Cajero;;125357.97;0;0;0;125357.97;"nequi: $171.055,97";COMPLETED
V-2026-2328;"4/9/2026, 3:06:44 p. m.";Cajero;;668588.47;0;0;0;668588.47;"daviplata: $679.636,47";COMPLETED
V-2026-2327;"4/9/2026, 3:06:44 p. m.";Cajero;;449373.25;0;0;0;449373.25;"tarjeta: $473.463,25";COMPLETED
V-2026-2326;"4/9/2026, 3:06:44 p. m.";Cajero;;645701.7299999999;0;0;0;645701.7299999999;"daviplata: $691.899,73";COMPLETED
V-2026-2325;"4/9/2026, 3:06:44 p. m.";Cajero;;436247.58;0;0;0;436247.58;"tarjeta: $457.213,58";COMPLETED
V-2026-2324;"4/9/2026, 3:06:44 p. m.";Cajero;;1021606.38;0;0;0;1021606.38;"nequi: $1.026.260,38";COMPLETED
V-2026-2323;"4/9/2026, 3:06:44 p. m.";Cajero;;499850.92000000004;0;0;0;499850.92000000004;"efectivo: $518.562,92";COMPLETED
V-2026-2322;"4/9/2026, 3:06:44 p. m.";Cajero;;416267.78;0;0;0;416267.78;"transferencia: $462.542,78";COMPLETED
V-2026-2321;"4/9/2026, 3:06:44 p. m.";Cajero;;706708.72;0;0;0;706708.72;"efectivo: $715.519,72";COMPLETED
V-2026-2320;"4/9/2026, 3:06:44 p. m.";Cajero;;156735.38;0;0;0;156735.38;"tarjeta: $202.066,38";COMPLETED
V-2026-2319;"4/9/2026, 3:06:44 p. m.";Cajero;;690182.6300000001;0;0;0;690182.6300000001;"daviplata: $723.948,63";COMPLETED
V-2026-2318;"4/9/2026, 3:06:44 p. m.";Cajero;;73466.43000000001;0;0;0;73466.43000000001;"tarjeta: $86.735,43";COMPLETED
V-2026-2317;"4/9/2026, 3:06:44 p. m.";Cajero;;952250.38;0;0;0;952250.38;"nequi: $974.391,38";COMPLETED
V-2026-2316;"4/9/2026, 3:06:44 p. m.";Cajero;;274109.99;0;0;0;274109.99;"nequi: $318.784,99";COMPLETED
V-2026-2315;"4/9/2026, 3:06:44 p. m.";Cajero;;664445.38;0;0;0;664445.38;"nequi: $700.391,38";COMPLETED
V-2026-2314;"4/9/2026, 3:06:44 p. m.";Cajero;;175718.12;0;0;0;175718.12;"nequi: $188.845,12";COMPLETED
V-2026-2313;"4/9/2026, 3:06:44 p. m.";Cajero;;484801.26999999996;0;0;0;484801.26999999996;"transferencia: $528.359,27";COMPLETED
V-2026-2312;"4/9/2026, 3:06:44 p. m.";Cajero;;375979.76;0;0;0;375979.76;"efectivo: $388.070,76";COMPLETED
V-2026-2311;"4/9/2026, 3:06:44 p. m.";Cajero;;680531.07;0;0;0;680531.07;"efectivo: $687.285,07";COMPLETED
V-2026-2310;"4/9/2026, 3:06:44 p. m.";Cajero;;1182877.57;0;0;0;1182877.57;"nequi: $1.213.502,57";COMPLETED
V-2026-2309;"4/9/2026, 3:06:44 p. m.";Cajero;;754563.35;0;0;0;754563.35;"nequi: $767.542,35";COMPLETED
V-2026-2308;"4/9/2026, 3:06:44 p. m.";Cajero;;115640.76;0;0;0;115640.76;"daviplata: $116.294,76";COMPLETED
V-2026-2307;"4/9/2026, 3:06:44 p. m.";Cajero;;582041.03;0;0;0;582041.03;"nequi: $621.768,03";COMPLETED
V-2026-2306;"4/9/2026, 3:06:44 p. m.";Cajero;;311744.4;0;0;0;311744.4;"tarjeta: $326.254,4";COMPLETED
V-2026-2305;"4/9/2026, 3:06:44 p. m.";Cajero;;384404.83;0;0;0;384404.83;"daviplata: $392.146,83";COMPLETED
V-2026-2304;"4/9/2026, 3:06:43 p. m.";Cajero;;491864.87;0;0;0;491864.87;"efectivo: $521.471,87";COMPLETED
V-2026-2303;"4/9/2026, 3:06:43 p. m.";Cajero;;237719.58000000002;0;0;0;237719.58000000002;"transferencia: $259.072,58";COMPLETED
V-2026-2302;"4/9/2026, 3:06:43 p. m.";Cajero;;560559.6200000001;0;0;0;560559.6200000001;"nequi: $565.224,62";COMPLETED
V-2026-2301;"4/9/2026, 3:06:43 p. m.";Cajero;;372286.26999999996;0;0;0;372286.26999999996;"efectivo: $401.791,27";COMPLETED
V-2026-2300;"4/9/2026, 3:06:43 p. m.";Cajero;;288463.85000000003;0;0;0;288463.85000000003;"tarjeta: $292.060,85";COMPLETED
V-2026-2299;"4/9/2026, 3:06:43 p. m.";Cajero;;248095.78000000003;0;0;0;248095.78000000003;"transferencia: $277.840,78";COMPLETED
V-2026-2298;"4/9/2026, 3:06:43 p. m.";Cajero;;841024.14;0;0;0;841024.14;"efectivo: $855.139,14";COMPLETED
V-2026-2297;"4/9/2026, 3:06:43 p. m.";Cajero;;402319.05;0;0;0;402319.05;"daviplata: $443.618,05";COMPLETED
V-2026-2296;"4/9/2026, 3:06:43 p. m.";Cajero;;1384017.9899999998;0;0;0;1384017.9899999998;"transferencia: $1.416.288,99";COMPLETED
V-2026-2295;"4/9/2026, 3:06:43 p. m.";Cajero;;181455.34;0;0;0;181455.34;"transferencia: $190.645,34";COMPLETED
V-2026-2294;"4/9/2026, 3:06:43 p. m.";Cajero;;448580.77999999997;0;0;0;448580.77999999997;"efectivo: $485.294,78";COMPLETED
V-2026-2293;"4/9/2026, 3:06:43 p. m.";Cajero;;71882.37;0;0;0;71882.37;"tarjeta: $119.209,37";COMPLETED
V-2026-2292;"4/9/2026, 3:06:43 p. m.";Cajero;;175301.26;0;0;0;175301.26;"tarjeta: $222.602,26";COMPLETED
V-2026-2291;"4/9/2026, 3:06:43 p. m.";Cajero;;469709.35000000003;0;0;0;469709.35000000003;"nequi: $479.330,35";COMPLETED
V-2026-2290;"4/9/2026, 3:06:43 p. m.";Cajero;;179181.52000000002;0;0;0;179181.52000000002;"transferencia: $192.994,52";COMPLETED
V-2026-2289;"4/9/2026, 3:06:43 p. m.";Cajero;;186358.03;0;0;0;186358.03;"nequi: $204.454,03";COMPLETED
V-2026-2288;"4/9/2026, 3:06:43 p. m.";Cajero;;566470.73;0;0;0;566470.73;"daviplata: $597.144,73";COMPLETED
V-2026-2287;"4/9/2026, 3:06:43 p. m.";Cajero;;803174.24;0;0;0;803174.24;"efectivo: $846.695,24";COMPLETED
V-2026-2286;"4/9/2026, 3:06:43 p. m.";Cajero;;761692.9;0;0;0;761692.9;"transferencia: $799.658,9";COMPLETED
V-2026-2285;"4/9/2026, 3:06:43 p. m.";Cajero;;1338174.8399999999;0;0;0;1338174.8399999999;"transferencia: $1.365.053,84";COMPLETED
V-2026-2284;"4/9/2026, 3:06:43 p. m.";Cajero;;460474.38;0;0;0;460474.38;"transferencia: $507.008,38";COMPLETED
V-2026-2283;"4/9/2026, 3:06:43 p. m.";Cajero;;1086913.23;0;0;0;1086913.23;"transferencia: $1.093.663,23";COMPLETED
V-2026-2282;"4/9/2026, 3:06:43 p. m.";Cajero;;34470.13;0;0;0;34470.13;"efectivo: $64.152,13";COMPLETED
V-2026-2281;"4/9/2026, 3:06:43 p. m.";Cajero;;652028.15;0;0;0;652028.15;"daviplata: $694.830,15";COMPLETED
V-2026-2280;"4/9/2026, 3:06:43 p. m.";Cajero;;475871.31;0;0;0;475871.31;"daviplata: $512.194,31";COMPLETED
V-2026-2279;"4/9/2026, 3:06:43 p. m.";Cajero;;761744.02;0;0;0;761744.02;"efectivo: $786.657,02";COMPLETED
V-2026-2278;"4/9/2026, 3:06:43 p. m.";Cajero;;494574.71;0;0;0;494574.71;"transferencia: $510.832,71";COMPLETED
V-2026-2277;"4/9/2026, 3:06:43 p. m.";Cajero;;325679.68;0;0;0;325679.68;"daviplata: $359.905,68";COMPLETED
V-2026-2276;"4/9/2026, 3:06:43 p. m.";Cajero;;496240.78;0;0;0;496240.78;"efectivo: $532.200,78";COMPLETED
V-2026-2275;"4/9/2026, 3:06:43 p. m.";Cajero;;662722.3500000001;0;0;0;662722.3500000001;"transferencia: $704.240,35";COMPLETED
V-2026-2274;"4/9/2026, 3:06:43 p. m.";Cajero;;815716.8800000001;0;0;0;815716.8800000001;"transferencia: $856.793,88";COMPLETED
V-2026-2273;"4/9/2026, 3:06:43 p. m.";Cajero;;17594.3;0;0;0;17594.3;"nequi: $62.946,3";COMPLETED
V-2026-2272;"4/9/2026, 3:06:43 p. m.";Cajero;;362731.92000000004;0;0;0;362731.92000000004;"daviplata: $399.116,92";COMPLETED
V-2026-2271;"4/9/2026, 3:06:43 p. m.";Cajero;;304510.91000000003;0;0;0;304510.91000000003;"transferencia: $309.917,91";COMPLETED
V-2026-2270;"4/9/2026, 3:06:43 p. m.";Cajero;;378442.21;0;0;0;378442.21;"daviplata: $412.335,21";COMPLETED
V-2026-2269;"4/9/2026, 3:06:43 p. m.";Cajero;;3024.68;0;0;0;3024.68;"daviplata: $24.869,68";COMPLETED
V-2026-2268;"4/9/2026, 3:06:43 p. m.";Cajero;;124187.88;0;0;0;124187.88;"efectivo: $129.189,88";COMPLETED
V-2026-2267;"4/9/2026, 3:06:43 p. m.";Cajero;;100953.5;0;0;0;100953.5;"efectivo: $125.705,5";COMPLETED
V-2026-2266;"4/9/2026, 3:06:43 p. m.";Cajero;;468655.98;0;0;0;468655.98;"tarjeta: $511.926,98";COMPLETED
V-2026-2265;"4/9/2026, 3:06:43 p. m.";Cajero;;869381.8;0;0;0;869381.8;"nequi: $918.108,8";COMPLETED
V-2026-2264;"4/9/2026, 3:06:43 p. m.";Cajero;;215283.02000000002;0;0;0;215283.02000000002;"daviplata: $218.028,02";COMPLETED
V-2026-2263;"4/9/2026, 3:06:43 p. m.";Cajero;;943449.22;0;0;0;943449.22;"nequi: $945.975,22";COMPLETED
V-2026-2262;"4/9/2026, 3:06:43 p. m.";Cajero;;73090.54;0;0;0;73090.54;"nequi: $80.000,54";COMPLETED
V-2026-2261;"4/9/2026, 3:06:43 p. m.";Cajero;;22344.34;0;0;0;22344.34;"nequi: $65.052,34";COMPLETED
V-2026-2260;"4/9/2026, 3:06:43 p. m.";Cajero;;20032.56;0;0;0;20032.56;"daviplata: $31.801,56";COMPLETED
V-2026-2259;"4/9/2026, 3:06:43 p. m.";Cajero;;576028.9199999999;0;0;0;576028.9199999999;"nequi: $618.154,92";COMPLETED
V-2026-2258;"4/9/2026, 3:06:43 p. m.";Cajero;;386402.2;0;0;0;386402.2;"tarjeta: $432.371,2";COMPLETED
V-2026-2257;"4/9/2026, 3:06:43 p. m.";Cajero;;730304.44;0;0;0;730304.44;"nequi: $734.298,44";COMPLETED
V-2026-2256;"4/9/2026, 3:06:43 p. m.";Cajero;;302555.77;0;0;0;302555.77;"tarjeta: $328.446,77";COMPLETED
V-2026-2255;"4/9/2026, 3:06:43 p. m.";Cajero;;680717.5099999999;0;0;0;680717.5099999999;"efectivo: $699.691,51";COMPLETED
V-2026-2254;"4/9/2026, 3:06:43 p. m.";Cajero;;122483.05;0;0;0;122483.05;"transferencia: $124.739,05";COMPLETED
V-2026-2253;"4/9/2026, 3:06:43 p. m.";Cajero;;369973.27999999997;0;0;0;369973.27999999997;"transferencia: $383.663,28";COMPLETED
V-2026-2252;"4/9/2026, 3:06:43 p. m.";Cajero;;386487.10000000003;0;0;0;386487.10000000003;"efectivo: $403.205,1";COMPLETED
V-2026-2251;"4/9/2026, 3:06:43 p. m.";Cajero;;229935.33;0;0;0;229935.33;"efectivo: $238.715,33";COMPLETED
V-2026-2250;"4/9/2026, 3:06:43 p. m.";Cajero;;271296.12;0;0;0;271296.12;"efectivo: $298.984,12";COMPLETED
V-2026-2249;"4/9/2026, 3:06:43 p. m.";Cajero;;260224.65000000002;0;0;0;260224.65000000002;"transferencia: $302.789,65";COMPLETED
V-2026-2248;"4/9/2026, 3:06:43 p. m.";Cajero;;522432.38999999996;0;0;0;522432.38999999996;"nequi: $554.134,39";COMPLETED
V-2026-2247;"4/9/2026, 3:06:43 p. m.";Cajero;;556432.23;0;0;0;556432.23;"transferencia: $563.231,23";COMPLETED
V-2026-2246;"4/9/2026, 3:06:43 p. m.";Cajero;;411417.32;0;0;0;411417.32;"nequi: $424.518,32";COMPLETED
V-2026-2245;"4/9/2026, 3:06:43 p. m.";Cajero;;452084.48;0;0;0;452084.48;"daviplata: $501.709,48";COMPLETED
V-2026-2244;"4/9/2026, 3:06:43 p. m.";Cajero;;585162.15;0;0;0;585162.15;"daviplata: $614.486,15";COMPLETED
V-2026-2243;"4/9/2026, 3:06:43 p. m.";Cajero;;535805.57;0;0;0;535805.57;"daviplata: $571.591,57";COMPLETED
V-2026-2242;"4/9/2026, 3:06:43 p. m.";Cajero;;296294.81;0;0;0;296294.81;"daviplata: $310.868,81";COMPLETED
V-2026-2241;"4/9/2026, 3:06:43 p. m.";Cajero;;388186.49;0;0;0;388186.49;"efectivo: $423.092,49";COMPLETED
V-2026-2240;"4/9/2026, 3:06:43 p. m.";Cajero;;23883.06;0;0;0;23883.06;"daviplata: $38.865,06";COMPLETED
V-2026-2239;"4/9/2026, 3:06:43 p. m.";Cajero;;730734.6300000001;0;0;0;730734.6300000001;"daviplata: $751.807,63";COMPLETED
V-2026-2238;"4/9/2026, 3:06:43 p. m.";Cajero;;80451.54000000001;0;0;0;80451.54000000001;"efectivo: $121.938,54";COMPLETED
V-2026-2237;"4/9/2026, 3:06:43 p. m.";Cajero;;803651.7999999999;0;0;0;803651.7999999999;"tarjeta: $835.782,8";COMPLETED
V-2026-2236;"4/9/2026, 3:06:43 p. m.";Cajero;;84411.35;0;0;0;84411.35;"daviplata: $112.381,35";COMPLETED
V-2026-2235;"4/9/2026, 3:06:43 p. m.";Cajero;;406827.9699999999;0;0;0;406827.9699999999;"tarjeta: $433.330,97";COMPLETED
V-2026-2234;"4/9/2026, 3:06:43 p. m.";Cajero;;486492.1;0;0;0;486492.1;"transferencia: $535.646,1";COMPLETED
V-2026-2233;"4/9/2026, 3:06:43 p. m.";Cajero;;308694.73;0;0;0;308694.73;"efectivo: $331.004,73";COMPLETED
V-2026-2232;"4/9/2026, 3:06:43 p. m.";Cajero;;429223.10000000003;0;0;0;429223.10000000003;"nequi: $467.519,1";COMPLETED
V-2026-2231;"4/9/2026, 3:06:43 p. m.";Cajero;;70030.5;0;0;0;70030.5;"daviplata: $78.846,5";COMPLETED
V-2026-2230;"4/9/2026, 3:06:43 p. m.";Cajero;;541098.29;0;0;0;541098.29;"nequi: $552.604,29";COMPLETED
V-2026-2229;"4/9/2026, 3:06:43 p. m.";Cajero;;116141.29000000001;0;0;0;116141.29000000001;"nequi: $136.548,29";COMPLETED
V-2026-2228;"4/9/2026, 3:06:43 p. m.";Cajero;;109104.18000000001;0;0;0;109104.18000000001;"tarjeta: $156.968,18";COMPLETED
V-2026-2227;"4/9/2026, 3:06:43 p. m.";Cajero;;27543.07;0;0;0;27543.07;"tarjeta: $59.724,07";COMPLETED
V-2026-2226;"4/9/2026, 3:06:43 p. m.";Cajero;;310608.8;0;0;0;310608.8;"tarjeta: $328.344,8";COMPLETED
V-2026-2225;"4/9/2026, 3:06:43 p. m.";Cajero;;392057.92000000004;0;0;0;392057.92000000004;"transferencia: $440.568,92";COMPLETED
V-2026-2224;"4/9/2026, 3:06:43 p. m.";Cajero;;86516.95999999999;0;0;0;86516.95999999999;"nequi: $94.195,96";COMPLETED
V-2026-2223;"4/9/2026, 3:06:43 p. m.";Cajero;;238910.12;0;0;0;238910.12;"tarjeta: $273.192,12";COMPLETED
V-2026-2222;"4/9/2026, 3:06:43 p. m.";Cajero;;640415.21;0;0;0;640415.21;"efectivo: $656.591,21";COMPLETED
V-2026-2221;"4/9/2026, 3:06:43 p. m.";Cajero;;432221.30999999994;0;0;0;432221.30999999994;"nequi: $444.871,31";COMPLETED
V-2026-2220;"4/9/2026, 3:06:43 p. m.";Cajero;;94216.77;0;0;0;94216.77;"efectivo: $103.299,77";COMPLETED
V-2026-2219;"4/9/2026, 3:06:43 p. m.";Cajero;;374300.98;0;0;0;374300.98;"transferencia: $386.502,98";COMPLETED
V-2026-2218;"4/9/2026, 3:06:43 p. m.";Cajero;;1640286.65;0;0;0;1640286.65;"nequi: $1.684.869,65";COMPLETED
V-2026-2217;"4/9/2026, 3:06:43 p. m.";Cajero;;524882.25;0;0;0;524882.25;"nequi: $555.267,25";COMPLETED
V-2026-2216;"4/9/2026, 3:06:43 p. m.";Cajero;;274027.48;0;0;0;274027.48;"nequi: $303.911,48";COMPLETED
V-2026-2215;"4/9/2026, 3:06:43 p. m.";Cajero;;553099.08;0;0;0;553099.08;"nequi: $581.696,08";COMPLETED
V-2026-2214;"4/9/2026, 3:06:43 p. m.";Cajero;;1028791.7;0;0;0;1028791.7;"nequi: $1.059.765,7";COMPLETED
V-2026-2213;"4/9/2026, 3:06:43 p. m.";Cajero;;640858.6799999999;0;0;0;640858.6799999999;"efectivo: $656.342,68";COMPLETED
V-2026-2212;"4/9/2026, 3:06:42 p. m.";Cajero;;229454.7;0;0;0;229454.7;"nequi: $252.475,7";COMPLETED
V-2026-2211;"4/9/2026, 3:06:42 p. m.";Cajero;;1049245.54;0;0;0;1049245.54;"daviplata: $1.080.610,54";COMPLETED
V-2026-2210;"4/9/2026, 3:06:42 p. m.";Cajero;;398957.76;0;0;0;398957.76;"daviplata: $402.422,76";COMPLETED
V-2026-2209;"4/9/2026, 3:06:42 p. m.";Cajero;;739866.1;0;0;0;739866.1;"tarjeta: $743.234,1";COMPLETED
V-2026-2208;"4/9/2026, 3:06:42 p. m.";Cajero;;674560.23;0;0;0;674560.23;"efectivo: $681.478,23";COMPLETED
V-2026-2207;"4/9/2026, 3:06:42 p. m.";Cajero;;658703.1799999999;0;0;0;658703.1799999999;"transferencia: $692.328,18";COMPLETED
V-2026-2206;"4/9/2026, 3:06:42 p. m.";Cajero;;64876.64;0;0;0;64876.64;"nequi: $110.614,64";COMPLETED
V-2026-2205;"4/9/2026, 3:06:42 p. m.";Cajero;;744658.99;0;0;0;744658.99;"efectivo: $779.818,99";COMPLETED
V-2026-2204;"4/9/2026, 3:06:42 p. m.";Cajero;;775958.1200000001;0;0;0;775958.1200000001;"tarjeta: $776.925,12";COMPLETED
V-2026-2203;"4/9/2026, 3:06:42 p. m.";Cajero;;440451.41000000003;0;0;0;440451.41000000003;"transferencia: $486.162,41";COMPLETED
V-2026-2202;"4/9/2026, 3:06:42 p. m.";Cajero;;342016.26;0;0;0;342016.26;"daviplata: $354.521,26";COMPLETED
V-2026-2201;"4/9/2026, 3:06:42 p. m.";Cajero;;223134.65;0;0;0;223134.65;"nequi: $231.555,65";COMPLETED
V-2026-2200;"4/9/2026, 3:06:42 p. m.";Cajero;;56641.979999999996;0;0;0;56641.979999999996;"tarjeta: $65.085,98";COMPLETED
V-2026-2199;"4/9/2026, 3:06:42 p. m.";Cajero;;769616.77;0;0;0;769616.77;"daviplata: $799.958,77";COMPLETED
V-2026-2198;"4/9/2026, 3:06:42 p. m.";Cajero;;607210.12;0;0;0;607210.12;"nequi: $636.716,12";COMPLETED
V-2026-2197;"4/9/2026, 3:06:42 p. m.";Cajero;;481844.80000000005;0;0;0;481844.80000000005;"transferencia: $521.219,8";COMPLETED
V-2026-2196;"4/9/2026, 3:06:42 p. m.";Cajero;;10995.85;0;0;0;10995.85;"transferencia: $46.750,85";COMPLETED
V-2026-2195;"4/9/2026, 3:06:42 p. m.";Cajero;;374429.06999999995;0;0;0;374429.06999999995;"daviplata: $394.507,07";COMPLETED
V-2026-2194;"4/9/2026, 3:06:42 p. m.";Cajero;;802734.12;0;0;0;802734.12;"nequi: $848.152,12";COMPLETED
V-2026-2193;"4/9/2026, 3:06:42 p. m.";Cajero;;565922.42;0;0;0;565922.42;"efectivo: $586.360,42";COMPLETED
V-2026-2192;"4/9/2026, 3:06:42 p. m.";Cajero;;452126.67;0;0;0;452126.67;"daviplata: $472.734,67";COMPLETED
V-2026-2191;"4/9/2026, 3:06:42 p. m.";Cajero;;181140.16;0;0;0;181140.16;"efectivo: $194.587,16";COMPLETED
V-2026-2190;"4/9/2026, 3:06:42 p. m.";Cajero;;131486.46;0;0;0;131486.46;"daviplata: $170.205,46";COMPLETED
V-2026-2189;"4/9/2026, 3:06:42 p. m.";Cajero;;714535.48;0;0;0;714535.48;"nequi: $757.986,48";COMPLETED
V-2026-2188;"4/9/2026, 3:06:42 p. m.";Cajero;;813889.4;0;0;0;813889.4;"efectivo: $843.142,4";COMPLETED
V-2026-2187;"4/9/2026, 3:06:42 p. m.";Cajero;;495982.23;0;0;0;495982.23;"efectivo: $496.970,23";COMPLETED
V-2026-2186;"4/9/2026, 3:06:42 p. m.";Cajero;;497566.27999999997;0;0;0;497566.27999999997;"nequi: $534.042,28";COMPLETED
V-2026-2185;"4/9/2026, 3:06:42 p. m.";Cajero;;1065236.6;0;0;0;1065236.6;"efectivo: $1.100.094,6";COMPLETED
V-2026-2184;"4/9/2026, 3:06:42 p. m.";Cajero;;380691;0;0;0;380691;transferencia: $408.174;COMPLETED
V-2026-2183;"4/9/2026, 3:06:42 p. m.";Cajero;;234318.65;0;0;0;234318.65;"transferencia: $278.665,65";COMPLETED
V-2026-2182;"4/9/2026, 3:06:42 p. m.";Cajero;;125915.40000000001;0;0;0;125915.40000000001;"transferencia: $172.879,4";COMPLETED
V-2026-2181;"4/9/2026, 3:06:42 p. m.";Cajero;;259278.15000000002;0;0;0;259278.15000000002;"daviplata: $305.250,15";COMPLETED
V-2026-2180;"4/9/2026, 3:06:42 p. m.";Cajero;;68468.77;0;0;0;68468.77;"transferencia: $89.641,77";COMPLETED
V-2026-2179;"4/9/2026, 3:06:42 p. m.";Cajero;;762519.94;0;0;0;762519.94;"nequi: $799.586,94";COMPLETED
V-2026-2178;"4/9/2026, 3:06:42 p. m.";Cajero;;304236.92;0;0;0;304236.92;"efectivo: $323.829,92";COMPLETED
V-2026-2177;"4/9/2026, 3:06:42 p. m.";Cajero;;721362.61;0;0;0;721362.61;"tarjeta: $769.212,61";COMPLETED
V-2026-2176;"4/9/2026, 3:06:42 p. m.";Cajero;;277764.39;0;0;0;277764.39;"tarjeta: $317.456,39";COMPLETED
V-2026-2175;"4/9/2026, 3:06:42 p. m.";Cajero;;226743.3;0;0;0;226743.3;"efectivo: $271.026,3";COMPLETED
V-2026-2174;"4/9/2026, 3:06:42 p. m.";Cajero;;683087.6399999999;0;0;0;683087.6399999999;"tarjeta: $702.828,64";COMPLETED
V-2026-2173;"4/9/2026, 3:06:42 p. m.";Cajero;;803967.4299999999;0;0;0;803967.4299999999;"tarjeta: $843.490,43";COMPLETED
V-2026-2172;"4/9/2026, 3:06:42 p. m.";Cajero;;582929.1799999999;0;0;0;582929.1799999999;"tarjeta: $632.404,18";COMPLETED
V-2026-2171;"4/9/2026, 3:06:42 p. m.";Cajero;;787950.73;0;0;0;787950.73;"daviplata: $795.759,73";COMPLETED
V-2026-2170;"4/9/2026, 3:06:42 p. m.";Cajero;;177494.74;0;0;0;177494.74;"daviplata: $208.536,74";COMPLETED
V-2026-2169;"4/9/2026, 3:06:42 p. m.";Cajero;;606301.5700000001;0;0;0;606301.5700000001;"daviplata: $627.316,57";COMPLETED
V-2026-2168;"4/9/2026, 3:06:42 p. m.";Cajero;;346965.53;0;0;0;346965.53;"tarjeta: $393.941,53";COMPLETED
V-2026-2167;"4/9/2026, 3:06:42 p. m.";Cajero;;489310.23;0;0;0;489310.23;"nequi: $495.586,23";COMPLETED
V-2026-2166;"4/9/2026, 3:06:42 p. m.";Cajero;;361705.9600000001;0;0;0;361705.9600000001;"daviplata: $409.432,96";COMPLETED
V-2026-2165;"4/9/2026, 3:06:42 p. m.";Cajero;;618065.57;0;0;0;618065.57;"nequi: $635.211,57";COMPLETED
V-2026-2164;"4/9/2026, 3:06:42 p. m.";Cajero;;792932.99;0;0;0;792932.99;"efectivo: $806.397,99";COMPLETED
V-2026-2163;"4/9/2026, 3:06:42 p. m.";Cajero;;643135.3800000001;0;0;0;643135.3800000001;"tarjeta: $684.205,38";COMPLETED
V-2026-2162;"4/9/2026, 3:06:42 p. m.";Cajero;;1079689.3;0;0;0;1079689.3;"transferencia: $1.092.127,3";COMPLETED
V-2026-2161;"4/9/2026, 3:06:42 p. m.";Cajero;;433805.74999999994;0;0;0;433805.74999999994;"nequi: $457.167,75";COMPLETED
V-2026-2160;"4/9/2026, 3:06:42 p. m.";Cajero;;516642.86;0;0;0;516642.86;"tarjeta: $545.810,86";COMPLETED
V-2026-2159;"4/9/2026, 3:06:42 p. m.";Cajero;;642832.6799999999;0;0;0;642832.6799999999;"nequi: $690.993,68";COMPLETED
V-2026-2158;"4/9/2026, 3:06:42 p. m.";Cajero;;24863.01;0;0;0;24863.01;"transferencia: $34.591,01";COMPLETED
V-2026-2157;"4/9/2026, 3:06:42 p. m.";Cajero;;82783.25;0;0;0;82783.25;"nequi: $106.307,25";COMPLETED
V-2026-2156;"4/9/2026, 3:06:42 p. m.";Cajero;;659445.6900000001;0;0;0;659445.6900000001;"tarjeta: $672.325,69";COMPLETED
V-2026-2155;"4/9/2026, 3:06:42 p. m.";Cajero;;199630.46000000002;0;0;0;199630.46000000002;"daviplata: $225.283,46";COMPLETED
V-2026-2154;"4/9/2026, 3:06:42 p. m.";Cajero;;150675.75;0;0;0;150675.75;"daviplata: $161.919,75";COMPLETED
V-2026-2153;"4/9/2026, 3:06:42 p. m.";Cajero;;239281.44;0;0;0;239281.44;"nequi: $260.141,44";COMPLETED
V-2026-2152;"4/9/2026, 3:06:42 p. m.";Cajero;;316588.43;0;0;0;316588.43;"tarjeta: $324.193,43";COMPLETED
V-2026-2151;"4/9/2026, 3:06:42 p. m.";Cajero;;206189.91999999998;0;0;0;206189.91999999998;"tarjeta: $230.436,92";COMPLETED
V-2026-2150;"4/9/2026, 3:06:42 p. m.";Cajero;;1001462.4;0;0;0;1001462.4;"nequi: $1.034.675,4";COMPLETED
V-2026-2149;"4/9/2026, 3:06:42 p. m.";Cajero;;467272.33;0;0;0;467272.33;"nequi: $504.039,33";COMPLETED
V-2026-2148;"4/9/2026, 3:06:42 p. m.";Cajero;;367738.54;0;0;0;367738.54;"tarjeta: $387.092,54";COMPLETED
V-2026-2147;"4/9/2026, 3:06:42 p. m.";Cajero;;244457.75;0;0;0;244457.75;"transferencia: $269.181,75";COMPLETED
V-2026-2146;"4/9/2026, 3:06:42 p. m.";Cajero;;16992.12;0;0;0;16992.12;"nequi: $58.129,12";COMPLETED
V-2026-2145;"4/9/2026, 3:06:42 p. m.";Cajero;;799743.0900000001;0;0;0;799743.0900000001;"tarjeta: $834.436,09";COMPLETED
V-2026-2144;"4/9/2026, 3:06:42 p. m.";Cajero;;235672.20999999996;0;0;0;235672.20999999996;"daviplata: $279.703,21";COMPLETED
V-2026-2143;"4/9/2026, 3:06:42 p. m.";Cajero;;860576.7100000001;0;0;0;860576.7100000001;"transferencia: $889.756,71";COMPLETED
V-2026-2142;"4/9/2026, 3:06:42 p. m.";Cajero;;207239.86000000002;0;0;0;207239.86000000002;"tarjeta: $211.194,86";COMPLETED
V-2026-2141;"4/9/2026, 3:06:42 p. m.";Cajero;;278827.35;0;0;0;278827.35;"nequi: $305.211,35";COMPLETED
V-2026-2140;"4/9/2026, 3:06:42 p. m.";Cajero;;184665.28000000003;0;0;0;184665.28000000003;"daviplata: $209.808,28";COMPLETED
V-2026-2139;"4/9/2026, 3:06:42 p. m.";Cajero;;249571.62;0;0;0;249571.62;"tarjeta: $274.450,62";COMPLETED
V-2026-2138;"4/9/2026, 3:06:42 p. m.";Cajero;;575965.51;0;0;0;575965.51;"transferencia: $622.672,51";COMPLETED
V-2026-2137;"4/9/2026, 3:06:42 p. m.";Cajero;;291168.55;0;0;0;291168.55;"transferencia: $295.425,55";COMPLETED
V-2026-2136;"4/9/2026, 3:06:42 p. m.";Cajero;;1504797.2;0;0;0;1504797.2;"efectivo: $1.519.564,2";COMPLETED
V-2026-2135;"4/9/2026, 3:06:42 p. m.";Cajero;;61332.43000000001;0;0;0;61332.43000000001;"transferencia: $73.144,43";COMPLETED
V-2026-2134;"4/9/2026, 3:06:42 p. m.";Cajero;;162592.59;0;0;0;162592.59;"efectivo: $178.218,59";COMPLETED
V-2026-2133;"4/9/2026, 3:06:42 p. m.";Cajero;;59516.850000000006;0;0;0;59516.850000000006;"daviplata: $85.638,85";COMPLETED
V-2026-2132;"4/9/2026, 3:06:42 p. m.";Cajero;;598812.1900000001;0;0;0;598812.1900000001;"transferencia: $646.596,19";COMPLETED
V-2026-2131;"4/9/2026, 3:06:42 p. m.";Cajero;;493927.27999999997;0;0;0;493927.27999999997;"efectivo: $531.914,28";COMPLETED
V-2026-2130;"4/9/2026, 3:06:42 p. m.";Cajero;;315926.83999999997;0;0;0;315926.83999999997;"daviplata: $320.300,84";COMPLETED
V-2026-2129;"4/9/2026, 3:06:42 p. m.";Cajero;;353520.4;0;0;0;353520.4;"transferencia: $366.729,4";COMPLETED
V-2026-2128;"4/9/2026, 3:06:42 p. m.";Cajero;;331987.56999999995;0;0;0;331987.56999999995;"nequi: $337.486,57";COMPLETED
V-2026-2127;"4/9/2026, 3:06:42 p. m.";Cajero;;51152.81;0;0;0;51152.81;"transferencia: $83.427,81";COMPLETED
V-2026-2126;"4/9/2026, 3:06:42 p. m.";Cajero;;163922.4;0;0;0;163922.4;"daviplata: $184.401,4";COMPLETED
V-2026-2125;"4/9/2026, 3:06:42 p. m.";Cajero;;55696.1;0;0;0;55696.1;"transferencia: $82.339,1";COMPLETED
V-2026-2124;"4/9/2026, 3:06:42 p. m.";Cajero;;393836.34;0;0;0;393836.34;"transferencia: $423.853,34";COMPLETED
V-2026-2123;"4/9/2026, 3:06:42 p. m.";Cajero;;782006.71;0;0;0;782006.71;"nequi: $786.754,71";COMPLETED
V-2026-2122;"4/9/2026, 3:06:42 p. m.";Cajero;;949473.71;0;0;0;949473.71;"nequi: $980.182,71";COMPLETED
V-2026-2121;"4/9/2026, 3:06:42 p. m.";Cajero;;585896;0;0;0;585896;tarjeta: $592.347;COMPLETED
V-2026-2120;"4/9/2026, 3:06:42 p. m.";Cajero;;479772.70000000007;0;0;0;479772.70000000007;"transferencia: $507.385,7";COMPLETED
V-2026-2119;"4/9/2026, 3:06:42 p. m.";Cajero;;883976.8699999999;0;0;0;883976.8699999999;"tarjeta: $929.401,87";COMPLETED
V-2026-2118;"4/9/2026, 3:06:42 p. m.";Cajero;;251096.42;0;0;0;251096.42;"transferencia: $291.226,42";COMPLETED
V-2026-2117;"4/9/2026, 3:06:42 p. m.";Cajero;;716547.61;0;0;0;716547.61;"nequi: $733.438,61";COMPLETED
V-2026-2116;"4/9/2026, 3:06:42 p. m.";Cajero;;502059.33;0;0;0;502059.33;"nequi: $512.011,33";COMPLETED
V-2026-2115;"4/9/2026, 3:06:42 p. m.";Cajero;;109845.56;0;0;0;109845.56;"nequi: $158.877,56";COMPLETED
V-2026-2114;"4/9/2026, 3:06:41 p. m.";Cajero;;210539.08000000002;0;0;0;210539.08000000002;"efectivo: $253.585,08";COMPLETED
V-2026-2113;"4/9/2026, 3:06:41 p. m.";Cajero;;1165937.5899999999;0;0;0;1165937.5899999999;"efectivo: $1.181.043,59";COMPLETED
V-2026-2112;"4/9/2026, 3:06:41 p. m.";Cajero;;707046.61;0;0;0;707046.61;"daviplata: $709.937,61";COMPLETED
V-2026-2111;"4/9/2026, 3:06:41 p. m.";Cajero;;103005.24;0;0;0;103005.24;"efectivo: $147.489,24";COMPLETED
V-2026-2110;"4/9/2026, 3:06:41 p. m.";Cajero;;256445.91999999998;0;0;0;256445.91999999998;"daviplata: $284.952,92";COMPLETED
V-2026-2109;"4/9/2026, 3:06:41 p. m.";Cajero;;323672.66000000003;0;0;0;323672.66000000003;"transferencia: $368.246,66";COMPLETED
V-2026-2108;"4/9/2026, 3:06:41 p. m.";Cajero;;664863.51;0;0;0;664863.51;"tarjeta: $699.251,51";COMPLETED
V-2026-2107;"4/9/2026, 3:06:41 p. m.";Cajero;;267633.64;0;0;0;267633.64;"efectivo: $271.247,64";COMPLETED
V-2026-2106;"4/9/2026, 3:06:41 p. m.";Cajero;;724579.0800000001;0;0;0;724579.0800000001;"transferencia: $757.489,08";COMPLETED
V-2026-2105;"4/9/2026, 3:06:41 p. m.";Cajero;;31873.649999999998;0;0;0;31873.649999999998;"daviplata: $39.946,65";COMPLETED
V-2026-2104;"4/9/2026, 3:06:41 p. m.";Cajero;;544657.31;0;0;0;544657.31;"tarjeta: $587.086,31";COMPLETED
V-2026-2103;"4/9/2026, 3:06:41 p. m.";Cajero;;234164.07;0;0;0;234164.07;"tarjeta: $273.460,07";COMPLETED
V-2026-2102;"4/9/2026, 3:06:41 p. m.";Cajero;;352407.89;0;0;0;352407.89;"efectivo: $379.218,89";COMPLETED
V-2026-2101;"4/9/2026, 3:06:41 p. m.";Cajero;;1566993.23;0;0;0;1566993.23;"efectivo: $1.599.362,23";COMPLETED
V-2026-2100;"4/9/2026, 3:06:41 p. m.";Cajero;;1169007.06;0;0;0;1169007.06;"transferencia: $1.214.451,06";COMPLETED
V-2026-2099;"4/9/2026, 3:06:41 p. m.";Cajero;;422741.8;0;0;0;422741.8;"daviplata: $430.685,8";COMPLETED
V-2026-2098;"4/9/2026, 3:06:41 p. m.";Cajero;;502064.85;0;0;0;502064.85;"tarjeta: $522.098,85";COMPLETED
V-2026-2097;"4/9/2026, 3:06:41 p. m.";Cajero;;579945.92;0;0;0;579945.92;"efectivo: $625.696,92";COMPLETED
V-2026-2096;"4/9/2026, 3:06:41 p. m.";Cajero;;915009.31;0;0;0;915009.31;"nequi: $944.088,31";COMPLETED
V-2026-2095;"4/9/2026, 3:06:41 p. m.";Cajero;;420283.82;0;0;0;420283.82;"transferencia: $451.730,82";COMPLETED
V-2026-2094;"4/9/2026, 3:06:41 p. m.";Cajero;;712534.53;0;0;0;712534.53;"nequi: $748.428,53";COMPLETED
V-2026-2093;"4/9/2026, 3:06:41 p. m.";Cajero;;837693.48;0;0;0;837693.48;"daviplata: $853.966,48";COMPLETED
V-2026-2092;"4/9/2026, 3:06:41 p. m.";Cajero;;682080.21;0;0;0;682080.21;"nequi: $727.889,21";COMPLETED
V-2026-2091;"4/9/2026, 3:06:41 p. m.";Cajero;;91194.5;0;0;0;91194.5;"daviplata: $128.109,5";COMPLETED
V-2026-2090;"4/9/2026, 3:06:41 p. m.";Cajero;;322455.89;0;0;0;322455.89;"tarjeta: $345.188,89";COMPLETED
V-2026-2089;"4/9/2026, 3:06:41 p. m.";Cajero;;232337.33;0;0;0;232337.33;"transferencia: $233.636,33";COMPLETED
V-2026-2088;"4/9/2026, 3:06:41 p. m.";Cajero;;732463.48;0;0;0;732463.48;"transferencia: $738.907,48";COMPLETED
V-2026-2087;"4/9/2026, 3:06:41 p. m.";Cajero;;370892.97000000003;0;0;0;370892.97000000003;"transferencia: $412.818,97";COMPLETED
V-2026-2086;"4/9/2026, 3:06:41 p. m.";Cajero;;477855.97000000003;0;0;0;477855.97000000003;"nequi: $505.793,97";COMPLETED
V-2026-2085;"4/9/2026, 3:06:41 p. m.";Cajero;;734505.3700000001;0;0;0;734505.3700000001;"efectivo: $737.287,37";COMPLETED
V-2026-2084;"4/9/2026, 3:06:41 p. m.";Cajero;;738468.32;0;0;0;738468.32;"efectivo: $754.428,32";COMPLETED
V-2026-2083;"4/9/2026, 3:06:41 p. m.";Cajero;;383927.47;0;0;0;383927.47;"efectivo: $400.990,47";COMPLETED
V-2026-2082;"4/9/2026, 3:06:41 p. m.";Cajero;;67464;0;0;0;67464;nequi: $105.724;COMPLETED
V-2026-2081;"4/9/2026, 3:06:41 p. m.";Cajero;;319065.28;0;0;0;319065.28;"daviplata: $335.869,28";COMPLETED
V-2026-2080;"4/9/2026, 3:06:41 p. m.";Cajero;;301610.19;0;0;0;301610.19;"transferencia: $334.205,19";COMPLETED
V-2026-2079;"4/9/2026, 3:06:41 p. m.";Cajero;;530169.28;0;0;0;530169.28;"tarjeta: $535.991,28";COMPLETED
V-2026-2078;"4/9/2026, 3:06:41 p. m.";Cajero;;765917.84;0;0;0;765917.84;"transferencia: $768.913,84";COMPLETED
V-2026-2077;"4/9/2026, 3:06:41 p. m.";Cajero;;751174.59;0;0;0;751174.59;"daviplata: $787.835,59";COMPLETED
V-2026-2076;"4/9/2026, 3:06:41 p. m.";Cajero;;579885.7999999999;0;0;0;579885.7999999999;"tarjeta: $605.048,8";COMPLETED
V-2026-2075;"4/9/2026, 3:06:41 p. m.";Cajero;;74057.22;0;0;0;74057.22;"daviplata: $117.185,22";COMPLETED
V-2026-2074;"4/9/2026, 3:06:41 p. m.";Cajero;;177156.27000000002;0;0;0;177156.27000000002;"transferencia: $200.355,27";COMPLETED
V-2026-2073;"4/9/2026, 3:06:41 p. m.";Cajero;;1301049.02;0;0;0;1301049.02;"tarjeta: $1.327.864,02";COMPLETED
V-2026-2072;"4/9/2026, 3:06:41 p. m.";Cajero;;402238.11;0;0;0;402238.11;"nequi: $418.395,11";COMPLETED
V-2026-2071;"4/9/2026, 3:06:41 p. m.";Cajero;;609128.02;0;0;0;609128.02;"transferencia: $614.532,02";COMPLETED
V-2026-2070;"4/9/2026, 3:06:41 p. m.";Cajero;;20319.879999999997;0;0;0;20319.879999999997;"transferencia: $24.793,88";COMPLETED
V-2026-2069;"4/9/2026, 3:06:41 p. m.";Cajero;;21778.68;0;0;0;21778.68;"efectivo: $34.413,68";COMPLETED
V-2026-2068;"4/9/2026, 3:06:41 p. m.";Cajero;;332258.89;0;0;0;332258.89;"efectivo: $345.816,89";COMPLETED
V-2026-2067;"4/9/2026, 3:06:41 p. m.";Cajero;;440314.92;0;0;0;440314.92;"daviplata: $474.475,92";COMPLETED
V-2026-2066;"4/9/2026, 3:06:41 p. m.";Cajero;;294660.68;0;0;0;294660.68;"nequi: $319.440,68";COMPLETED
V-2026-2065;"4/9/2026, 3:06:41 p. m.";Cajero;;74887.20000000001;0;0;0;74887.20000000001;"efectivo: $113.523,2";COMPLETED
V-2026-2064;"4/9/2026, 3:06:41 p. m.";Cajero;;362560.87;0;0;0;362560.87;"nequi: $371.696,87";COMPLETED
V-2026-2063;"4/9/2026, 3:06:41 p. m.";Cajero;;286530.24;0;0;0;286530.24;"nequi: $333.038,24";COMPLETED
V-2026-2062;"4/9/2026, 3:06:41 p. m.";Cajero;;370895.16000000003;0;0;0;370895.16000000003;"daviplata: $398.485,16";COMPLETED
V-2026-2061;"4/9/2026, 3:06:41 p. m.";Cajero;;338464.94;0;0;0;338464.94;"efectivo: $376.785,94";COMPLETED
V-2026-2060;"4/9/2026, 3:06:41 p. m.";Cajero;;544654.17;0;0;0;544654.17;"transferencia: $561.388,17";COMPLETED
V-2026-2059;"4/9/2026, 3:06:41 p. m.";Cajero;;416276.98000000004;0;0;0;416276.98000000004;"tarjeta: $460.898,98";COMPLETED
V-2026-2058;"4/9/2026, 3:06:41 p. m.";Cajero;;952410.0200000001;0;0;0;952410.0200000001;"transferencia: $996.489,02";COMPLETED
V-2026-2057;"4/9/2026, 3:06:41 p. m.";Cajero;;422336.77;0;0;0;422336.77;"tarjeta: $422.676,77";COMPLETED
V-2026-2056;"4/9/2026, 3:06:41 p. m.";Cajero;;323667.55;0;0;0;323667.55;"nequi: $364.474,55";COMPLETED
V-2026-2055;"4/9/2026, 3:06:41 p. m.";Cajero;;47163.86;0;0;0;47163.86;"efectivo: $91.891,86";COMPLETED
V-2026-2054;"4/9/2026, 3:06:41 p. m.";Cajero;;969615.13;0;0;0;969615.13;"nequi: $973.602,13";COMPLETED
V-2026-2053;"4/9/2026, 3:06:41 p. m.";Cajero;;465636.13;0;0;0;465636.13;"efectivo: $510.331,13";COMPLETED
V-2026-2052;"4/9/2026, 3:06:41 p. m.";Cajero;;44854.05;0;0;0;44854.05;"daviplata: $70.317,05";COMPLETED
V-2026-2051;"4/9/2026, 3:06:41 p. m.";Cajero;;318559.07;0;0;0;318559.07;"tarjeta: $333.805,07";COMPLETED
V-2026-2050;"4/9/2026, 3:06:41 p. m.";Cajero;;254121.97999999998;0;0;0;254121.97999999998;"daviplata: $303.747,98";COMPLETED
V-2026-2049;"4/9/2026, 3:06:41 p. m.";Cajero;;232934.08;0;0;0;232934.08;"tarjeta: $244.061,08";COMPLETED
V-2026-2048;"4/9/2026, 3:06:41 p. m.";Cajero;;739106.16;0;0;0;739106.16;"daviplata: $778.684,16";COMPLETED
V-2026-2047;"4/9/2026, 3:06:41 p. m.";Cajero;;627511.17;0;0;0;627511.17;"efectivo: $629.740,17";COMPLETED
V-2026-2046;"4/9/2026, 3:06:41 p. m.";Cajero;;85595.95999999999;0;0;0;85595.95999999999;"transferencia: $108.977,96";COMPLETED
V-2026-2045;"4/9/2026, 3:06:41 p. m.";Cajero;;160754.99;0;0;0;160754.99;"tarjeta: $166.697,99";COMPLETED
V-2026-2044;"4/9/2026, 3:06:41 p. m.";Cajero;;313415.91000000003;0;0;0;313415.91000000003;"efectivo: $320.569,91";COMPLETED
V-2026-2043;"4/9/2026, 3:06:41 p. m.";Cajero;;331527.35;0;0;0;331527.35;"nequi: $371.539,35";COMPLETED
V-2026-2042;"4/9/2026, 3:06:41 p. m.";Cajero;;49733.92;0;0;0;49733.92;"transferencia: $81.685,92";COMPLETED
V-2026-2041;"4/9/2026, 3:06:41 p. m.";Cajero;;981185.64;0;0;0;981185.64;"daviplata: $1.003.754,64";COMPLETED
V-2026-2040;"4/9/2026, 3:06:41 p. m.";Cajero;;430069.79000000004;0;0;0;430069.79000000004;"daviplata: $472.558,79";COMPLETED
V-2026-2039;"4/9/2026, 3:06:41 p. m.";Cajero;;213149.73;0;0;0;213149.73;"efectivo: $238.783,73";COMPLETED
V-2026-2038;"4/9/2026, 3:06:41 p. m.";Cajero;;311109.17000000004;0;0;0;311109.17000000004;"tarjeta: $323.991,17";COMPLETED
V-2026-2037;"4/9/2026, 3:06:41 p. m.";Cajero;;645867.2000000001;0;0;0;645867.2000000001;"efectivo: $681.507,2";COMPLETED
V-2026-2036;"4/9/2026, 3:06:41 p. m.";Cajero;;539419.55;0;0;0;539419.55;"efectivo: $559.973,55";COMPLETED
V-2026-2035;"4/9/2026, 3:06:41 p. m.";Cajero;;559358.1499999999;0;0;0;559358.1499999999;"transferencia: $604.124,15";COMPLETED
V-2026-2034;"4/9/2026, 3:06:41 p. m.";Cajero;;71487.9;0;0;0;71487.9;"nequi: $93.630,9";COMPLETED
V-2026-2033;"4/9/2026, 3:06:41 p. m.";Cajero;;32844.22;0;0;0;32844.22;"transferencia: $56.478,22";COMPLETED
V-2026-2032;"4/9/2026, 3:06:41 p. m.";Cajero;;313132.42;0;0;0;313132.42;"daviplata: $349.046,42";COMPLETED
V-2026-2031;"4/9/2026, 3:06:41 p. m.";Cajero;;828457.49;0;0;0;828457.49;"transferencia: $839.255,49";COMPLETED
V-2026-2030;"4/9/2026, 3:06:41 p. m.";Cajero;;513540.49999999994;0;0;0;513540.49999999994;"efectivo: $515.735,5";COMPLETED
V-2026-2029;"4/9/2026, 3:06:41 p. m.";Cajero;;1408231.7299999997;0;0;0;1408231.7299999997;"efectivo: $1.432.872,73";COMPLETED
V-2026-2028;"4/9/2026, 3:06:41 p. m.";Cajero;;457058.80000000005;0;0;0;457058.80000000005;"efectivo: $469.284,8";COMPLETED
V-2026-2027;"4/9/2026, 3:06:41 p. m.";Cajero;;1070236.12;0;0;0;1070236.12;"efectivo: $1.108.922,12";COMPLETED
V-2026-2026;"4/9/2026, 3:06:41 p. m.";Cajero;;881949.46;0;0;0;881949.46;"nequi: $897.129,46";COMPLETED
V-2026-2025;"4/9/2026, 3:06:41 p. m.";Cajero;;556691;0;0;0;556691;nequi: $567.691;COMPLETED
V-2026-2024;"4/9/2026, 3:06:41 p. m.";Cajero;;562321.03;0;0;0;562321.03;"nequi: $589.861,03";COMPLETED
V-2026-2023;"4/9/2026, 3:06:41 p. m.";Cajero;;553445.68;0;0;0;553445.68;"tarjeta: $594.370,68";COMPLETED
V-2026-2022;"4/9/2026, 3:06:41 p. m.";Cajero;;795693.24;0;0;0;795693.24;"transferencia: $826.621,24";COMPLETED
V-2026-2021;"4/9/2026, 3:06:40 p. m.";Cajero;;312332.16;0;0;0;312332.16;"efectivo: $350.541,16";COMPLETED
V-2026-2020;"4/9/2026, 3:06:40 p. m.";Cajero;;7561.7;0;0;0;7561.7;"efectivo: $36.436,7";COMPLETED
V-2026-2019;"4/9/2026, 3:06:40 p. m.";Cajero;;213942.95;0;0;0;213942.95;"transferencia: $261.468,95";COMPLETED
V-2026-2018;"4/9/2026, 3:06:40 p. m.";Cajero;;535350.02;0;0;0;535350.02;"transferencia: $535.657,02";COMPLETED
V-2026-2017;"4/9/2026, 3:06:40 p. m.";Cajero;;732279.99;0;0;0;732279.99;"nequi: $758.634,99";COMPLETED
V-2026-2016;"4/9/2026, 3:06:40 p. m.";Cajero;;835555.1900000001;0;0;0;835555.1900000001;"daviplata: $867.355,19";COMPLETED
V-2026-2015;"4/9/2026, 3:06:40 p. m.";Cajero;;279094.92;0;0;0;279094.92;"daviplata: $290.038,92";COMPLETED
V-2026-2014;"4/9/2026, 3:06:40 p. m.";Cajero;;148850.64;0;0;0;148850.64;"daviplata: $152.441,64";COMPLETED
V-2026-2013;"4/9/2026, 3:06:40 p. m.";Cajero;;328191.68000000005;0;0;0;328191.68000000005;"efectivo: $335.600,68";COMPLETED
V-2026-2012;"4/9/2026, 3:06:40 p. m.";Cajero;;857731.03;0;0;0;857731.03;"tarjeta: $872.832,03";COMPLETED
V-2026-2011;"4/9/2026, 3:06:40 p. m.";Cajero;;385306.31999999995;0;0;0;385306.31999999995;"nequi: $410.740,32";COMPLETED
V-2026-2010;"4/9/2026, 3:06:40 p. m.";Cajero;;127441.84;0;0;0;127441.84;"daviplata: $171.717,84";COMPLETED
V-2026-2009;"4/9/2026, 3:06:40 p. m.";Cajero;;286901.25;0;0;0;286901.25;"nequi: $301.271,25";COMPLETED
V-2026-2008;"4/9/2026, 3:06:40 p. m.";Cajero;;919381.65;0;0;0;919381.65;"nequi: $968.920,65";COMPLETED
V-2026-2007;"4/9/2026, 3:06:40 p. m.";Cajero;;90316.46;0;0;0;90316.46;"tarjeta: $99.061,46";COMPLETED
V-2026-2006;"4/9/2026, 3:06:40 p. m.";Cajero;;732867.76;0;0;0;732867.76;"nequi: $748.660,76";COMPLETED
V-2026-2005;"4/9/2026, 3:06:40 p. m.";Cajero;;458974.82;0;0;0;458974.82;"efectivo: $500.590,82";COMPLETED
V-2026-2004;"4/9/2026, 3:06:40 p. m.";Cajero;;1054755.7799999998;0;0;0;1054755.7799999998;"transferencia: $1.058.497,78";COMPLETED
V-2026-2003;"4/9/2026, 3:06:40 p. m.";Cajero;;122182.72;0;0;0;122182.72;"daviplata: $149.455,72";COMPLETED
V-2026-2002;"4/9/2026, 3:06:40 p. m.";Cajero;;356891.06999999995;0;0;0;356891.06999999995;"nequi: $363.259,07";COMPLETED
V-2026-2001;"4/9/2026, 3:06:40 p. m.";Cajero;;449902.45999999996;0;0;0;449902.45999999996;"daviplata: $480.404,46";COMPLETED
V-2026-2000;"4/9/2026, 3:06:40 p. m.";Cajero;;751747.8200000001;0;0;0;751747.8200000001;"transferencia: $781.332,82";COMPLETED
V-2026-1999;"4/9/2026, 3:06:40 p. m.";Cajero;;541969.61;0;0;0;541969.61;"efectivo: $562.700,61";COMPLETED
V-2026-1998;"4/9/2026, 3:06:40 p. m.";Cajero;;186355.52;0;0;0;186355.52;"transferencia: $233.634,52";COMPLETED
V-2026-1997;"4/9/2026, 3:06:40 p. m.";Cajero;;181276.96;0;0;0;181276.96;"efectivo: $215.871,96";COMPLETED
V-2026-1996;"4/9/2026, 3:06:40 p. m.";Cajero;;1047608.8700000001;0;0;0;1047608.8700000001;"daviplata: $1.082.188,87";COMPLETED
V-2026-1995;"4/9/2026, 3:06:40 p. m.";Cajero;;943055.23;0;0;0;943055.23;"nequi: $991.848,23";COMPLETED
V-2026-1994;"4/9/2026, 3:06:40 p. m.";Cajero;;644519.45;0;0;0;644519.45;"tarjeta: $682.217,45";COMPLETED
V-2026-1993;"4/9/2026, 3:06:40 p. m.";Cajero;;449820.02;0;0;0;449820.02;"daviplata: $486.725,02";COMPLETED
V-2026-1992;"4/9/2026, 3:06:40 p. m.";Cajero;;728123.23;0;0;0;728123.23;"transferencia: $765.427,23";COMPLETED
V-2026-1991;"4/9/2026, 3:06:40 p. m.";Cajero;;122682.15000000001;0;0;0;122682.15000000001;"transferencia: $127.491,15";COMPLETED
V-2026-1990;"4/9/2026, 3:06:40 p. m.";Cajero;;91878.37;0;0;0;91878.37;"tarjeta: $106.966,37";COMPLETED
V-2026-1989;"4/9/2026, 3:06:40 p. m.";Cajero;;556491.41;0;0;0;556491.41;"tarjeta: $562.833,41";COMPLETED
V-2026-1988;"4/9/2026, 3:06:40 p. m.";Cajero;;373601.04;0;0;0;373601.04;"efectivo: $393.348,04";COMPLETED
V-2026-1987;"4/9/2026, 3:06:40 p. m.";Cajero;;1387116.95;0;0;0;1387116.95;"efectivo: $1.403.955,95";COMPLETED
V-2026-1986;"4/9/2026, 3:06:40 p. m.";Cajero;;728238.85;0;0;0;728238.85;"daviplata: $771.123,85";COMPLETED
V-2026-1985;"4/9/2026, 3:06:40 p. m.";Cajero;;542081.98;0;0;0;542081.98;"daviplata: $557.526,98";COMPLETED
V-2026-1984;"4/9/2026, 3:06:40 p. m.";Cajero;;1173599.02;0;0;0;1173599.02;"tarjeta: $1.217.271,02";COMPLETED
V-2026-1983;"4/9/2026, 3:06:40 p. m.";Cajero;;163576.2;0;0;0;163576.2;"nequi: $178.708,2";COMPLETED
V-2026-1982;"4/9/2026, 3:06:40 p. m.";Cajero;;659960.6599999999;0;0;0;659960.6599999999;"nequi: $707.201,66";COMPLETED
V-2026-1981;"4/9/2026, 3:06:40 p. m.";Cajero;;701712.89;0;0;0;701712.89;"transferencia: $715.088,89";COMPLETED
V-2026-1980;"4/9/2026, 3:06:40 p. m.";Cajero;;489817.60000000003;0;0;0;489817.60000000003;"transferencia: $501.000,6";COMPLETED
V-2026-1979;"4/9/2026, 3:06:40 p. m.";Cajero;;478214.05000000005;0;0;0;478214.05000000005;"nequi: $508.399,05";COMPLETED
V-2026-1978;"4/9/2026, 3:06:40 p. m.";Cajero;;270972.13;0;0;0;270972.13;"efectivo: $303.365,13";COMPLETED
V-2026-1977;"4/9/2026, 3:06:40 p. m.";Cajero;;557536.03;0;0;0;557536.03;"daviplata: $595.071,03";COMPLETED
V-2026-1976;"4/9/2026, 3:06:40 p. m.";Cajero;;81064.14;0;0;0;81064.14;"daviplata: $126.522,14";COMPLETED
V-2026-1975;"4/9/2026, 3:06:40 p. m.";Cajero;;410684.94999999995;0;0;0;410684.94999999995;"efectivo: $420.487,95";COMPLETED
V-2026-1974;"4/9/2026, 3:06:40 p. m.";Cajero;;858019.72;0;0;0;858019.72;"transferencia: $885.769,72";COMPLETED
V-2026-1973;"4/9/2026, 3:06:40 p. m.";Cajero;;1019258.09;0;0;0;1019258.09;"efectivo: $1.034.698,09";COMPLETED
V-2026-1972;"4/9/2026, 3:06:40 p. m.";Cajero;;352499.37999999995;0;0;0;352499.37999999995;"transferencia: $377.091,38";COMPLETED
V-2026-1971;"4/9/2026, 3:06:40 p. m.";Cajero;;428237.8899999999;0;0;0;428237.8899999999;"nequi: $431.363,89";COMPLETED
V-2026-1970;"4/9/2026, 3:06:40 p. m.";Cajero;;677547.64;0;0;0;677547.64;"nequi: $707.766,64";COMPLETED
V-2026-1969;"4/9/2026, 3:06:40 p. m.";Cajero;;420265.19999999995;0;0;0;420265.19999999995;"tarjeta: $432.969,2";COMPLETED
V-2026-1968;"4/9/2026, 3:06:40 p. m.";Cajero;;469025.77999999997;0;0;0;469025.77999999997;"transferencia: $501.460,78";COMPLETED
V-2026-1967;"4/9/2026, 3:06:40 p. m.";Cajero;;239848.11;0;0;0;239848.11;"nequi: $272.820,11";COMPLETED
V-2026-1966;"4/9/2026, 3:06:40 p. m.";Cajero;;579178.6;0;0;0;579178.6;"efectivo: $592.521,6";COMPLETED
V-2026-1965;"4/9/2026, 3:06:40 p. m.";Cajero;;3372.47;0;0;0;3372.47;"efectivo: $31.913,47";COMPLETED
V-2026-1964;"4/9/2026, 3:06:40 p. m.";Cajero;;343310.48000000004;0;0;0;343310.48000000004;"tarjeta: $373.126,48";COMPLETED
V-2026-1963;"4/9/2026, 3:06:40 p. m.";Cajero;;113352.94;0;0;0;113352.94;"efectivo: $129.636,94";COMPLETED
V-2026-1962;"4/9/2026, 3:06:40 p. m.";Cajero;;1625112.3800000001;0;0;0;1625112.3800000001;"efectivo: $1.652.692,38";COMPLETED
V-2026-1961;"4/9/2026, 3:06:40 p. m.";Cajero;;344591.94;0;0;0;344591.94;"transferencia: $375.369,94";COMPLETED
V-2026-1960;"4/9/2026, 3:06:40 p. m.";Cajero;;185460.8;0;0;0;185460.8;"efectivo: $231.364,8";COMPLETED
V-2026-1959;"4/9/2026, 3:06:40 p. m.";Cajero;;881183.6400000001;0;0;0;881183.6400000001;"nequi: $904.645,64";COMPLETED
V-2026-1958;"4/9/2026, 3:06:40 p. m.";Cajero;;181902.8;0;0;0;181902.8;"tarjeta: $228.191,8";COMPLETED
V-2026-1957;"4/9/2026, 3:06:40 p. m.";Cajero;;677789.2;0;0;0;677789.2;"transferencia: $707.387,2";COMPLETED
V-2026-1956;"4/9/2026, 3:06:40 p. m.";Cajero;;606172.24;0;0;0;606172.24;"transferencia: $612.241,24";COMPLETED
V-2026-1955;"4/9/2026, 3:06:40 p. m.";Cajero;;52283.14;0;0;0;52283.14;"transferencia: $92.369,14";COMPLETED
V-2026-1954;"4/9/2026, 3:06:40 p. m.";Cajero;;167506.15;0;0;0;167506.15;"transferencia: $189.276,15";COMPLETED
V-2026-1953;"4/9/2026, 3:06:40 p. m.";Cajero;;684220.89;0;0;0;684220.89;"efectivo: $685.356,89";COMPLETED
V-2026-1952;"4/9/2026, 3:06:40 p. m.";Cajero;;401189.82999999996;0;0;0;401189.82999999996;"transferencia: $419.282,83";COMPLETED
V-2026-1951;"4/9/2026, 3:06:40 p. m.";Cajero;;169947.14;0;0;0;169947.14;"daviplata: $195.828,14";COMPLETED
V-2026-1950;"4/9/2026, 3:06:40 p. m.";Cajero;;168167.16;0;0;0;168167.16;"tarjeta: $168.949,16";COMPLETED
V-2026-1949;"4/9/2026, 3:06:40 p. m.";Cajero;;338999.51;0;0;0;338999.51;"tarjeta: $366.115,51";COMPLETED
V-2026-1948;"4/9/2026, 3:06:40 p. m.";Cajero;;327752.95;0;0;0;327752.95;"transferencia: $366.792,95";COMPLETED
V-2026-1947;"4/9/2026, 3:06:40 p. m.";Cajero;;756220.9199999999;0;0;0;756220.9199999999;"daviplata: $763.093,92";COMPLETED
V-2026-1946;"4/9/2026, 3:06:40 p. m.";Cajero;;916277.6199999999;0;0;0;916277.6199999999;"nequi: $964.112,62";COMPLETED
V-2026-1945;"4/9/2026, 3:06:40 p. m.";Cajero;;524291.6700000002;0;0;0;524291.6700000002;"efectivo: $527.074,67";COMPLETED
V-2026-1944;"4/9/2026, 3:06:40 p. m.";Cajero;;564069.72;0;0;0;564069.72;"tarjeta: $592.206,72";COMPLETED
V-2026-1943;"4/9/2026, 3:06:40 p. m.";Cajero;;554532.31;0;0;0;554532.31;"efectivo: $564.142,31";COMPLETED
V-2026-1942;"4/9/2026, 3:06:40 p. m.";Cajero;;13637.38;0;0;0;13637.38;"transferencia: $43.605,38";COMPLETED
V-2026-1941;"4/9/2026, 3:06:40 p. m.";Cajero;;173964.92;0;0;0;173964.92;"tarjeta: $219.096,92";COMPLETED
V-2026-1940;"4/9/2026, 3:06:40 p. m.";Cajero;;99786.4;0;0;0;99786.4;"nequi: $125.309,4";COMPLETED
V-2026-1939;"4/9/2026, 3:06:40 p. m.";Cajero;;354432.9;0;0;0;354432.9;"tarjeta: $364.065,9";COMPLETED
V-2026-1938;"4/9/2026, 3:06:40 p. m.";Cajero;;399008.16;0;0;0;399008.16;"nequi: $407.282,16";COMPLETED
V-2026-1937;"4/9/2026, 3:06:40 p. m.";Cajero;;465495.51999999996;0;0;0;465495.51999999996;"daviplata: $468.930,52";COMPLETED
V-2026-1936;"4/9/2026, 3:06:40 p. m.";Cajero;;366588.87;0;0;0;366588.87;"nequi: $406.952,87";COMPLETED
V-2026-1935;"4/9/2026, 3:06:40 p. m.";Cajero;;862197.3300000001;0;0;0;862197.3300000001;"transferencia: $892.994,33";COMPLETED
V-2026-1934;"4/9/2026, 3:06:40 p. m.";Cajero;;701592.4099999999;0;0;0;701592.4099999999;"daviplata: $704.333,41";COMPLETED
V-2026-1933;"4/9/2026, 3:06:40 p. m.";Cajero;;573839.99;0;0;0;573839.99;"nequi: $601.132,99";COMPLETED
V-2026-1932;"4/9/2026, 3:06:40 p. m.";Cajero;;382443.32;0;0;0;382443.32;"transferencia: $383.040,32";COMPLETED
V-2026-1931;"4/9/2026, 3:06:40 p. m.";Cajero;;117040.87;0;0;0;117040.87;"tarjeta: $119.604,87";COMPLETED
V-2026-1930;"4/9/2026, 3:06:39 p. m.";Cajero;;688327.25;0;0;0;688327.25;"efectivo: $702.977,25";COMPLETED
V-2026-1929;"4/9/2026, 3:06:39 p. m.";Cajero;;536381.5599999999;0;0;0;536381.5599999999;"efectivo: $583.793,56";COMPLETED
V-2026-1928;"4/9/2026, 3:06:39 p. m.";Cajero;;151777.75;0;0;0;151777.75;"daviplata: $187.349,75";COMPLETED
V-2026-1927;"4/9/2026, 3:06:39 p. m.";Cajero;;167726.58000000002;0;0;0;167726.58000000002;"tarjeta: $213.281,58";COMPLETED
V-2026-1926;"4/9/2026, 3:06:39 p. m.";Cajero;;135254.05000000002;0;0;0;135254.05000000002;"transferencia: $149.821,05";COMPLETED
V-2026-1925;"4/9/2026, 3:06:39 p. m.";Cajero;;230880.27;0;0;0;230880.27;"tarjeta: $245.640,27";COMPLETED
V-2026-1924;"4/9/2026, 3:06:39 p. m.";Cajero;;600869.33;0;0;0;600869.33;"transferencia: $630.016,33";COMPLETED
V-2026-1923;"4/9/2026, 3:06:39 p. m.";Cajero;;28357.48;0;0;0;28357.48;"daviplata: $61.605,48";COMPLETED
V-2026-1922;"4/9/2026, 3:06:39 p. m.";Cajero;;453250.36;0;0;0;453250.36;"tarjeta: $487.039,36";COMPLETED
V-2026-1921;"4/9/2026, 3:06:39 p. m.";Cajero;;704588.73;0;0;0;704588.73;"transferencia: $749.105,73";COMPLETED
V-2026-1920;"4/9/2026, 3:06:39 p. m.";Cajero;;1014366.2999999999;0;0;0;1014366.2999999999;"efectivo: $1.015.298,3";COMPLETED
V-2026-1919;"4/9/2026, 3:06:39 p. m.";Cajero;;77032.94;0;0;0;77032.94;"transferencia: $91.384,94";COMPLETED
V-2026-1918;"4/9/2026, 3:06:39 p. m.";Cajero;;816759.7999999999;0;0;0;816759.7999999999;"daviplata: $841.516,8";COMPLETED
V-2026-1917;"4/9/2026, 3:06:39 p. m.";Cajero;;255906.78;0;0;0;255906.78;"daviplata: $267.642,78";COMPLETED
V-2026-1916;"4/9/2026, 3:06:39 p. m.";Cajero;;604904.8999999999;0;0;0;604904.8999999999;"nequi: $632.346,9";COMPLETED
V-2026-1915;"4/9/2026, 3:06:39 p. m.";Cajero;;898675.62;0;0;0;898675.62;"efectivo: $901.680,62";COMPLETED
V-2026-1914;"4/9/2026, 3:06:39 p. m.";Cajero;;127964.18;0;0;0;127964.18;"daviplata: $137.974,18";COMPLETED
V-2026-1913;"4/9/2026, 3:06:39 p. m.";Cajero;;423276.05;0;0;0;423276.05;"tarjeta: $465.431,05";COMPLETED
V-2026-1912;"4/9/2026, 3:06:39 p. m.";Cajero;;668826.43;0;0;0;668826.43;"transferencia: $709.117,43";COMPLETED
V-2026-1911;"4/9/2026, 3:06:39 p. m.";Cajero;;656949.76;0;0;0;656949.76;"efectivo: $706.359,76";COMPLETED
V-2026-1910;"4/9/2026, 3:06:39 p. m.";Cajero;;608147.2000000001;0;0;0;608147.2000000001;"tarjeta: $641.125,2";COMPLETED
V-2026-1909;"4/9/2026, 3:06:39 p. m.";Cajero;;380392.69999999995;0;0;0;380392.69999999995;"daviplata: $420.397,7";COMPLETED
V-2026-1908;"4/9/2026, 3:06:39 p. m.";Cajero;;779115.87;0;0;0;779115.87;"efectivo: $783.420,87";COMPLETED
V-2026-1907;"4/9/2026, 3:06:39 p. m.";Cajero;;74157.47;0;0;0;74157.47;"daviplata: $84.523,47";COMPLETED
V-2026-1906;"4/9/2026, 3:06:39 p. m.";Cajero;;202233.83999999997;0;0;0;202233.83999999997;"transferencia: $229.286,84";COMPLETED
V-2026-1905;"4/9/2026, 3:06:39 p. m.";Cajero;;965021.0699999998;0;0;0;965021.0699999998;"transferencia: $978.759,07";COMPLETED
V-2026-1904;"4/9/2026, 3:06:39 p. m.";Cajero;;102081.16;0;0;0;102081.16;"daviplata: $107.830,16";COMPLETED
V-2026-1903;"4/9/2026, 3:06:39 p. m.";Cajero;;436468.76;0;0;0;436468.76;"nequi: $458.023,76";COMPLETED
V-2026-1902;"4/9/2026, 3:06:39 p. m.";Cajero;;762521.2600000001;0;0;0;762521.2600000001;"daviplata: $775.379,26";COMPLETED
V-2026-1901;"4/9/2026, 3:06:39 p. m.";Cajero;;314539.83999999997;0;0;0;314539.83999999997;"efectivo: $315.071,84";COMPLETED
V-2026-1900;"4/9/2026, 3:06:39 p. m.";Cajero;;492888.06999999995;0;0;0;492888.06999999995;"nequi: $496.387,07";COMPLETED
V-2026-1899;"4/9/2026, 3:06:39 p. m.";Cajero;;444721.98;0;0;0;444721.98;"efectivo: $464.262,98";COMPLETED
V-2026-1898;"4/9/2026, 3:06:39 p. m.";Cajero;;1022666.52;0;0;0;1022666.52;"efectivo: $1.071.716,52";COMPLETED
V-2026-1897;"4/9/2026, 3:06:39 p. m.";Cajero;;686510.46;0;0;0;686510.46;"nequi: $699.778,46";COMPLETED
V-2026-1896;"4/9/2026, 3:06:39 p. m.";Cajero;;26842.83;0;0;0;26842.83;"daviplata: $58.659,83";COMPLETED
V-2026-1895;"4/9/2026, 3:06:39 p. m.";Cajero;;162190.56;0;0;0;162190.56;"nequi: $168.063,56";COMPLETED
V-2026-1894;"4/9/2026, 3:06:39 p. m.";Cajero;;394130.45;0;0;0;394130.45;"nequi: $426.116,45";COMPLETED
V-2026-1893;"4/9/2026, 3:06:39 p. m.";Cajero;;207533.6;0;0;0;207533.6;"daviplata: $224.961,6";COMPLETED
V-2026-1892;"4/9/2026, 3:06:39 p. m.";Cajero;;116922.04;0;0;0;116922.04;"efectivo: $118.671,04";COMPLETED
V-2026-1891;"4/9/2026, 3:06:39 p. m.";Cajero;;176622.81;0;0;0;176622.81;"daviplata: $177.029,81";COMPLETED
V-2026-1890;"4/9/2026, 3:06:39 p. m.";Cajero;;45047.46;0;0;0;45047.46;"efectivo: $81.991,46";COMPLETED
V-2026-1889;"4/9/2026, 3:06:39 p. m.";Cajero;;131254.91999999998;0;0;0;131254.91999999998;"transferencia: $158.370,92";COMPLETED
V-2026-1888;"4/9/2026, 3:06:39 p. m.";Cajero;;1054820.6400000001;0;0;0;1054820.6400000001;"transferencia: $1.063.763,64";COMPLETED
V-2026-1887;"4/9/2026, 3:06:39 p. m.";Cajero;;33296.88;0;0;0;33296.88;"nequi: $47.686,88";COMPLETED
V-2026-1886;"4/9/2026, 3:06:39 p. m.";Cajero;;651791.24;0;0;0;651791.24;"efectivo: $694.762,24";COMPLETED
V-2026-1885;"4/9/2026, 3:06:39 p. m.";Cajero;;101834.07;0;0;0;101834.07;"daviplata: $129.430,07";COMPLETED
V-2026-1884;"4/9/2026, 3:06:39 p. m.";Cajero;;15987.59;0;0;0;15987.59;"nequi: $60.169,59";COMPLETED
V-2026-1883;"4/9/2026, 3:06:39 p. m.";Cajero;;126007;0;0;0;126007;efectivo: $133.863;COMPLETED
V-2026-1882;"4/9/2026, 3:06:39 p. m.";Cajero;;34248.15;0;0;0;34248.15;"daviplata: $51.815,15";COMPLETED
V-2026-1881;"4/9/2026, 3:06:39 p. m.";Cajero;;10724.17;0;0;0;10724.17;"efectivo: $57.521,17";COMPLETED
V-2026-1880;"4/9/2026, 3:06:39 p. m.";Cajero;;465245.63;0;0;0;465245.63;"transferencia: $473.971,63";COMPLETED
V-2026-1879;"4/9/2026, 3:06:39 p. m.";Cajero;;80113.01000000001;0;0;0;80113.01000000001;"transferencia: $81.438,01";COMPLETED
V-2026-1878;"4/9/2026, 3:06:39 p. m.";Cajero;;519005.71;0;0;0;519005.71;"nequi: $544.452,71";COMPLETED
V-2026-1877;"4/9/2026, 3:06:39 p. m.";Cajero;;352589.77;0;0;0;352589.77;"transferencia: $374.988,77";COMPLETED
V-2026-1876;"4/9/2026, 3:06:39 p. m.";Cajero;;201018.32;0;0;0;201018.32;"tarjeta: $249.175,32";COMPLETED
V-2026-1875;"4/9/2026, 3:06:39 p. m.";Cajero;;45729.78;0;0;0;45729.78;"tarjeta: $86.160,78";COMPLETED
V-2026-1874;"4/9/2026, 3:06:39 p. m.";Cajero;;101100.72;0;0;0;101100.72;"nequi: $110.672,72";COMPLETED
V-2026-1873;"4/9/2026, 3:06:39 p. m.";Cajero;;19544.74;0;0;0;19544.74;"nequi: $66.744,74";COMPLETED
V-2026-1872;"4/9/2026, 3:06:39 p. m.";Cajero;;85049.91;0;0;0;85049.91;"transferencia: $85.313,91";COMPLETED
V-2026-1871;"4/9/2026, 3:06:39 p. m.";Cajero;;120477.04;0;0;0;120477.04;"efectivo: $129.757,04";COMPLETED
V-2026-1870;"4/9/2026, 3:06:39 p. m.";Cajero;;749317.17;0;0;0;749317.17;"transferencia: $765.361,17";COMPLETED
V-2026-1869;"4/9/2026, 3:06:39 p. m.";Cajero;;294330.88;0;0;0;294330.88;"daviplata: $336.429,88";COMPLETED
V-2026-1868;"4/9/2026, 3:06:39 p. m.";Cajero;;75996.56999999999;0;0;0;75996.56999999999;"efectivo: $88.129,57";COMPLETED
V-2026-1867;"4/9/2026, 3:06:39 p. m.";Cajero;;18904.22;0;0;0;18904.22;"nequi: $39.699,22";COMPLETED
V-2026-1866;"4/9/2026, 3:06:39 p. m.";Cajero;;226738.96000000002;0;0;0;226738.96000000002;"transferencia: $261.856,96";COMPLETED
V-2026-1865;"4/9/2026, 3:06:39 p. m.";Cajero;;95249.7;0;0;0;95249.7;"tarjeta: $103.318,7";COMPLETED
V-2026-1864;"4/9/2026, 3:06:39 p. m.";Cajero;;435244.05;0;0;0;435244.05;"daviplata: $466.358,05";COMPLETED
V-2026-1863;"4/9/2026, 3:06:39 p. m.";Cajero;;197083.93;0;0;0;197083.93;"tarjeta: $211.195,93";COMPLETED
V-2026-1862;"4/9/2026, 3:06:39 p. m.";Cajero;;887275.01;0;0;0;887275.01;"transferencia: $890.205,01";COMPLETED
V-2026-1861;"4/9/2026, 3:06:39 p. m.";Cajero;;895286.15;0;0;0;895286.15;"transferencia: $907.223,15";COMPLETED
V-2026-1860;"4/9/2026, 3:06:39 p. m.";Cajero;;497101.00000000006;0;0;0;497101.00000000006;transferencia: $547.058;COMPLETED
V-2026-1859;"4/9/2026, 3:06:39 p. m.";Cajero;;1337482.0199999998;0;0;0;1337482.0199999998;"nequi: $1.340.438,02";COMPLETED
V-2026-1858;"4/9/2026, 3:06:39 p. m.";Cajero;;809126.03;0;0;0;809126.03;"tarjeta: $845.781,03";COMPLETED
V-2026-1857;"4/9/2026, 3:06:39 p. m.";Cajero;;526301.43;0;0;0;526301.43;"nequi: $573.451,43";COMPLETED
V-2026-1856;"4/9/2026, 3:06:39 p. m.";Cajero;;1060644.56;0;0;0;1060644.56;"efectivo: $1.077.231,56";COMPLETED
V-2026-1855;"4/9/2026, 3:06:39 p. m.";Cajero;;686407.7000000001;0;0;0;686407.7000000001;"efectivo: $710.352,7";COMPLETED
V-2026-1854;"4/9/2026, 3:06:39 p. m.";Cajero;;95771.8;0;0;0;95771.8;"daviplata: $126.257,8";COMPLETED
V-2026-1853;"4/9/2026, 3:06:39 p. m.";Cajero;;210018.93;0;0;0;210018.93;"nequi: $243.678,93";COMPLETED
V-2026-1852;"4/9/2026, 3:06:39 p. m.";Cajero;;560799.41;0;0;0;560799.41;"transferencia: $583.580,41";COMPLETED
V-2026-1851;"4/9/2026, 3:06:39 p. m.";Cajero;;38875.149999999994;0;0;0;38875.149999999994;"tarjeta: $86.051,15";COMPLETED
V-2026-1850;"4/9/2026, 3:06:39 p. m.";Cajero;;632351.71;0;0;0;632351.71;"daviplata: $660.461,71";COMPLETED
V-2026-1849;"4/9/2026, 3:06:39 p. m.";Cajero;;1033934.3099999998;0;0;0;1033934.3099999998;"daviplata: $1.069.830,31";COMPLETED
V-2026-1848;"4/9/2026, 3:06:39 p. m.";Cajero;;519714.64;0;0;0;519714.64;"transferencia: $546.435,64";COMPLETED
V-2026-1847;"4/9/2026, 3:06:39 p. m.";Cajero;;135400.6;0;0;0;135400.6;"transferencia: $170.530,6";COMPLETED
V-2026-1846;"4/9/2026, 3:06:39 p. m.";Cajero;;939548.8600000001;0;0;0;939548.8600000001;"tarjeta: $968.575,86";COMPLETED
V-2026-1845;"4/9/2026, 3:06:39 p. m.";Cajero;;910556.6799999999;0;0;0;910556.6799999999;"tarjeta: $951.999,68";COMPLETED
V-2026-1844;"4/9/2026, 3:06:39 p. m.";Cajero;;869063.3099999998;0;0;0;869063.3099999998;"tarjeta: $877.045,31";COMPLETED
V-2026-1843;"4/9/2026, 3:06:39 p. m.";Cajero;;1154313.81;0;0;0;1154313.81;"tarjeta: $1.157.141,81";COMPLETED
V-2026-1842;"4/9/2026, 3:06:39 p. m.";Cajero;;1261576.73;0;0;0;1261576.73;"tarjeta: $1.285.580,73";COMPLETED
V-2026-1841;"4/9/2026, 3:06:39 p. m.";Cajero;;471436.96;0;0;0;471436.96;"efectivo: $499.630,96";COMPLETED
V-2026-1840;"4/9/2026, 3:06:39 p. m.";Cajero;;305981.49;0;0;0;305981.49;"tarjeta: $332.979,49";COMPLETED
V-2026-1839;"4/9/2026, 3:06:39 p. m.";Cajero;;110118.48000000001;0;0;0;110118.48000000001;"tarjeta: $144.951,48";COMPLETED
V-2026-1838;"4/9/2026, 3:06:39 p. m.";Cajero;;204942.08000000002;0;0;0;204942.08000000002;"transferencia: $209.617,08";COMPLETED
V-2026-1837;"4/9/2026, 3:06:39 p. m.";Cajero;;428646.78;0;0;0;428646.78;"nequi: $452.944,78";COMPLETED
V-2026-1836;"4/9/2026, 3:06:39 p. m.";Cajero;;253775.39999999997;0;0;0;253775.39999999997;"efectivo: $294.216,4";COMPLETED
V-2026-1835;"4/9/2026, 3:06:39 p. m.";Cajero;;854124.97;0;0;0;854124.97;"efectivo: $862.218,97";COMPLETED
V-2026-1834;"4/9/2026, 3:06:39 p. m.";Cajero;;561465.24;0;0;0;561465.24;"nequi: $601.306,24";COMPLETED
V-2026-1833;"4/9/2026, 3:06:39 p. m.";Cajero;;385579.12;0;0;0;385579.12;"tarjeta: $420.393,12";COMPLETED
V-2026-1832;"4/9/2026, 3:06:39 p. m.";Cajero;;692310.3999999999;0;0;0;692310.3999999999;"transferencia: $733.813,4";COMPLETED
V-2026-1831;"4/9/2026, 3:06:39 p. m.";Cajero;;211388.62;0;0;0;211388.62;"transferencia: $243.901,62";COMPLETED
V-2026-1830;"4/9/2026, 3:06:38 p. m.";Cajero;;784136.53;0;0;0;784136.53;"efectivo: $829.334,53";COMPLETED
V-2026-1829;"4/9/2026, 3:06:38 p. m.";Cajero;;58055.18;0;0;0;58055.18;"daviplata: $99.039,18";COMPLETED
V-2026-1828;"4/9/2026, 3:06:38 p. m.";Cajero;;185862.8;0;0;0;185862.8;"tarjeta: $206.303,8";COMPLETED
V-2026-1827;"4/9/2026, 3:06:38 p. m.";Cajero;;1004225.87;0;0;0;1004225.87;"efectivo: $1.040.900,87";COMPLETED
V-2026-1826;"4/9/2026, 3:06:38 p. m.";Cajero;;408256.72;0;0;0;408256.72;"transferencia: $411.682,72";COMPLETED
V-2026-1825;"4/9/2026, 3:06:38 p. m.";Cajero;;82184.43;0;0;0;82184.43;"daviplata: $129.836,43";COMPLETED
V-2026-1824;"4/9/2026, 3:06:38 p. m.";Cajero;;72962.16;0;0;0;72962.16;"efectivo: $79.380,16";COMPLETED
V-2026-1823;"4/9/2026, 3:06:38 p. m.";Cajero;;500735.51;0;0;0;500735.51;"efectivo: $538.028,51";COMPLETED
V-2026-1822;"4/9/2026, 3:06:38 p. m.";Cajero;;14820.36;0;0;0;14820.36;"nequi: $16.808,36";COMPLETED
V-2026-1821;"4/9/2026, 3:06:38 p. m.";Cajero;;128601.26000000001;0;0;0;128601.26000000001;"tarjeta: $175.717,26";COMPLETED
V-2026-1820;"4/9/2026, 3:06:38 p. m.";Cajero;;807109.0600000002;0;0;0;807109.0600000002;"daviplata: $811.447,06";COMPLETED
V-2026-1819;"4/9/2026, 3:06:38 p. m.";Cajero;;752964.41;0;0;0;752964.41;"nequi: $796.884,41";COMPLETED
V-2026-1818;"4/9/2026, 3:06:38 p. m.";Cajero;;411721.48;0;0;0;411721.48;"efectivo: $455.730,48";COMPLETED
V-2026-1817;"4/9/2026, 3:06:38 p. m.";Cajero;;1333870.8499999999;0;0;0;1333870.8499999999;"daviplata: $1.350.206,85";COMPLETED
V-2026-1816;"4/9/2026, 3:06:38 p. m.";Cajero;;437919.05000000005;0;0;0;437919.05000000005;"daviplata: $469.605,05";COMPLETED
V-2026-1815;"4/9/2026, 3:06:38 p. m.";Cajero;;156384.26;0;0;0;156384.26;"daviplata: $189.364,26";COMPLETED
V-2026-1814;"4/9/2026, 3:06:38 p. m.";Cajero;;208468.8;0;0;0;208468.8;"efectivo: $249.978,8";COMPLETED
V-2026-1813;"4/9/2026, 3:06:38 p. m.";Cajero;;452808.27999999997;0;0;0;452808.27999999997;"daviplata: $485.423,28";COMPLETED
V-2026-1812;"4/9/2026, 3:06:38 p. m.";Cajero;;1145096.2000000002;0;0;0;1145096.2000000002;"tarjeta: $1.145.445,2";COMPLETED
V-2026-1811;"4/9/2026, 3:06:38 p. m.";Cajero;;78901.15;0;0;0;78901.15;"nequi: $119.846,15";COMPLETED
V-2026-1810;"4/9/2026, 3:06:38 p. m.";Cajero;;655203.6;0;0;0;655203.6;"tarjeta: $696.794,6";COMPLETED
V-2026-1809;"4/9/2026, 3:06:38 p. m.";Cajero;;177253.64;0;0;0;177253.64;"tarjeta: $207.777,64";COMPLETED
V-2026-1808;"4/9/2026, 3:06:38 p. m.";Cajero;;126531.63;0;0;0;126531.63;"daviplata: $168.779,63";COMPLETED
V-2026-1807;"4/9/2026, 3:06:38 p. m.";Cajero;;648901.96;0;0;0;648901.96;"tarjeta: $676.898,96";COMPLETED
V-2026-1806;"4/9/2026, 3:06:38 p. m.";Cajero;;84915.20999999999;0;0;0;84915.20999999999;"nequi: $125.530,21";COMPLETED
V-2026-1805;"4/9/2026, 3:06:38 p. m.";Cajero;;231933.91999999998;0;0;0;231933.91999999998;"daviplata: $254.028,92";COMPLETED
V-2026-1804;"4/9/2026, 3:06:38 p. m.";Cajero;;172092;0;0;0;172092;tarjeta: $218.495;COMPLETED
V-2026-1803;"4/9/2026, 3:06:38 p. m.";Cajero;;742787.57;0;0;0;742787.57;"tarjeta: $747.525,57";COMPLETED
V-2026-1802;"4/9/2026, 3:06:38 p. m.";Cajero;;325200.44;0;0;0;325200.44;"efectivo: $325.789,44";COMPLETED
V-2026-1801;"4/9/2026, 3:06:38 p. m.";Cajero;;695730.26;0;0;0;695730.26;"nequi: $700.461,26";COMPLETED
V-2026-1800;"4/9/2026, 3:06:38 p. m.";Cajero;;461336.41000000003;0;0;0;461336.41000000003;"tarjeta: $476.040,41";COMPLETED
V-2026-1799;"4/9/2026, 3:06:38 p. m.";Cajero;;263929.95999999996;0;0;0;263929.95999999996;"efectivo: $270.649,96";COMPLETED
V-2026-1798;"4/9/2026, 3:06:38 p. m.";Cajero;;280109.44;0;0;0;280109.44;"efectivo: $302.404,44";COMPLETED
V-2026-1797;"4/9/2026, 3:06:38 p. m.";Cajero;;355069.8;0;0;0;355069.8;"tarjeta: $373.871,8";COMPLETED
V-2026-1796;"4/9/2026, 3:06:38 p. m.";Cajero;;88347.68;0;0;0;88347.68;"nequi: $132.362,68";COMPLETED
V-2026-1795;"4/9/2026, 3:06:38 p. m.";Cajero;;919424.6500000001;0;0;0;919424.6500000001;"tarjeta: $950.476,65";COMPLETED
V-2026-1794;"4/9/2026, 3:06:38 p. m.";Cajero;;644335.09;0;0;0;644335.09;"efectivo: $647.971,09";COMPLETED
V-2026-1793;"4/9/2026, 3:06:38 p. m.";Cajero;;1138660.16;0;0;0;1138660.16;"daviplata: $1.183.831,16";COMPLETED
V-2026-1792;"4/9/2026, 3:06:38 p. m.";Cajero;;693626.73;0;0;0;693626.73;"daviplata: $738.758,73";COMPLETED
V-2026-1791;"4/9/2026, 3:06:38 p. m.";Cajero;;224462.68;0;0;0;224462.68;"transferencia: $266.839,68";COMPLETED
V-2026-1790;"4/9/2026, 3:06:38 p. m.";Cajero;;144552.89;0;0;0;144552.89;"daviplata: $181.519,89";COMPLETED
V-2026-1789;"4/9/2026, 3:06:38 p. m.";Cajero;;372518.79000000004;0;0;0;372518.79000000004;"transferencia: $400.806,79";COMPLETED
V-2026-1788;"4/9/2026, 3:06:38 p. m.";Cajero;;248419.64999999997;0;0;0;248419.64999999997;"efectivo: $261.305,65";COMPLETED
V-2026-1787;"4/9/2026, 3:06:38 p. m.";Cajero;;232576.63;0;0;0;232576.63;"efectivo: $261.591,63";COMPLETED
V-2026-1786;"4/9/2026, 3:06:38 p. m.";Cajero;;65237.46;0;0;0;65237.46;"efectivo: $90.139,46";COMPLETED
V-2026-1785;"4/9/2026, 3:06:38 p. m.";Cajero;;693802;0;0;0;693802;transferencia: $704.329;COMPLETED
V-2026-1784;"4/9/2026, 3:06:38 p. m.";Cajero;;624316.26;0;0;0;624316.26;"efectivo: $628.604,26";COMPLETED
V-2026-1783;"4/9/2026, 3:06:38 p. m.";Cajero;;622252.5900000001;0;0;0;622252.5900000001;"daviplata: $652.578,59";COMPLETED
V-2026-1782;"4/9/2026, 3:06:38 p. m.";Cajero;;1001198.23;0;0;0;1001198.23;"nequi: $1.011.668,23";COMPLETED
V-2026-1781;"4/9/2026, 3:06:38 p. m.";Cajero;;91651.5;0;0;0;91651.5;"nequi: $137.487,5";COMPLETED
V-2026-1780;"4/9/2026, 3:06:38 p. m.";Cajero;;399462.41;0;0;0;399462.41;"efectivo: $404.538,41";COMPLETED
V-2026-1779;"4/9/2026, 3:06:38 p. m.";Cajero;;275180.48;0;0;0;275180.48;"transferencia: $318.579,48";COMPLETED
V-2026-1778;"4/9/2026, 3:06:38 p. m.";Cajero;;512227.37999999995;0;0;0;512227.37999999995;"transferencia: $536.754,38";COMPLETED
V-2026-1777;"4/9/2026, 3:06:38 p. m.";Cajero;;61129.32;0;0;0;61129.32;"efectivo: $68.406,32";COMPLETED
V-2026-1776;"4/9/2026, 3:06:38 p. m.";Cajero;;129111.04;0;0;0;129111.04;"efectivo: $130.147,04";COMPLETED
V-2026-1775;"4/9/2026, 3:06:38 p. m.";Cajero;;613282.63;0;0;0;613282.63;"daviplata: $656.526,63";COMPLETED
V-2026-1774;"4/9/2026, 3:06:38 p. m.";Cajero;;1018359.1100000001;0;0;0;1018359.1100000001;"transferencia: $1.026.948,11";COMPLETED
V-2026-1773;"4/9/2026, 3:06:38 p. m.";Cajero;;160052.88;0;0;0;160052.88;"daviplata: $194.862,88";COMPLETED
V-2026-1772;"4/9/2026, 3:06:38 p. m.";Cajero;;429548.12;0;0;0;429548.12;"transferencia: $452.676,12";COMPLETED
V-2026-1771;"4/9/2026, 3:06:38 p. m.";Cajero;;179304.66999999998;0;0;0;179304.66999999998;"transferencia: $215.604,67";COMPLETED
V-2026-1770;"4/9/2026, 3:06:38 p. m.";Cajero;;255804.53000000003;0;0;0;255804.53000000003;"daviplata: $294.006,53";COMPLETED
V-2026-1769;"4/9/2026, 3:06:38 p. m.";Cajero;;42312.38;0;0;0;42312.38;"efectivo: $73.113,38";COMPLETED
V-2026-1768;"4/9/2026, 3:06:38 p. m.";Cajero;;529870.71;0;0;0;529870.71;"nequi: $569.127,71";COMPLETED
V-2026-1767;"4/9/2026, 3:06:38 p. m.";Cajero;;435425.08;0;0;0;435425.08;"transferencia: $470.050,08";COMPLETED
V-2026-1766;"4/9/2026, 3:06:38 p. m.";Cajero;;31275.98;0;0;0;31275.98;"efectivo: $77.811,98";COMPLETED
V-2026-1765;"4/9/2026, 3:06:38 p. m.";Cajero;;244762.74;0;0;0;244762.74;"nequi: $294.134,74";COMPLETED
V-2026-1764;"4/9/2026, 3:06:38 p. m.";Cajero;;849508.3;0;0;0;849508.3;"transferencia: $872.367,3";COMPLETED
V-2026-1763;"4/9/2026, 3:06:38 p. m.";Cajero;;873280.6299999999;0;0;0;873280.6299999999;"daviplata: $905.521,63";COMPLETED
V-2026-1762;"4/9/2026, 3:06:38 p. m.";Cajero;;1031613.92;0;0;0;1031613.92;"tarjeta: $1.055.221,92";COMPLETED
V-2026-1761;"4/9/2026, 3:06:38 p. m.";Cajero;;405793.4;0;0;0;405793.4;"transferencia: $422.515,4";COMPLETED
V-2026-1760;"4/9/2026, 3:06:38 p. m.";Cajero;;498470.4;0;0;0;498470.4;"transferencia: $516.140,4";COMPLETED
V-2026-1759;"4/9/2026, 3:06:38 p. m.";Cajero;;631245.33;0;0;0;631245.33;"tarjeta: $660.289,33";COMPLETED
V-2026-1758;"4/9/2026, 3:06:38 p. m.";Cajero;;363703.26;0;0;0;363703.26;"tarjeta: $394.062,26";COMPLETED
V-2026-1757;"4/9/2026, 3:06:38 p. m.";Cajero;;710227.08;0;0;0;710227.08;"daviplata: $721.753,08";COMPLETED
V-2026-1756;"4/9/2026, 3:06:38 p. m.";Cajero;;726292.0899999999;0;0;0;726292.0899999999;"nequi: $730.950,09";COMPLETED
V-2026-1755;"4/9/2026, 3:06:38 p. m.";Cajero;;628918.0599999999;0;0;0;628918.0599999999;"daviplata: $658.476,06";COMPLETED
V-2026-1754;"4/9/2026, 3:06:38 p. m.";Cajero;;687363.21;0;0;0;687363.21;"efectivo: $695.134,21";COMPLETED
V-2026-1753;"4/9/2026, 3:06:38 p. m.";Cajero;;761293.4700000001;0;0;0;761293.4700000001;"tarjeta: $768.122,47";COMPLETED
V-2026-1752;"4/9/2026, 3:06:38 p. m.";Cajero;;343427.52;0;0;0;343427.52;"tarjeta: $356.617,52";COMPLETED
V-2026-1751;"4/9/2026, 3:06:38 p. m.";Cajero;;691647.7200000001;0;0;0;691647.7200000001;"daviplata: $717.057,72";COMPLETED
V-2026-1750;"4/9/2026, 3:06:38 p. m.";Cajero;;332387.33;0;0;0;332387.33;"efectivo: $341.930,33";COMPLETED
V-2026-1749;"4/9/2026, 3:06:38 p. m.";Cajero;;351083.51;0;0;0;351083.51;"efectivo: $373.613,51";COMPLETED
V-2026-1748;"4/9/2026, 3:06:38 p. m.";Cajero;;501440.3300000001;0;0;0;501440.3300000001;"efectivo: $549.811,33";COMPLETED
V-2026-1747;"4/9/2026, 3:06:38 p. m.";Cajero;;206044.97;0;0;0;206044.97;"efectivo: $229.410,97";COMPLETED
V-2026-1746;"4/9/2026, 3:06:38 p. m.";Cajero;;444832.26;0;0;0;444832.26;"daviplata: $453.473,26";COMPLETED
V-2026-1745;"4/9/2026, 3:06:38 p. m.";Cajero;;384515.68000000005;0;0;0;384515.68000000005;"transferencia: $394.986,68";COMPLETED
V-2026-1744;"4/9/2026, 3:06:38 p. m.";Cajero;;488488.64;0;0;0;488488.64;"efectivo: $512.884,64";COMPLETED
V-2026-1743;"4/9/2026, 3:06:38 p. m.";Cajero;;303489.67;0;0;0;303489.67;"tarjeta: $346.862,67";COMPLETED
V-2026-1742;"4/9/2026, 3:06:38 p. m.";Cajero;;453890.4199999999;0;0;0;453890.4199999999;"transferencia: $459.527,42";COMPLETED
V-2026-1741;"4/9/2026, 3:06:38 p. m.";Cajero;;666362.25;0;0;0;666362.25;"daviplata: $684.903,25";COMPLETED
V-2026-1740;"4/9/2026, 3:06:38 p. m.";Cajero;;74838.3;0;0;0;74838.3;"nequi: $77.583,3";COMPLETED
V-2026-1739;"4/9/2026, 3:06:38 p. m.";Cajero;;1331195.55;0;0;0;1331195.55;"tarjeta: $1.370.367,55";COMPLETED
V-2026-1738;"4/9/2026, 3:06:38 p. m.";Cajero;;292241.77999999997;0;0;0;292241.77999999997;"efectivo: $316.485,78";COMPLETED
V-2026-1737;"4/9/2026, 3:06:38 p. m.";Cajero;;982272.3;0;0;0;982272.3;"transferencia: $987.242,3";COMPLETED
V-2026-1736;"4/9/2026, 3:06:37 p. m.";Cajero;;279354.36;0;0;0;279354.36;"tarjeta: $302.974,36";COMPLETED
V-2026-1735;"4/9/2026, 3:06:37 p. m.";Cajero;;622653.3400000001;0;0;0;622653.3400000001;"efectivo: $630.372,34";COMPLETED
V-2026-1734;"4/9/2026, 3:06:37 p. m.";Cajero;;748231.27;0;0;0;748231.27;"tarjeta: $755.837,27";COMPLETED
V-2026-1733;"4/9/2026, 3:06:37 p. m.";Cajero;;541849.59;0;0;0;541849.59;"nequi: $564.229,59";COMPLETED
V-2026-1732;"4/9/2026, 3:06:37 p. m.";Cajero;;420633.81999999995;0;0;0;420633.81999999995;"daviplata: $424.126,82";COMPLETED
V-2026-1731;"4/9/2026, 3:06:37 p. m.";Cajero;;237786.7;0;0;0;237786.7;"tarjeta: $253.852,7";COMPLETED
V-2026-1730;"4/9/2026, 3:06:37 p. m.";Cajero;;553294.81;0;0;0;553294.81;"transferencia: $578.401,81";COMPLETED
V-2026-1729;"4/9/2026, 3:06:37 p. m.";Cajero;;662104.1;0;0;0;662104.1;"nequi: $679.055,1";COMPLETED
V-2026-1728;"4/9/2026, 3:06:37 p. m.";Cajero;;785089.6100000001;0;0;0;785089.6100000001;"nequi: $798.963,61";COMPLETED
V-2026-1727;"4/9/2026, 3:06:37 p. m.";Cajero;;189258.76;0;0;0;189258.76;"tarjeta: $236.169,76";COMPLETED
V-2026-1726;"4/9/2026, 3:06:37 p. m.";Cajero;;212348.19;0;0;0;212348.19;"daviplata: $231.225,19";COMPLETED
V-2026-1725;"4/9/2026, 3:06:37 p. m.";Cajero;;1059148.69;0;0;0;1059148.69;"tarjeta: $1.063.630,69";COMPLETED
V-2026-1724;"4/9/2026, 3:06:37 p. m.";Cajero;;592048.27;0;0;0;592048.27;"efectivo: $593.053,27";COMPLETED
V-2026-1723;"4/9/2026, 3:06:37 p. m.";Cajero;;1144923.5499999998;0;0;0;1144923.5499999998;"daviplata: $1.166.992,55";COMPLETED
V-2026-1722;"4/9/2026, 3:06:37 p. m.";Cajero;;304648.44999999995;0;0;0;304648.44999999995;"daviplata: $314.896,45";COMPLETED
V-2026-1721;"4/9/2026, 3:06:37 p. m.";Cajero;;864070.07;0;0;0;864070.07;"efectivo: $883.220,07";COMPLETED
V-2026-1720;"4/9/2026, 3:06:37 p. m.";Cajero;;712015.08;0;0;0;712015.08;"daviplata: $760.103,08";COMPLETED
V-2026-1719;"4/9/2026, 3:06:37 p. m.";Cajero;;1221692.2399999998;0;0;0;1221692.2399999998;"tarjeta: $1.249.928,24";COMPLETED
V-2026-1718;"4/9/2026, 3:06:37 p. m.";Cajero;;257332.24;0;0;0;257332.24;"daviplata: $285.251,24";COMPLETED
V-2026-1717;"4/9/2026, 3:06:37 p. m.";Cajero;;655721.6799999999;0;0;0;655721.6799999999;"nequi: $662.676,68";COMPLETED
V-2026-1716;"4/9/2026, 3:06:37 p. m.";Cajero;;568988.5700000001;0;0;0;568988.5700000001;"tarjeta: $612.049,57";COMPLETED
V-2026-1715;"4/9/2026, 3:06:37 p. m.";Cajero;;923716.28;0;0;0;923716.28;"tarjeta: $959.189,28";COMPLETED
V-2026-1714;"4/9/2026, 3:06:37 p. m.";Cajero;;652083.6400000001;0;0;0;652083.6400000001;"transferencia: $699.414,64";COMPLETED
V-2026-1713;"4/9/2026, 3:06:37 p. m.";Cajero;;358381.31000000006;0;0;0;358381.31000000006;"nequi: $400.882,31";COMPLETED
V-2026-1712;"4/9/2026, 3:06:37 p. m.";Cajero;;239963.26;0;0;0;239963.26;"daviplata: $244.407,26";COMPLETED
V-2026-1711;"4/9/2026, 3:06:37 p. m.";Cajero;;653631.99;0;0;0;653631.99;"tarjeta: $665.831,99";COMPLETED
V-2026-1710;"4/9/2026, 3:06:37 p. m.";Cajero;;453633.91000000003;0;0;0;453633.91000000003;"transferencia: $462.134,91";COMPLETED
V-2026-1709;"4/9/2026, 3:06:37 p. m.";Cajero;;557231.8799999999;0;0;0;557231.8799999999;"efectivo: $577.455,88";COMPLETED
V-2026-1708;"4/9/2026, 3:06:37 p. m.";Cajero;;575878.07;0;0;0;575878.07;"nequi: $579.239,07";COMPLETED
V-2026-1707;"4/9/2026, 3:06:37 p. m.";Cajero;;756846.08;0;0;0;756846.08;"daviplata: $762.196,08";COMPLETED
V-2026-1706;"4/9/2026, 3:06:37 p. m.";Cajero;;656880.2000000001;0;0;0;656880.2000000001;"efectivo: $689.996,2";COMPLETED
V-2026-1705;"4/9/2026, 3:06:37 p. m.";Cajero;;320225.47;0;0;0;320225.47;"efectivo: $331.338,47";COMPLETED
V-2026-1704;"4/9/2026, 3:06:37 p. m.";Cajero;;567939.1;0;0;0;567939.1;"nequi: $578.220,1";COMPLETED
V-2026-1703;"4/9/2026, 3:06:37 p. m.";Cajero;;180093.6;0;0;0;180093.6;"nequi: $188.560,6";COMPLETED
V-2026-1702;"4/9/2026, 3:06:37 p. m.";Cajero;;468717.12000000005;0;0;0;468717.12000000005;"tarjeta: $514.151,12";COMPLETED
V-2026-1701;"4/9/2026, 3:06:37 p. m.";Cajero;;636032.36;0;0;0;636032.36;"nequi: $675.244,36";COMPLETED
V-2026-1700;"4/9/2026, 3:06:37 p. m.";Cajero;;473721.10000000003;0;0;0;473721.10000000003;"nequi: $491.259,1";COMPLETED
V-2026-1699;"4/9/2026, 3:06:37 p. m.";Cajero;;795562.23;0;0;0;795562.23;"tarjeta: $836.956,23";COMPLETED
V-2026-1698;"4/9/2026, 3:06:37 p. m.";Cajero;;826128.23;0;0;0;826128.23;"daviplata: $840.800,23";COMPLETED
V-2026-1697;"4/9/2026, 3:06:37 p. m.";Cajero;;782328.6599999999;0;0;0;782328.6599999999;"transferencia: $819.457,66";COMPLETED
V-2026-1696;"4/9/2026, 3:06:37 p. m.";Cajero;;926557.9;0;0;0;926557.9;"daviplata: $965.680,9";COMPLETED
V-2026-1695;"4/9/2026, 3:06:37 p. m.";Cajero;;378942.88999999996;0;0;0;378942.88999999996;"nequi: $416.844,89";COMPLETED
V-2026-1694;"4/9/2026, 3:06:37 p. m.";Cajero;;86074.3;0;0;0;86074.3;"efectivo: $129.126,3";COMPLETED
V-2026-1693;"4/9/2026, 3:06:37 p. m.";Cajero;;255017.47;0;0;0;255017.47;"transferencia: $282.192,47";COMPLETED
V-2026-1692;"4/9/2026, 3:06:37 p. m.";Cajero;;851920.8200000001;0;0;0;851920.8200000001;"transferencia: $897.130,82";COMPLETED
V-2026-1691;"4/9/2026, 3:06:37 p. m.";Cajero;;797423.77;0;0;0;797423.77;"transferencia: $818.618,77";COMPLETED
V-2026-1690;"4/9/2026, 3:06:37 p. m.";Cajero;;84396.68000000001;0;0;0;84396.68000000001;"daviplata: $131.113,68";COMPLETED
V-2026-1689;"4/9/2026, 3:06:37 p. m.";Cajero;;537115.19;0;0;0;537115.19;"daviplata: $562.284,19";COMPLETED
V-2026-1688;"4/9/2026, 3:06:37 p. m.";Cajero;;741360.45;0;0;0;741360.45;"daviplata: $765.690,45";COMPLETED
V-2026-1687;"4/9/2026, 3:06:37 p. m.";Cajero;;777129.2300000001;0;0;0;777129.2300000001;"transferencia: $798.921,23";COMPLETED
V-2026-1686;"4/9/2026, 3:06:37 p. m.";Cajero;;536557.3300000001;0;0;0;536557.3300000001;"transferencia: $546.977,33";COMPLETED
V-2026-1685;"4/9/2026, 3:06:37 p. m.";Cajero;;935352.8200000001;0;0;0;935352.8200000001;"daviplata: $983.255,82";COMPLETED
V-2026-1684;"4/9/2026, 3:06:37 p. m.";Cajero;;353679.31999999995;0;0;0;353679.31999999995;"efectivo: $361.914,32";COMPLETED
V-2026-1683;"4/9/2026, 3:06:37 p. m.";Cajero;;832295.6799999999;0;0;0;832295.6799999999;"nequi: $873.938,68";COMPLETED
V-2026-1682;"4/9/2026, 3:06:37 p. m.";Cajero;;533334.8;0;0;0;533334.8;"efectivo: $543.729,8";COMPLETED
V-2026-1681;"4/9/2026, 3:06:37 p. m.";Cajero;;302297.25;0;0;0;302297.25;"daviplata: $340.813,25";COMPLETED
V-2026-1680;"4/9/2026, 3:06:37 p. m.";Cajero;;479980.92;0;0;0;479980.92;"nequi: $499.698,92";COMPLETED
V-2026-1679;"4/9/2026, 3:06:37 p. m.";Cajero;;485198.33999999997;0;0;0;485198.33999999997;"daviplata: $512.066,34";COMPLETED
V-2026-1678;"4/9/2026, 3:06:37 p. m.";Cajero;;314357.35;0;0;0;314357.35;"efectivo: $349.212,35";COMPLETED
V-2026-1677;"4/9/2026, 3:06:37 p. m.";Cajero;;715404.5700000001;0;0;0;715404.5700000001;"tarjeta: $753.492,57";COMPLETED
V-2026-1676;"4/9/2026, 3:06:37 p. m.";Cajero;;499175.22;0;0;0;499175.22;"daviplata: $544.091,22";COMPLETED
V-2026-1675;"4/9/2026, 3:06:37 p. m.";Cajero;;311632.69000000006;0;0;0;311632.69000000006;"efectivo: $336.166,69";COMPLETED
V-2026-1674;"4/9/2026, 3:06:37 p. m.";Cajero;;336571.74999999994;0;0;0;336571.74999999994;"tarjeta: $359.514,75";COMPLETED
V-2026-1673;"4/9/2026, 3:06:37 p. m.";Cajero;;722492.88;0;0;0;722492.88;"transferencia: $755.943,88";COMPLETED
V-2026-1672;"4/9/2026, 3:06:37 p. m.";Cajero;;631162.9299999999;0;0;0;631162.9299999999;"daviplata: $645.443,93";COMPLETED
V-2026-1671;"4/9/2026, 3:06:37 p. m.";Cajero;;720017.11;0;0;0;720017.11;"efectivo: $746.770,11";COMPLETED
V-2026-1670;"4/9/2026, 3:06:37 p. m.";Cajero;;492016.15;0;0;0;492016.15;"daviplata: $509.887,15";COMPLETED
V-2026-1669;"4/9/2026, 3:06:37 p. m.";Cajero;;600258.6299999999;0;0;0;600258.6299999999;"daviplata: $618.446,63";COMPLETED
V-2026-1668;"4/9/2026, 3:06:37 p. m.";Cajero;;715187.6399999999;0;0;0;715187.6399999999;"daviplata: $762.010,64";COMPLETED
V-2026-1667;"4/9/2026, 3:06:37 p. m.";Cajero;;540963.2;0;0;0;540963.2;"transferencia: $552.450,2";COMPLETED
V-2026-1666;"4/9/2026, 3:06:37 p. m.";Cajero;;362924.26;0;0;0;362924.26;"nequi: $405.815,26";COMPLETED
V-2026-1665;"4/9/2026, 3:06:37 p. m.";Cajero;;295130.86;0;0;0;295130.86;"transferencia: $330.946,86";COMPLETED
V-2026-1664;"4/9/2026, 3:06:37 p. m.";Cajero;;720257.75;0;0;0;720257.75;"nequi: $722.067,75";COMPLETED
V-2026-1663;"4/9/2026, 3:06:37 p. m.";Cajero;;588658.74;0;0;0;588658.74;"tarjeta: $632.737,74";COMPLETED
V-2026-1662;"4/9/2026, 3:06:37 p. m.";Cajero;;980698.8099999999;0;0;0;980698.8099999999;"daviplata: $995.076,81";COMPLETED
V-2026-1661;"4/9/2026, 3:06:37 p. m.";Cajero;;784217.1799999999;0;0;0;784217.1799999999;"efectivo: $802.514,18";COMPLETED
V-2026-1660;"4/9/2026, 3:06:37 p. m.";Cajero;;42689.350000000006;0;0;0;42689.350000000006;"daviplata: $44.570,35";COMPLETED
V-2026-1659;"4/9/2026, 3:06:37 p. m.";Cajero;;45380.36;0;0;0;45380.36;"transferencia: $72.964,36";COMPLETED
V-2026-1658;"4/9/2026, 3:06:37 p. m.";Cajero;;938663.03;0;0;0;938663.03;"nequi: $940.569,03";COMPLETED
V-2026-1657;"4/9/2026, 3:06:37 p. m.";Cajero;;1139451.92;0;0;0;1139451.92;"transferencia: $1.143.067,92";COMPLETED
V-2026-1656;"4/9/2026, 3:06:37 p. m.";Cajero;;673901.32;0;0;0;673901.32;"transferencia: $717.330,32";COMPLETED
V-2026-1655;"4/9/2026, 3:06:37 p. m.";Cajero;;472783.82999999996;0;0;0;472783.82999999996;"tarjeta: $478.745,83";COMPLETED
V-2026-1654;"4/9/2026, 3:06:37 p. m.";Cajero;;1089732.88;0;0;0;1089732.88;"tarjeta: $1.121.508,88";COMPLETED
V-2026-1653;"4/9/2026, 3:06:37 p. m.";Cajero;;542901.78;0;0;0;542901.78;"nequi: $544.301,78";COMPLETED
V-2026-1652;"4/9/2026, 3:06:37 p. m.";Cajero;;774882.8799999999;0;0;0;774882.8799999999;"tarjeta: $815.163,88";COMPLETED
V-2026-1651;"4/9/2026, 3:06:37 p. m.";Cajero;;481368.37;0;0;0;481368.37;"transferencia: $487.157,37";COMPLETED
V-2026-1650;"4/9/2026, 3:06:37 p. m.";Cajero;;391334.19999999995;0;0;0;391334.19999999995;"transferencia: $440.559,2";COMPLETED
V-2026-1649;"4/9/2026, 3:06:37 p. m.";Cajero;;467978.81999999995;0;0;0;467978.81999999995;"daviplata: $493.817,82";COMPLETED
V-2026-1648;"4/9/2026, 3:06:37 p. m.";Cajero;;627405.17;0;0;0;627405.17;"daviplata: $670.946,17";COMPLETED
V-2026-1647;"4/9/2026, 3:06:37 p. m.";Cajero;;599893.2100000001;0;0;0;599893.2100000001;"nequi: $626.759,21";COMPLETED
V-2026-1646;"4/9/2026, 3:06:37 p. m.";Cajero;;184780.05000000002;0;0;0;184780.05000000002;"nequi: $229.914,05";COMPLETED
V-2026-1645;"4/9/2026, 3:06:37 p. m.";Cajero;;476011.8300000001;0;0;0;476011.8300000001;"efectivo: $479.484,83";COMPLETED
V-2026-1644;"4/9/2026, 3:06:37 p. m.";Cajero;;87359.45999999999;0;0;0;87359.45999999999;"nequi: $123.273,46";COMPLETED
V-2026-1643;"4/9/2026, 3:06:37 p. m.";Cajero;;569025.7999999999;0;0;0;569025.7999999999;"efectivo: $618.833,8";COMPLETED
V-2026-1642;"4/9/2026, 3:06:37 p. m.";Cajero;;883599.0099999999;0;0;0;883599.0099999999;"efectivo: $929.087,01";COMPLETED
V-2026-1641;"4/9/2026, 3:06:37 p. m.";Cajero;;49962.03999999999;0;0;0;49962.03999999999;"transferencia: $69.802,04";COMPLETED
V-2026-1640;"4/9/2026, 3:06:37 p. m.";Cajero;;311901.48000000004;0;0;0;311901.48000000004;"tarjeta: $361.145,48";COMPLETED
V-2026-1639;"4/9/2026, 3:06:36 p. m.";Cajero;;358577.65;0;0;0;358577.65;"daviplata: $368.391,65";COMPLETED
V-2026-1638;"4/9/2026, 3:06:36 p. m.";Cajero;;204663.38;0;0;0;204663.38;"nequi: $204.694,38";COMPLETED
V-2026-1637;"4/9/2026, 3:06:36 p. m.";Cajero;;352567.8;0;0;0;352567.8;"efectivo: $397.240,8";COMPLETED
V-2026-1636;"4/9/2026, 3:06:36 p. m.";Cajero;;384458.9;0;0;0;384458.9;"daviplata: $425.576,9";COMPLETED
V-2026-1635;"4/9/2026, 3:06:36 p. m.";Cajero;;303915.61;0;0;0;303915.61;"nequi: $310.880,61";COMPLETED
V-2026-1634;"4/9/2026, 3:06:36 p. m.";Cajero;;28619.44;0;0;0;28619.44;"daviplata: $59.274,44";COMPLETED
V-2026-1633;"4/9/2026, 3:06:36 p. m.";Cajero;;596372.1000000001;0;0;0;596372.1000000001;"transferencia: $600.927,1";COMPLETED
V-2026-1632;"4/9/2026, 3:06:36 p. m.";Cajero;;639980.5;0;0;0;639980.5;"efectivo: $667.148,5";COMPLETED
V-2026-1631;"4/9/2026, 3:06:36 p. m.";Cajero;;48728.29;0;0;0;48728.29;"nequi: $85.802,29";COMPLETED
V-2026-1630;"4/9/2026, 3:06:36 p. m.";Cajero;;633844.7;0;0;0;633844.7;"efectivo: $673.675,7";COMPLETED
V-2026-1629;"4/9/2026, 3:06:36 p. m.";Cajero;;386995.07;0;0;0;386995.07;"transferencia: $421.487,07";COMPLETED
V-2026-1628;"4/9/2026, 3:06:36 p. m.";Cajero;;198487.68;0;0;0;198487.68;"efectivo: $240.408,68";COMPLETED
V-2026-1627;"4/9/2026, 3:06:36 p. m.";Cajero;;23246.45;0;0;0;23246.45;"transferencia: $43.825,45";COMPLETED
V-2026-1626;"4/9/2026, 3:06:36 p. m.";Cajero;;498555.56000000006;0;0;0;498555.56000000006;"nequi: $532.303,56";COMPLETED
V-2026-1625;"4/9/2026, 3:06:36 p. m.";Cajero;;625802.6499999999;0;0;0;625802.6499999999;"transferencia: $663.472,65";COMPLETED
V-2026-1624;"4/9/2026, 3:06:36 p. m.";Cajero;;336675.48;0;0;0;336675.48;"efectivo: $359.517,48";COMPLETED
V-2026-1623;"4/9/2026, 3:06:36 p. m.";Cajero;;419943.49999999994;0;0;0;419943.49999999994;"efectivo: $460.709,5";COMPLETED
V-2026-1622;"4/9/2026, 3:06:36 p. m.";Cajero;;418629.32999999996;0;0;0;418629.32999999996;"nequi: $457.460,33";COMPLETED
V-2026-1621;"4/9/2026, 3:06:36 p. m.";Cajero;;660546.4;0;0;0;660546.4;"transferencia: $662.831,4";COMPLETED
V-2026-1620;"4/9/2026, 3:06:36 p. m.";Cajero;;633917.9800000001;0;0;0;633917.9800000001;"daviplata: $634.465,98";COMPLETED
V-2026-1619;"4/9/2026, 3:06:36 p. m.";Cajero;;787466.1400000001;0;0;0;787466.1400000001;"tarjeta: $819.370,14";COMPLETED
V-2026-1618;"4/9/2026, 3:06:36 p. m.";Cajero;;333455.63999999996;0;0;0;333455.63999999996;"daviplata: $371.915,64";COMPLETED
V-2026-1617;"4/9/2026, 3:06:36 p. m.";Cajero;;389824.66000000003;0;0;0;389824.66000000003;"tarjeta: $433.927,66";COMPLETED
V-2026-1616;"4/9/2026, 3:06:36 p. m.";Cajero;;572419.2999999999;0;0;0;572419.2999999999;"daviplata: $583.783,3";COMPLETED
V-2026-1615;"4/9/2026, 3:06:36 p. m.";Cajero;;274469.85;0;0;0;274469.85;"tarjeta: $292.412,85";COMPLETED
V-2026-1614;"4/9/2026, 3:06:36 p. m.";Cajero;;287420.91000000003;0;0;0;287420.91000000003;"daviplata: $332.347,91";COMPLETED
V-2026-1613;"4/9/2026, 3:06:36 p. m.";Cajero;;188721.18000000002;0;0;0;188721.18000000002;"nequi: $233.291,18";COMPLETED
V-2026-1612;"4/9/2026, 3:06:36 p. m.";Cajero;;258214.72999999998;0;0;0;258214.72999999998;"tarjeta: $264.194,73";COMPLETED
V-2026-1611;"4/9/2026, 3:06:36 p. m.";Cajero;;529245.39;0;0;0;529245.39;"efectivo: $575.983,39";COMPLETED
V-2026-1610;"4/9/2026, 3:06:36 p. m.";Cajero;;145574.07;0;0;0;145574.07;"efectivo: $171.976,07";COMPLETED
V-2026-1609;"4/9/2026, 3:06:36 p. m.";Cajero;;210771.47;0;0;0;210771.47;"tarjeta: $238.795,47";COMPLETED
V-2026-1608;"4/9/2026, 3:06:36 p. m.";Cajero;;1677538.41;0;0;0;1677538.41;"efectivo: $1.699.481,41";COMPLETED
V-2026-1607;"4/9/2026, 3:06:36 p. m.";Cajero;;66946.08;0;0;0;66946.08;"daviplata: $86.361,08";COMPLETED
V-2026-1606;"4/9/2026, 3:06:36 p. m.";Cajero;;349952.17;0;0;0;349952.17;"tarjeta: $390.856,17";COMPLETED
V-2026-1605;"4/9/2026, 3:06:36 p. m.";Cajero;;132951.94;0;0;0;132951.94;"tarjeta: $142.002,94";COMPLETED
V-2026-1604;"4/9/2026, 3:06:36 p. m.";Cajero;;7833.48;0;0;0;7833.48;"transferencia: $56.244,48";COMPLETED
V-2026-1603;"4/9/2026, 3:06:36 p. m.";Cajero;;21370.940000000002;0;0;0;21370.940000000002;"transferencia: $58.620,94";COMPLETED
V-2026-1602;"4/9/2026, 3:06:36 p. m.";Cajero;;521338.39;0;0;0;521338.39;"tarjeta: $562.224,39";COMPLETED
V-2026-1601;"4/9/2026, 3:06:36 p. m.";Cajero;;695950.3600000001;0;0;0;695950.3600000001;"tarjeta: $706.833,36";COMPLETED
V-2026-1600;"4/9/2026, 3:06:36 p. m.";Cajero;;704470.5;0;0;0;704470.5;"transferencia: $728.175,5";COMPLETED
V-2026-1599;"4/9/2026, 3:06:36 p. m.";Cajero;;1140065.19;0;0;0;1140065.19;"tarjeta: $1.178.707,19";COMPLETED
V-2026-1598;"4/9/2026, 3:06:36 p. m.";Cajero;;917437.69;0;0;0;917437.69;"efectivo: $958.509,69";COMPLETED
V-2026-1597;"4/9/2026, 3:06:36 p. m.";Cajero;;148627.69999999998;0;0;0;148627.69999999998;"tarjeta: $188.510,7";COMPLETED
V-2026-1596;"4/9/2026, 3:06:36 p. m.";Cajero;;116004.81;0;0;0;116004.81;"tarjeta: $133.614,81";COMPLETED
V-2026-1595;"4/9/2026, 3:06:36 p. m.";Cajero;;583604.86;0;0;0;583604.86;"tarjeta: $594.103,86";COMPLETED
V-2026-1594;"4/9/2026, 3:06:36 p. m.";Cajero;;25613.61;0;0;0;25613.61;"daviplata: $60.751,61";COMPLETED
V-2026-1593;"4/9/2026, 3:06:36 p. m.";Cajero;;605806.59;0;0;0;605806.59;"efectivo: $615.375,59";COMPLETED
V-2026-1592;"4/9/2026, 3:06:36 p. m.";Cajero;;594384.28;0;0;0;594384.28;"nequi: $626.219,28";COMPLETED
V-2026-1591;"4/9/2026, 3:06:36 p. m.";Cajero;;847172.48;0;0;0;847172.48;"nequi: $889.967,48";COMPLETED
V-2026-1590;"4/9/2026, 3:06:36 p. m.";Cajero;;275586.25;0;0;0;275586.25;"transferencia: $303.752,25";COMPLETED
V-2026-1589;"4/9/2026, 3:06:36 p. m.";Cajero;;398136.55000000005;0;0;0;398136.55000000005;"transferencia: $435.106,55";COMPLETED
V-2026-1588;"4/9/2026, 3:06:36 p. m.";Cajero;;332424.5;0;0;0;332424.5;"daviplata: $370.756,5";COMPLETED
V-2026-1587;"4/9/2026, 3:06:36 p. m.";Cajero;;409329.58999999997;0;0;0;409329.58999999997;"transferencia: $436.812,59";COMPLETED
V-2026-1586;"4/9/2026, 3:06:36 p. m.";Cajero;;207233.55;0;0;0;207233.55;"tarjeta: $236.823,55";COMPLETED
V-2026-1585;"4/9/2026, 3:06:36 p. m.";Cajero;;199047.75;0;0;0;199047.75;"daviplata: $216.350,75";COMPLETED
V-2026-1584;"4/9/2026, 3:06:36 p. m.";Cajero;;1524439.62;0;0;0;1524439.62;"daviplata: $1.524.441,62";COMPLETED
V-2026-1583;"4/9/2026, 3:06:36 p. m.";Cajero;;277977.77;0;0;0;277977.77;"tarjeta: $321.787,77";COMPLETED
V-2026-1582;"4/9/2026, 3:06:36 p. m.";Cajero;;451677.39;0;0;0;451677.39;"nequi: $475.616,39";COMPLETED
V-2026-1581;"4/9/2026, 3:06:36 p. m.";Cajero;;1104757.55;0;0;0;1104757.55;"nequi: $1.132.568,55";COMPLETED
V-2026-1580;"4/9/2026, 3:06:36 p. m.";Cajero;;318963.51999999996;0;0;0;318963.51999999996;"transferencia: $332.304,52";COMPLETED
V-2026-1579;"4/9/2026, 3:06:36 p. m.";Cajero;;404681.9;0;0;0;404681.9;"nequi: $412.005,9";COMPLETED
V-2026-1578;"4/9/2026, 3:06:36 p. m.";Cajero;;178006.34;0;0;0;178006.34;"efectivo: $211.613,34";COMPLETED
V-2026-1577;"4/9/2026, 3:06:36 p. m.";Cajero;;1162169.1199999999;0;0;0;1162169.1199999999;"tarjeta: $1.169.917,12";COMPLETED
V-2026-1576;"4/9/2026, 3:06:36 p. m.";Cajero;;846378.1799999999;0;0;0;846378.1799999999;"daviplata: $882.690,18";COMPLETED
V-2026-1575;"4/9/2026, 3:06:36 p. m.";Cajero;;599568.69;0;0;0;599568.69;"tarjeta: $636.302,69";COMPLETED
V-2026-1574;"4/9/2026, 3:06:36 p. m.";Cajero;;327736.88999999996;0;0;0;327736.88999999996;"nequi: $334.595,89";COMPLETED
V-2026-1573;"4/9/2026, 3:06:36 p. m.";Cajero;;281119.89;0;0;0;281119.89;"nequi: $310.649,89";COMPLETED
V-2026-1572;"4/9/2026, 3:06:36 p. m.";Cajero;;647953.35;0;0;0;647953.35;"daviplata: $655.921,35";COMPLETED
V-2026-1571;"4/9/2026, 3:06:36 p. m.";Cajero;;539552.88;0;0;0;539552.88;"nequi: $558.192,88";COMPLETED
V-2026-1570;"4/9/2026, 3:06:36 p. m.";Cajero;;776940.66;0;0;0;776940.66;"daviplata: $805.449,66";COMPLETED
V-2026-1569;"4/9/2026, 3:06:36 p. m.";Cajero;;925145.27;0;0;0;925145.27;"nequi: $928.106,27";COMPLETED
V-2026-1568;"4/9/2026, 3:06:36 p. m.";Cajero;;113567.94;0;0;0;113567.94;"daviplata: $136.497,94";COMPLETED
V-2026-1567;"4/9/2026, 3:06:36 p. m.";Cajero;;355287.37;0;0;0;355287.37;"tarjeta: $360.728,37";COMPLETED
V-2026-1566;"4/9/2026, 3:06:36 p. m.";Cajero;;772533.9900000001;0;0;0;772533.9900000001;"tarjeta: $815.391,99";COMPLETED
V-2026-1565;"4/9/2026, 3:06:36 p. m.";Cajero;;693826.3;0;0;0;693826.3;"tarjeta: $705.778,3";COMPLETED
V-2026-1564;"4/9/2026, 3:06:36 p. m.";Cajero;;248174.09999999998;0;0;0;248174.09999999998;"efectivo: $287.286,1";COMPLETED
V-2026-1563;"4/9/2026, 3:06:36 p. m.";Cajero;;200982.86;0;0;0;200982.86;"tarjeta: $226.330,86";COMPLETED
V-2026-1562;"4/9/2026, 3:06:36 p. m.";Cajero;;1298156.46;0;0;0;1298156.46;"transferencia: $1.313.907,46";COMPLETED
V-2026-1561;"4/9/2026, 3:06:36 p. m.";Cajero;;201444.85;0;0;0;201444.85;"transferencia: $245.886,85";COMPLETED
V-2026-1560;"4/9/2026, 3:06:36 p. m.";Cajero;;199163.54;0;0;0;199163.54;"efectivo: $201.143,54";COMPLETED
V-2026-1559;"4/9/2026, 3:06:36 p. m.";Cajero;;692351.15;0;0;0;692351.15;"daviplata: $712.175,15";COMPLETED
V-2026-1558;"4/9/2026, 3:06:36 p. m.";Cajero;;360567.42000000004;0;0;0;360567.42000000004;"daviplata: $393.528,42";COMPLETED
V-2026-1557;"4/9/2026, 3:06:36 p. m.";Cajero;;934937.4099999999;0;0;0;934937.4099999999;"tarjeta: $975.195,41";COMPLETED
V-2026-1556;"4/9/2026, 3:06:36 p. m.";Cajero;;335793.62;0;0;0;335793.62;"efectivo: $336.935,62";COMPLETED
V-2026-1555;"4/9/2026, 3:06:36 p. m.";Cajero;;80217.4;0;0;0;80217.4;"daviplata: $103.435,4";COMPLETED
V-2026-1554;"4/9/2026, 3:06:36 p. m.";Cajero;;332387.68;0;0;0;332387.68;"tarjeta: $354.494,68";COMPLETED
V-2026-1553;"4/9/2026, 3:06:36 p. m.";Cajero;;199426.32;0;0;0;199426.32;"transferencia: $215.000,32";COMPLETED
V-2026-1552;"4/9/2026, 3:06:36 p. m.";Cajero;;471825.13;0;0;0;471825.13;"transferencia: $486.905,13";COMPLETED
V-2026-1551;"4/9/2026, 3:06:36 p. m.";Cajero;;693547.85;0;0;0;693547.85;"tarjeta: $721.196,85";COMPLETED
V-2026-1550;"4/9/2026, 3:06:36 p. m.";Cajero;;127169.4;0;0;0;127169.4;"efectivo: $142.544,4";COMPLETED
V-2026-1549;"4/9/2026, 3:06:36 p. m.";Cajero;;336071.2;0;0;0;336071.2;"efectivo: $346.994,2";COMPLETED
V-2026-1548;"4/9/2026, 3:06:36 p. m.";Cajero;;655057.35;0;0;0;655057.35;"efectivo: $675.542,35";COMPLETED
V-2026-1547;"4/9/2026, 3:06:36 p. m.";Cajero;;273941.66;0;0;0;273941.66;"tarjeta: $321.405,66";COMPLETED
V-2026-1546;"4/9/2026, 3:06:36 p. m.";Cajero;;26403.629999999997;0;0;0;26403.629999999997;"transferencia: $48.532,63";COMPLETED
V-2026-1545;"4/9/2026, 3:06:36 p. m.";Cajero;;597985.36;0;0;0;597985.36;"nequi: $615.161,36";COMPLETED
V-2026-1544;"4/9/2026, 3:06:36 p. m.";Cajero;;1025292.76;0;0;0;1025292.76;"transferencia: $1.052.785,76";COMPLETED
V-2026-1543;"4/9/2026, 3:06:36 p. m.";Cajero;;1319619.2000000002;0;0;0;1319619.2000000002;"daviplata: $1.366.381,2";COMPLETED
V-2026-1542;"4/9/2026, 3:06:36 p. m.";Cajero;;196616.84999999998;0;0;0;196616.84999999998;"nequi: $214.880,85";COMPLETED
V-2026-1541;"4/9/2026, 3:06:36 p. m.";Cajero;;646712.5399999999;0;0;0;646712.5399999999;"daviplata: $668.103,54";COMPLETED
V-2026-1540;"4/9/2026, 3:06:36 p. m.";Cajero;;133648.52;0;0;0;133648.52;"transferencia: $162.600,52";COMPLETED
V-2026-1539;"4/9/2026, 3:06:36 p. m.";Cajero;;373052.61;0;0;0;373052.61;"transferencia: $396.571,61";COMPLETED
V-2026-1538;"4/9/2026, 3:06:36 p. m.";Cajero;;315604.33;0;0;0;315604.33;"daviplata: $341.376,33";COMPLETED
V-2026-1537;"4/9/2026, 3:06:36 p. m.";Cajero;;667804.71;0;0;0;667804.71;"nequi: $688.893,71";COMPLETED
V-2026-1536;"4/9/2026, 3:06:36 p. m.";Cajero;;881007.9700000001;0;0;0;881007.9700000001;"efectivo: $911.504,97";COMPLETED
V-2026-1535;"4/9/2026, 3:06:36 p. m.";Cajero;;163997.9;0;0;0;163997.9;"efectivo: $213.633,9";COMPLETED
V-2026-1534;"4/9/2026, 3:06:36 p. m.";Cajero;;335068.38999999996;0;0;0;335068.38999999996;"daviplata: $373.394,39";COMPLETED
V-2026-1533;"4/9/2026, 3:06:35 p. m.";Cajero;;859524.03;0;0;0;859524.03;"transferencia: $892.877,03";COMPLETED
V-2026-1532;"4/9/2026, 3:06:35 p. m.";Cajero;;313742.83;0;0;0;313742.83;"nequi: $331.063,83";COMPLETED
V-2026-1531;"4/9/2026, 3:06:35 p. m.";Cajero;;487446.18;0;0;0;487446.18;"tarjeta: $494.368,18";COMPLETED
V-2026-1530;"4/9/2026, 3:06:35 p. m.";Cajero;;128364.55;0;0;0;128364.55;"daviplata: $128.793,55";COMPLETED
V-2026-1529;"4/9/2026, 3:06:35 p. m.";Cajero;;499814.93;0;0;0;499814.93;"daviplata: $532.278,93";COMPLETED
V-2026-1528;"4/9/2026, 3:06:35 p. m.";Cajero;;1129111.26;0;0;0;1129111.26;"transferencia: $1.167.083,26";COMPLETED
V-2026-1527;"4/9/2026, 3:06:35 p. m.";Cajero;;772123.3500000001;0;0;0;772123.3500000001;"daviplata: $775.766,35";COMPLETED
V-2026-1526;"4/9/2026, 3:06:35 p. m.";Cajero;;449688.95999999996;0;0;0;449688.95999999996;"transferencia: $482.963,96";COMPLETED
V-2026-1525;"4/9/2026, 3:06:35 p. m.";Cajero;;280001.36;0;0;0;280001.36;"efectivo: $301.678,36";COMPLETED
V-2026-1524;"4/9/2026, 3:06:35 p. m.";Cajero;;211208.66;0;0;0;211208.66;"efectivo: $229.859,66";COMPLETED
V-2026-1523;"4/9/2026, 3:06:35 p. m.";Cajero;;1467998.56;0;0;0;1467998.56;"efectivo: $1.504.637,56";COMPLETED
V-2026-1522;"4/9/2026, 3:06:35 p. m.";Cajero;;1359025.02;0;0;0;1359025.02;"daviplata: $1.373.697,02";COMPLETED
V-2026-1521;"4/9/2026, 3:06:35 p. m.";Cajero;;687587.71;0;0;0;687587.71;"nequi: $692.541,71";COMPLETED
V-2026-1520;"4/9/2026, 3:06:35 p. m.";Cajero;;558194.91;0;0;0;558194.91;"tarjeta: $568.503,91";COMPLETED
V-2026-1519;"4/9/2026, 3:06:35 p. m.";Cajero;;20569.76;0;0;0;20569.76;"daviplata: $55.463,76";COMPLETED
V-2026-1518;"4/9/2026, 3:06:35 p. m.";Cajero;;203482.79;0;0;0;203482.79;"transferencia: $243.761,79";COMPLETED
V-2026-1517;"4/9/2026, 3:06:35 p. m.";Cajero;;157288.87;0;0;0;157288.87;"daviplata: $196.147,87";COMPLETED
V-2026-1516;"4/9/2026, 3:06:35 p. m.";Cajero;;345118.87;0;0;0;345118.87;"tarjeta: $349.922,87";COMPLETED
V-2026-1515;"4/9/2026, 3:06:35 p. m.";Cajero;;607225.9700000001;0;0;0;607225.9700000001;"tarjeta: $625.657,97";COMPLETED
V-2026-1514;"4/9/2026, 3:06:35 p. m.";Cajero;;24661.15;0;0;0;24661.15;"transferencia: $25.837,15";COMPLETED
V-2026-1513;"4/9/2026, 3:06:35 p. m.";Cajero;;410077.44;0;0;0;410077.44;"efectivo: $422.426,44";COMPLETED
V-2026-1512;"4/9/2026, 3:06:35 p. m.";Cajero;;233193.33000000002;0;0;0;233193.33000000002;"transferencia: $278.390,33";COMPLETED
V-2026-1511;"4/9/2026, 3:06:35 p. m.";Cajero;;246163.31;0;0;0;246163.31;"transferencia: $291.387,31";COMPLETED
V-2026-1510;"4/9/2026, 3:06:35 p. m.";Cajero;;18002.97;0;0;0;18002.97;"efectivo: $37.908,97";COMPLETED
V-2026-1509;"4/9/2026, 3:06:35 p. m.";Cajero;;117517.4;0;0;0;117517.4;"efectivo: $158.724,4";COMPLETED
V-2026-1508;"4/9/2026, 3:06:35 p. m.";Cajero;;331671.59;0;0;0;331671.59;"tarjeta: $381.385,59";COMPLETED
V-2026-1507;"4/9/2026, 3:06:35 p. m.";Cajero;;117849.95000000001;0;0;0;117849.95000000001;"nequi: $135.578,95";COMPLETED
V-2026-1506;"4/9/2026, 3:06:35 p. m.";Cajero;;494613.56;0;0;0;494613.56;"efectivo: $502.420,56";COMPLETED
V-2026-1505;"4/9/2026, 3:06:35 p. m.";Cajero;;406276.69;0;0;0;406276.69;"transferencia: $427.122,69";COMPLETED
V-2026-1504;"4/9/2026, 3:06:35 p. m.";Cajero;;435036.83;0;0;0;435036.83;"daviplata: $459.156,83";COMPLETED
V-2026-1503;"4/9/2026, 3:06:35 p. m.";Cajero;;478610.78;0;0;0;478610.78;"daviplata: $499.628,78";COMPLETED
V-2026-1502;"4/9/2026, 3:06:35 p. m.";Cajero;;899013.26;0;0;0;899013.26;"daviplata: $938.473,26";COMPLETED
V-2026-1501;"4/9/2026, 3:06:35 p. m.";Cajero;;147521.96000000002;0;0;0;147521.96000000002;"daviplata: $197.207,96";COMPLETED
V-2026-1500;"4/9/2026, 3:06:35 p. m.";Cajero;;181568.26;0;0;0;181568.26;"tarjeta: $184.523,26";COMPLETED
V-2026-1499;"4/9/2026, 3:06:35 p. m.";Cajero;;900907.34;0;0;0;900907.34;"daviplata: $937.568,34";COMPLETED
V-2026-1498;"4/9/2026, 3:06:35 p. m.";Cajero;;58232.92;0;0;0;58232.92;"daviplata: $86.136,92";COMPLETED
V-2026-1497;"4/9/2026, 3:06:35 p. m.";Cajero;;813408.49;0;0;0;813408.49;"efectivo: $830.608,49";COMPLETED
V-2026-1496;"4/9/2026, 3:06:35 p. m.";Cajero;;253353.31;0;0;0;253353.31;"nequi: $257.847,31";COMPLETED
V-2026-1495;"4/9/2026, 3:06:35 p. m.";Cajero;;370264.47;0;0;0;370264.47;"nequi: $396.688,47";COMPLETED
V-2026-1494;"4/9/2026, 3:06:35 p. m.";Cajero;;334884.08999999997;0;0;0;334884.08999999997;"tarjeta: $370.533,09";COMPLETED
V-2026-1493;"4/9/2026, 3:06:35 p. m.";Cajero;;1018354.51;0;0;0;1018354.51;"nequi: $1.064.495,51";COMPLETED
V-2026-1492;"4/9/2026, 3:06:35 p. m.";Cajero;;306464.56;0;0;0;306464.56;"nequi: $306.599,56";COMPLETED
V-2026-1491;"4/9/2026, 3:06:35 p. m.";Cajero;;909706.8;0;0;0;909706.8;"transferencia: $925.849,8";COMPLETED
V-2026-1490;"4/9/2026, 3:06:35 p. m.";Cajero;;428215.5;0;0;0;428215.5;"transferencia: $447.755,5";COMPLETED
V-2026-1489;"4/9/2026, 3:06:35 p. m.";Cajero;;330070.76;0;0;0;330070.76;"nequi: $367.242,76";COMPLETED
V-2026-1488;"4/9/2026, 3:06:35 p. m.";Cajero;;828647.5799999998;0;0;0;828647.5799999998;"transferencia: $852.691,58";COMPLETED
V-2026-1487;"4/9/2026, 3:06:35 p. m.";Cajero;;450929.9;0;0;0;450929.9;"efectivo: $480.767,9";COMPLETED
V-2026-1486;"4/9/2026, 3:06:35 p. m.";Cajero;;29349.7;0;0;0;29349.7;"daviplata: $70.322,7";COMPLETED
V-2026-1485;"4/9/2026, 3:06:35 p. m.";Cajero;;414532.72000000003;0;0;0;414532.72000000003;"tarjeta: $422.604,72";COMPLETED
V-2026-1484;"4/9/2026, 3:06:35 p. m.";Cajero;;27940.5;0;0;0;27940.5;"nequi: $38.054,5";COMPLETED
V-2026-1483;"4/9/2026, 3:06:35 p. m.";Cajero;;422081.44;0;0;0;422081.44;"daviplata: $453.774,44";COMPLETED
V-2026-1482;"4/9/2026, 3:06:35 p. m.";Cajero;;463306.8;0;0;0;463306.8;"transferencia: $473.537,8";COMPLETED
V-2026-1481;"4/9/2026, 3:06:35 p. m.";Cajero;;129843.53;0;0;0;129843.53;"transferencia: $138.223,53";COMPLETED
V-2026-1480;"4/9/2026, 3:06:35 p. m.";Cajero;;1058427.03;0;0;0;1058427.03;"tarjeta: $1.071.156,03";COMPLETED
V-2026-1479;"4/9/2026, 3:06:35 p. m.";Cajero;;322588.93;0;0;0;322588.93;"efectivo: $367.493,93";COMPLETED
V-2026-1478;"4/9/2026, 3:06:35 p. m.";Cajero;;409227.56;0;0;0;409227.56;"efectivo: $412.097,56";COMPLETED
V-2026-1477;"4/9/2026, 3:06:35 p. m.";Cajero;;484693.70000000007;0;0;0;484693.70000000007;"nequi: $522.324,7";COMPLETED
V-2026-1476;"4/9/2026, 3:06:35 p. m.";Cajero;;422529.85000000003;0;0;0;422529.85000000003;"daviplata: $453.474,85";COMPLETED
V-2026-1475;"4/9/2026, 3:06:35 p. m.";Cajero;;281261.04;0;0;0;281261.04;"daviplata: $301.623,04";COMPLETED
V-2026-1474;"4/9/2026, 3:06:35 p. m.";Cajero;;894918.5700000001;0;0;0;894918.5700000001;"nequi: $921.344,57";COMPLETED
V-2026-1473;"4/9/2026, 3:06:35 p. m.";Cajero;;265028.22;0;0;0;265028.22;"transferencia: $290.215,22";COMPLETED
V-2026-1472;"4/9/2026, 3:06:35 p. m.";Cajero;;203966.9;0;0;0;203966.9;"nequi: $241.943,9";COMPLETED
V-2026-1471;"4/9/2026, 3:06:35 p. m.";Cajero;;436894.06000000006;0;0;0;436894.06000000006;"tarjeta: $482.280,06";COMPLETED
V-2026-1470;"4/9/2026, 3:06:35 p. m.";Cajero;;242599.46;0;0;0;242599.46;"daviplata: $273.924,46";COMPLETED
V-2026-1469;"4/9/2026, 3:06:35 p. m.";Cajero;;377546.67000000004;0;0;0;377546.67000000004;"transferencia: $383.714,67";COMPLETED
V-2026-1468;"4/9/2026, 3:06:35 p. m.";Cajero;;107415.86;0;0;0;107415.86;"transferencia: $138.513,86";COMPLETED
V-2026-1467;"4/9/2026, 3:06:35 p. m.";Cajero;;321723.66;0;0;0;321723.66;"daviplata: $352.368,66";COMPLETED
V-2026-1466;"4/9/2026, 3:06:35 p. m.";Cajero;;1167128.46;0;0;0;1167128.46;"daviplata: $1.173.220,46";COMPLETED
V-2026-1465;"4/9/2026, 3:06:35 p. m.";Cajero;;130895.97;0;0;0;130895.97;"transferencia: $176.718,97";COMPLETED
V-2026-1464;"4/9/2026, 3:06:35 p. m.";Cajero;;308825.48;0;0;0;308825.48;"daviplata: $351.114,48";COMPLETED
V-2026-1463;"4/9/2026, 3:06:35 p. m.";Cajero;;426637.7;0;0;0;426637.7;"nequi: $453.043,7";COMPLETED
V-2026-1462;"4/9/2026, 3:06:35 p. m.";Cajero;;44471.32;0;0;0;44471.32;"tarjeta: $56.672,32";COMPLETED
V-2026-1461;"4/9/2026, 3:06:35 p. m.";Cajero;;362801.48;0;0;0;362801.48;"transferencia: $367.493,48";COMPLETED
V-2026-1460;"4/9/2026, 3:06:35 p. m.";Cajero;;195923.58000000002;0;0;0;195923.58000000002;"transferencia: $196.187,58";COMPLETED
V-2026-1459;"4/9/2026, 3:06:35 p. m.";Cajero;;827810.0100000001;0;0;0;827810.0100000001;"transferencia: $832.934,01";COMPLETED
V-2026-1458;"4/9/2026, 3:06:35 p. m.";Cajero;;31592.43;0;0;0;31592.43;"tarjeta: $74.483,43";COMPLETED
V-2026-1457;"4/9/2026, 3:06:35 p. m.";Cajero;;591561.04;0;0;0;591561.04;"nequi: $598.757,04";COMPLETED
V-2026-1456;"4/9/2026, 3:06:35 p. m.";Cajero;;344219.98000000004;0;0;0;344219.98000000004;"daviplata: $378.448,98";COMPLETED
V-2026-1455;"4/9/2026, 3:06:35 p. m.";Cajero;;274689.49;0;0;0;274689.49;"transferencia: $323.048,49";COMPLETED
V-2026-1454;"4/9/2026, 3:06:35 p. m.";Cajero;;678344.23;0;0;0;678344.23;"transferencia: $711.224,23";COMPLETED
V-2026-1453;"4/9/2026, 3:06:35 p. m.";Cajero;;553433.29;0;0;0;553433.29;"efectivo: $561.896,29";COMPLETED
V-2026-1452;"4/9/2026, 3:06:35 p. m.";Cajero;;929914.2499999999;0;0;0;929914.2499999999;"efectivo: $942.140,25";COMPLETED
V-2026-1451;"4/9/2026, 3:06:35 p. m.";Cajero;;373283.26;0;0;0;373283.26;"efectivo: $409.082,26";COMPLETED
V-2026-1450;"4/9/2026, 3:06:35 p. m.";Cajero;;146645.1;0;0;0;146645.1;"tarjeta: $183.779,1";COMPLETED
V-2026-1449;"4/9/2026, 3:06:35 p. m.";Cajero;;691431.7300000001;0;0;0;691431.7300000001;"efectivo: $710.768,73";COMPLETED
V-2026-1448;"4/9/2026, 3:06:35 p. m.";Cajero;;472172.15;0;0;0;472172.15;"nequi: $488.166,15";COMPLETED
V-2026-1447;"4/9/2026, 3:06:35 p. m.";Cajero;;239974.55;0;0;0;239974.55;"tarjeta: $278.999,55";COMPLETED
V-2026-1446;"4/9/2026, 3:06:35 p. m.";Cajero;;843037.97;0;0;0;843037.97;"daviplata: $846.231,97";COMPLETED
V-2026-1445;"4/9/2026, 3:06:35 p. m.";Cajero;;495055.98;0;0;0;495055.98;"nequi: $525.626,98";COMPLETED
V-2026-1444;"4/9/2026, 3:06:35 p. m.";Cajero;;528788.3;0;0;0;528788.3;"daviplata: $546.884,3";COMPLETED
V-2026-1443;"4/9/2026, 3:06:35 p. m.";Cajero;;347539.66;0;0;0;347539.66;"transferencia: $352.935,66";COMPLETED
V-2026-1442;"4/9/2026, 3:06:35 p. m.";Cajero;;461324.80000000005;0;0;0;461324.80000000005;"efectivo: $475.640,8";COMPLETED
V-2026-1441;"4/9/2026, 3:06:35 p. m.";Cajero;;145471.77000000002;0;0;0;145471.77000000002;"daviplata: $179.088,77";COMPLETED
V-2026-1440;"4/9/2026, 3:06:35 p. m.";Cajero;;427942.33999999997;0;0;0;427942.33999999997;"nequi: $438.254,34";COMPLETED
V-2026-1439;"4/9/2026, 3:06:35 p. m.";Cajero;;367829.68;0;0;0;367829.68;"efectivo: $388.943,68";COMPLETED
V-2026-1438;"4/9/2026, 3:06:35 p. m.";Cajero;;655676.45;0;0;0;655676.45;"tarjeta: $668.566,45";COMPLETED
V-2026-1437;"4/9/2026, 3:06:35 p. m.";Cajero;;905070.5;0;0;0;905070.5;"transferencia: $953.795,5";COMPLETED
V-2026-1436;"4/9/2026, 3:06:35 p. m.";Cajero;;210013.2;0;0;0;210013.2;"efectivo: $236.367,2";COMPLETED
V-2026-1435;"4/9/2026, 3:06:35 p. m.";Cajero;;554245.14;0;0;0;554245.14;"transferencia: $580.354,14";COMPLETED
V-2026-1434;"4/9/2026, 3:06:35 p. m.";Cajero;;45541.64;0;0;0;45541.64;"efectivo: $86.444,64";COMPLETED
V-2026-1433;"4/9/2026, 3:06:35 p. m.";Cajero;;430166.22000000003;0;0;0;430166.22000000003;"efectivo: $431.689,22";COMPLETED
V-2026-1432;"4/9/2026, 3:06:35 p. m.";Cajero;;974632.87;0;0;0;974632.87;"tarjeta: $1.004.175,87";COMPLETED
V-2026-1431;"4/9/2026, 3:06:34 p. m.";Cajero;;320641.82999999996;0;0;0;320641.82999999996;"transferencia: $328.992,83";COMPLETED
V-2026-1430;"4/9/2026, 3:06:34 p. m.";Cajero;;314464.24;0;0;0;314464.24;"tarjeta: $322.077,24";COMPLETED
V-2026-1429;"4/9/2026, 3:06:34 p. m.";Cajero;;90316.46;0;0;0;90316.46;"transferencia: $93.304,46";COMPLETED
V-2026-1428;"4/9/2026, 3:06:34 p. m.";Cajero;;126818.4;0;0;0;126818.4;"tarjeta: $133.872,4";COMPLETED
V-2026-1427;"4/9/2026, 3:06:34 p. m.";Cajero;;428117.92;0;0;0;428117.92;"efectivo: $449.255,92";COMPLETED
V-2026-1426;"4/9/2026, 3:06:34 p. m.";Cajero;;376655.6;0;0;0;376655.6;"nequi: $392.459,6";COMPLETED
V-2026-1425;"4/9/2026, 3:06:34 p. m.";Cajero;;85747.84;0;0;0;85747.84;"transferencia: $103.220,84";COMPLETED
V-2026-1424;"4/9/2026, 3:06:34 p. m.";Cajero;;586907.5700000001;0;0;0;586907.5700000001;"nequi: $599.328,57";COMPLETED
V-2026-1423;"4/9/2026, 3:06:34 p. m.";Cajero;;321192;0;0;0;321192;tarjeta: $358.896;COMPLETED
V-2026-1422;"4/9/2026, 3:06:34 p. m.";Cajero;;644740.9900000001;0;0;0;644740.9900000001;"transferencia: $682.707,99";COMPLETED
V-2026-1421;"4/9/2026, 3:06:34 p. m.";Cajero;;110649.84;0;0;0;110649.84;"efectivo: $120.498,84";COMPLETED
V-2026-1420;"4/9/2026, 3:06:34 p. m.";Cajero;;875067.54;0;0;0;875067.54;"transferencia: $881.827,54";COMPLETED
V-2026-1419;"4/9/2026, 3:06:34 p. m.";Cajero;;990726.4700000001;0;0;0;990726.4700000001;"tarjeta: $1.033.493,47";COMPLETED
V-2026-1418;"4/9/2026, 3:06:34 p. m.";Cajero;;239613.34;0;0;0;239613.34;"tarjeta: $247.152,34";COMPLETED
V-2026-1417;"4/9/2026, 3:06:34 p. m.";Cajero;;318525.58;0;0;0;318525.58;"efectivo: $359.554,58";COMPLETED
V-2026-1416;"4/9/2026, 3:06:34 p. m.";Cajero;;786337.95;0;0;0;786337.95;"nequi: $826.292,95";COMPLETED
V-2026-1415;"4/9/2026, 3:06:34 p. m.";Cajero;;264044.65;0;0;0;264044.65;"transferencia: $295.659,65";COMPLETED
V-2026-1414;"4/9/2026, 3:06:34 p. m.";Cajero;;97635.1;0;0;0;97635.1;"tarjeta: $126.071,1";COMPLETED
V-2026-1413;"4/9/2026, 3:06:34 p. m.";Cajero;;572826.9400000001;0;0;0;572826.9400000001;"nequi: $598.914,94";COMPLETED
V-2026-1412;"4/9/2026, 3:06:34 p. m.";Cajero;;1486905.02;0;0;0;1486905.02;"daviplata: $1.536.485,02";COMPLETED
V-2026-1411;"4/9/2026, 3:06:34 p. m.";Cajero;;531402.6000000001;0;0;0;531402.6000000001;"tarjeta: $568.188,6";COMPLETED
V-2026-1410;"4/9/2026, 3:06:34 p. m.";Cajero;;57781.399999999994;0;0;0;57781.399999999994;"daviplata: $80.990,4";COMPLETED
V-2026-1409;"4/9/2026, 3:06:34 p. m.";Cajero;;378317.61;0;0;0;378317.61;"efectivo: $383.094,61";COMPLETED
V-2026-1408;"4/9/2026, 3:06:34 p. m.";Cajero;;238882.74;0;0;0;238882.74;"nequi: $280.072,74";COMPLETED
V-2026-1407;"4/9/2026, 3:06:34 p. m.";Cajero;;64342.96;0;0;0;64342.96;"daviplata: $106.290,96";COMPLETED
V-2026-1406;"4/9/2026, 3:06:34 p. m.";Cajero;;511419.77999999997;0;0;0;511419.77999999997;"transferencia: $525.430,78";COMPLETED
V-2026-1405;"4/9/2026, 3:06:34 p. m.";Cajero;;601760.6499999999;0;0;0;601760.6499999999;"tarjeta: $606.062,65";COMPLETED
V-2026-1404;"4/9/2026, 3:06:34 p. m.";Cajero;;226656.95;0;0;0;226656.95;"transferencia: $234.523,95";COMPLETED
V-2026-1403;"4/9/2026, 3:06:34 p. m.";Cajero;;362486.64;0;0;0;362486.64;"daviplata: $405.877,64";COMPLETED
V-2026-1402;"4/9/2026, 3:06:34 p. m.";Cajero;;993452.3;0;0;0;993452.3;"tarjeta: $1.025.306,3";COMPLETED
V-2026-1401;"4/9/2026, 3:06:34 p. m.";Cajero;;495493.69;0;0;0;495493.69;"transferencia: $512.165,69";COMPLETED
V-2026-1400;"4/9/2026, 3:06:34 p. m.";Cajero;;142884.12;0;0;0;142884.12;"efectivo: $179.521,12";COMPLETED
V-2026-1399;"4/9/2026, 3:06:34 p. m.";Cajero;;465005.45;0;0;0;465005.45;"tarjeta: $492.242,45";COMPLETED
V-2026-1398;"4/9/2026, 3:06:34 p. m.";Cajero;;1209901.02;0;0;0;1209901.02;"nequi: $1.214.024,02";COMPLETED
V-2026-1397;"4/9/2026, 3:06:34 p. m.";Cajero;;462557.26;0;0;0;462557.26;"efectivo: $509.944,26";COMPLETED
V-2026-1396;"4/9/2026, 3:06:34 p. m.";Cajero;;509777.08999999997;0;0;0;509777.08999999997;"tarjeta: $512.708,09";COMPLETED
V-2026-1395;"4/9/2026, 3:06:34 p. m.";Cajero;;205953.46;0;0;0;205953.46;"daviplata: $250.017,46";COMPLETED
V-2026-1394;"4/9/2026, 3:06:34 p. m.";Cajero;;695101.13;0;0;0;695101.13;"nequi: $733.917,13";COMPLETED
V-2026-1393;"4/9/2026, 3:06:34 p. m.";Cajero;;53640.39;0;0;0;53640.39;"transferencia: $87.467,39";COMPLETED
V-2026-1392;"4/9/2026, 3:06:34 p. m.";Cajero;;151297.4;0;0;0;151297.4;"daviplata: $188.729,4";COMPLETED
V-2026-1391;"4/9/2026, 3:06:34 p. m.";Cajero;;951136.6900000001;0;0;0;951136.6900000001;"tarjeta: $999.355,69";COMPLETED
V-2026-1390;"4/9/2026, 3:06:34 p. m.";Cajero;;934513;0;0;0;934513;daviplata: $941.367;COMPLETED
V-2026-1389;"4/9/2026, 3:06:34 p. m.";Cajero;;453088.3;0;0;0;453088.3;"transferencia: $502.638,3";COMPLETED
V-2026-1388;"4/9/2026, 3:06:34 p. m.";Cajero;;823103.04;0;0;0;823103.04;"nequi: $830.233,04";COMPLETED
V-2026-1387;"4/9/2026, 3:06:34 p. m.";Cajero;;300779.69999999995;0;0;0;300779.69999999995;"daviplata: $334.791,7";COMPLETED
V-2026-1386;"4/9/2026, 3:06:34 p. m.";Cajero;;69888.01;0;0;0;69888.01;"nequi: $110.173,01";COMPLETED
V-2026-1385;"4/9/2026, 3:06:34 p. m.";Cajero;;610863.8200000001;0;0;0;610863.8200000001;"efectivo: $645.425,82";COMPLETED
V-2026-1384;"4/9/2026, 3:06:34 p. m.";Cajero;;544670.53;0;0;0;544670.53;"nequi: $552.947,53";COMPLETED
V-2026-1383;"4/9/2026, 3:06:34 p. m.";Cajero;;430164.93000000005;0;0;0;430164.93000000005;"tarjeta: $437.740,93";COMPLETED
V-2026-1382;"4/9/2026, 3:06:34 p. m.";Cajero;;505481.5900000001;0;0;0;505481.5900000001;"nequi: $507.737,59";COMPLETED
V-2026-1381;"4/9/2026, 3:06:34 p. m.";Cajero;;391866.65;0;0;0;391866.65;"efectivo: $427.855,65";COMPLETED
V-2026-1380;"4/9/2026, 3:06:34 p. m.";Cajero;;421920.63;0;0;0;421920.63;"daviplata: $435.367,63";COMPLETED
V-2026-1379;"4/9/2026, 3:06:34 p. m.";Cajero;;689883.72;0;0;0;689883.72;"nequi: $721.901,72";COMPLETED
V-2026-1378;"4/9/2026, 3:06:34 p. m.";Cajero;;376712.76;0;0;0;376712.76;"daviplata: $402.661,76";COMPLETED
V-2026-1377;"4/9/2026, 3:06:34 p. m.";Cajero;;396764.88000000006;0;0;0;396764.88000000006;"nequi: $431.183,88";COMPLETED
V-2026-1376;"4/9/2026, 3:06:34 p. m.";Cajero;;865851.2799999999;0;0;0;865851.2799999999;"transferencia: $870.992,28";COMPLETED
V-2026-1375;"4/9/2026, 3:06:34 p. m.";Cajero;;637898.33;0;0;0;637898.33;"tarjeta: $644.494,33";COMPLETED
V-2026-1374;"4/9/2026, 3:06:34 p. m.";Cajero;;433725.53;0;0;0;433725.53;"daviplata: $469.909,53";COMPLETED
V-2026-1373;"4/9/2026, 3:06:34 p. m.";Cajero;;362689.04;0;0;0;362689.04;"transferencia: $401.690,04";COMPLETED
V-2026-1372;"4/9/2026, 3:06:34 p. m.";Cajero;;411064.9;0;0;0;411064.9;"efectivo: $419.327,9";COMPLETED
V-2026-1371;"4/9/2026, 3:06:34 p. m.";Cajero;;833180.5099999999;0;0;0;833180.5099999999;"nequi: $870.885,51";COMPLETED
V-2026-1370;"4/9/2026, 3:06:34 p. m.";Cajero;;1026041.0499999999;0;0;0;1026041.0499999999;"nequi: $1.058.070,05";COMPLETED
V-2026-1369;"4/9/2026, 3:06:34 p. m.";Cajero;;112262.3;0;0;0;112262.3;"tarjeta: $146.455,3";COMPLETED
V-2026-1368;"4/9/2026, 3:06:34 p. m.";Cajero;;38581.619999999995;0;0;0;38581.619999999995;"efectivo: $48.503,62";COMPLETED
V-2026-1367;"4/9/2026, 3:06:34 p. m.";Cajero;;218648.81;0;0;0;218648.81;"efectivo: $223.477,81";COMPLETED
V-2026-1366;"4/9/2026, 3:06:34 p. m.";Cajero;;947496.17;0;0;0;947496.17;"transferencia: $961.100,17";COMPLETED
V-2026-1365;"4/9/2026, 3:06:34 p. m.";Cajero;;60388.119999999995;0;0;0;60388.119999999995;"daviplata: $106.865,12";COMPLETED
V-2026-1364;"4/9/2026, 3:06:34 p. m.";Cajero;;242630.76;0;0;0;242630.76;"tarjeta: $245.280,76";COMPLETED
V-2026-1363;"4/9/2026, 3:06:34 p. m.";Cajero;;792629.99;0;0;0;792629.99;"tarjeta: $804.811,99";COMPLETED
V-2026-1362;"4/9/2026, 3:06:34 p. m.";Cajero;;526969.5800000001;0;0;0;526969.5800000001;"daviplata: $529.658,58";COMPLETED
V-2026-1361;"4/9/2026, 3:06:34 p. m.";Cajero;;329657.08;0;0;0;329657.08;"nequi: $357.361,08";COMPLETED
V-2026-1360;"4/9/2026, 3:06:34 p. m.";Cajero;;353074.09;0;0;0;353074.09;"nequi: $365.516,09";COMPLETED
V-2026-1359;"4/9/2026, 3:06:34 p. m.";Cajero;;223104.16;0;0;0;223104.16;"daviplata: $238.981,16";COMPLETED
V-2026-1358;"4/9/2026, 3:06:34 p. m.";Cajero;;228104.5;0;0;0;228104.5;"transferencia: $232.817,5";COMPLETED
V-2026-1357;"4/9/2026, 3:06:34 p. m.";Cajero;;1150253.93;0;0;0;1150253.93;"tarjeta: $1.196.973,93";COMPLETED
V-2026-1356;"4/9/2026, 3:06:34 p. m.";Cajero;;882067.4;0;0;0;882067.4;"daviplata: $925.824,4";COMPLETED
V-2026-1355;"4/9/2026, 3:06:34 p. m.";Cajero;;145155.9;0;0;0;145155.9;"efectivo: $170.821,9";COMPLETED
V-2026-1354;"4/9/2026, 3:06:34 p. m.";Cajero;;626823.8500000001;0;0;0;626823.8500000001;"efectivo: $647.549,85";COMPLETED
V-2026-1353;"4/9/2026, 3:06:34 p. m.";Cajero;;743428.69;0;0;0;743428.69;"nequi: $791.886,69";COMPLETED
V-2026-1352;"4/9/2026, 3:06:34 p. m.";Cajero;;583502.11;0;0;0;583502.11;"transferencia: $618.967,11";COMPLETED
V-2026-1351;"4/9/2026, 3:06:34 p. m.";Cajero;;658280.56;0;0;0;658280.56;"efectivo: $686.472,56";COMPLETED
V-2026-1350;"4/9/2026, 3:06:34 p. m.";Cajero;;347117.15;0;0;0;347117.15;"nequi: $349.604,15";COMPLETED
V-2026-1349;"4/9/2026, 3:06:34 p. m.";Cajero;;261592.96999999997;0;0;0;261592.96999999997;"transferencia: $303.698,97";COMPLETED
V-2026-1348;"4/9/2026, 3:06:34 p. m.";Cajero;;896783.1499999999;0;0;0;896783.1499999999;"transferencia: $945.804,15";COMPLETED
V-2026-1347;"4/9/2026, 3:06:34 p. m.";Cajero;;630791.5700000001;0;0;0;630791.5700000001;"transferencia: $639.685,57";COMPLETED
V-2026-1346;"4/9/2026, 3:06:34 p. m.";Cajero;;521697.39999999997;0;0;0;521697.39999999997;"transferencia: $539.912,4";COMPLETED
V-2026-1345;"4/9/2026, 3:06:34 p. m.";Cajero;;171431.02000000002;0;0;0;171431.02000000002;"tarjeta: $205.134,02";COMPLETED
V-2026-1344;"4/9/2026, 3:06:34 p. m.";Cajero;;355384.32000000007;0;0;0;355384.32000000007;"tarjeta: $374.294,32";COMPLETED
V-2026-1343;"4/9/2026, 3:06:34 p. m.";Cajero;;1292824.7400000002;0;0;0;1292824.7400000002;"efectivo: $1.327.021,74";COMPLETED
V-2026-1342;"4/9/2026, 3:06:34 p. m.";Cajero;;521115.75;0;0;0;521115.75;"efectivo: $549.751,75";COMPLETED
V-2026-1341;"4/9/2026, 3:06:34 p. m.";Cajero;;1543880.3699999999;0;0;0;1543880.3699999999;"nequi: $1.584.746,37";COMPLETED
V-2026-1340;"4/9/2026, 3:06:34 p. m.";Cajero;;395380.15;0;0;0;395380.15;"tarjeta: $436.534,15";COMPLETED
V-2026-1339;"4/9/2026, 3:06:34 p. m.";Cajero;;33025.65;0;0;0;33025.65;"daviplata: $39.186,65";COMPLETED
V-2026-1338;"4/9/2026, 3:06:34 p. m.";Cajero;;28942.12;0;0;0;28942.12;"efectivo: $59.299,12";COMPLETED
V-2026-1337;"4/9/2026, 3:06:34 p. m.";Cajero;;1066471.9100000001;0;0;0;1066471.9100000001;"nequi: $1.078.388,91";COMPLETED
V-2026-1336;"4/9/2026, 3:06:34 p. m.";Cajero;;33620.51;0;0;0;33620.51;"tarjeta: $52.917,51";COMPLETED
V-2026-1335;"4/9/2026, 3:06:34 p. m.";Cajero;;498808.88;0;0;0;498808.88;"nequi: $537.397,88";COMPLETED
V-2026-1334;"4/9/2026, 3:06:34 p. m.";Cajero;;699554.15;0;0;0;699554.15;"daviplata: $704.249,15";COMPLETED
V-2026-1333;"4/9/2026, 3:06:33 p. m.";Cajero;;302402.46;0;0;0;302402.46;"daviplata: $325.679,46";COMPLETED
V-2026-1332;"4/9/2026, 3:06:33 p. m.";Cajero;;724343.74;0;0;0;724343.74;"tarjeta: $756.888,74";COMPLETED
V-2026-1331;"4/9/2026, 3:06:33 p. m.";Cajero;;1271469.7;0;0;0;1271469.7;"tarjeta: $1.272.277,7";COMPLETED
V-2026-1330;"4/9/2026, 3:06:33 p. m.";Cajero;;562581.4600000001;0;0;0;562581.4600000001;"transferencia: $581.836,46";COMPLETED
V-2026-1329;"4/9/2026, 3:06:33 p. m.";Cajero;;412506.76;0;0;0;412506.76;"transferencia: $443.070,76";COMPLETED
V-2026-1328;"4/9/2026, 3:06:33 p. m.";Cajero;;264867.95;0;0;0;264867.95;"transferencia: $306.305,95";COMPLETED
V-2026-1327;"4/9/2026, 3:06:33 p. m.";Cajero;;232851.68;0;0;0;232851.68;"daviplata: $242.470,68";COMPLETED
V-2026-1326;"4/9/2026, 3:06:33 p. m.";Cajero;;149739.8;0;0;0;149739.8;"efectivo: $195.445,8";COMPLETED
V-2026-1325;"4/9/2026, 3:06:33 p. m.";Cajero;;977265.8;0;0;0;977265.8;"transferencia: $995.920,8";COMPLETED
V-2026-1324;"4/9/2026, 3:06:33 p. m.";Cajero;;743088.1900000001;0;0;0;743088.1900000001;"efectivo: $779.703,19";COMPLETED
V-2026-1323;"4/9/2026, 3:06:33 p. m.";Cajero;;314859.22;0;0;0;314859.22;"tarjeta: $344.099,22";COMPLETED
V-2026-1322;"4/9/2026, 3:06:33 p. m.";Cajero;;549760.2;0;0;0;549760.2;"efectivo: $555.061,2";COMPLETED
V-2026-1321;"4/9/2026, 3:06:33 p. m.";Cajero;;362806;0;0;0;362806;transferencia: $393.135;COMPLETED
V-2026-1320;"4/9/2026, 3:06:33 p. m.";Cajero;;105641.9;0;0;0;105641.9;"efectivo: $148.846,9";COMPLETED
V-2026-1319;"4/9/2026, 3:06:33 p. m.";Cajero;;46453.29;0;0;0;46453.29;"efectivo: $69.272,29";COMPLETED
V-2026-1318;"4/9/2026, 3:06:33 p. m.";Cajero;;633919.4299999999;0;0;0;633919.4299999999;"nequi: $655.229,43";COMPLETED
V-2026-1317;"4/9/2026, 3:06:33 p. m.";Cajero;;115475.07999999999;0;0;0;115475.07999999999;"daviplata: $149.741,08";COMPLETED
V-2026-1316;"4/9/2026, 3:06:33 p. m.";Cajero;;151197.09;0;0;0;151197.09;"transferencia: $194.104,09";COMPLETED
V-2026-1315;"4/9/2026, 3:06:33 p. m.";Cajero;;618245.74;0;0;0;618245.74;"tarjeta: $626.960,74";COMPLETED
V-2026-1314;"4/9/2026, 3:06:33 p. m.";Cajero;;407830.23;0;0;0;407830.23;"tarjeta: $440.152,23";COMPLETED
V-2026-1313;"4/9/2026, 3:06:33 p. m.";Cajero;;334580.70999999996;0;0;0;334580.70999999996;"tarjeta: $358.062,71";COMPLETED
V-2026-1312;"4/9/2026, 3:06:33 p. m.";Cajero;;204892.44;0;0;0;204892.44;"efectivo: $207.715,44";COMPLETED
V-2026-1311;"4/9/2026, 3:06:33 p. m.";Cajero;;753155.7899999999;0;0;0;753155.7899999999;"daviplata: $768.060,79";COMPLETED
V-2026-1310;"4/9/2026, 3:06:33 p. m.";Cajero;;67537.84999999999;0;0;0;67537.84999999999;"efectivo: $82.100,85";COMPLETED
V-2026-1309;"4/9/2026, 3:06:33 p. m.";Cajero;;325649.13;0;0;0;325649.13;"tarjeta: $346.022,13";COMPLETED
V-2026-1308;"4/9/2026, 3:06:33 p. m.";Cajero;;34250.869999999995;0;0;0;34250.869999999995;"nequi: $68.968,87";COMPLETED
V-2026-1307;"4/9/2026, 3:06:33 p. m.";Cajero;;480663.89;0;0;0;480663.89;"tarjeta: $516.498,89";COMPLETED
V-2026-1306;"4/9/2026, 3:06:33 p. m.";Cajero;;471263.94;0;0;0;471263.94;"tarjeta: $474.927,94";COMPLETED
V-2026-1305;"4/9/2026, 3:06:33 p. m.";Cajero;;646727.88;0;0;0;646727.88;"efectivo: $671.216,88";COMPLETED
V-2026-1304;"4/9/2026, 3:06:33 p. m.";Cajero;;160685.34;0;0;0;160685.34;"transferencia: $207.000,34";COMPLETED
V-2026-1303;"4/9/2026, 3:06:33 p. m.";Cajero;;227744.41000000003;0;0;0;227744.41000000003;"efectivo: $272.105,41";COMPLETED
V-2026-1302;"4/9/2026, 3:06:33 p. m.";Cajero;;142174.2;0;0;0;142174.2;"nequi: $190.716,2";COMPLETED
V-2026-1301;"4/9/2026, 3:06:33 p. m.";Cajero;;29160.2;0;0;0;29160.2;"nequi: $55.111,2";COMPLETED
V-2026-1300;"4/9/2026, 3:06:33 p. m.";Cajero;;781866.83;0;0;0;781866.83;"nequi: $815.952,83";COMPLETED
V-2026-1299;"4/9/2026, 3:06:33 p. m.";Cajero;;429141.9;0;0;0;429141.9;"nequi: $473.101,9";COMPLETED
V-2026-1298;"4/9/2026, 3:06:33 p. m.";Cajero;;619676.51;0;0;0;619676.51;"nequi: $665.114,51";COMPLETED
V-2026-1297;"4/9/2026, 3:06:33 p. m.";Cajero;;1025146.79;0;0;0;1025146.79;"nequi: $1.026.410,79";COMPLETED
V-2026-1296;"4/9/2026, 3:06:33 p. m.";Cajero;;578628.8800000001;0;0;0;578628.8800000001;"tarjeta: $611.887,88";COMPLETED
V-2026-1295;"4/9/2026, 3:06:33 p. m.";Cajero;;622743.91;0;0;0;622743.91;"daviplata: $644.768,91";COMPLETED
V-2026-1294;"4/9/2026, 3:06:33 p. m.";Cajero;;311121.38;0;0;0;311121.38;"nequi: $311.741,38";COMPLETED
V-2026-1293;"4/9/2026, 3:06:33 p. m.";Cajero;;523928.84;0;0;0;523928.84;"transferencia: $547.238,84";COMPLETED
V-2026-1292;"4/9/2026, 3:06:33 p. m.";Cajero;;203666.35;0;0;0;203666.35;"efectivo: $232.441,35";COMPLETED
V-2026-1291;"4/9/2026, 3:06:33 p. m.";Cajero;;495301.47;0;0;0;495301.47;"daviplata: $528.134,47";COMPLETED
V-2026-1290;"4/9/2026, 3:06:33 p. m.";Cajero;;335433.71;0;0;0;335433.71;"transferencia: $359.859,71";COMPLETED
V-2026-1289;"4/9/2026, 3:06:33 p. m.";Cajero;;960670.78;0;0;0;960670.78;"transferencia: $966.925,78";COMPLETED
V-2026-1288;"4/9/2026, 3:06:33 p. m.";Cajero;;628503.92;0;0;0;628503.92;"efectivo: $642.390,92";COMPLETED
V-2026-1287;"4/9/2026, 3:06:33 p. m.";Cajero;;213975.26999999996;0;0;0;213975.26999999996;"nequi: $231.750,27";COMPLETED
V-2026-1286;"4/9/2026, 3:06:33 p. m.";Cajero;;503831.13;0;0;0;503831.13;"transferencia: $540.144,13";COMPLETED
V-2026-1285;"4/9/2026, 3:06:33 p. m.";Cajero;;643491.7;0;0;0;643491.7;"transferencia: $662.101,7";COMPLETED
V-2026-1284;"4/9/2026, 3:06:33 p. m.";Cajero;;348524.15;0;0;0;348524.15;"daviplata: $354.616,15";COMPLETED
V-2026-1283;"4/9/2026, 3:06:33 p. m.";Cajero;;396147.47;0;0;0;396147.47;"daviplata: $415.416,47";COMPLETED
V-2026-1282;"4/9/2026, 3:06:33 p. m.";Cajero;;430358.04;0;0;0;430358.04;"transferencia: $466.123,04";COMPLETED
V-2026-1281;"4/9/2026, 3:06:33 p. m.";Cajero;;296041.39;0;0;0;296041.39;"transferencia: $340.384,39";COMPLETED
V-2026-1280;"4/9/2026, 3:06:33 p. m.";Cajero;;940118.29;0;0;0;940118.29;"efectivo: $969.758,29";COMPLETED
V-2026-1279;"4/9/2026, 3:06:33 p. m.";Cajero;;604029.0900000001;0;0;0;604029.0900000001;"transferencia: $614.177,09";COMPLETED
V-2026-1278;"4/9/2026, 3:06:33 p. m.";Cajero;;477863.89;0;0;0;477863.89;"nequi: $507.856,89";COMPLETED
V-2026-1277;"4/9/2026, 3:06:33 p. m.";Cajero;;237817.00999999998;0;0;0;237817.00999999998;"efectivo: $284.801,01";COMPLETED
V-2026-1276;"4/9/2026, 3:06:33 p. m.";Cajero;;636823.2499999999;0;0;0;636823.2499999999;"daviplata: $676.066,25";COMPLETED
V-2026-1275;"4/9/2026, 3:06:33 p. m.";Cajero;;1069520.4400000002;0;0;0;1069520.4400000002;"efectivo: $1.090.068,44";COMPLETED
V-2026-1274;"4/9/2026, 3:06:33 p. m.";Cajero;;767994.7999999999;0;0;0;767994.7999999999;"nequi: $798.294,8";COMPLETED
V-2026-1273;"4/9/2026, 3:06:33 p. m.";Cajero;;641493.35;0;0;0;641493.35;"tarjeta: $677.990,35";COMPLETED
V-2026-1272;"4/9/2026, 3:06:33 p. m.";Cajero;;255972.38999999998;0;0;0;255972.38999999998;"tarjeta: $300.788,39";COMPLETED
V-2026-1271;"4/9/2026, 3:06:33 p. m.";Cajero;;381375.89999999997;0;0;0;381375.89999999997;"transferencia: $431.350,9";COMPLETED
V-2026-1270;"4/9/2026, 3:06:33 p. m.";Cajero;;127468.62;0;0;0;127468.62;"transferencia: $156.851,62";COMPLETED
V-2026-1269;"4/9/2026, 3:06:33 p. m.";Cajero;;209495.89;0;0;0;209495.89;"tarjeta: $220.319,89";COMPLETED
V-2026-1268;"4/9/2026, 3:06:33 p. m.";Cajero;;53307.2;0;0;0;53307.2;"transferencia: $73.866,2";COMPLETED
V-2026-1267;"4/9/2026, 3:06:33 p. m.";Cajero;;843674.9500000001;0;0;0;843674.9500000001;"nequi: $864.064,95";COMPLETED
V-2026-1266;"4/9/2026, 3:06:33 p. m.";Cajero;;186398.7;0;0;0;186398.7;"tarjeta: $188.946,7";COMPLETED
V-2026-1265;"4/9/2026, 3:06:33 p. m.";Cajero;;323069.62;0;0;0;323069.62;"efectivo: $338.104,62";COMPLETED
V-2026-1264;"4/9/2026, 3:06:33 p. m.";Cajero;;379707.22;0;0;0;379707.22;"efectivo: $386.709,22";COMPLETED
V-2026-1263;"4/9/2026, 3:06:33 p. m.";Cajero;;32317.19;0;0;0;32317.19;"nequi: $32.990,19";COMPLETED
V-2026-1262;"4/9/2026, 3:06:33 p. m.";Cajero;;580187.3000000002;0;0;0;580187.3000000002;"tarjeta: $584.525,3";COMPLETED
V-2026-1261;"4/9/2026, 3:06:33 p. m.";Cajero;;1245316.3;0;0;0;1245316.3;"efectivo: $1.258.389,3";COMPLETED
V-2026-1260;"4/9/2026, 3:06:33 p. m.";Cajero;;225828.88;0;0;0;225828.88;"efectivo: $262.748,88";COMPLETED
V-2026-1259;"4/9/2026, 3:06:33 p. m.";Cajero;;1063540.0299999998;0;0;0;1063540.0299999998;"transferencia: $1.111.464,03";COMPLETED
V-2026-1258;"4/9/2026, 3:06:33 p. m.";Cajero;;474394.48;0;0;0;474394.48;"nequi: $501.158,48";COMPLETED
V-2026-1257;"4/9/2026, 3:06:33 p. m.";Cajero;;156826.36;0;0;0;156826.36;"transferencia: $161.918,36";COMPLETED
V-2026-1256;"4/9/2026, 3:06:33 p. m.";Cajero;;204666.96000000002;0;0;0;204666.96000000002;"efectivo: $212.134,96";COMPLETED
V-2026-1255;"4/9/2026, 3:06:33 p. m.";Cajero;;83488.20000000001;0;0;0;83488.20000000001;"daviplata: $90.241,2";COMPLETED
V-2026-1254;"4/9/2026, 3:06:33 p. m.";Cajero;;537243.6599999999;0;0;0;537243.6599999999;"transferencia: $576.160,66";COMPLETED
V-2026-1253;"4/9/2026, 3:06:33 p. m.";Cajero;;165244.49;0;0;0;165244.49;"transferencia: $192.933,49";COMPLETED
V-2026-1252;"4/9/2026, 3:06:33 p. m.";Cajero;;1056.87;0;0;0;1056.87;"tarjeta: $44.057,87";COMPLETED
V-2026-1251;"4/9/2026, 3:06:33 p. m.";Cajero;;581247.27;0;0;0;581247.27;"efectivo: $593.677,27";COMPLETED
V-2026-1250;"4/9/2026, 3:06:33 p. m.";Cajero;;598748.28;0;0;0;598748.28;"tarjeta: $628.023,28";COMPLETED
V-2026-1249;"4/9/2026, 3:06:33 p. m.";Cajero;;120538.6;0;0;0;120538.6;"efectivo: $122.246,6";COMPLETED
V-2026-1248;"4/9/2026, 3:06:33 p. m.";Cajero;;25990.85;0;0;0;25990.85;"tarjeta: $45.256,85";COMPLETED
V-2026-1247;"4/9/2026, 3:06:33 p. m.";Cajero;;246774.32000000004;0;0;0;246774.32000000004;"efectivo: $294.008,32";COMPLETED
V-2026-1246;"4/9/2026, 3:06:33 p. m.";Cajero;;880981.5499999999;0;0;0;880981.5499999999;"transferencia: $924.823,55";COMPLETED
V-2026-1245;"4/9/2026, 3:06:33 p. m.";Cajero;;568228.8999999999;0;0;0;568228.8999999999;"daviplata: $574.178,9";COMPLETED
V-2026-1244;"4/9/2026, 3:06:33 p. m.";Cajero;;114985.12;0;0;0;114985.12;"transferencia: $164.573,12";COMPLETED
V-2026-1243;"4/9/2026, 3:06:33 p. m.";Cajero;;69804.7;0;0;0;69804.7;"transferencia: $104.043,7";COMPLETED
V-2026-1242;"4/9/2026, 3:06:33 p. m.";Cajero;;331809;0;0;0;331809;daviplata: $364.105;COMPLETED
V-2026-1241;"4/9/2026, 3:06:33 p. m.";Cajero;;149532.72;0;0;0;149532.72;"tarjeta: $180.712,72";COMPLETED
V-2026-1240;"4/9/2026, 3:06:33 p. m.";Cajero;;796326.54;0;0;0;796326.54;"transferencia: $813.452,54";COMPLETED
V-2026-1239;"4/9/2026, 3:06:33 p. m.";Cajero;;722148.8300000001;0;0;0;722148.8300000001;"transferencia: $739.132,83";COMPLETED
V-2026-1238;"4/9/2026, 3:06:33 p. m.";Cajero;;848901.69;0;0;0;848901.69;"daviplata: $872.900,69";COMPLETED
V-2026-1237;"4/9/2026, 3:06:33 p. m.";Cajero;;202360.9;0;0;0;202360.9;"nequi: $251.401,9";COMPLETED
V-2026-1236;"4/9/2026, 3:06:33 p. m.";Cajero;;60407.35;0;0;0;60407.35;"tarjeta: $68.441,35";COMPLETED
V-2026-1235;"4/9/2026, 3:06:33 p. m.";Cajero;;515498.83;0;0;0;515498.83;"transferencia: $541.992,83";COMPLETED
V-2026-1234;"4/9/2026, 3:06:33 p. m.";Cajero;;649018.11;0;0;0;649018.11;"daviplata: $671.448,11";COMPLETED
V-2026-1233;"4/9/2026, 3:06:33 p. m.";Cajero;;592875.72;0;0;0;592875.72;"tarjeta: $615.339,72";COMPLETED
V-2026-1232;"4/9/2026, 3:06:33 p. m.";Cajero;;526699.7699999999;0;0;0;526699.7699999999;"daviplata: $559.579,77";COMPLETED
V-2026-1231;"4/9/2026, 3:06:33 p. m.";Cajero;;320798.85;0;0;0;320798.85;"tarjeta: $322.774,85";COMPLETED
V-2026-1230;"4/9/2026, 3:06:33 p. m.";Cajero;;33849.63;0;0;0;33849.63;"transferencia: $58.454,63";COMPLETED
V-2026-1229;"4/9/2026, 3:06:33 p. m.";Cajero;;754464.71;0;0;0;754464.71;"tarjeta: $770.801,71";COMPLETED
V-2026-1228;"4/9/2026, 3:06:33 p. m.";Cajero;;555859.53;0;0;0;555859.53;"tarjeta: $590.642,53";COMPLETED
V-2026-1227;"4/9/2026, 3:06:33 p. m.";Cajero;;214598.71;0;0;0;214598.71;"efectivo: $232.594,71";COMPLETED
V-2026-1226;"4/9/2026, 3:06:32 p. m.";Cajero;;402898.94999999995;0;0;0;402898.94999999995;"nequi: $443.271,95";COMPLETED
V-2026-1225;"4/9/2026, 3:06:32 p. m.";Cajero;;519686.46;0;0;0;519686.46;"transferencia: $542.541,46";COMPLETED
V-2026-1224;"4/9/2026, 3:06:32 p. m.";Cajero;;344778.17;0;0;0;344778.17;"transferencia: $393.119,17";COMPLETED
V-2026-1223;"4/9/2026, 3:06:32 p. m.";Cajero;;305892.05;0;0;0;305892.05;"nequi: $313.534,05";COMPLETED
V-2026-1222;"4/9/2026, 3:06:32 p. m.";Cajero;;686634.27;0;0;0;686634.27;"tarjeta: $690.245,27";COMPLETED
V-2026-1221;"4/9/2026, 3:06:32 p. m.";Cajero;;786675.19;0;0;0;786675.19;"efectivo: $836.235,19";COMPLETED
V-2026-1220;"4/9/2026, 3:06:32 p. m.";Cajero;;348665.20999999996;0;0;0;348665.20999999996;"efectivo: $363.187,21";COMPLETED
V-2026-1219;"4/9/2026, 3:06:32 p. m.";Cajero;;213777.2;0;0;0;213777.2;"nequi: $224.840,2";COMPLETED
V-2026-1218;"4/9/2026, 3:06:32 p. m.";Cajero;;1310863.7699999998;0;0;0;1310863.7699999998;"tarjeta: $1.323.130,77";COMPLETED
V-2026-1217;"4/9/2026, 3:06:32 p. m.";Cajero;;529596.2200000001;0;0;0;529596.2200000001;"transferencia: $536.872,22";COMPLETED
V-2026-1216;"4/9/2026, 3:06:32 p. m.";Cajero;;957879.1600000001;0;0;0;957879.1600000001;"efectivo: $978.395,16";COMPLETED
V-2026-1215;"4/9/2026, 3:06:32 p. m.";Cajero;;441124.36;0;0;0;441124.36;"efectivo: $469.491,36";COMPLETED
V-2026-1214;"4/9/2026, 3:06:32 p. m.";Cajero;;38194.4;0;0;0;38194.4;"daviplata: $54.049,4";COMPLETED
V-2026-1213;"4/9/2026, 3:06:32 p. m.";Cajero;;683772.6900000001;0;0;0;683772.6900000001;"daviplata: $700.022,69";COMPLETED
V-2026-1212;"4/9/2026, 3:06:32 p. m.";Cajero;;145413.2;0;0;0;145413.2;"transferencia: $192.213,2";COMPLETED
V-2026-1211;"4/9/2026, 3:06:32 p. m.";Cajero;;303020.17;0;0;0;303020.17;"daviplata: $348.918,17";COMPLETED
V-2026-1210;"4/9/2026, 3:06:32 p. m.";Cajero;;577185.19;0;0;0;577185.19;"tarjeta: $597.620,19";COMPLETED
V-2026-1209;"4/9/2026, 3:06:32 p. m.";Cajero;;374636.11;0;0;0;374636.11;"tarjeta: $380.290,11";COMPLETED
V-2026-1208;"4/9/2026, 3:06:32 p. m.";Cajero;;388354.22000000003;0;0;0;388354.22000000003;"nequi: $432.371,22";COMPLETED
V-2026-1207;"4/9/2026, 3:06:32 p. m.";Cajero;;445083.50000000006;0;0;0;445083.50000000006;"transferencia: $448.753,5";COMPLETED
V-2026-1206;"4/9/2026, 3:06:32 p. m.";Cajero;;1651986.6199999999;0;0;0;1651986.6199999999;"nequi: $1.665.701,62";COMPLETED
V-2026-1205;"4/9/2026, 3:06:32 p. m.";Cajero;;263665.38999999996;0;0;0;263665.38999999996;"efectivo: $266.367,39";COMPLETED
V-2026-1204;"4/9/2026, 3:06:32 p. m.";Cajero;;371398.86;0;0;0;371398.86;"tarjeta: $394.530,86";COMPLETED
V-2026-1203;"4/9/2026, 3:06:32 p. m.";Cajero;;163152.13;0;0;0;163152.13;"daviplata: $210.705,13";COMPLETED
V-2026-1202;"4/9/2026, 3:06:32 p. m.";Cajero;;223419.24;0;0;0;223419.24;"daviplata: $249.893,24";COMPLETED
V-2026-1201;"4/9/2026, 3:06:32 p. m.";Cajero;;642283.79;0;0;0;642283.79;"tarjeta: $658.159,79";COMPLETED
V-2026-1200;"4/9/2026, 3:06:32 p. m.";Cajero;;450688.68;0;0;0;450688.68;"daviplata: $482.130,68";COMPLETED
V-2026-1199;"4/9/2026, 3:06:32 p. m.";Cajero;;630546.7300000001;0;0;0;630546.7300000001;"nequi: $637.881,73";COMPLETED
V-2026-1198;"4/9/2026, 3:06:32 p. m.";Cajero;;692251.47;0;0;0;692251.47;"efectivo: $725.863,47";COMPLETED
V-2026-1197;"4/9/2026, 3:06:32 p. m.";Cajero;;142802.58;0;0;0;142802.58;"tarjeta: $177.712,58";COMPLETED
V-2026-1196;"4/9/2026, 3:06:32 p. m.";Cajero;;352199.82;0;0;0;352199.82;"transferencia: $373.444,82";COMPLETED
V-2026-1195;"4/9/2026, 3:06:32 p. m.";Cajero;;591856.31;0;0;0;591856.31;"nequi: $601.714,31";COMPLETED
V-2026-1194;"4/9/2026, 3:06:32 p. m.";Cajero;;586113.6099999999;0;0;0;586113.6099999999;"efectivo: $589.217,61";COMPLETED
V-2026-1193;"4/9/2026, 3:06:32 p. m.";Cajero;;845799.5099999999;0;0;0;845799.5099999999;"transferencia: $851.493,51";COMPLETED
V-2026-1192;"4/9/2026, 3:06:32 p. m.";Cajero;;2680.08;0;0;0;2680.08;"daviplata: $15.849,08";COMPLETED
V-2026-1191;"4/9/2026, 3:06:32 p. m.";Cajero;;556580.11;0;0;0;556580.11;"tarjeta: $568.498,11";COMPLETED
V-2026-1190;"4/9/2026, 3:06:32 p. m.";Cajero;;1195770.22;0;0;0;1195770.22;"transferencia: $1.198.992,22";COMPLETED
V-2026-1189;"4/9/2026, 3:06:32 p. m.";Cajero;;142271.15;0;0;0;142271.15;"tarjeta: $143.986,15";COMPLETED
V-2026-1188;"4/9/2026, 3:06:32 p. m.";Cajero;;415101.41;0;0;0;415101.41;"transferencia: $420.090,41";COMPLETED
V-2026-1187;"4/9/2026, 3:06:32 p. m.";Cajero;;519942.72;0;0;0;519942.72;"tarjeta: $529.852,72";COMPLETED
V-2026-1186;"4/9/2026, 3:06:32 p. m.";Cajero;;846608.2599999999;0;0;0;846608.2599999999;"efectivo: $872.209,26";COMPLETED
V-2026-1185;"4/9/2026, 3:06:32 p. m.";Cajero;;340345.85;0;0;0;340345.85;"tarjeta: $345.476,85";COMPLETED
V-2026-1184;"4/9/2026, 3:06:32 p. m.";Cajero;;130455.44;0;0;0;130455.44;"tarjeta: $173.665,44";COMPLETED
V-2026-1183;"4/9/2026, 3:06:32 p. m.";Cajero;;199387.26;0;0;0;199387.26;"transferencia: $200.596,26";COMPLETED
V-2026-1182;"4/9/2026, 3:06:32 p. m.";Cajero;;635472.3900000001;0;0;0;635472.3900000001;"nequi: $670.516,39";COMPLETED
V-2026-1181;"4/9/2026, 3:06:32 p. m.";Cajero;;394180.91;0;0;0;394180.91;"efectivo: $406.442,91";COMPLETED
V-2026-1180;"4/9/2026, 3:06:32 p. m.";Cajero;;411959.92999999993;0;0;0;411959.92999999993;"efectivo: $422.612,93";COMPLETED
V-2026-1179;"4/9/2026, 3:06:32 p. m.";Cajero;;554030.4199999999;0;0;0;554030.4199999999;"nequi: $598.165,42";COMPLETED
V-2026-1178;"4/9/2026, 3:06:32 p. m.";Cajero;;876135.95;0;0;0;876135.95;"daviplata: $921.869,95";COMPLETED
V-2026-1177;"4/9/2026, 3:06:32 p. m.";Cajero;;137762.69999999998;0;0;0;137762.69999999998;"daviplata: $176.565,7";COMPLETED
V-2026-1176;"4/9/2026, 3:06:32 p. m.";Cajero;;65559.45999999999;0;0;0;65559.45999999999;"daviplata: $98.714,46";COMPLETED
V-2026-1175;"4/9/2026, 3:06:32 p. m.";Cajero;;252583.16999999998;0;0;0;252583.16999999998;"daviplata: $260.152,17";COMPLETED
V-2026-1174;"4/9/2026, 3:06:32 p. m.";Cajero;;603231.2600000001;0;0;0;603231.2600000001;"transferencia: $639.398,26";COMPLETED
V-2026-1173;"4/9/2026, 3:06:32 p. m.";Cajero;;854484.04;0;0;0;854484.04;"nequi: $900.468,04";COMPLETED
V-2026-1172;"4/9/2026, 3:06:32 p. m.";Cajero;;66840.42000000001;0;0;0;66840.42000000001;"daviplata: $87.446,42";COMPLETED
V-2026-1171;"4/9/2026, 3:06:32 p. m.";Cajero;;172761.46000000002;0;0;0;172761.46000000002;"nequi: $207.780,46";COMPLETED
V-2026-1170;"4/9/2026, 3:06:32 p. m.";Cajero;;169346.7;0;0;0;169346.7;"transferencia: $210.983,7";COMPLETED
V-2026-1169;"4/9/2026, 3:06:32 p. m.";Cajero;;948896.2599999999;0;0;0;948896.2599999999;"efectivo: $959.464,26";COMPLETED
V-2026-1168;"4/9/2026, 3:06:32 p. m.";Cajero;;356359.73;0;0;0;356359.73;"nequi: $364.860,73";COMPLETED
V-2026-1167;"4/9/2026, 3:06:32 p. m.";Cajero;;362968.32999999996;0;0;0;362968.32999999996;"efectivo: $396.443,33";COMPLETED
V-2026-1166;"4/9/2026, 3:06:32 p. m.";Cajero;;344498.66000000003;0;0;0;344498.66000000003;"daviplata: $368.111,66";COMPLETED
V-2026-1165;"4/9/2026, 3:06:32 p. m.";Cajero;;54891.090000000004;0;0;0;54891.090000000004;"nequi: $67.507,09";COMPLETED
V-2026-1164;"4/9/2026, 3:06:32 p. m.";Cajero;;93288.01;0;0;0;93288.01;"efectivo: $120.238,01";COMPLETED
V-2026-1163;"4/9/2026, 3:06:32 p. m.";Cajero;;372121.08999999997;0;0;0;372121.08999999997;"daviplata: $384.167,09";COMPLETED
V-2026-1162;"4/9/2026, 3:06:32 p. m.";Cajero;;310296.11;0;0;0;310296.11;"efectivo: $333.530,11";COMPLETED
V-2026-1161;"4/9/2026, 3:06:32 p. m.";Cajero;;952590.7999999999;0;0;0;952590.7999999999;"nequi: $957.825,8";COMPLETED
V-2026-1160;"4/9/2026, 3:06:32 p. m.";Cajero;;215687.66999999998;0;0;0;215687.66999999998;"transferencia: $264.758,67";COMPLETED
V-2026-1159;"4/9/2026, 3:06:32 p. m.";Cajero;;223236.05;0;0;0;223236.05;"nequi: $225.687,05";COMPLETED
V-2026-1158;"4/9/2026, 3:06:32 p. m.";Cajero;;375547.37;0;0;0;375547.37;"transferencia: $413.519,37";COMPLETED
V-2026-1157;"4/9/2026, 3:06:32 p. m.";Cajero;;628352.23;0;0;0;628352.23;"tarjeta: $661.739,23";COMPLETED
V-2026-1156;"4/9/2026, 3:06:32 p. m.";Cajero;;940253.1;0;0;0;940253.1;"nequi: $956.377,1";COMPLETED
V-2026-1155;"4/9/2026, 3:06:32 p. m.";Cajero;;170981.82;0;0;0;170981.82;"transferencia: $208.561,82";COMPLETED
V-2026-1154;"4/9/2026, 3:06:32 p. m.";Cajero;;526456.37;0;0;0;526456.37;"efectivo: $548.834,37";COMPLETED
V-2026-1153;"4/9/2026, 3:06:32 p. m.";Cajero;;548707.2;0;0;0;548707.2;"tarjeta: $550.336,2";COMPLETED
V-2026-1152;"4/9/2026, 3:06:32 p. m.";Cajero;;471230.98;0;0;0;471230.98;"nequi: $492.748,98";COMPLETED
V-2026-1151;"4/9/2026, 3:06:32 p. m.";Cajero;;872904.54;0;0;0;872904.54;"transferencia: $898.198,54";COMPLETED
V-2026-1150;"4/9/2026, 3:06:32 p. m.";Cajero;;659802.83;0;0;0;659802.83;"transferencia: $672.938,83";COMPLETED
V-2026-1149;"4/9/2026, 3:06:32 p. m.";Cajero;;61236.08;0;0;0;61236.08;"transferencia: $105.871,08";COMPLETED
V-2026-1148;"4/9/2026, 3:06:32 p. m.";Cajero;;660574.8300000001;0;0;0;660574.8300000001;"daviplata: $663.670,83";COMPLETED
V-2026-1147;"4/9/2026, 3:06:32 p. m.";Cajero;;269533.72;0;0;0;269533.72;"nequi: $277.709,72";COMPLETED
V-2026-1146;"4/9/2026, 3:06:32 p. m.";Cajero;;73935.7;0;0;0;73935.7;"daviplata: $74.424,7";COMPLETED
V-2026-1145;"4/9/2026, 3:06:32 p. m.";Cajero;;709050.11;0;0;0;709050.11;"tarjeta: $722.734,11";COMPLETED
V-2026-1144;"4/9/2026, 3:06:32 p. m.";Cajero;;704032.3;0;0;0;704032.3;"tarjeta: $713.489,3";COMPLETED
V-2026-1143;"4/9/2026, 3:06:32 p. m.";Cajero;;99602.45000000001;0;0;0;99602.45000000001;"daviplata: $116.507,45";COMPLETED
V-2026-1142;"4/9/2026, 3:06:32 p. m.";Cajero;;24686.74;0;0;0;24686.74;"transferencia: $49.761,74";COMPLETED
V-2026-1141;"4/9/2026, 3:06:32 p. m.";Cajero;;139451.37;0;0;0;139451.37;"nequi: $151.134,37";COMPLETED
V-2026-1140;"4/9/2026, 3:06:32 p. m.";Cajero;;576908.24;0;0;0;576908.24;"tarjeta: $624.043,24";COMPLETED
V-2026-1139;"4/9/2026, 3:06:32 p. m.";Cajero;;69149.88;0;0;0;69149.88;"nequi: $70.582,88";COMPLETED
V-2026-1138;"4/9/2026, 3:06:32 p. m.";Cajero;;180679.99;0;0;0;180679.99;"transferencia: $197.013,99";COMPLETED
V-2026-1137;"4/9/2026, 3:06:32 p. m.";Cajero;;679477.7;0;0;0;679477.7;"efectivo: $682.162,7";COMPLETED
V-2026-1136;"4/9/2026, 3:06:32 p. m.";Cajero;;798697.55;0;0;0;798697.55;"tarjeta: $811.689,55";COMPLETED
V-2026-1135;"4/9/2026, 3:06:32 p. m.";Cajero;;414729.60000000003;0;0;0;414729.60000000003;"tarjeta: $432.463,6";COMPLETED
V-2026-1134;"4/9/2026, 3:06:32 p. m.";Cajero;;197727.07;0;0;0;197727.07;"daviplata: $208.992,07";COMPLETED
V-2026-1133;"4/9/2026, 3:06:32 p. m.";Cajero;;49846.899999999994;0;0;0;49846.899999999994;"transferencia: $91.821,9";COMPLETED
V-2026-1132;"4/9/2026, 3:06:32 p. m.";Cajero;;466192.54;0;0;0;466192.54;"tarjeta: $496.593,54";COMPLETED
V-2026-1131;"4/9/2026, 3:06:32 p. m.";Cajero;;993447.27;0;0;0;993447.27;"nequi: $1.029.377,27";COMPLETED
V-2026-1130;"4/9/2026, 3:06:32 p. m.";Cajero;;95789.51999999999;0;0;0;95789.51999999999;"daviplata: $117.895,52";COMPLETED
V-2026-1129;"4/9/2026, 3:06:32 p. m.";Cajero;;433834.85000000003;0;0;0;433834.85000000003;"daviplata: $476.993,85";COMPLETED
V-2026-1128;"4/9/2026, 3:06:32 p. m.";Cajero;;927971.54;0;0;0;927971.54;"tarjeta: $963.321,54";COMPLETED
V-2026-1127;"4/9/2026, 3:06:32 p. m.";Cajero;;777485.25;0;0;0;777485.25;"daviplata: $822.682,25";COMPLETED
V-2026-1126;"4/9/2026, 3:06:32 p. m.";Cajero;;382074.05;0;0;0;382074.05;"daviplata: $383.496,05";COMPLETED
V-2026-1125;"4/9/2026, 3:06:32 p. m.";Cajero;;21120.43;0;0;0;21120.43;"nequi: $35.674,43";COMPLETED
V-2026-1124;"4/9/2026, 3:06:32 p. m.";Cajero;;656226.04;0;0;0;656226.04;"tarjeta: $690.524,04";COMPLETED
V-2026-1123;"4/9/2026, 3:06:32 p. m.";Cajero;;155146.59;0;0;0;155146.59;"efectivo: $183.018,59";COMPLETED
V-2026-1122;"4/9/2026, 3:06:32 p. m.";Cajero;;253532.34000000003;0;0;0;253532.34000000003;"nequi: $296.855,34";COMPLETED
V-2026-1121;"4/9/2026, 3:06:32 p. m.";Cajero;;295928.36;0;0;0;295928.36;"transferencia: $332.267,36";COMPLETED
V-2026-1120;"4/9/2026, 3:06:32 p. m.";Cajero;;528920.9900000001;0;0;0;528920.9900000001;"efectivo: $534.448,99";COMPLETED
V-2026-1119;"4/9/2026, 3:06:32 p. m.";Cajero;;468358.54;0;0;0;468358.54;"transferencia: $515.744,54";COMPLETED
V-2026-1118;"4/9/2026, 3:06:32 p. m.";Cajero;;433917.43000000005;0;0;0;433917.43000000005;"transferencia: $447.369,43";COMPLETED
V-2026-1117;"4/9/2026, 3:06:32 p. m.";Cajero;;261787.04;0;0;0;261787.04;"nequi: $282.902,04";COMPLETED
V-2026-1116;"4/9/2026, 3:06:32 p. m.";Cajero;;684208.4400000001;0;0;0;684208.4400000001;"nequi: $733.135,44";COMPLETED
V-2026-1115;"4/9/2026, 3:06:32 p. m.";Cajero;;59809.94;0;0;0;59809.94;"nequi: $102.041,94";COMPLETED
V-2026-1114;"4/9/2026, 3:06:32 p. m.";Cajero;;183932.85;0;0;0;183932.85;"daviplata: $232.647,85";COMPLETED
V-2026-1113;"4/9/2026, 3:06:32 p. m.";Cajero;;283758.08999999997;0;0;0;283758.08999999997;"nequi: $325.526,09";COMPLETED
V-2026-1112;"4/9/2026, 3:06:32 p. m.";Cajero;;71066.41;0;0;0;71066.41;"tarjeta: $96.773,41";COMPLETED
V-2026-1111;"4/9/2026, 3:06:31 p. m.";Cajero;;114492.22;0;0;0;114492.22;"tarjeta: $161.859,22";COMPLETED
V-2026-1110;"4/9/2026, 3:06:31 p. m.";Cajero;;348956.24;0;0;0;348956.24;"efectivo: $363.077,24";COMPLETED
V-2026-1109;"4/9/2026, 3:06:31 p. m.";Cajero;;469541.9;0;0;0;469541.9;"efectivo: $518.440,9";COMPLETED
V-2026-1108;"4/9/2026, 3:06:31 p. m.";Cajero;;894064.1299999999;0;0;0;894064.1299999999;"transferencia: $910.467,13";COMPLETED
V-2026-1107;"4/9/2026, 3:06:31 p. m.";Cajero;;617029.15;0;0;0;617029.15;"efectivo: $664.178,15";COMPLETED
V-2026-1106;"4/9/2026, 3:06:31 p. m.";Cajero;;464940.53;0;0;0;464940.53;"daviplata: $513.044,53";COMPLETED
V-2026-1105;"4/9/2026, 3:06:31 p. m.";Cajero;;457443.19;0;0;0;457443.19;"transferencia: $495.064,19";COMPLETED
V-2026-1104;"4/9/2026, 3:06:31 p. m.";Cajero;;33871.54;0;0;0;33871.54;"transferencia: $39.480,54";COMPLETED
V-2026-1103;"4/9/2026, 3:06:31 p. m.";Cajero;;830624.62;0;0;0;830624.62;"efectivo: $831.753,62";COMPLETED
V-2026-1102;"4/9/2026, 3:06:31 p. m.";Cajero;;728597.38;0;0;0;728597.38;"nequi: $747.650,38";COMPLETED
V-2026-1101;"4/9/2026, 3:06:31 p. m.";Cajero;;164459.18;0;0;0;164459.18;"tarjeta: $171.530,18";COMPLETED
V-2026-1100;"4/9/2026, 3:06:31 p. m.";Cajero;;202467.34;0;0;0;202467.34;"efectivo: $221.076,34";COMPLETED
V-2026-1099;"4/9/2026, 3:06:31 p. m.";Cajero;;247348.32999999996;0;0;0;247348.32999999996;"transferencia: $273.454,33";COMPLETED
V-2026-1098;"4/9/2026, 3:06:31 p. m.";Cajero;;730391.3099999999;0;0;0;730391.3099999999;"daviplata: $753.263,31";COMPLETED
V-2026-1097;"4/9/2026, 3:06:31 p. m.";Cajero;;527044.21;0;0;0;527044.21;"daviplata: $569.964,21";COMPLETED
V-2026-1096;"4/9/2026, 3:06:31 p. m.";Cajero;;261419.40000000002;0;0;0;261419.40000000002;"daviplata: $307.582,4";COMPLETED
V-2026-1095;"4/9/2026, 3:06:31 p. m.";Cajero;;154246.95;0;0;0;154246.95;"tarjeta: $176.365,95";COMPLETED
V-2026-1094;"4/9/2026, 3:06:31 p. m.";Cajero;;441776.19999999995;0;0;0;441776.19999999995;"daviplata: $490.159,2";COMPLETED
V-2026-1093;"4/9/2026, 3:06:31 p. m.";Cajero;;137951.41;0;0;0;137951.41;"nequi: $143.014,41";COMPLETED
V-2026-1092;"4/9/2026, 3:06:31 p. m.";Cajero;;694810.8099999999;0;0;0;694810.8099999999;"transferencia: $711.875,81";COMPLETED
V-2026-1091;"4/9/2026, 3:06:31 p. m.";Cajero;;214262.8;0;0;0;214262.8;"transferencia: $229.783,8";COMPLETED
V-2026-1090;"4/9/2026, 3:06:31 p. m.";Cajero;;328248.72;0;0;0;328248.72;"nequi: $335.347,72";COMPLETED
V-2026-1089;"4/9/2026, 3:06:31 p. m.";Cajero;;18308.13;0;0;0;18308.13;"nequi: $48.364,13";COMPLETED
V-2026-1088;"4/9/2026, 3:06:31 p. m.";Cajero;;96141.81;0;0;0;96141.81;"efectivo: $144.315,81";COMPLETED
V-2026-1087;"4/9/2026, 3:06:31 p. m.";Cajero;;202845.91999999998;0;0;0;202845.91999999998;"efectivo: $219.721,92";COMPLETED
V-2026-1086;"4/9/2026, 3:06:31 p. m.";Cajero;;864786.9;0;0;0;864786.9;"tarjeta: $907.165,9";COMPLETED
V-2026-1085;"4/9/2026, 3:06:31 p. m.";Cajero;;889088.86;0;0;0;889088.86;"nequi: $890.100,86";COMPLETED
V-2026-1084;"4/9/2026, 3:06:31 p. m.";Cajero;;347440.01;0;0;0;347440.01;"efectivo: $375.643,01";COMPLETED
V-2026-1083;"4/9/2026, 3:06:31 p. m.";Cajero;;534573.13;0;0;0;534573.13;"nequi: $571.752,13";COMPLETED
V-2026-1082;"4/9/2026, 3:06:31 p. m.";Cajero;;781320.63;0;0;0;781320.63;"nequi: $794.198,63";COMPLETED
V-2026-1081;"4/9/2026, 3:06:31 p. m.";Cajero;;947040.7100000001;0;0;0;947040.7100000001;"efectivo: $968.020,71";COMPLETED
V-2026-1080;"4/9/2026, 3:06:31 p. m.";Cajero;;282670.53;0;0;0;282670.53;"tarjeta: $288.880,53";COMPLETED
V-2026-1079;"4/9/2026, 3:06:31 p. m.";Cajero;;297385.50999999995;0;0;0;297385.50999999995;"nequi: $312.874,51";COMPLETED
V-2026-1078;"4/9/2026, 3:06:31 p. m.";Cajero;;494363.38000000006;0;0;0;494363.38000000006;"tarjeta: $510.667,38";COMPLETED
V-2026-1077;"4/9/2026, 3:06:31 p. m.";Cajero;;65614.72;0;0;0;65614.72;"tarjeta: $87.818,72";COMPLETED
V-2026-1076;"4/9/2026, 3:06:31 p. m.";Cajero;;329800.80000000005;0;0;0;329800.80000000005;"daviplata: $371.066,8";COMPLETED
V-2026-1075;"4/9/2026, 3:06:31 p. m.";Cajero;;507143.17;0;0;0;507143.17;"tarjeta: $552.290,17";COMPLETED
V-2026-1074;"4/9/2026, 3:06:31 p. m.";Cajero;;350087.30999999994;0;0;0;350087.30999999994;"nequi: $380.946,31";COMPLETED
V-2026-1073;"4/9/2026, 3:06:31 p. m.";Cajero;;105802.18;0;0;0;105802.18;"tarjeta: $131.195,18";COMPLETED
V-2026-1072;"4/9/2026, 3:06:31 p. m.";Cajero;;385946.80999999994;0;0;0;385946.80999999994;"transferencia: $413.795,81";COMPLETED
V-2026-1071;"4/9/2026, 3:06:31 p. m.";Cajero;;631965.19;0;0;0;631965.19;"nequi: $661.067,19";COMPLETED
V-2026-1070;"4/9/2026, 3:06:31 p. m.";Cajero;;119355.07;0;0;0;119355.07;"tarjeta: $135.707,07";COMPLETED
V-2026-1069;"4/9/2026, 3:06:31 p. m.";Cajero;;559741.9400000001;0;0;0;559741.9400000001;"transferencia: $563.464,94";COMPLETED
V-2026-1068;"4/9/2026, 3:06:31 p. m.";Cajero;;196819.16999999998;0;0;0;196819.16999999998;"tarjeta: $246.275,17";COMPLETED
V-2026-1067;"4/9/2026, 3:06:31 p. m.";Cajero;;749930.65;0;0;0;749930.65;"efectivo: $789.065,65";COMPLETED
V-2026-1066;"4/9/2026, 3:06:31 p. m.";Cajero;;535256.7;0;0;0;535256.7;"nequi: $585.040,7";COMPLETED
V-2026-1065;"4/9/2026, 3:06:31 p. m.";Cajero;;732061.09;0;0;0;732061.09;"daviplata: $739.317,09";COMPLETED
V-2026-1064;"4/9/2026, 3:06:31 p. m.";Cajero;;476984.27;0;0;0;476984.27;"transferencia: $502.995,27";COMPLETED
V-2026-1063;"4/9/2026, 3:06:31 p. m.";Cajero;;749192.0299999999;0;0;0;749192.0299999999;"tarjeta: $793.673,03";COMPLETED
V-2026-1062;"4/9/2026, 3:06:31 p. m.";Cajero;;685424.9500000001;0;0;0;685424.9500000001;"nequi: $695.187,95";COMPLETED
V-2026-1061;"4/9/2026, 3:06:31 p. m.";Cajero;;727024.4299999999;0;0;0;727024.4299999999;"nequi: $768.653,43";COMPLETED
V-2026-1060;"4/9/2026, 3:06:31 p. m.";Cajero;;450089.95;0;0;0;450089.95;"daviplata: $465.103,95";COMPLETED
V-2026-1059;"4/9/2026, 3:06:31 p. m.";Cajero;;141564.97;0;0;0;141564.97;"efectivo: $171.529,97";COMPLETED
V-2026-1058;"4/9/2026, 3:06:31 p. m.";Cajero;;429561.69999999995;0;0;0;429561.69999999995;"nequi: $444.552,7";COMPLETED
V-2026-1057;"4/9/2026, 3:06:31 p. m.";Cajero;;719572.78;0;0;0;719572.78;"transferencia: $765.037,78";COMPLETED
V-2026-1056;"4/9/2026, 3:06:31 p. m.";Cajero;;42031.41;0;0;0;42031.41;"efectivo: $83.761,41";COMPLETED
V-2026-1055;"4/9/2026, 3:06:31 p. m.";Cajero;;337142.42;0;0;0;337142.42;"nequi: $380.804,42";COMPLETED
V-2026-1054;"4/9/2026, 3:06:31 p. m.";Cajero;;850932.44;0;0;0;850932.44;"tarjeta: $893.408,44";COMPLETED
V-2026-1053;"4/9/2026, 3:06:31 p. m.";Cajero;;1191817.6600000001;0;0;0;1191817.6600000001;"transferencia: $1.197.370,66";COMPLETED
V-2026-1052;"4/9/2026, 3:06:31 p. m.";Cajero;;135456.7;0;0;0;135456.7;"daviplata: $141.123,7";COMPLETED
V-2026-1051;"4/9/2026, 3:06:31 p. m.";Cajero;;512360.09;0;0;0;512360.09;"efectivo: $547.380,09";COMPLETED
V-2026-1050;"4/9/2026, 3:06:31 p. m.";Cajero;;1038318.63;0;0;0;1038318.63;"efectivo: $1.038.928,63";COMPLETED
V-2026-1049;"4/9/2026, 3:06:31 p. m.";Cajero;;534753.24;0;0;0;534753.24;"transferencia: $581.157,24";COMPLETED
V-2026-1048;"4/9/2026, 3:06:31 p. m.";Cajero;;964463.4899999999;0;0;0;964463.4899999999;"efectivo: $1.003.182,49";COMPLETED
V-2026-1047;"4/9/2026, 3:06:31 p. m.";Cajero;;899717.1400000001;0;0;0;899717.1400000001;"transferencia: $944.032,14";COMPLETED
V-2026-1046;"4/9/2026, 3:06:31 p. m.";Cajero;;558133.74;0;0;0;558133.74;"daviplata: $606.558,74";COMPLETED
V-2026-1045;"4/9/2026, 3:06:31 p. m.";Cajero;;641826.98;0;0;0;641826.98;"efectivo: $682.335,98";COMPLETED
V-2026-1044;"4/9/2026, 3:06:31 p. m.";Cajero;;816700.83;0;0;0;816700.83;"tarjeta: $852.095,83";COMPLETED
V-2026-1043;"4/9/2026, 3:06:31 p. m.";Cajero;;201922.15000000002;0;0;0;201922.15000000002;"daviplata: $248.400,15";COMPLETED
V-2026-1042;"4/9/2026, 3:06:31 p. m.";Cajero;;389024.99;0;0;0;389024.99;"efectivo: $394.095,99";COMPLETED
V-2026-1041;"4/9/2026, 3:06:31 p. m.";Cajero;;464889.58999999997;0;0;0;464889.58999999997;"daviplata: $480.036,59";COMPLETED
V-2026-1040;"4/9/2026, 3:06:31 p. m.";Cajero;;569034.98;0;0;0;569034.98;"efectivo: $608.704,98";COMPLETED
V-2026-1039;"4/9/2026, 3:06:31 p. m.";Cajero;;178467.19;0;0;0;178467.19;"nequi: $225.973,19";COMPLETED
V-2026-1038;"4/9/2026, 3:06:31 p. m.";Cajero;;332470.63;0;0;0;332470.63;"efectivo: $378.621,63";COMPLETED
V-2026-1037;"4/9/2026, 3:06:31 p. m.";Cajero;;236237.74;0;0;0;236237.74;"transferencia: $237.513,74";COMPLETED
V-2026-1036;"4/9/2026, 3:06:31 p. m.";Cajero;;564740.9999999999;0;0;0;564740.9999999999;tarjeta: $595.605;COMPLETED
V-2026-1035;"4/9/2026, 3:06:31 p. m.";Cajero;;594503.25;0;0;0;594503.25;"daviplata: $626.913,25";COMPLETED
V-2026-1034;"4/9/2026, 3:06:31 p. m.";Cajero;;264377.17;0;0;0;264377.17;"efectivo: $307.217,17";COMPLETED
V-2026-1033;"4/9/2026, 3:06:31 p. m.";Cajero;;373122.76;0;0;0;373122.76;"transferencia: $378.815,76";COMPLETED
V-2026-1032;"4/9/2026, 3:06:31 p. m.";Cajero;;980236.2099999998;0;0;0;980236.2099999998;"tarjeta: $1.017.211,21";COMPLETED
V-2026-1031;"4/9/2026, 3:06:31 p. m.";Cajero;;522463.88;0;0;0;522463.88;"daviplata: $559.545,88";COMPLETED
V-2026-1030;"4/9/2026, 3:06:31 p. m.";Cajero;;784335.3800000001;0;0;0;784335.3800000001;"efectivo: $815.878,38";COMPLETED
V-2026-1029;"4/9/2026, 3:06:31 p. m.";Cajero;;301463.85;0;0;0;301463.85;"efectivo: $308.150,85";COMPLETED
V-2026-1028;"4/9/2026, 3:06:31 p. m.";Cajero;;1059114.43;0;0;0;1059114.43;"tarjeta: $1.101.245,43";COMPLETED
V-2026-1027;"4/9/2026, 3:06:31 p. m.";Cajero;;639346.72;0;0;0;639346.72;"tarjeta: $677.654,72";COMPLETED
V-2026-1026;"4/9/2026, 3:06:31 p. m.";Cajero;;160768.69;0;0;0;160768.69;"nequi: $192.501,69";COMPLETED
V-2026-1025;"4/9/2026, 3:06:31 p. m.";Cajero;;96187.88;0;0;0;96187.88;"tarjeta: $107.687,88";COMPLETED
V-2026-1024;"4/9/2026, 3:06:31 p. m.";Cajero;;65632.18;0;0;0;65632.18;"efectivo: $111.985,18";COMPLETED
V-2026-1023;"4/9/2026, 3:06:31 p. m.";Cajero;;1074734.41;0;0;0;1074734.41;"tarjeta: $1.082.920,41";COMPLETED
V-2026-1022;"4/9/2026, 3:06:31 p. m.";Cajero;;626556.78;0;0;0;626556.78;"daviplata: $656.668,78";COMPLETED
V-2026-1021;"4/9/2026, 3:06:31 p. m.";Cajero;;980811.0900000001;0;0;0;980811.0900000001;"daviplata: $986.637,09";COMPLETED
V-2026-1020;"4/9/2026, 3:06:31 p. m.";Cajero;;646686.18;0;0;0;646686.18;"transferencia: $676.263,18";COMPLETED
V-2026-1019;"4/9/2026, 3:06:31 p. m.";Cajero;;1252878.18;0;0;0;1252878.18;"nequi: $1.291.447,18";COMPLETED
V-2026-1018;"4/9/2026, 3:06:31 p. m.";Cajero;;354201.88;0;0;0;354201.88;"nequi: $356.904,88";COMPLETED
V-2026-1017;"4/9/2026, 3:06:31 p. m.";Cajero;;821094.82;0;0;0;821094.82;"nequi: $866.670,82";COMPLETED
V-2026-1016;"4/9/2026, 3:06:30 p. m.";Cajero;;86453.4;0;0;0;86453.4;"nequi: $111.082,4";COMPLETED
V-2026-1015;"4/9/2026, 3:06:30 p. m.";Cajero;;1176223.23;0;0;0;1176223.23;"transferencia: $1.180.873,23";COMPLETED
V-2026-1014;"4/9/2026, 3:06:30 p. m.";Cajero;;222176.59999999998;0;0;0;222176.59999999998;"transferencia: $242.407,6";COMPLETED
V-2026-1013;"4/9/2026, 3:06:30 p. m.";Cajero;;466742.22;0;0;0;466742.22;"daviplata: $514.315,22";COMPLETED
V-2026-1012;"4/9/2026, 3:06:30 p. m.";Cajero;;1047207;0;0;0;1047207;daviplata: $1.085.406;COMPLETED
V-2026-1011;"4/9/2026, 3:06:30 p. m.";Cajero;;505309.18999999994;0;0;0;505309.18999999994;"daviplata: $535.670,19";COMPLETED
V-2026-1010;"4/9/2026, 3:06:30 p. m.";Cajero;;263825.12;0;0;0;263825.12;"nequi: $289.135,12";COMPLETED
V-2026-1009;"4/9/2026, 3:06:30 p. m.";Cajero;;662769.8600000001;0;0;0;662769.8600000001;"tarjeta: $690.602,86";COMPLETED
V-2026-1008;"4/9/2026, 3:06:30 p. m.";Cajero;;200839.3;0;0;0;200839.3;"daviplata: $201.041,3";COMPLETED
V-2026-1007;"4/9/2026, 3:06:30 p. m.";Cajero;;295967.47000000003;0;0;0;295967.47000000003;"nequi: $332.614,47";COMPLETED
V-2026-1006;"4/9/2026, 3:06:30 p. m.";Cajero;;1062226.2100000002;0;0;0;1062226.2100000002;"daviplata: $1.104.086,21";COMPLETED
V-2026-1005;"4/9/2026, 3:06:30 p. m.";Cajero;;145839.76;0;0;0;145839.76;"daviplata: $183.187,76";COMPLETED
V-2026-1004;"4/9/2026, 3:06:30 p. m.";Cajero;;411450.56;0;0;0;411450.56;"efectivo: $438.845,56";COMPLETED
V-2026-1003;"4/9/2026, 3:06:30 p. m.";Cajero;;1199650.3199999998;0;0;0;1199650.3199999998;"daviplata: $1.202.726,32";COMPLETED
V-2026-1002;"4/9/2026, 3:06:30 p. m.";Cajero;;256876.36;0;0;0;256876.36;"efectivo: $276.332,36";COMPLETED
V-2026-1001;"4/9/2026, 3:06:30 p. m.";Cajero;;212813.40999999997;0;0;0;212813.40999999997;"nequi: $259.237,41";COMPLETED
V-2026-1000;"4/9/2026, 3:06:30 p. m.";Cajero;;498236.71;0;0;0;498236.71;"efectivo: $543.690,71";COMPLETED
V-2026-0999;"4/9/2026, 3:06:30 p. m.";Cajero;;534320.8200000001;0;0;0;534320.8200000001;"tarjeta: $567.356,82";COMPLETED
V-2026-0998;"4/9/2026, 3:06:30 p. m.";Cajero;;623049.84;0;0;0;623049.84;"efectivo: $665.956,84";COMPLETED
V-2026-0997;"4/9/2026, 3:06:30 p. m.";Cajero;;386137.48000000004;0;0;0;386137.48000000004;"daviplata: $422.753,48";COMPLETED
V-2026-0996;"4/9/2026, 3:06:30 p. m.";Cajero;;682546.2399999999;0;0;0;682546.2399999999;"daviplata: $727.511,24";COMPLETED
V-2026-0995;"4/9/2026, 3:06:30 p. m.";Cajero;;755790.4;0;0;0;755790.4;"daviplata: $781.832,4";COMPLETED
V-2026-0994;"4/9/2026, 3:06:30 p. m.";Cajero;;815542.64;0;0;0;815542.64;"nequi: $829.601,64";COMPLETED
V-2026-0993;"4/9/2026, 3:06:30 p. m.";Cajero;;675369.86;0;0;0;675369.86;"tarjeta: $688.406,86";COMPLETED
V-2026-0992;"4/9/2026, 3:06:30 p. m.";Cajero;;76199.12;0;0;0;76199.12;"daviplata: $107.987,12";COMPLETED
V-2026-0991;"4/9/2026, 3:06:30 p. m.";Cajero;;564535.65;0;0;0;564535.65;"efectivo: $570.221,65";COMPLETED
V-2026-0990;"4/9/2026, 3:06:30 p. m.";Cajero;;368117.48;0;0;0;368117.48;"tarjeta: $372.846,48";COMPLETED
V-2026-0989;"4/9/2026, 3:06:30 p. m.";Cajero;;518373.73;0;0;0;518373.73;"tarjeta: $566.505,73";COMPLETED
V-2026-0988;"4/9/2026, 3:06:30 p. m.";Cajero;;290612.2;0;0;0;290612.2;"tarjeta: $301.504,2";COMPLETED
V-2026-0987;"4/9/2026, 3:06:30 p. m.";Cajero;;198168.24;0;0;0;198168.24;"nequi: $221.660,24";COMPLETED
V-2026-0986;"4/9/2026, 3:06:30 p. m.";Cajero;;972340.16;0;0;0;972340.16;"transferencia: $995.289,16";COMPLETED
V-2026-0985;"4/9/2026, 3:06:30 p. m.";Cajero;;145616.4;0;0;0;145616.4;"daviplata: $158.797,4";COMPLETED
V-2026-0984;"4/9/2026, 3:06:30 p. m.";Cajero;;608021.59;0;0;0;608021.59;"nequi: $614.244,59";COMPLETED
V-2026-0983;"4/9/2026, 3:06:30 p. m.";Cajero;;293954.54000000004;0;0;0;293954.54000000004;"daviplata: $325.960,54";COMPLETED
V-2026-0982;"4/9/2026, 3:06:30 p. m.";Cajero;;1154120.96;0;0;0;1154120.96;"nequi: $1.197.304,96";COMPLETED
V-2026-0981;"4/9/2026, 3:06:30 p. m.";Cajero;;636172.52;0;0;0;636172.52;"tarjeta: $659.042,52";COMPLETED
V-2026-0980;"4/9/2026, 3:06:30 p. m.";Cajero;;110636.96;0;0;0;110636.96;"transferencia: $129.112,96";COMPLETED
V-2026-0979;"4/9/2026, 3:06:30 p. m.";Cajero;;577179.84;0;0;0;577179.84;"nequi: $614.331,84";COMPLETED
V-2026-0978;"4/9/2026, 3:06:30 p. m.";Cajero;;1175607.2;0;0;0;1175607.2;"nequi: $1.216.892,2";COMPLETED
V-2026-0977;"4/9/2026, 3:06:30 p. m.";Cajero;;122579.4;0;0;0;122579.4;"daviplata: $156.511,4";COMPLETED
V-2026-0976;"4/9/2026, 3:06:30 p. m.";Cajero;;710441.0900000001;0;0;0;710441.0900000001;"tarjeta: $719.913,09";COMPLETED
V-2026-0975;"4/9/2026, 3:06:30 p. m.";Cajero;;98604.15000000001;0;0;0;98604.15000000001;"nequi: $121.337,15";COMPLETED
V-2026-0974;"4/9/2026, 3:06:30 p. m.";Cajero;;771075.65;0;0;0;771075.65;"daviplata: $798.615,65";COMPLETED
V-2026-0973;"4/9/2026, 3:06:30 p. m.";Cajero;;231696.18000000002;0;0;0;231696.18000000002;"daviplata: $267.542,18";COMPLETED
V-2026-0972;"4/9/2026, 3:06:30 p. m.";Cajero;;543642.37;0;0;0;543642.37;"tarjeta: $591.330,37";COMPLETED
V-2026-0971;"4/9/2026, 3:06:30 p. m.";Cajero;;530033.92;0;0;0;530033.92;"daviplata: $554.960,92";COMPLETED
V-2026-0970;"4/9/2026, 3:06:30 p. m.";Cajero;;920520.06;0;0;0;920520.06;"efectivo: $937.960,06";COMPLETED
V-2026-0969;"4/9/2026, 3:06:30 p. m.";Cajero;;742723.3099999999;0;0;0;742723.3099999999;"efectivo: $756.831,31";COMPLETED
V-2026-0968;"4/9/2026, 3:06:30 p. m.";Cajero;;1056343.95;0;0;0;1056343.95;"tarjeta: $1.059.748,95";COMPLETED
V-2026-0967;"4/9/2026, 3:06:30 p. m.";Cajero;;648812.12;0;0;0;648812.12;"daviplata: $692.659,12";COMPLETED
V-2026-0966;"4/9/2026, 3:06:30 p. m.";Cajero;;882834.37;0;0;0;882834.37;"transferencia: $891.661,37";COMPLETED
V-2026-0965;"4/9/2026, 3:06:30 p. m.";Cajero;;597389.09;0;0;0;597389.09;"transferencia: $644.853,09";COMPLETED
V-2026-0964;"4/9/2026, 3:06:30 p. m.";Cajero;;737316.8599999999;0;0;0;737316.8599999999;"nequi: $781.375,86";COMPLETED
V-2026-0963;"4/9/2026, 3:06:30 p. m.";Cajero;;312137.9;0;0;0;312137.9;"daviplata: $326.728,9";COMPLETED
V-2026-0962;"4/9/2026, 3:06:30 p. m.";Cajero;;961829.65;0;0;0;961829.65;"tarjeta: $981.254,65";COMPLETED
V-2026-0961;"4/9/2026, 3:06:30 p. m.";Cajero;;105320.28;0;0;0;105320.28;"tarjeta: $119.181,28";COMPLETED
V-2026-0960;"4/9/2026, 3:06:30 p. m.";Cajero;;346736.19999999995;0;0;0;346736.19999999995;"efectivo: $375.860,2";COMPLETED
V-2026-0959;"4/9/2026, 3:06:30 p. m.";Cajero;;530932.49;0;0;0;530932.49;"transferencia: $563.557,49";COMPLETED
V-2026-0958;"4/9/2026, 3:06:30 p. m.";Cajero;;948874.25;0;0;0;948874.25;"daviplata: $980.291,25";COMPLETED
V-2026-0957;"4/9/2026, 3:06:30 p. m.";Cajero;;788282.37;0;0;0;788282.37;"transferencia: $810.843,37";COMPLETED
V-2026-0956;"4/9/2026, 3:06:30 p. m.";Cajero;;271861.84;0;0;0;271861.84;"daviplata: $285.875,84";COMPLETED
V-2026-0955;"4/9/2026, 3:06:30 p. m.";Cajero;;964542.17;0;0;0;964542.17;"efectivo: $973.200,17";COMPLETED
V-2026-0954;"4/9/2026, 3:06:30 p. m.";Cajero;;688454.68;0;0;0;688454.68;"efectivo: $714.799,68";COMPLETED
V-2026-0953;"4/9/2026, 3:06:30 p. m.";Cajero;;564386.29;0;0;0;564386.29;"daviplata: $606.602,29";COMPLETED
V-2026-0952;"4/9/2026, 3:06:30 p. m.";Cajero;;405622.86;0;0;0;405622.86;"daviplata: $435.706,86";COMPLETED
V-2026-0951;"4/9/2026, 3:06:30 p. m.";Cajero;;386564.75;0;0;0;386564.75;"tarjeta: $408.210,75";COMPLETED
V-2026-0950;"4/9/2026, 3:06:30 p. m.";Cajero;;690114.71;0;0;0;690114.71;"daviplata: $728.603,71";COMPLETED
V-2026-0949;"4/9/2026, 3:06:30 p. m.";Cajero;;424556.64;0;0;0;424556.64;"nequi: $453.198,64";COMPLETED
V-2026-0948;"4/9/2026, 3:06:30 p. m.";Cajero;;22545.72;0;0;0;22545.72;"tarjeta: $39.805,72";COMPLETED
V-2026-0947;"4/9/2026, 3:06:30 p. m.";Cajero;;19345.64;0;0;0;19345.64;"transferencia: $29.538,64";COMPLETED
V-2026-0946;"4/9/2026, 3:06:30 p. m.";Cajero;;467617.55;0;0;0;467617.55;"transferencia: $508.381,55";COMPLETED
V-2026-0945;"4/9/2026, 3:06:30 p. m.";Cajero;;371241.07999999996;0;0;0;371241.07999999996;"daviplata: $416.491,08";COMPLETED
V-2026-0944;"4/9/2026, 3:06:30 p. m.";Cajero;;823953.58;0;0;0;823953.58;"tarjeta: $867.363,58";COMPLETED
V-2026-0943;"4/9/2026, 3:06:30 p. m.";Cajero;;479799.19999999995;0;0;0;479799.19999999995;"daviplata: $500.187,2";COMPLETED
V-2026-0942;"4/9/2026, 3:06:30 p. m.";Cajero;;569327.33;0;0;0;569327.33;"tarjeta: $579.718,33";COMPLETED
V-2026-0941;"4/9/2026, 3:06:30 p. m.";Cajero;;361843.33999999997;0;0;0;361843.33999999997;"transferencia: $385.450,34";COMPLETED
V-2026-0940;"4/9/2026, 3:06:30 p. m.";Cajero;;429600.28;0;0;0;429600.28;"efectivo: $466.092,28";COMPLETED
V-2026-0939;"4/9/2026, 3:06:30 p. m.";Cajero;;85265.92;0;0;0;85265.92;"efectivo: $85.670,92";COMPLETED
V-2026-0938;"4/9/2026, 3:06:30 p. m.";Cajero;;527559.1399999999;0;0;0;527559.1399999999;"tarjeta: $575.675,14";COMPLETED
V-2026-0937;"4/9/2026, 3:06:30 p. m.";Cajero;;175702.83000000002;0;0;0;175702.83000000002;"daviplata: $225.369,83";COMPLETED
V-2026-0936;"4/9/2026, 3:06:30 p. m.";Cajero;;676456.95;0;0;0;676456.95;"transferencia: $687.718,95";COMPLETED
V-2026-0935;"4/9/2026, 3:06:30 p. m.";Cajero;;834248.39;0;0;0;834248.39;"nequi: $875.355,39";COMPLETED
V-2026-0934;"4/9/2026, 3:06:30 p. m.";Cajero;;272771.43;0;0;0;272771.43;"transferencia: $310.076,43";COMPLETED
V-2026-0933;"4/9/2026, 3:06:30 p. m.";Cajero;;622416.8699999999;0;0;0;622416.8699999999;"tarjeta: $624.346,87";COMPLETED
V-2026-0932;"4/9/2026, 3:06:30 p. m.";Cajero;;629852.35;0;0;0;629852.35;"daviplata: $644.159,35";COMPLETED
V-2026-0931;"4/9/2026, 3:06:30 p. m.";Cajero;;530176.21;0;0;0;530176.21;"transferencia: $568.494,21";COMPLETED
V-2026-0930;"4/9/2026, 3:06:30 p. m.";Cajero;;128052.67;0;0;0;128052.67;"tarjeta: $152.727,67";COMPLETED
V-2026-0929;"4/9/2026, 3:06:30 p. m.";Cajero;;109002.87;0;0;0;109002.87;"nequi: $142.381,87";COMPLETED
V-2026-0928;"4/9/2026, 3:06:30 p. m.";Cajero;;569162.86;0;0;0;569162.86;"efectivo: $573.194,86";COMPLETED
V-2026-0927;"4/9/2026, 3:06:30 p. m.";Cajero;;225183.63000000003;0;0;0;225183.63000000003;"nequi: $271.372,63";COMPLETED
V-2026-0926;"4/9/2026, 3:06:30 p. m.";Cajero;;251525.91;0;0;0;251525.91;"efectivo: $271.585,91";COMPLETED
V-2026-0925;"4/9/2026, 3:06:30 p. m.";Cajero;;387859.72;0;0;0;387859.72;"tarjeta: $422.158,72";COMPLETED
V-2026-0924;"4/9/2026, 3:06:30 p. m.";Cajero;;168572.94;0;0;0;168572.94;"transferencia: $186.123,94";COMPLETED
V-2026-0923;"4/9/2026, 3:06:30 p. m.";Cajero;;900642.4;0;0;0;900642.4;"tarjeta: $913.998,4";COMPLETED
V-2026-0922;"4/9/2026, 3:06:30 p. m.";Cajero;;649483.9700000001;0;0;0;649483.9700000001;"tarjeta: $650.151,97";COMPLETED
V-2026-0921;"4/9/2026, 3:06:30 p. m.";Cajero;;168719.2;0;0;0;168719.2;"nequi: $202.474,2";COMPLETED
V-2026-0920;"4/9/2026, 3:06:30 p. m.";Cajero;;121725.88;0;0;0;121725.88;"nequi: $132.868,88";COMPLETED
V-2026-0919;"4/9/2026, 3:06:30 p. m.";Cajero;;571088.0700000001;0;0;0;571088.0700000001;"daviplata: $597.536,07";COMPLETED
V-2026-0918;"4/9/2026, 3:06:30 p. m.";Cajero;;992334.6300000001;0;0;0;992334.6300000001;"nequi: $1.019.816,63";COMPLETED
V-2026-0917;"4/9/2026, 3:06:30 p. m.";Cajero;;815138.48;0;0;0;815138.48;"transferencia: $826.884,48";COMPLETED
V-2026-0916;"4/9/2026, 3:06:30 p. m.";Cajero;;840798.47;0;0;0;840798.47;"transferencia: $885.576,47";COMPLETED
V-2026-0915;"4/9/2026, 3:06:30 p. m.";Cajero;;856259.49;0;0;0;856259.49;"tarjeta: $893.435,49";COMPLETED
V-2026-0914;"4/9/2026, 3:06:29 p. m.";Cajero;;290389.05000000005;0;0;0;290389.05000000005;"transferencia: $324.454,05";COMPLETED
V-2026-0913;"4/9/2026, 3:06:29 p. m.";Cajero;;375244.72;0;0;0;375244.72;"nequi: $391.796,72";COMPLETED
V-2026-0912;"4/9/2026, 3:06:29 p. m.";Cajero;;207104.61;0;0;0;207104.61;"efectivo: $214.772,61";COMPLETED
V-2026-0911;"4/9/2026, 3:06:29 p. m.";Cajero;;913935.1300000001;0;0;0;913935.1300000001;"tarjeta: $949.240,13";COMPLETED
V-2026-0910;"4/9/2026, 3:06:29 p. m.";Cajero;;552139.37;0;0;0;552139.37;"efectivo: $583.882,37";COMPLETED
V-2026-0909;"4/9/2026, 3:06:29 p. m.";Cajero;;172319.91;0;0;0;172319.91;"tarjeta: $211.672,91";COMPLETED
V-2026-0908;"4/9/2026, 3:06:29 p. m.";Cajero;;887785.17;0;0;0;887785.17;"transferencia: $923.445,17";COMPLETED
V-2026-0907;"4/9/2026, 3:06:29 p. m.";Cajero;;422657.22000000003;0;0;0;422657.22000000003;"transferencia: $433.658,22";COMPLETED
V-2026-0906;"4/9/2026, 3:06:29 p. m.";Cajero;;235446;0;0;0;235446;daviplata: $254.251;COMPLETED
V-2026-0905;"4/9/2026, 3:06:29 p. m.";Cajero;;208169.66;0;0;0;208169.66;"efectivo: $216.491,66";COMPLETED
V-2026-0904;"4/9/2026, 3:06:29 p. m.";Cajero;;673511.4900000001;0;0;0;673511.4900000001;"efectivo: $723.045,49";COMPLETED
V-2026-0903;"4/9/2026, 3:06:29 p. m.";Cajero;;437215.42000000004;0;0;0;437215.42000000004;"transferencia: $437.353,42";COMPLETED
V-2026-0902;"4/9/2026, 3:06:29 p. m.";Cajero;;177212.72;0;0;0;177212.72;"nequi: $181.544,72";COMPLETED
V-2026-0901;"4/9/2026, 3:06:29 p. m.";Cajero;;157889.4;0;0;0;157889.4;"daviplata: $180.914,4";COMPLETED
V-2026-0900;"4/9/2026, 3:06:29 p. m.";Cajero;;1150491.99;0;0;0;1150491.99;"daviplata: $1.181.105,99";COMPLETED
V-2026-0899;"4/9/2026, 3:06:29 p. m.";Cajero;;453111.66;0;0;0;453111.66;"daviplata: $501.749,66";COMPLETED
V-2026-0898;"4/9/2026, 3:06:29 p. m.";Cajero;;583074.4099999999;0;0;0;583074.4099999999;"efectivo: $583.826,41";COMPLETED
V-2026-0897;"4/9/2026, 3:06:29 p. m.";Cajero;;266811.64999999997;0;0;0;266811.64999999997;"efectivo: $313.876,65";COMPLETED
V-2026-0896;"4/9/2026, 3:06:29 p. m.";Cajero;;480361.58999999997;0;0;0;480361.58999999997;"nequi: $484.763,59";COMPLETED
V-2026-0895;"4/9/2026, 3:06:29 p. m.";Cajero;;634969.7899999999;0;0;0;634969.7899999999;"transferencia: $651.896,79";COMPLETED
V-2026-0894;"4/9/2026, 3:06:29 p. m.";Cajero;;303160.85;0;0;0;303160.85;"tarjeta: $351.995,85";COMPLETED
V-2026-0893;"4/9/2026, 3:06:29 p. m.";Cajero;;432138.68999999994;0;0;0;432138.68999999994;"tarjeta: $461.305,69";COMPLETED
V-2026-0892;"4/9/2026, 3:06:29 p. m.";Cajero;;349975.71;0;0;0;349975.71;"transferencia: $397.790,71";COMPLETED
V-2026-0891;"4/9/2026, 3:06:29 p. m.";Cajero;;607403.19;0;0;0;607403.19;"daviplata: $638.523,19";COMPLETED
V-2026-0890;"4/9/2026, 3:06:29 p. m.";Cajero;;831054.8799999999;0;0;0;831054.8799999999;"transferencia: $843.875,88";COMPLETED
V-2026-0889;"4/9/2026, 3:06:29 p. m.";Cajero;;806150.1199999999;0;0;0;806150.1199999999;"daviplata: $821.854,12";COMPLETED
V-2026-0888;"4/9/2026, 3:06:29 p. m.";Cajero;;208021.34999999998;0;0;0;208021.34999999998;"tarjeta: $211.696,35";COMPLETED
V-2026-0887;"4/9/2026, 3:06:29 p. m.";Cajero;;40965.149999999994;0;0;0;40965.149999999994;"efectivo: $81.683,15";COMPLETED
V-2026-0886;"4/9/2026, 3:06:29 p. m.";Cajero;;366460.00999999995;0;0;0;366460.00999999995;"nequi: $373.920,01";COMPLETED
V-2026-0885;"4/9/2026, 3:06:29 p. m.";Cajero;;58716.509999999995;0;0;0;58716.509999999995;"nequi: $83.814,51";COMPLETED
V-2026-0884;"4/9/2026, 3:06:29 p. m.";Cajero;;343302.61000000004;0;0;0;343302.61000000004;"tarjeta: $381.537,61";COMPLETED
V-2026-0883;"4/9/2026, 3:06:29 p. m.";Cajero;;738391.4299999999;0;0;0;738391.4299999999;"daviplata: $765.874,43";COMPLETED
V-2026-0882;"4/9/2026, 3:06:29 p. m.";Cajero;;208449.76;0;0;0;208449.76;"efectivo: $232.533,76";COMPLETED
V-2026-0881;"4/9/2026, 3:06:29 p. m.";Cajero;;481414.97000000003;0;0;0;481414.97000000003;"daviplata: $520.164,97";COMPLETED
V-2026-0880;"4/9/2026, 3:06:29 p. m.";Cajero;;26543.68;0;0;0;26543.68;"daviplata: $49.286,68";COMPLETED
V-2026-0879;"4/9/2026, 3:06:29 p. m.";Cajero;;213669.62;0;0;0;213669.62;"daviplata: $224.455,62";COMPLETED
V-2026-0878;"4/9/2026, 3:06:29 p. m.";Cajero;;157340.52000000002;0;0;0;157340.52000000002;"transferencia: $161.694,52";COMPLETED
V-2026-0877;"4/9/2026, 3:06:29 p. m.";Cajero;;170709.4;0;0;0;170709.4;"nequi: $214.387,4";COMPLETED
V-2026-0876;"4/9/2026, 3:06:29 p. m.";Cajero;;439313.9199999999;0;0;0;439313.9199999999;"transferencia: $441.761,92";COMPLETED
V-2026-0875;"4/9/2026, 3:06:29 p. m.";Cajero;;363691.9;0;0;0;363691.9;"efectivo: $384.556,9";COMPLETED
V-2026-0874;"4/9/2026, 3:06:29 p. m.";Cajero;;425979.49;0;0;0;425979.49;"efectivo: $436.824,49";COMPLETED
V-2026-0873;"4/9/2026, 3:06:29 p. m.";Cajero;;425209.18999999994;0;0;0;425209.18999999994;"efectivo: $434.767,19";COMPLETED
V-2026-0872;"4/9/2026, 3:06:29 p. m.";Cajero;;733560.4200000002;0;0;0;733560.4200000002;"efectivo: $741.975,42";COMPLETED
V-2026-0871;"4/9/2026, 3:06:29 p. m.";Cajero;;808452.24;0;0;0;808452.24;"daviplata: $819.835,24";COMPLETED
V-2026-0870;"4/9/2026, 3:06:29 p. m.";Cajero;;246222.85;0;0;0;246222.85;"efectivo: $287.402,85";COMPLETED
V-2026-0869;"4/9/2026, 3:06:29 p. m.";Cajero;;643297.55;0;0;0;643297.55;"daviplata: $674.163,55";COMPLETED
V-2026-0868;"4/9/2026, 3:06:29 p. m.";Cajero;;547343.21;0;0;0;547343.21;"nequi: $575.790,21";COMPLETED
V-2026-0867;"4/9/2026, 3:06:29 p. m.";Cajero;;861461.79;0;0;0;861461.79;"nequi: $867.821,79";COMPLETED
V-2026-0866;"4/9/2026, 3:06:29 p. m.";Cajero;;80477.52;0;0;0;80477.52;"nequi: $95.013,52";COMPLETED
V-2026-0865;"4/9/2026, 3:06:29 p. m.";Cajero;;536989.4500000001;0;0;0;536989.4500000001;"tarjeta: $546.547,45";COMPLETED
V-2026-0864;"4/9/2026, 3:06:29 p. m.";Cajero;;901002.74;0;0;0;901002.74;"transferencia: $932.015,74";COMPLETED
V-2026-0863;"4/9/2026, 3:06:29 p. m.";Cajero;;722922.63;0;0;0;722922.63;"tarjeta: $765.644,63";COMPLETED
V-2026-0862;"4/9/2026, 3:06:29 p. m.";Cajero;;287032.04000000004;0;0;0;287032.04000000004;"transferencia: $287.694,04";COMPLETED
V-2026-0861;"4/9/2026, 3:06:29 p. m.";Cajero;;655447.17;0;0;0;655447.17;"daviplata: $699.221,17";COMPLETED
V-2026-0860;"4/9/2026, 3:06:29 p. m.";Cajero;;617451.88;0;0;0;617451.88;"transferencia: $639.205,88";COMPLETED
V-2026-0859;"4/9/2026, 3:06:29 p. m.";Cajero;;388702.9;0;0;0;388702.9;"transferencia: $405.172,9";COMPLETED
V-2026-0858;"4/9/2026, 3:06:29 p. m.";Cajero;;719665.23;0;0;0;719665.23;"tarjeta: $743.228,23";COMPLETED
V-2026-0857;"4/9/2026, 3:06:29 p. m.";Cajero;;357836.5;0;0;0;357836.5;"efectivo: $369.233,5";COMPLETED
V-2026-0856;"4/9/2026, 3:06:29 p. m.";Cajero;;336262.31999999995;0;0;0;336262.31999999995;"efectivo: $380.685,32";COMPLETED
V-2026-0855;"4/9/2026, 3:06:29 p. m.";Cajero;;406707.5;0;0;0;406707.5;"tarjeta: $444.471,5";COMPLETED
V-2026-0854;"4/9/2026, 3:06:29 p. m.";Cajero;;115258.85999999999;0;0;0;115258.85999999999;"tarjeta: $124.505,86";COMPLETED
V-2026-0853;"4/9/2026, 3:06:29 p. m.";Cajero;;1218507.28;0;0;0;1218507.28;"transferencia: $1.235.568,28";COMPLETED
V-2026-0852;"4/9/2026, 3:06:29 p. m.";Cajero;;1027215.8;0;0;0;1027215.8;"transferencia: $1.070.880,8";COMPLETED
V-2026-0851;"4/9/2026, 3:06:29 p. m.";Cajero;;274823.52999999997;0;0;0;274823.52999999997;"daviplata: $283.453,53";COMPLETED
V-2026-0850;"4/9/2026, 3:06:29 p. m.";Cajero;;372797.99;0;0;0;372797.99;"tarjeta: $384.623,99";COMPLETED
V-2026-0849;"4/9/2026, 3:06:29 p. m.";Cajero;;365397.68;0;0;0;365397.68;"daviplata: $389.365,68";COMPLETED
V-2026-0848;"4/9/2026, 3:06:29 p. m.";Cajero;;742033.9099999999;0;0;0;742033.9099999999;"tarjeta: $761.058,91";COMPLETED
V-2026-0847;"4/9/2026, 3:06:29 p. m.";Cajero;;558159.5;0;0;0;558159.5;"tarjeta: $586.443,5";COMPLETED
V-2026-0846;"4/9/2026, 3:06:29 p. m.";Cajero;;389991.91;0;0;0;389991.91;"efectivo: $432.677,91";COMPLETED
V-2026-0845;"4/9/2026, 3:06:29 p. m.";Cajero;;404492.14999999997;0;0;0;404492.14999999997;"nequi: $408.276,15";COMPLETED
V-2026-0844;"4/9/2026, 3:06:29 p. m.";Cajero;;755144.1399999999;0;0;0;755144.1399999999;"efectivo: $781.669,14";COMPLETED
V-2026-0843;"4/9/2026, 3:06:29 p. m.";Cajero;;691312.46;0;0;0;691312.46;"efectivo: $712.915,46";COMPLETED
V-2026-0842;"4/9/2026, 3:06:29 p. m.";Cajero;;318338.44;0;0;0;318338.44;"nequi: $330.348,44";COMPLETED
V-2026-0841;"4/9/2026, 3:06:29 p. m.";Cajero;;698889.78;0;0;0;698889.78;"transferencia: $735.602,78";COMPLETED
V-2026-0840;"4/9/2026, 3:06:29 p. m.";Cajero;;873448.85;0;0;0;873448.85;"daviplata: $889.397,85";COMPLETED
V-2026-0839;"4/9/2026, 3:06:29 p. m.";Cajero;;402972.01999999996;0;0;0;402972.01999999996;"transferencia: $428.355,02";COMPLETED
V-2026-0838;"4/9/2026, 3:06:29 p. m.";Cajero;;741657.3500000001;0;0;0;741657.3500000001;"transferencia: $769.749,35";COMPLETED
V-2026-0837;"4/9/2026, 3:06:29 p. m.";Cajero;;692525.36;0;0;0;692525.36;"daviplata: $700.977,36";COMPLETED
V-2026-0836;"4/9/2026, 3:06:29 p. m.";Cajero;;1224812.98;0;0;0;1224812.98;"nequi: $1.242.757,98";COMPLETED
V-2026-0835;"4/9/2026, 3:06:29 p. m.";Cajero;;69289.49;0;0;0;69289.49;"efectivo: $70.338,49";COMPLETED
V-2026-0834;"4/9/2026, 3:06:29 p. m.";Cajero;;73760.62;0;0;0;73760.62;"tarjeta: $95.495,62";COMPLETED
V-2026-0833;"4/9/2026, 3:06:29 p. m.";Cajero;;128280.90000000001;0;0;0;128280.90000000001;"nequi: $162.426,9";COMPLETED
V-2026-0832;"4/9/2026, 3:06:29 p. m.";Cajero;;177438.76;0;0;0;177438.76;"nequi: $194.689,76";COMPLETED
V-2026-0831;"4/9/2026, 3:06:29 p. m.";Cajero;;181999.32;0;0;0;181999.32;"nequi: $217.752,32";COMPLETED
V-2026-0830;"4/9/2026, 3:06:29 p. m.";Cajero;;411093.7;0;0;0;411093.7;"efectivo: $426.601,7";COMPLETED
V-2026-0829;"4/9/2026, 3:06:29 p. m.";Cajero;;336011.6;0;0;0;336011.6;"efectivo: $339.457,6";COMPLETED
V-2026-0828;"4/9/2026, 3:06:29 p. m.";Cajero;;512966.02;0;0;0;512966.02;"efectivo: $541.560,02";COMPLETED
V-2026-0827;"4/9/2026, 3:06:29 p. m.";Cajero;;359977.70999999996;0;0;0;359977.70999999996;"nequi: $381.741,71";COMPLETED
V-2026-0826;"4/9/2026, 3:06:29 p. m.";Cajero;;301711.5;0;0;0;301711.5;"daviplata: $338.098,5";COMPLETED
V-2026-0825;"4/9/2026, 3:06:29 p. m.";Cajero;;869354.75;0;0;0;869354.75;"efectivo: $883.217,75";COMPLETED
V-2026-0824;"4/9/2026, 3:06:29 p. m.";Cajero;;544591.5399999999;0;0;0;544591.5399999999;"tarjeta: $589.838,54";COMPLETED
V-2026-0823;"4/9/2026, 3:06:29 p. m.";Cajero;;1105595.2600000002;0;0;0;1105595.2600000002;"transferencia: $1.124.930,26";COMPLETED
V-2026-0822;"4/9/2026, 3:06:29 p. m.";Cajero;;400867.13;0;0;0;400867.13;"daviplata: $429.954,13";COMPLETED
V-2026-0821;"4/9/2026, 3:06:29 p. m.";Cajero;;889016.3;0;0;0;889016.3;"efectivo: $934.242,3";COMPLETED
V-2026-0820;"4/9/2026, 3:06:29 p. m.";Cajero;;212494.2;0;0;0;212494.2;"nequi: $224.299,2";COMPLETED
V-2026-0819;"4/9/2026, 3:06:29 p. m.";Cajero;;75866.45000000001;0;0;0;75866.45000000001;"efectivo: $95.068,45";COMPLETED
V-2026-0818;"4/9/2026, 3:06:29 p. m.";Cajero;;669077.51;0;0;0;669077.51;"transferencia: $690.627,51";COMPLETED
V-2026-0817;"4/9/2026, 3:06:29 p. m.";Cajero;;377137.66000000003;0;0;0;377137.66000000003;"daviplata: $423.677,66";COMPLETED
V-2026-0816;"4/9/2026, 3:06:29 p. m.";Cajero;;507128.75;0;0;0;507128.75;"daviplata: $514.612,75";COMPLETED
V-2026-0815;"4/9/2026, 3:06:29 p. m.";Cajero;;778394.8700000001;0;0;0;778394.8700000001;"transferencia: $789.689,87";COMPLETED
V-2026-0814;"4/9/2026, 3:06:29 p. m.";Cajero;;268748.72;0;0;0;268748.72;"transferencia: $297.048,72";COMPLETED
V-2026-0813;"4/9/2026, 3:06:29 p. m.";Cajero;;1079530.92;0;0;0;1079530.92;"nequi: $1.124.004,92";COMPLETED
V-2026-0812;"4/9/2026, 3:06:29 p. m.";Cajero;;705587.7899999999;0;0;0;705587.7899999999;"nequi: $748.291,79";COMPLETED
V-2026-0811;"4/9/2026, 3:06:29 p. m.";Cajero;;733640.9;0;0;0;733640.9;"daviplata: $758.424,9";COMPLETED
V-2026-0810;"4/9/2026, 3:06:29 p. m.";Cajero;;48588.77;0;0;0;48588.77;"efectivo: $96.425,77";COMPLETED
V-2026-0809;"4/9/2026, 3:06:29 p. m.";Cajero;;323270.72;0;0;0;323270.72;"transferencia: $351.759,72";COMPLETED
V-2026-0808;"4/9/2026, 3:06:29 p. m.";Cajero;;78868.76;0;0;0;78868.76;"nequi: $94.487,76";COMPLETED
V-2026-0807;"4/9/2026, 3:06:29 p. m.";Cajero;;445900.25;0;0;0;445900.25;"nequi: $487.486,25";COMPLETED
V-2026-0806;"4/9/2026, 3:06:29 p. m.";Cajero;;447315.73000000004;0;0;0;447315.73000000004;"nequi: $469.240,73";COMPLETED
V-2026-0805;"4/9/2026, 3:06:29 p. m.";Cajero;;104601.04;0;0;0;104601.04;"efectivo: $117.825,04";COMPLETED
V-2026-0804;"4/9/2026, 3:06:29 p. m.";Cajero;;303963.34;0;0;0;303963.34;"transferencia: $344.881,34";COMPLETED
V-2026-0803;"4/9/2026, 3:06:29 p. m.";Cajero;;28065.36;0;0;0;28065.36;"daviplata: $56.997,36";COMPLETED
V-2026-0802;"4/9/2026, 3:06:29 p. m.";Cajero;;972423.6200000001;0;0;0;972423.6200000001;"tarjeta: $1.021.648,62";COMPLETED
V-2026-0801;"4/9/2026, 3:06:29 p. m.";Cajero;;158883.01;0;0;0;158883.01;"transferencia: $168.878,01";COMPLETED
V-2026-0800;"4/9/2026, 3:06:29 p. m.";Cajero;;603339.1200000001;0;0;0;603339.1200000001;"efectivo: $606.639,12";COMPLETED
V-2026-0799;"4/9/2026, 3:06:29 p. m.";Cajero;;158154.6;0;0;0;158154.6;"tarjeta: $207.325,6";COMPLETED
V-2026-0798;"4/9/2026, 3:06:29 p. m.";Cajero;;699668.17;0;0;0;699668.17;"efectivo: $715.772,17";COMPLETED
V-2026-0797;"4/9/2026, 3:06:29 p. m.";Cajero;;25808.36;0;0;0;25808.36;"nequi: $75.385,36";COMPLETED
V-2026-0796;"4/9/2026, 3:06:29 p. m.";Cajero;;480394.74;0;0;0;480394.74;"daviplata: $489.869,74";COMPLETED
V-2026-0795;"4/9/2026, 3:06:28 p. m.";Cajero;;915867.1799999998;0;0;0;915867.1799999998;"efectivo: $919.250,18";COMPLETED
V-2026-0794;"4/9/2026, 3:06:28 p. m.";Cajero;;191941.41999999998;0;0;0;191941.41999999998;"daviplata: $236.469,42";COMPLETED
V-2026-0793;"4/9/2026, 3:06:28 p. m.";Cajero;;84415.16;0;0;0;84415.16;"transferencia: $114.390,16";COMPLETED
V-2026-0792;"4/9/2026, 3:06:28 p. m.";Cajero;;21722.14;0;0;0;21722.14;"transferencia: $51.890,14";COMPLETED
V-2026-0791;"4/9/2026, 3:06:28 p. m.";Cajero;;687728.8300000001;0;0;0;687728.8300000001;"transferencia: $690.844,83";COMPLETED
V-2026-0790;"4/9/2026, 3:06:28 p. m.";Cajero;;125270.86;0;0;0;125270.86;"nequi: $167.308,86";COMPLETED
V-2026-0789;"4/9/2026, 3:06:28 p. m.";Cajero;;92802.26;0;0;0;92802.26;"transferencia: $99.013,26";COMPLETED
V-2026-0788;"4/9/2026, 3:06:28 p. m.";Cajero;;433731.16000000003;0;0;0;433731.16000000003;"nequi: $443.740,16";COMPLETED
V-2026-0787;"4/9/2026, 3:06:28 p. m.";Cajero;;475376.38000000006;0;0;0;475376.38000000006;"tarjeta: $480.946,38";COMPLETED
V-2026-0786;"4/9/2026, 3:06:28 p. m.";Cajero;;855778.0700000001;0;0;0;855778.0700000001;"tarjeta: $857.559,07";COMPLETED
V-2026-0785;"4/9/2026, 3:06:28 p. m.";Cajero;;1901.48;0;0;0;1901.48;"tarjeta: $2.753,48";COMPLETED
V-2026-0784;"4/9/2026, 3:06:28 p. m.";Cajero;;714203.39;0;0;0;714203.39;"tarjeta: $736.809,39";COMPLETED
V-2026-0783;"4/9/2026, 3:06:28 p. m.";Cajero;;455554.25000000006;0;0;0;455554.25000000006;"tarjeta: $499.048,25";COMPLETED
V-2026-0782;"4/9/2026, 3:06:28 p. m.";Cajero;;73097.67;0;0;0;73097.67;"daviplata: $112.249,67";COMPLETED
V-2026-0781;"4/9/2026, 3:06:28 p. m.";Cajero;;911509.67;0;0;0;911509.67;"nequi: $945.024,67";COMPLETED
V-2026-0780;"4/9/2026, 3:06:28 p. m.";Cajero;;526071.86;0;0;0;526071.86;"daviplata: $570.290,86";COMPLETED
V-2026-0779;"4/9/2026, 3:06:28 p. m.";Cajero;;533756.3500000001;0;0;0;533756.3500000001;"efectivo: $542.260,35";COMPLETED
V-2026-0778;"4/9/2026, 3:06:28 p. m.";Cajero;;476059.64;0;0;0;476059.64;"tarjeta: $505.967,64";COMPLETED
V-2026-0777;"4/9/2026, 3:06:28 p. m.";Cajero;;226569.49;0;0;0;226569.49;"efectivo: $242.155,49";COMPLETED
V-2026-0776;"4/9/2026, 3:06:28 p. m.";Cajero;;203349.88;0;0;0;203349.88;"daviplata: $214.808,88";COMPLETED
V-2026-0775;"4/9/2026, 3:06:28 p. m.";Cajero;;565888.38;0;0;0;565888.38;"efectivo: $591.690,38";COMPLETED
V-2026-0774;"4/9/2026, 3:06:28 p. m.";Cajero;;65465.35;0;0;0;65465.35;"efectivo: $96.250,35";COMPLETED
V-2026-0773;"4/9/2026, 3:06:28 p. m.";Cajero;;378379.88;0;0;0;378379.88;"daviplata: $427.924,88";COMPLETED
V-2026-0772;"4/9/2026, 3:06:28 p. m.";Cajero;;708209.3500000001;0;0;0;708209.3500000001;"transferencia: $736.051,35";COMPLETED
V-2026-0771;"4/9/2026, 3:06:28 p. m.";Cajero;;545570.89;0;0;0;545570.89;"efectivo: $588.705,89";COMPLETED
V-2026-0770;"4/9/2026, 3:06:28 p. m.";Cajero;;670770.28;0;0;0;670770.28;"nequi: $704.099,28";COMPLETED
V-2026-0769;"4/9/2026, 3:06:28 p. m.";Cajero;;659407.4199999999;0;0;0;659407.4199999999;"daviplata: $668.988,42";COMPLETED
V-2026-0768;"4/9/2026, 3:06:28 p. m.";Cajero;;834932.94;0;0;0;834932.94;"efectivo: $862.971,94";COMPLETED
V-2026-0767;"4/9/2026, 3:06:28 p. m.";Cajero;;326495.18;0;0;0;326495.18;"transferencia: $328.186,18";COMPLETED
V-2026-0766;"4/9/2026, 3:06:28 p. m.";Cajero;;357798.95999999996;0;0;0;357798.95999999996;"transferencia: $369.000,96";COMPLETED
V-2026-0765;"4/9/2026, 3:06:28 p. m.";Cajero;;220950;0;0;0;220950;tarjeta: $263.361;COMPLETED
V-2026-0764;"4/9/2026, 3:06:28 p. m.";Cajero;;533436.55;0;0;0;533436.55;"daviplata: $540.913,55";COMPLETED
V-2026-0763;"4/9/2026, 3:06:28 p. m.";Cajero;;14163.99;0;0;0;14163.99;"transferencia: $18.582,99";COMPLETED
V-2026-0762;"4/9/2026, 3:06:28 p. m.";Cajero;;79477.29000000001;0;0;0;79477.29000000001;"efectivo: $106.639,29";COMPLETED
V-2026-0761;"4/9/2026, 3:06:28 p. m.";Cajero;;95338.04000000001;0;0;0;95338.04000000001;"transferencia: $99.946,04";COMPLETED
V-2026-0760;"4/9/2026, 3:06:28 p. m.";Cajero;;86465;0;0;0;86465;efectivo: $98.153;COMPLETED
V-2026-0759;"4/9/2026, 3:06:28 p. m.";Cajero;;460695.76;0;0;0;460695.76;"transferencia: $478.436,76";COMPLETED
V-2026-0758;"4/9/2026, 3:06:28 p. m.";Cajero;;672316.88;0;0;0;672316.88;"efectivo: $683.010,88";COMPLETED
V-2026-0757;"4/9/2026, 3:06:28 p. m.";Cajero;;383028.47;0;0;0;383028.47;"efectivo: $411.163,47";COMPLETED
V-2026-0756;"4/9/2026, 3:06:28 p. m.";Cajero;;346111.70999999996;0;0;0;346111.70999999996;"daviplata: $378.041,71";COMPLETED
V-2026-0755;"4/9/2026, 3:06:28 p. m.";Cajero;;84526.39;0;0;0;84526.39;"transferencia: $123.966,39";COMPLETED
V-2026-0754;"4/9/2026, 3:06:28 p. m.";Cajero;;44556.54;0;0;0;44556.54;"efectivo: $93.372,54";COMPLETED
V-2026-0753;"4/9/2026, 3:06:28 p. m.";Cajero;;532452.2400000001;0;0;0;532452.2400000001;"nequi: $533.586,24";COMPLETED
V-2026-0752;"4/9/2026, 3:06:28 p. m.";Cajero;;232485.7;0;0;0;232485.7;"nequi: $242.967,7";COMPLETED
V-2026-0751;"4/9/2026, 3:06:28 p. m.";Cajero;;839917.13;0;0;0;839917.13;"transferencia: $871.307,13";COMPLETED
V-2026-0750;"4/9/2026, 3:06:28 p. m.";Cajero;;541956.27;0;0;0;541956.27;"efectivo: $543.440,27";COMPLETED
V-2026-0749;"4/9/2026, 3:06:28 p. m.";Cajero;;883676.06;0;0;0;883676.06;"daviplata: $914.833,06";COMPLETED
V-2026-0748;"4/9/2026, 3:06:28 p. m.";Cajero;;747650.73;0;0;0;747650.73;"tarjeta: $765.983,73";COMPLETED
V-2026-0747;"4/9/2026, 3:06:28 p. m.";Cajero;;94614.15;0;0;0;94614.15;"tarjeta: $140.694,15";COMPLETED
V-2026-0746;"4/9/2026, 3:06:28 p. m.";Cajero;;795930.6900000001;0;0;0;795930.6900000001;"transferencia: $804.152,69";COMPLETED
V-2026-0745;"4/9/2026, 3:06:28 p. m.";Cajero;;448588.44000000006;0;0;0;448588.44000000006;"tarjeta: $478.805,44";COMPLETED
V-2026-0744;"4/9/2026, 3:06:28 p. m.";Cajero;;76628.7;0;0;0;76628.7;"tarjeta: $90.494,7";COMPLETED
V-2026-0743;"4/9/2026, 3:06:28 p. m.";Cajero;;42060.56;0;0;0;42060.56;"nequi: $53.055,56";COMPLETED
V-2026-0742;"4/9/2026, 3:06:28 p. m.";Cajero;;48838.44;0;0;0;48838.44;"nequi: $64.474,44";COMPLETED
V-2026-0741;"4/9/2026, 3:06:28 p. m.";Cajero;;647683.22;0;0;0;647683.22;"efectivo: $666.672,22";COMPLETED
V-2026-0740;"4/9/2026, 3:06:28 p. m.";Cajero;;213188.26;0;0;0;213188.26;"efectivo: $220.014,26";COMPLETED
V-2026-0739;"4/9/2026, 3:06:28 p. m.";Cajero;;649231.01;0;0;0;649231.01;"transferencia: $689.207,01";COMPLETED
V-2026-0738;"4/9/2026, 3:06:28 p. m.";Cajero;;895157.8400000001;0;0;0;895157.8400000001;"tarjeta: $942.373,84";COMPLETED
V-2026-0737;"4/9/2026, 3:06:28 p. m.";Cajero;;369453.38999999996;0;0;0;369453.38999999996;"daviplata: $370.963,39";COMPLETED
V-2026-0736;"4/9/2026, 3:06:28 p. m.";Cajero;;537097.74;0;0;0;537097.74;"daviplata: $571.434,74";COMPLETED
V-2026-0735;"4/9/2026, 3:06:28 p. m.";Cajero;;345637.44;0;0;0;345637.44;"nequi: $359.634,44";COMPLETED
V-2026-0734;"4/9/2026, 3:06:28 p. m.";Cajero;;1039782.77;0;0;0;1039782.77;"tarjeta: $1.053.378,77";COMPLETED
V-2026-0733;"4/9/2026, 3:06:28 p. m.";Cajero;;29938.76;0;0;0;29938.76;"transferencia: $77.197,76";COMPLETED
V-2026-0732;"4/9/2026, 3:06:28 p. m.";Cajero;;47391.4;0;0;0;47391.4;"daviplata: $90.756,4";COMPLETED
V-2026-0731;"4/9/2026, 3:06:28 p. m.";Cajero;;66000.19;0;0;0;66000.19;"daviplata: $66.211,19";COMPLETED
V-2026-0730;"4/9/2026, 3:06:28 p. m.";Cajero;;423371.19999999995;0;0;0;423371.19999999995;"tarjeta: $444.700,2";COMPLETED
V-2026-0729;"4/9/2026, 3:06:28 p. m.";Cajero;;297507.38;0;0;0;297507.38;"efectivo: $339.492,38";COMPLETED
V-2026-0728;"4/9/2026, 3:06:28 p. m.";Cajero;;365715.37;0;0;0;365715.37;"nequi: $396.168,37";COMPLETED
V-2026-0727;"4/9/2026, 3:06:28 p. m.";Cajero;;494414.43000000005;0;0;0;494414.43000000005;"nequi: $542.815,43";COMPLETED
V-2026-0726;"4/9/2026, 3:06:28 p. m.";Cajero;;152480.03;0;0;0;152480.03;"efectivo: $165.052,03";COMPLETED
V-2026-0725;"4/9/2026, 3:06:28 p. m.";Cajero;;206289.34999999998;0;0;0;206289.34999999998;"nequi: $232.165,35";COMPLETED
V-2026-0724;"4/9/2026, 3:06:28 p. m.";Cajero;;245270.34;0;0;0;245270.34;"transferencia: $261.223,34";COMPLETED
V-2026-0723;"4/9/2026, 3:06:28 p. m.";Cajero;;400723.2899999999;0;0;0;400723.2899999999;"daviplata: $410.319,29";COMPLETED
V-2026-0722;"4/9/2026, 3:06:28 p. m.";Cajero;;430663.07;0;0;0;430663.07;"efectivo: $435.968,07";COMPLETED
V-2026-0721;"4/9/2026, 3:06:28 p. m.";Cajero;;215052.64999999997;0;0;0;215052.64999999997;"efectivo: $218.549,65";COMPLETED
V-2026-0720;"4/9/2026, 3:06:28 p. m.";Cajero;;705509.94;0;0;0;705509.94;"efectivo: $722.191,94";COMPLETED
V-2026-0719;"4/9/2026, 3:06:28 p. m.";Cajero;;346376.26;0;0;0;346376.26;"daviplata: $391.292,26";COMPLETED
V-2026-0718;"4/9/2026, 3:06:28 p. m.";Cajero;;757998.48;0;0;0;757998.48;"tarjeta: $768.709,48";COMPLETED
V-2026-0717;"4/9/2026, 3:06:28 p. m.";Cajero;;36014.77;0;0;0;36014.77;"nequi: $57.075,77";COMPLETED
V-2026-0716;"4/9/2026, 3:06:28 p. m.";Cajero;;57186.850000000006;0;0;0;57186.850000000006;"nequi: $77.225,85";COMPLETED
V-2026-0715;"4/9/2026, 3:06:28 p. m.";Cajero;;455218.99;0;0;0;455218.99;"transferencia: $495.536,99";COMPLETED
V-2026-0714;"4/9/2026, 3:06:28 p. m.";Cajero;;628091.8500000001;0;0;0;628091.8500000001;"daviplata: $677.298,85";COMPLETED
V-2026-0713;"4/9/2026, 3:06:28 p. m.";Cajero;;485021.64;0;0;0;485021.64;"efectivo: $529.769,64";COMPLETED
V-2026-0712;"4/9/2026, 3:06:28 p. m.";Cajero;;676492.92;0;0;0;676492.92;"transferencia: $712.174,92";COMPLETED
V-2026-0711;"4/9/2026, 3:06:28 p. m.";Cajero;;614311.75;0;0;0;614311.75;"nequi: $658.850,75";COMPLETED
V-2026-0710;"4/9/2026, 3:06:28 p. m.";Cajero;;219627.07;0;0;0;219627.07;"daviplata: $258.369,07";COMPLETED
V-2026-0709;"4/9/2026, 3:06:28 p. m.";Cajero;;1354542.68;0;0;0;1354542.68;"efectivo: $1.379.224,68";COMPLETED
V-2026-0708;"4/9/2026, 3:06:28 p. m.";Cajero;;89667.09999999999;0;0;0;89667.09999999999;"tarjeta: $113.075,1";COMPLETED
V-2026-0707;"4/9/2026, 3:06:28 p. m.";Cajero;;244749.42;0;0;0;244749.42;"daviplata: $276.695,42";COMPLETED
V-2026-0706;"4/9/2026, 3:06:28 p. m.";Cajero;;627086.28;0;0;0;627086.28;"transferencia: $645.451,28";COMPLETED
V-2026-0705;"4/9/2026, 3:06:28 p. m.";Cajero;;1002861.51;0;0;0;1002861.51;"transferencia: $1.006.326,51";COMPLETED
V-2026-0704;"4/9/2026, 3:06:28 p. m.";Cajero;;507241.8;0;0;0;507241.8;"tarjeta: $536.028,8";COMPLETED
V-2026-0703;"4/9/2026, 3:06:28 p. m.";Cajero;;234544.13999999998;0;0;0;234544.13999999998;"transferencia: $255.683,14";COMPLETED
V-2026-0702;"4/9/2026, 3:06:28 p. m.";Cajero;;284410.07;0;0;0;284410.07;"efectivo: $304.831,07";COMPLETED
V-2026-0701;"4/9/2026, 3:06:28 p. m.";Cajero;;354678.19;0;0;0;354678.19;"nequi: $388.917,19";COMPLETED
V-2026-0700;"4/9/2026, 3:06:28 p. m.";Cajero;;362072.14;0;0;0;362072.14;"efectivo: $410.504,14";COMPLETED
V-2026-0699;"4/9/2026, 3:06:28 p. m.";Cajero;;579746.99;0;0;0;579746.99;"nequi: $626.949,99";COMPLETED
V-2026-0698;"4/9/2026, 3:06:28 p. m.";Cajero;;583586.7999999999;0;0;0;583586.7999999999;"nequi: $631.283,8";COMPLETED
V-2026-0697;"4/9/2026, 3:06:28 p. m.";Cajero;;636014.6399999999;0;0;0;636014.6399999999;"nequi: $668.696,64";COMPLETED
V-2026-0696;"4/9/2026, 3:06:28 p. m.";Cajero;;360512.48;0;0;0;360512.48;"nequi: $401.722,48";COMPLETED
V-2026-0695;"4/9/2026, 3:06:28 p. m.";Cajero;;186624;0;0;0;186624;tarjeta: $199.168;COMPLETED
V-2026-0694;"4/9/2026, 3:06:28 p. m.";Cajero;;177653.33000000002;0;0;0;177653.33000000002;"daviplata: $181.097,33";COMPLETED
V-2026-0693;"4/9/2026, 3:06:28 p. m.";Cajero;;309211.76;0;0;0;309211.76;"nequi: $353.615,76";COMPLETED
V-2026-0692;"4/9/2026, 3:06:28 p. m.";Cajero;;568707.01;0;0;0;568707.01;"daviplata: $609.539,01";COMPLETED
V-2026-0691;"4/9/2026, 3:06:28 p. m.";Cajero;;997544.9299999999;0;0;0;997544.9299999999;"tarjeta: $1.045.317,93";COMPLETED
V-2026-0690;"4/9/2026, 3:06:28 p. m.";Cajero;;79272.29999999999;0;0;0;79272.29999999999;"efectivo: $120.803,3";COMPLETED
V-2026-0689;"4/9/2026, 3:06:28 p. m.";Cajero;;69019.94;0;0;0;69019.94;"nequi: $87.186,94";COMPLETED
V-2026-0688;"4/9/2026, 3:06:28 p. m.";Cajero;;577696.01;0;0;0;577696.01;"efectivo: $579.651,01";COMPLETED
V-2026-0687;"4/9/2026, 3:06:28 p. m.";Cajero;;196928.59;0;0;0;196928.59;"transferencia: $245.469,59";COMPLETED
V-2026-0686;"4/9/2026, 3:06:28 p. m.";Cajero;;410639.69;0;0;0;410639.69;"tarjeta: $452.297,69";COMPLETED
V-2026-0685;"4/9/2026, 3:06:28 p. m.";Cajero;;545064.9299999999;0;0;0;545064.9299999999;"daviplata: $590.213,93";COMPLETED
V-2026-0684;"4/9/2026, 3:06:28 p. m.";Cajero;;418885.4;0;0;0;418885.4;"nequi: $423.081,4";COMPLETED
V-2026-0683;"4/9/2026, 3:06:28 p. m.";Cajero;;463930.43000000005;0;0;0;463930.43000000005;"nequi: $474.735,43";COMPLETED
V-2026-0682;"4/9/2026, 3:06:28 p. m.";Cajero;;576992.78;0;0;0;576992.78;"efectivo: $625.639,78";COMPLETED
V-2026-0681;"4/9/2026, 3:06:28 p. m.";Cajero;;78229.08;0;0;0;78229.08;"tarjeta: $87.925,08";COMPLETED
V-2026-0680;"4/9/2026, 3:06:28 p. m.";Cajero;;278926.43;0;0;0;278926.43;"daviplata: $293.511,43";COMPLETED
V-2026-0679;"4/9/2026, 3:06:28 p. m.";Cajero;;298772.10000000003;0;0;0;298772.10000000003;"daviplata: $319.838,1";COMPLETED
V-2026-0678;"4/9/2026, 3:06:28 p. m.";Cajero;;164674.16;0;0;0;164674.16;"nequi: $180.901,16";COMPLETED
V-2026-0677;"4/9/2026, 3:06:27 p. m.";Cajero;;711839.92;0;0;0;711839.92;"efectivo: $712.071,92";COMPLETED
V-2026-0676;"4/9/2026, 3:06:27 p. m.";Cajero;;306957.11;0;0;0;306957.11;"tarjeta: $349.433,11";COMPLETED
V-2026-0675;"4/9/2026, 3:06:27 p. m.";Cajero;;3357.0299999999997;0;0;0;3357.0299999999997;"transferencia: $41.523,03";COMPLETED
V-2026-0674;"4/9/2026, 3:06:27 p. m.";Cajero;;148236.88;0;0;0;148236.88;"daviplata: $171.995,88";COMPLETED
V-2026-0673;"4/9/2026, 3:06:27 p. m.";Cajero;;259394.68;0;0;0;259394.68;"transferencia: $302.174,68";COMPLETED
V-2026-0672;"4/9/2026, 3:06:27 p. m.";Cajero;;196544.15000000002;0;0;0;196544.15000000002;"daviplata: $241.580,15";COMPLETED
V-2026-0671;"4/9/2026, 3:06:27 p. m.";Cajero;;230382.99;0;0;0;230382.99;"tarjeta: $273.736,99";COMPLETED
V-2026-0670;"4/9/2026, 3:06:27 p. m.";Cajero;;609016.13;0;0;0;609016.13;"daviplata: $646.875,13";COMPLETED
V-2026-0669;"4/9/2026, 3:06:27 p. m.";Cajero;;140613.81;0;0;0;140613.81;"tarjeta: $151.922,81";COMPLETED
V-2026-0668;"4/9/2026, 3:06:27 p. m.";Cajero;;292642.99;0;0;0;292642.99;"daviplata: $330.998,99";COMPLETED
V-2026-0667;"4/9/2026, 3:06:27 p. m.";Cajero;;84079.56;0;0;0;84079.56;"transferencia: $95.840,56";COMPLETED
V-2026-0666;"4/9/2026, 3:06:27 p. m.";Cajero;;1216911.1300000001;0;0;0;1216911.1300000001;"nequi: $1.224.784,13";COMPLETED
V-2026-0665;"4/9/2026, 3:06:27 p. m.";Cajero;;302507.19;0;0;0;302507.19;"nequi: $334.148,19";COMPLETED
V-2026-0664;"4/9/2026, 3:06:27 p. m.";Cajero;;565715.1400000001;0;0;0;565715.1400000001;"daviplata: $566.805,14";COMPLETED
V-2026-0663;"4/9/2026, 3:06:27 p. m.";Cajero;;671144.1;0;0;0;671144.1;"tarjeta: $690.536,1";COMPLETED
V-2026-0662;"4/9/2026, 3:06:27 p. m.";Cajero;;654316.59;0;0;0;654316.59;"nequi: $691.747,59";COMPLETED
V-2026-0661;"4/9/2026, 3:06:27 p. m.";Cajero;;700207.99;0;0;0;700207.99;"daviplata: $734.094,99";COMPLETED
V-2026-0660;"4/9/2026, 3:06:27 p. m.";Cajero;;188032.06;0;0;0;188032.06;"efectivo: $192.608,06";COMPLETED
V-2026-0659;"4/9/2026, 3:06:27 p. m.";Cajero;;26599.86;0;0;0;26599.86;"tarjeta: $46.187,86";COMPLETED
V-2026-0658;"4/9/2026, 3:06:27 p. m.";Cajero;;405938.68;0;0;0;405938.68;"transferencia: $453.771,68";COMPLETED
V-2026-0657;"4/9/2026, 3:06:27 p. m.";Cajero;;151456.67;0;0;0;151456.67;"transferencia: $160.330,67";COMPLETED
V-2026-0656;"4/9/2026, 3:06:27 p. m.";Cajero;;362778.68;0;0;0;362778.68;"efectivo: $411.078,68";COMPLETED
V-2026-0655;"4/9/2026, 3:06:27 p. m.";Cajero;;454178.68;0;0;0;454178.68;"efectivo: $496.321,68";COMPLETED
V-2026-0654;"4/9/2026, 3:06:27 p. m.";Cajero;;701343.44;0;0;0;701343.44;"daviplata: $724.085,44";COMPLETED
V-2026-0653;"4/9/2026, 3:06:27 p. m.";Cajero;;549353.7300000001;0;0;0;549353.7300000001;"efectivo: $594.970,73";COMPLETED
V-2026-0652;"4/9/2026, 3:06:27 p. m.";Cajero;;38989.3;0;0;0;38989.3;"daviplata: $64.292,3";COMPLETED
V-2026-0651;"4/9/2026, 3:06:27 p. m.";Cajero;;541605.7;0;0;0;541605.7;"tarjeta: $572.480,7";COMPLETED
V-2026-0650;"4/9/2026, 3:06:27 p. m.";Cajero;;245319.96000000002;0;0;0;245319.96000000002;"tarjeta: $272.418,96";COMPLETED
V-2026-0649;"4/9/2026, 3:06:27 p. m.";Cajero;;755043.88;0;0;0;755043.88;"efectivo: $779.547,88";COMPLETED
V-2026-0648;"4/9/2026, 3:06:27 p. m.";Cajero;;684937.7699999999;0;0;0;684937.7699999999;"transferencia: $726.553,77";COMPLETED
V-2026-0647;"4/9/2026, 3:06:27 p. m.";Cajero;;358862.66;0;0;0;358862.66;"nequi: $359.244,66";COMPLETED
V-2026-0646;"4/9/2026, 3:06:27 p. m.";Cajero;;160415.52;0;0;0;160415.52;"tarjeta: $198.413,52";COMPLETED
V-2026-0645;"4/9/2026, 3:06:27 p. m.";Cajero;;84640.62;0;0;0;84640.62;"efectivo: $92.661,62";COMPLETED
V-2026-0644;"4/9/2026, 3:06:27 p. m.";Cajero;;649715.7100000001;0;0;0;649715.7100000001;"tarjeta: $671.326,71";COMPLETED
V-2026-0643;"4/9/2026, 3:06:27 p. m.";Cajero;;40102.4;0;0;0;40102.4;"efectivo: $71.869,4";COMPLETED
V-2026-0642;"4/9/2026, 3:06:27 p. m.";Cajero;;1197918.14;0;0;0;1197918.14;"daviplata: $1.201.059,14";COMPLETED
V-2026-0641;"4/9/2026, 3:06:27 p. m.";Cajero;;119456.54;0;0;0;119456.54;"tarjeta: $166.945,54";COMPLETED
V-2026-0640;"4/9/2026, 3:06:27 p. m.";Cajero;;194425.15;0;0;0;194425.15;"daviplata: $241.184,15";COMPLETED
V-2026-0639;"4/9/2026, 3:06:27 p. m.";Cajero;;319147.81;0;0;0;319147.81;"tarjeta: $332.369,81";COMPLETED
V-2026-0638;"4/9/2026, 3:06:27 p. m.";Cajero;;314508.47;0;0;0;314508.47;"efectivo: $320.429,47";COMPLETED
V-2026-0637;"4/9/2026, 3:06:27 p. m.";Cajero;;841894.73;0;0;0;841894.73;"daviplata: $868.901,73";COMPLETED
V-2026-0636;"4/9/2026, 3:06:27 p. m.";Cajero;;129812.69;0;0;0;129812.69;"nequi: $143.525,69";COMPLETED
V-2026-0635;"4/9/2026, 3:06:27 p. m.";Cajero;;998452.56;0;0;0;998452.56;"efectivo: $1.028.521,56";COMPLETED
V-2026-0634;"4/9/2026, 3:06:27 p. m.";Cajero;;209074.34;0;0;0;209074.34;"transferencia: $233.429,34";COMPLETED
V-2026-0633;"4/9/2026, 3:06:27 p. m.";Cajero;;876358.1200000001;0;0;0;876358.1200000001;"efectivo: $879.691,12";COMPLETED
V-2026-0632;"4/9/2026, 3:06:27 p. m.";Cajero;;102571.66;0;0;0;102571.66;"nequi: $114.252,66";COMPLETED
V-2026-0631;"4/9/2026, 3:06:27 p. m.";Cajero;;520666.45;0;0;0;520666.45;"daviplata: $540.233,45";COMPLETED
V-2026-0630;"4/9/2026, 3:06:27 p. m.";Cajero;;74249.20999999999;0;0;0;74249.20999999999;"transferencia: $113.903,21";COMPLETED
V-2026-0629;"4/9/2026, 3:06:27 p. m.";Cajero;;1378289.4600000002;0;0;0;1378289.4600000002;"daviplata: $1.411.405,46";COMPLETED
V-2026-0628;"4/9/2026, 3:06:27 p. m.";Cajero;;741093.97;0;0;0;741093.97;"daviplata: $784.298,97";COMPLETED
V-2026-0627;"4/9/2026, 3:06:27 p. m.";Cajero;;345007.23;0;0;0;345007.23;"efectivo: $394.135,23";COMPLETED
V-2026-0626;"4/9/2026, 3:06:27 p. m.";Cajero;;514847.61;0;0;0;514847.61;"transferencia: $563.004,61";COMPLETED
V-2026-0625;"4/9/2026, 3:06:27 p. m.";Cajero;;74021.81;0;0;0;74021.81;"efectivo: $120.218,81";COMPLETED
V-2026-0624;"4/9/2026, 3:06:27 p. m.";Cajero;;436476.8;0;0;0;436476.8;"efectivo: $462.152,8";COMPLETED
V-2026-0623;"4/9/2026, 3:06:27 p. m.";Cajero;;237132.1;0;0;0;237132.1;"transferencia: $283.908,1";COMPLETED
V-2026-0622;"4/9/2026, 3:06:27 p. m.";Cajero;;137375.07;0;0;0;137375.07;"transferencia: $145.521,07";COMPLETED
V-2026-0621;"4/9/2026, 3:06:27 p. m.";Cajero;;550610.4;0;0;0;550610.4;"daviplata: $597.630,4";COMPLETED
V-2026-0620;"4/9/2026, 3:06:27 p. m.";Cajero;;19725.28;0;0;0;19725.28;"transferencia: $64.685,28";COMPLETED
V-2026-0619;"4/9/2026, 3:06:27 p. m.";Cajero;;498630.29000000004;0;0;0;498630.29000000004;"daviplata: $544.536,29";COMPLETED
V-2026-0618;"4/9/2026, 3:06:27 p. m.";Cajero;;730407.03;0;0;0;730407.03;"transferencia: $769.937,03";COMPLETED
V-2026-0617;"4/9/2026, 3:06:27 p. m.";Cajero;;718012.17;0;0;0;718012.17;"nequi: $755.808,17";COMPLETED
V-2026-0616;"4/9/2026, 3:06:27 p. m.";Cajero;;712898.3200000001;0;0;0;712898.3200000001;"efectivo: $733.719,32";COMPLETED
V-2026-0615;"4/9/2026, 3:06:27 p. m.";Cajero;;415377.18;0;0;0;415377.18;"daviplata: $418.846,18";COMPLETED
V-2026-0614;"4/9/2026, 3:06:27 p. m.";Cajero;;73736.34;0;0;0;73736.34;"daviplata: $77.124,34";COMPLETED
V-2026-0613;"4/9/2026, 3:06:27 p. m.";Cajero;;596808.27;0;0;0;596808.27;"transferencia: $633.888,27";COMPLETED
V-2026-0612;"4/9/2026, 3:06:27 p. m.";Cajero;;876509.62;0;0;0;876509.62;"nequi: $922.803,62";COMPLETED
V-2026-0611;"4/9/2026, 3:06:27 p. m.";Cajero;;315052.93999999994;0;0;0;315052.93999999994;"transferencia: $334.663,94";COMPLETED
V-2026-0610;"4/9/2026, 3:06:27 p. m.";Cajero;;910691.58;0;0;0;910691.58;"nequi: $918.844,58";COMPLETED
V-2026-0609;"4/9/2026, 3:06:27 p. m.";Cajero;;624359.86;0;0;0;624359.86;"transferencia: $628.969,86";COMPLETED
V-2026-0608;"4/9/2026, 3:06:27 p. m.";Cajero;;853739.2999999999;0;0;0;853739.2999999999;"efectivo: $880.925,3";COMPLETED
V-2026-0607;"4/9/2026, 3:06:27 p. m.";Cajero;;528952.48;0;0;0;528952.48;"tarjeta: $558.763,48";COMPLETED
V-2026-0606;"4/9/2026, 3:06:27 p. m.";Cajero;;304354.01;0;0;0;304354.01;"tarjeta: $333.044,01";COMPLETED
V-2026-0605;"4/9/2026, 3:06:27 p. m.";Cajero;;55628.4;0;0;0;55628.4;"tarjeta: $74.386,4";COMPLETED
V-2026-0604;"4/9/2026, 3:06:27 p. m.";Cajero;;475742.59;0;0;0;475742.59;"daviplata: $517.630,59";COMPLETED
V-2026-0603;"4/9/2026, 3:06:27 p. m.";Cajero;;945824.68;0;0;0;945824.68;"efectivo: $979.789,68";COMPLETED
V-2026-0602;"4/9/2026, 3:06:27 p. m.";Cajero;;10106.84;0;0;0;10106.84;"daviplata: $47.254,84";COMPLETED
V-2026-0601;"4/9/2026, 3:06:27 p. m.";Cajero;;1249291.6;0;0;0;1249291.6;"transferencia: $1.279.989,6";COMPLETED
V-2026-0600;"4/9/2026, 3:06:27 p. m.";Cajero;;688999.02;0;0;0;688999.02;"efectivo: $709.587,02";COMPLETED
V-2026-0599;"4/9/2026, 3:06:27 p. m.";Cajero;;346552.28;0;0;0;346552.28;"efectivo: $387.476,28";COMPLETED
V-2026-0598;"4/9/2026, 3:06:27 p. m.";Cajero;;392600.61;0;0;0;392600.61;"nequi: $426.651,61";COMPLETED
V-2026-0597;"4/9/2026, 3:06:27 p. m.";Cajero;;448799.32999999996;0;0;0;448799.32999999996;"tarjeta: $496.344,33";COMPLETED
V-2026-0596;"4/9/2026, 3:06:27 p. m.";Cajero;;605378.25;0;0;0;605378.25;"efectivo: $649.528,25";COMPLETED
V-2026-0595;"4/9/2026, 3:06:27 p. m.";Cajero;;793166.83;0;0;0;793166.83;"nequi: $817.080,83";COMPLETED
V-2026-0594;"4/9/2026, 3:06:27 p. m.";Cajero;;709588.13;0;0;0;709588.13;"nequi: $732.058,13";COMPLETED
V-2026-0593;"4/9/2026, 3:06:27 p. m.";Cajero;;3245.19;0;0;0;3245.19;"efectivo: $52.595,19";COMPLETED
V-2026-0592;"4/9/2026, 3:06:27 p. m.";Cajero;;294551.11;0;0;0;294551.11;"efectivo: $313.083,11";COMPLETED
V-2026-0591;"4/9/2026, 3:06:27 p. m.";Cajero;;299412.12999999995;0;0;0;299412.12999999995;"nequi: $308.235,13";COMPLETED
V-2026-0590;"4/9/2026, 3:06:27 p. m.";Cajero;;922601.3;0;0;0;922601.3;"nequi: $946.170,3";COMPLETED
V-2026-0589;"4/9/2026, 3:06:27 p. m.";Cajero;;389613.91;0;0;0;389613.91;"efectivo: $408.282,91";COMPLETED
V-2026-0588;"4/9/2026, 3:06:27 p. m.";Cajero;;341072.86999999994;0;0;0;341072.86999999994;"nequi: $357.091,87";COMPLETED
V-2026-0587;"4/9/2026, 3:06:27 p. m.";Cajero;;42676.5;0;0;0;42676.5;"efectivo: $59.893,5";COMPLETED
V-2026-0586;"4/9/2026, 3:06:27 p. m.";Cajero;;725551.96;0;0;0;725551.96;"nequi: $762.801,96";COMPLETED
V-2026-0585;"4/9/2026, 3:06:27 p. m.";Cajero;;187348.91000000003;0;0;0;187348.91000000003;"transferencia: $223.032,91";COMPLETED
V-2026-0584;"4/9/2026, 3:06:27 p. m.";Cajero;;139787.55;0;0;0;139787.55;"daviplata: $166.878,55";COMPLETED
V-2026-0583;"4/9/2026, 3:06:27 p. m.";Cajero;;59944.55;0;0;0;59944.55;"daviplata: $99.708,55";COMPLETED
V-2026-0582;"4/9/2026, 3:06:27 p. m.";Cajero;;106993.88999999998;0;0;0;106993.88999999998;"daviplata: $119.182,89";COMPLETED
V-2026-0581;"4/9/2026, 3:06:27 p. m.";Cajero;;575987.5700000001;0;0;0;575987.5700000001;"nequi: $619.219,57";COMPLETED
V-2026-0580;"4/9/2026, 3:06:27 p. m.";Cajero;;890297.16;0;0;0;890297.16;"transferencia: $924.215,16";COMPLETED
V-2026-0579;"4/9/2026, 3:06:27 p. m.";Cajero;;670962.42;0;0;0;670962.42;"efectivo: $677.917,42";COMPLETED
V-2026-0578;"4/9/2026, 3:06:27 p. m.";Cajero;;365302.89;0;0;0;365302.89;"efectivo: $403.982,89";COMPLETED
V-2026-0577;"4/9/2026, 3:06:27 p. m.";Cajero;;541234.09;0;0;0;541234.09;"nequi: $555.662,09";COMPLETED
V-2026-0576;"4/9/2026, 3:06:27 p. m.";Cajero;;171306.13999999998;0;0;0;171306.13999999998;"nequi: $207.313,14";COMPLETED
V-2026-0575;"4/9/2026, 3:06:27 p. m.";Cajero;;238777.59999999998;0;0;0;238777.59999999998;"transferencia: $284.022,6";COMPLETED
V-2026-0574;"4/9/2026, 3:06:27 p. m.";Cajero;;397686.37999999995;0;0;0;397686.37999999995;"transferencia: $426.717,38";COMPLETED
V-2026-0573;"4/9/2026, 3:06:27 p. m.";Cajero;;787414.4100000001;0;0;0;787414.4100000001;"daviplata: $811.325,41";COMPLETED
V-2026-0572;"4/9/2026, 3:06:27 p. m.";Cajero;;435012.91000000003;0;0;0;435012.91000000003;"transferencia: $477.302,91";COMPLETED
V-2026-0571;"4/9/2026, 3:06:27 p. m.";Cajero;;304672.75;0;0;0;304672.75;"tarjeta: $312.082,75";COMPLETED
V-2026-0570;"4/9/2026, 3:06:27 p. m.";Cajero;;744792.52;0;0;0;744792.52;"daviplata: $782.376,52";COMPLETED
V-2026-0569;"4/9/2026, 3:06:27 p. m.";Cajero;;727495.78;0;0;0;727495.78;"tarjeta: $750.354,78";COMPLETED
V-2026-0568;"4/9/2026, 3:06:27 p. m.";Cajero;;264308.26;0;0;0;264308.26;"nequi: $308.226,26";COMPLETED
V-2026-0567;"4/9/2026, 3:06:27 p. m.";Cajero;;137114.78;0;0;0;137114.78;"transferencia: $184.862,78";COMPLETED
V-2026-0566;"4/9/2026, 3:06:27 p. m.";Cajero;;862259.91;0;0;0;862259.91;"efectivo: $908.167,91";COMPLETED
V-2026-0565;"4/9/2026, 3:06:27 p. m.";Cajero;;475843.7800000001;0;0;0;475843.7800000001;"nequi: $488.498,78";COMPLETED
V-2026-0564;"4/9/2026, 3:06:27 p. m.";Cajero;;691943.61;0;0;0;691943.61;"transferencia: $732.850,61";COMPLETED
V-2026-0563;"4/9/2026, 3:06:27 p. m.";Cajero;;395124.28;0;0;0;395124.28;"daviplata: $426.915,28";COMPLETED
V-2026-0562;"4/9/2026, 3:06:27 p. m.";Cajero;;442531.95999999996;0;0;0;442531.95999999996;"nequi: $469.959,96";COMPLETED
V-2026-0561;"4/9/2026, 3:06:26 p. m.";Cajero;;233072.87;0;0;0;233072.87;"efectivo: $259.142,87";COMPLETED
V-2026-0560;"4/9/2026, 3:06:26 p. m.";Cajero;;105074.34999999999;0;0;0;105074.34999999999;"tarjeta: $132.155,35";COMPLETED
V-2026-0559;"4/9/2026, 3:06:26 p. m.";Cajero;;992894.24;0;0;0;992894.24;"tarjeta: $1.006.417,24";COMPLETED
V-2026-0558;"4/9/2026, 3:06:26 p. m.";Cajero;;557257.63;0;0;0;557257.63;"transferencia: $578.054,63";COMPLETED
V-2026-0557;"4/9/2026, 3:06:26 p. m.";Cajero;;459438.96;0;0;0;459438.96;"transferencia: $505.866,96";COMPLETED
V-2026-0556;"4/9/2026, 3:06:26 p. m.";Cajero;;583884.0800000001;0;0;0;583884.0800000001;"tarjeta: $587.554,08";COMPLETED
V-2026-0555;"4/9/2026, 3:06:26 p. m.";Cajero;;246034.45;0;0;0;246034.45;"nequi: $273.197,45";COMPLETED
V-2026-0554;"4/9/2026, 3:06:26 p. m.";Cajero;;621220.6200000001;0;0;0;621220.6200000001;"transferencia: $652.352,62";COMPLETED
V-2026-0553;"4/9/2026, 3:06:26 p. m.";Cajero;;625700.3;0;0;0;625700.3;"tarjeta: $665.823,3";COMPLETED
V-2026-0552;"4/9/2026, 3:06:26 p. m.";Cajero;;957799.35;0;0;0;957799.35;"nequi: $972.302,35";COMPLETED
V-2026-0551;"4/9/2026, 3:06:26 p. m.";Cajero;;380978.63;0;0;0;380978.63;"daviplata: $381.862,63";COMPLETED
V-2026-0550;"4/9/2026, 3:06:26 p. m.";Cajero;;631930.1799999999;0;0;0;631930.1799999999;"tarjeta: $633.478,18";COMPLETED
V-2026-0549;"4/9/2026, 3:06:26 p. m.";Cajero;;907763.5700000001;0;0;0;907763.5700000001;"daviplata: $932.655,57";COMPLETED
V-2026-0548;"4/9/2026, 3:06:26 p. m.";Cajero;;54990.899999999994;0;0;0;54990.899999999994;"tarjeta: $81.459,9";COMPLETED
V-2026-0547;"4/9/2026, 3:06:26 p. m.";Cajero;;480242.6;0;0;0;480242.6;"transferencia: $498.009,6";COMPLETED
V-2026-0546;"4/9/2026, 3:06:26 p. m.";Cajero;;720742.7400000001;0;0;0;720742.7400000001;"tarjeta: $755.696,74";COMPLETED
V-2026-0545;"4/9/2026, 3:06:26 p. m.";Cajero;;6677.52;0;0;0;6677.52;"nequi: $43.236,52";COMPLETED
V-2026-0544;"4/9/2026, 3:06:26 p. m.";Cajero;;1070085.89;0;0;0;1070085.89;"nequi: $1.078.256,89";COMPLETED
V-2026-0543;"4/9/2026, 3:06:26 p. m.";Cajero;;363615.61;0;0;0;363615.61;"transferencia: $368.541,61";COMPLETED
V-2026-0542;"4/9/2026, 3:06:26 p. m.";Cajero;;930310.96;0;0;0;930310.96;"daviplata: $960.920,96";COMPLETED
V-2026-0541;"4/9/2026, 3:06:26 p. m.";Cajero;;1251563.84;0;0;0;1251563.84;"daviplata: $1.274.808,84";COMPLETED
V-2026-0540;"4/9/2026, 3:06:26 p. m.";Cajero;;109858.66;0;0;0;109858.66;"nequi: $133.080,66";COMPLETED
V-2026-0539;"4/9/2026, 3:06:26 p. m.";Cajero;;929297.77;0;0;0;929297.77;"tarjeta: $944.784,77";COMPLETED
V-2026-0538;"4/9/2026, 3:06:26 p. m.";Cajero;;831714.1299999999;0;0;0;831714.1299999999;"daviplata: $835.120,13";COMPLETED
V-2026-0537;"4/9/2026, 3:06:26 p. m.";Cajero;;192811.58000000002;0;0;0;192811.58000000002;"transferencia: $221.753,58";COMPLETED
V-2026-0536;"4/9/2026, 3:06:26 p. m.";Cajero;;534913.43;0;0;0;534913.43;"transferencia: $560.288,43";COMPLETED
V-2026-0535;"4/9/2026, 3:06:26 p. m.";Cajero;;197643.25;0;0;0;197643.25;"tarjeta: $205.126,25";COMPLETED
V-2026-0534;"4/9/2026, 3:06:26 p. m.";Cajero;;571928.33;0;0;0;571928.33;"daviplata: $594.894,33";COMPLETED
V-2026-0533;"4/9/2026, 3:06:26 p. m.";Cajero;;199589.5;0;0;0;199589.5;"efectivo: $208.261,5";COMPLETED
V-2026-0532;"4/9/2026, 3:06:26 p. m.";Cajero;;991586.6100000002;0;0;0;991586.6100000002;"efectivo: $1.028.874,61";COMPLETED
V-2026-0531;"4/9/2026, 3:06:26 p. m.";Cajero;;506182.31999999995;0;0;0;506182.31999999995;"nequi: $507.618,32";COMPLETED
V-2026-0530;"4/9/2026, 3:06:26 p. m.";Cajero;;864602.3900000001;0;0;0;864602.3900000001;"efectivo: $894.244,39";COMPLETED
V-2026-0529;"4/9/2026, 3:06:26 p. m.";Cajero;;663558.71;0;0;0;663558.71;"transferencia: $691.248,71";COMPLETED
V-2026-0528;"4/9/2026, 3:06:26 p. m.";Cajero;;647563.72;0;0;0;647563.72;"daviplata: $663.828,72";COMPLETED
V-2026-0527;"4/9/2026, 3:06:26 p. m.";Cajero;;298063.8;0;0;0;298063.8;"daviplata: $314.347,8";COMPLETED
V-2026-0526;"4/9/2026, 3:06:26 p. m.";Cajero;;776715.0099999999;0;0;0;776715.0099999999;"transferencia: $797.325,01";COMPLETED
V-2026-0525;"4/9/2026, 3:06:26 p. m.";Cajero;;181101.76;0;0;0;181101.76;"efectivo: $223.789,76";COMPLETED
V-2026-0524;"4/9/2026, 3:06:26 p. m.";Cajero;;574978.0499999999;0;0;0;574978.0499999999;"transferencia: $607.728,05";COMPLETED
V-2026-0523;"4/9/2026, 3:06:26 p. m.";Cajero;;863737.72;0;0;0;863737.72;"tarjeta: $913.087,72";COMPLETED
V-2026-0522;"4/9/2026, 3:06:26 p. m.";Cajero;;252844.84999999998;0;0;0;252844.84999999998;"nequi: $283.313,85";COMPLETED
V-2026-0521;"4/9/2026, 3:06:26 p. m.";Cajero;;105454.02;0;0;0;105454.02;"transferencia: $133.083,02";COMPLETED
V-2026-0520;"4/9/2026, 3:06:26 p. m.";Cajero;;154291.37;0;0;0;154291.37;"daviplata: $171.039,37";COMPLETED
V-2026-0519;"4/9/2026, 3:06:26 p. m.";Cajero;;20804.6;0;0;0;20804.6;"nequi: $43.538,6";COMPLETED
V-2026-0518;"4/9/2026, 3:06:26 p. m.";Cajero;;428536.24;0;0;0;428536.24;"efectivo: $445.775,24";COMPLETED
V-2026-0517;"4/9/2026, 3:06:26 p. m.";Cajero;;955080.5800000001;0;0;0;955080.5800000001;"transferencia: $971.175,58";COMPLETED
V-2026-0516;"4/9/2026, 3:06:26 p. m.";Cajero;;383849.38999999996;0;0;0;383849.38999999996;"daviplata: $385.595,39";COMPLETED
V-2026-0515;"4/9/2026, 3:06:26 p. m.";Cajero;;603088.56;0;0;0;603088.56;"tarjeta: $640.253,56";COMPLETED
V-2026-0514;"4/9/2026, 3:06:26 p. m.";Cajero;;305174.83;0;0;0;305174.83;"tarjeta: $323.794,83";COMPLETED
V-2026-0513;"4/9/2026, 3:06:26 p. m.";Cajero;;169066.05000000002;0;0;0;169066.05000000002;"efectivo: $183.837,05";COMPLETED
V-2026-0512;"4/9/2026, 3:06:26 p. m.";Cajero;;1584008.66;0;0;0;1584008.66;"efectivo: $1.605.281,66";COMPLETED
V-2026-0511;"4/9/2026, 3:06:26 p. m.";Cajero;;620621.0599999999;0;0;0;620621.0599999999;"tarjeta: $624.157,06";COMPLETED
V-2026-0510;"4/9/2026, 3:06:26 p. m.";Cajero;;713258.3900000001;0;0;0;713258.3900000001;"tarjeta: $732.212,39";COMPLETED
V-2026-0509;"4/9/2026, 3:06:26 p. m.";Cajero;;749901.85;0;0;0;749901.85;"transferencia: $766.467,85";COMPLETED
V-2026-0508;"4/9/2026, 3:06:26 p. m.";Cajero;;1279322.9899999998;0;0;0;1279322.9899999998;"efectivo: $1.321.547,99";COMPLETED
V-2026-0507;"4/9/2026, 3:06:26 p. m.";Cajero;;501218.31999999995;0;0;0;501218.31999999995;"daviplata: $529.788,32";COMPLETED
V-2026-0506;"4/9/2026, 3:06:26 p. m.";Cajero;;517399.57999999996;0;0;0;517399.57999999996;"efectivo: $564.968,58";COMPLETED
V-2026-0505;"4/9/2026, 3:06:26 p. m.";Cajero;;477094.79;0;0;0;477094.79;"tarjeta: $478.236,79";COMPLETED
V-2026-0504;"4/9/2026, 3:06:26 p. m.";Cajero;;51384.92;0;0;0;51384.92;"tarjeta: $73.143,92";COMPLETED
V-2026-0503;"4/9/2026, 3:06:26 p. m.";Cajero;;72974.48999999999;0;0;0;72974.48999999999;"daviplata: $97.192,49";COMPLETED
V-2026-0502;"4/9/2026, 3:06:26 p. m.";Cajero;;18330.3;0;0;0;18330.3;"nequi: $57.730,3";COMPLETED
V-2026-0501;"4/9/2026, 3:06:26 p. m.";Cajero;;186588.43;0;0;0;186588.43;"tarjeta: $229.111,43";COMPLETED
V-2026-0500;"4/9/2026, 3:06:26 p. m.";Cajero;;824229.67;0;0;0;824229.67;"tarjeta: $869.361,67";COMPLETED
V-2026-0499;"4/9/2026, 3:06:26 p. m.";Cajero;;411820.31000000006;0;0;0;411820.31000000006;"tarjeta: $456.514,31";COMPLETED
V-2026-0498;"4/9/2026, 3:06:26 p. m.";Cajero;;366841.4000000001;0;0;0;366841.4000000001;"efectivo: $381.230,4";COMPLETED
V-2026-0497;"4/9/2026, 3:06:26 p. m.";Cajero;;229738.97;0;0;0;229738.97;"daviplata: $278.866,97";COMPLETED
V-2026-0496;"4/9/2026, 3:06:26 p. m.";Cajero;;390620.68;0;0;0;390620.68;"efectivo: $422.597,68";COMPLETED
V-2026-0495;"4/9/2026, 3:06:26 p. m.";Cajero;;183852.12;0;0;0;183852.12;"efectivo: $192.250,12";COMPLETED
V-2026-0494;"4/9/2026, 3:06:26 p. m.";Cajero;;9101.3;0;0;0;9101.3;"transferencia: $57.739,3";COMPLETED
V-2026-0493;"4/9/2026, 3:06:26 p. m.";Cajero;;576541.27;0;0;0;576541.27;"tarjeta: $611.654,27";COMPLETED
V-2026-0492;"4/9/2026, 3:06:26 p. m.";Cajero;;96256.33;0;0;0;96256.33;"tarjeta: $97.337,33";COMPLETED
V-2026-0491;"4/9/2026, 3:06:26 p. m.";Cajero;;195680.84;0;0;0;195680.84;"nequi: $242.065,84";COMPLETED
V-2026-0490;"4/9/2026, 3:06:26 p. m.";Cajero;;480379.86;0;0;0;480379.86;"efectivo: $525.532,86";COMPLETED
V-2026-0489;"4/9/2026, 3:06:26 p. m.";Cajero;;87523.16;0;0;0;87523.16;"transferencia: $87.926,16";COMPLETED
V-2026-0488;"4/9/2026, 3:06:26 p. m.";Cajero;;633638.2600000001;0;0;0;633638.2600000001;"transferencia: $653.806,26";COMPLETED
V-2026-0487;"4/9/2026, 3:06:26 p. m.";Cajero;;952381.88;0;0;0;952381.88;"daviplata: $998.171,88";COMPLETED
V-2026-0486;"4/9/2026, 3:06:26 p. m.";Cajero;;589602.0499999999;0;0;0;589602.0499999999;"tarjeta: $605.612,05";COMPLETED
V-2026-0485;"4/9/2026, 3:06:26 p. m.";Cajero;;663809.1100000001;0;0;0;663809.1100000001;"daviplata: $678.856,11";COMPLETED
V-2026-0484;"4/9/2026, 3:06:26 p. m.";Cajero;;517509.45999999996;0;0;0;517509.45999999996;"efectivo: $525.064,46";COMPLETED
V-2026-0483;"4/9/2026, 3:06:26 p. m.";Cajero;;731280.76;0;0;0;731280.76;"nequi: $751.142,76";COMPLETED
V-2026-0482;"4/9/2026, 3:06:26 p. m.";Cajero;;485434.06999999995;0;0;0;485434.06999999995;"nequi: $523.837,07";COMPLETED
V-2026-0481;"4/9/2026, 3:06:26 p. m.";Cajero;;950361.2299999999;0;0;0;950361.2299999999;"efectivo: $979.852,23";COMPLETED
V-2026-0480;"4/9/2026, 3:06:26 p. m.";Cajero;;54412.799999999996;0;0;0;54412.799999999996;"tarjeta: $89.038,8";COMPLETED
V-2026-0479;"4/9/2026, 3:06:26 p. m.";Cajero;;170264.37;0;0;0;170264.37;"nequi: $175.588,37";COMPLETED
V-2026-0478;"4/9/2026, 3:06:26 p. m.";Cajero;;670051.4;0;0;0;670051.4;"efectivo: $694.423,4";COMPLETED
V-2026-0477;"4/9/2026, 3:06:26 p. m.";Cajero;;204223.15;0;0;0;204223.15;"nequi: $213.443,15";COMPLETED
V-2026-0476;"4/9/2026, 3:06:26 p. m.";Cajero;;189360.86000000002;0;0;0;189360.86000000002;"transferencia: $209.121,86";COMPLETED
V-2026-0475;"4/9/2026, 3:06:26 p. m.";Cajero;;671545.98;0;0;0;671545.98;"daviplata: $679.958,98";COMPLETED
V-2026-0474;"4/9/2026, 3:06:26 p. m.";Cajero;;350603.6;0;0;0;350603.6;"transferencia: $372.350,6";COMPLETED
V-2026-0473;"4/9/2026, 3:06:26 p. m.";Cajero;;574120.27;0;0;0;574120.27;"nequi: $601.531,27";COMPLETED
V-2026-0472;"4/9/2026, 3:06:26 p. m.";Cajero;;7793.84;0;0;0;7793.84;"nequi: $25.448,84";COMPLETED
V-2026-0471;"4/9/2026, 3:06:26 p. m.";Cajero;;654889.5;0;0;0;654889.5;"nequi: $656.766,5";COMPLETED
V-2026-0470;"4/9/2026, 3:06:26 p. m.";Cajero;;259912.52;0;0;0;259912.52;"efectivo: $274.026,52";COMPLETED
V-2026-0469;"4/9/2026, 3:06:26 p. m.";Cajero;;859721.2300000001;0;0;0;859721.2300000001;"efectivo: $870.168,23";COMPLETED
V-2026-0468;"4/9/2026, 3:06:26 p. m.";Cajero;;216960.58000000002;0;0;0;216960.58000000002;"transferencia: $246.138,58";COMPLETED
V-2026-0467;"4/9/2026, 3:06:26 p. m.";Cajero;;250059.82;0;0;0;250059.82;"tarjeta: $269.655,82";COMPLETED
V-2026-0466;"4/9/2026, 3:06:26 p. m.";Cajero;;1057041.8399999999;0;0;0;1057041.8399999999;"daviplata: $1.076.697,84";COMPLETED
V-2026-0465;"4/9/2026, 3:06:26 p. m.";Cajero;;146487.06;0;0;0;146487.06;"nequi: $164.240,06";COMPLETED
V-2026-0464;"4/9/2026, 3:06:26 p. m.";Cajero;;1085629.86;0;0;0;1085629.86;"daviplata: $1.119.562,86";COMPLETED
V-2026-0463;"4/9/2026, 3:06:26 p. m.";Cajero;;617190.73;0;0;0;617190.73;"efectivo: $665.290,73";COMPLETED
V-2026-0462;"4/9/2026, 3:06:26 p. m.";Cajero;;528886.27;0;0;0;528886.27;"daviplata: $553.963,27";COMPLETED
V-2026-0461;"4/9/2026, 3:06:26 p. m.";Cajero;;379176.98;0;0;0;379176.98;"nequi: $427.604,98";COMPLETED
V-2026-0460;"4/9/2026, 3:06:26 p. m.";Cajero;;256143.73;0;0;0;256143.73;"efectivo: $286.247,73";COMPLETED
V-2026-0459;"4/9/2026, 3:06:26 p. m.";Cajero;;504570.19;0;0;0;504570.19;"tarjeta: $535.830,19";COMPLETED
V-2026-0458;"4/9/2026, 3:06:26 p. m.";Cajero;;1036364.2500000001;0;0;0;1036364.2500000001;"tarjeta: $1.066.168,25";COMPLETED
V-2026-0457;"4/9/2026, 3:06:26 p. m.";Cajero;;556634.1;0;0;0;556634.1;"tarjeta: $598.584,1";COMPLETED
V-2026-0456;"4/9/2026, 3:06:26 p. m.";Cajero;;96684.95;0;0;0;96684.95;"transferencia: $139.980,95";COMPLETED
V-2026-0455;"4/9/2026, 3:06:26 p. m.";Cajero;;421985.81999999995;0;0;0;421985.81999999995;"daviplata: $451.022,82";COMPLETED
V-2026-0454;"4/9/2026, 3:06:26 p. m.";Cajero;;119368.05;0;0;0;119368.05;"nequi: $149.862,05";COMPLETED
V-2026-0453;"4/9/2026, 3:06:26 p. m.";Cajero;;369935.83;0;0;0;369935.83;"tarjeta: $407.173,83";COMPLETED
V-2026-0452;"4/9/2026, 3:06:26 p. m.";Cajero;;756083.45;0;0;0;756083.45;"nequi: $799.838,45";COMPLETED
V-2026-0451;"4/9/2026, 3:06:26 p. m.";Cajero;;781466.4900000001;0;0;0;781466.4900000001;"tarjeta: $812.387,49";COMPLETED
V-2026-0450;"4/9/2026, 3:06:26 p. m.";Cajero;;798601.38;0;0;0;798601.38;"daviplata: $847.559,38";COMPLETED
V-2026-0449;"4/9/2026, 3:06:26 p. m.";Cajero;;239594.99000000002;0;0;0;239594.99000000002;"nequi: $254.164,99";COMPLETED
V-2026-0448;"4/9/2026, 3:06:26 p. m.";Cajero;;607440.0299999999;0;0;0;607440.0299999999;"nequi: $621.495,03";COMPLETED
V-2026-0447;"4/9/2026, 3:06:26 p. m.";Cajero;;1064519.32;0;0;0;1064519.32;"efectivo: $1.109.421,32";COMPLETED
V-2026-0446;"4/9/2026, 3:06:26 p. m.";Cajero;;368209.82999999996;0;0;0;368209.82999999996;"nequi: $395.016,83";COMPLETED
V-2026-0445;"4/9/2026, 3:06:26 p. m.";Cajero;;609414.5800000001;0;0;0;609414.5800000001;"nequi: $655.138,58";COMPLETED
V-2026-0444;"4/9/2026, 3:06:25 p. m.";Cajero;;945937.24;0;0;0;945937.24;"transferencia: $995.281,24";COMPLETED
V-2026-0443;"4/9/2026, 3:06:25 p. m.";Cajero;;677228.94;0;0;0;677228.94;"tarjeta: $699.437,94";COMPLETED
V-2026-0442;"4/9/2026, 3:06:25 p. m.";Cajero;;27826.14;0;0;0;27826.14;"daviplata: $61.088,14";COMPLETED
V-2026-0441;"4/9/2026, 3:06:25 p. m.";Cajero;;800996.1;0;0;0;800996.1;"daviplata: $826.307,1";COMPLETED
V-2026-0440;"4/9/2026, 3:06:25 p. m.";Cajero;;663892.8;0;0;0;663892.8;"efectivo: $707.331,8";COMPLETED
V-2026-0439;"4/9/2026, 3:06:25 p. m.";Cajero;;230272.27;0;0;0;230272.27;"tarjeta: $233.835,27";COMPLETED
V-2026-0438;"4/9/2026, 3:06:25 p. m.";Cajero;;529979.15;0;0;0;529979.15;"transferencia: $541.365,15";COMPLETED
V-2026-0437;"4/9/2026, 3:06:25 p. m.";Cajero;;603091.24;0;0;0;603091.24;"tarjeta: $629.144,24";COMPLETED
V-2026-0436;"4/9/2026, 3:06:25 p. m.";Cajero;;638406.79;0;0;0;638406.79;"tarjeta: $647.067,79";COMPLETED
V-2026-0435;"4/9/2026, 3:06:25 p. m.";Cajero;;33997.32;0;0;0;33997.32;"transferencia: $82.550,32";COMPLETED
V-2026-0434;"4/9/2026, 3:06:25 p. m.";Cajero;;35721.03;0;0;0;35721.03;"transferencia: $70.973,03";COMPLETED
V-2026-0433;"4/9/2026, 3:06:25 p. m.";Cajero;;876941.6900000001;0;0;0;876941.6900000001;"tarjeta: $883.628,69";COMPLETED
V-2026-0432;"4/9/2026, 3:06:25 p. m.";Cajero;;750173.66;0;0;0;750173.66;"transferencia: $781.483,66";COMPLETED
V-2026-0431;"4/9/2026, 3:06:25 p. m.";Cajero;;510568.93;0;0;0;510568.93;"efectivo: $549.270,93";COMPLETED
V-2026-0430;"4/9/2026, 3:06:25 p. m.";Cajero;;725993.06;0;0;0;725993.06;"nequi: $758.379,06";COMPLETED
V-2026-0429;"4/9/2026, 3:06:25 p. m.";Cajero;;870671.9299999999;0;0;0;870671.9299999999;"efectivo: $905.114,93";COMPLETED
V-2026-0428;"4/9/2026, 3:06:25 p. m.";Cajero;;629752.76;0;0;0;629752.76;"nequi: $666.592,76";COMPLETED
V-2026-0427;"4/9/2026, 3:06:25 p. m.";Cajero;;611221.0700000001;0;0;0;611221.0700000001;"nequi: $614.890,07";COMPLETED
V-2026-0426;"4/9/2026, 3:06:25 p. m.";Cajero;;321870.85;0;0;0;321870.85;"transferencia: $346.973,85";COMPLETED
V-2026-0425;"4/9/2026, 3:06:25 p. m.";Cajero;;222232.55000000002;0;0;0;222232.55000000002;"daviplata: $259.748,55";COMPLETED
V-2026-0424;"4/9/2026, 3:06:25 p. m.";Cajero;;117025.04;0;0;0;117025.04;"nequi: $149.245,04";COMPLETED
V-2026-0423;"4/9/2026, 3:06:25 p. m.";Cajero;;242795.15000000002;0;0;0;242795.15000000002;"nequi: $252.366,15";COMPLETED
V-2026-0422;"4/9/2026, 3:06:25 p. m.";Cajero;;64446.7;0;0;0;64446.7;"daviplata: $82.420,7";COMPLETED
V-2026-0421;"4/9/2026, 3:06:25 p. m.";Cajero;;308713.77;0;0;0;308713.77;"transferencia: $350.688,77";COMPLETED
V-2026-0420;"4/9/2026, 3:06:25 p. m.";Cajero;;80365.76;0;0;0;80365.76;"tarjeta: $97.268,76";COMPLETED
V-2026-0419;"4/9/2026, 3:06:25 p. m.";Cajero;;838314.95;0;0;0;838314.95;"efectivo: $855.397,95";COMPLETED
V-2026-0418;"4/9/2026, 3:06:25 p. m.";Cajero;;615343.5;0;0;0;615343.5;"daviplata: $652.696,5";COMPLETED
V-2026-0417;"4/9/2026, 3:06:25 p. m.";Cajero;;635269.02;0;0;0;635269.02;"tarjeta: $651.809,02";COMPLETED
V-2026-0416;"4/9/2026, 3:06:25 p. m.";Cajero;;494906.0800000001;0;0;0;494906.0800000001;"daviplata: $516.329,08";COMPLETED
V-2026-0415;"4/9/2026, 3:06:25 p. m.";Cajero;;713384.53;0;0;0;713384.53;"efectivo: $732.330,53";COMPLETED
V-2026-0414;"4/9/2026, 3:06:25 p. m.";Cajero;;428131.69999999995;0;0;0;428131.69999999995;"tarjeta: $476.464,7";COMPLETED
V-2026-0413;"4/9/2026, 3:06:25 p. m.";Cajero;;208093.3;0;0;0;208093.3;"daviplata: $213.761,3";COMPLETED
V-2026-0412;"4/9/2026, 3:06:25 p. m.";Cajero;;591186.3799999999;0;0;0;591186.3799999999;"daviplata: $625.754,38";COMPLETED
V-2026-0411;"4/9/2026, 3:06:25 p. m.";Cajero;;125174.44;0;0;0;125174.44;"transferencia: $156.081,44";COMPLETED
V-2026-0410;"4/9/2026, 3:06:25 p. m.";Cajero;;124356.28;0;0;0;124356.28;"efectivo: $156.535,28";COMPLETED
V-2026-0409;"4/9/2026, 3:06:25 p. m.";Cajero;;225868.07;0;0;0;225868.07;"transferencia: $249.409,07";COMPLETED
V-2026-0408;"4/9/2026, 3:06:25 p. m.";Cajero;;558308.3600000001;0;0;0;558308.3600000001;"tarjeta: $564.588,36";COMPLETED
V-2026-0407;"4/9/2026, 3:06:25 p. m.";Cajero;;336072;0;0;0;336072;tarjeta: $350.503;COMPLETED
V-2026-0406;"4/9/2026, 3:06:25 p. m.";Cajero;;18591.48;0;0;0;18591.48;"efectivo: $52.000,48";COMPLETED
V-2026-0405;"4/9/2026, 3:06:25 p. m.";Cajero;;942659.0199999999;0;0;0;942659.0199999999;"nequi: $967.483,02";COMPLETED
V-2026-0404;"4/9/2026, 3:06:25 p. m.";Cajero;;134344.19;0;0;0;134344.19;"transferencia: $151.204,19";COMPLETED
V-2026-0403;"4/9/2026, 3:06:25 p. m.";Cajero;;484890.74;0;0;0;484890.74;"transferencia: $512.450,74";COMPLETED
V-2026-0402;"4/9/2026, 3:06:25 p. m.";Cajero;;220322.56;0;0;0;220322.56;"nequi: $227.348,56";COMPLETED
V-2026-0401;"4/9/2026, 3:06:25 p. m.";Cajero;;759846.42;0;0;0;759846.42;"daviplata: $800.708,42";COMPLETED
V-2026-0400;"4/9/2026, 3:06:25 p. m.";Cajero;;441705.99;0;0;0;441705.99;"daviplata: $463.233,99";COMPLETED
V-2026-0399;"4/9/2026, 3:06:25 p. m.";Cajero;;593105.5800000001;0;0;0;593105.5800000001;"efectivo: $600.437,58";COMPLETED
V-2026-0398;"4/9/2026, 3:06:25 p. m.";Cajero;;213649.5;0;0;0;213649.5;"efectivo: $259.203,5";COMPLETED
V-2026-0397;"4/9/2026, 3:06:25 p. m.";Cajero;;730387.77;0;0;0;730387.77;"daviplata: $773.452,77";COMPLETED
V-2026-0396;"4/9/2026, 3:06:25 p. m.";Cajero;;836422.71;0;0;0;836422.71;"tarjeta: $875.797,71";COMPLETED
V-2026-0395;"4/9/2026, 3:06:25 p. m.";Cajero;;1007790.14;0;0;0;1007790.14;"nequi: $1.028.625,14";COMPLETED
V-2026-0394;"4/9/2026, 3:06:25 p. m.";Cajero;;989327.65;0;0;0;989327.65;"daviplata: $1.037.285,65";COMPLETED
V-2026-0393;"4/9/2026, 3:06:25 p. m.";Cajero;;441281.71;0;0;0;441281.71;"nequi: $458.212,71";COMPLETED
V-2026-0392;"4/9/2026, 3:06:25 p. m.";Cajero;;695291.6;0;0;0;695291.6;"daviplata: $719.158,6";COMPLETED
V-2026-0391;"4/9/2026, 3:06:25 p. m.";Cajero;;1004168.3599999999;0;0;0;1004168.3599999999;"nequi: $1.026.925,36";COMPLETED
V-2026-0390;"4/9/2026, 3:06:25 p. m.";Cajero;;594813.56;0;0;0;594813.56;"nequi: $626.913,56";COMPLETED
V-2026-0389;"4/9/2026, 3:06:25 p. m.";Cajero;;148534.4;0;0;0;148534.4;"nequi: $157.425,4";COMPLETED
V-2026-0388;"4/9/2026, 3:06:25 p. m.";Cajero;;506107.12000000005;0;0;0;506107.12000000005;"transferencia: $542.599,12";COMPLETED
V-2026-0387;"4/9/2026, 3:06:25 p. m.";Cajero;;416530.17000000004;0;0;0;416530.17000000004;"daviplata: $420.782,17";COMPLETED
V-2026-0386;"4/9/2026, 3:06:25 p. m.";Cajero;;631531.05;0;0;0;631531.05;"efectivo: $635.988,05";COMPLETED
V-2026-0385;"4/9/2026, 3:06:25 p. m.";Cajero;;55458.68;0;0;0;55458.68;"transferencia: $77.840,68";COMPLETED
V-2026-0384;"4/9/2026, 3:06:25 p. m.";Cajero;;44998.44;0;0;0;44998.44;"transferencia: $67.780,44";COMPLETED
V-2026-0383;"4/9/2026, 3:06:25 p. m.";Cajero;;522857.43999999994;0;0;0;522857.43999999994;"daviplata: $526.351,44";COMPLETED
V-2026-0382;"4/9/2026, 3:06:25 p. m.";Cajero;;448887.29;0;0;0;448887.29;"daviplata: $478.429,29";COMPLETED
V-2026-0381;"4/9/2026, 3:06:25 p. m.";Cajero;;495091.94;0;0;0;495091.94;"nequi: $518.274,94";COMPLETED
V-2026-0380;"4/9/2026, 3:06:25 p. m.";Cajero;;1092664.6500000001;0;0;0;1092664.6500000001;"tarjeta: $1.127.775,65";COMPLETED
V-2026-0379;"4/9/2026, 3:06:25 p. m.";Cajero;;695143.48;0;0;0;695143.48;"transferencia: $695.460,48";COMPLETED
V-2026-0378;"4/9/2026, 3:06:25 p. m.";Cajero;;692346.3;0;0;0;692346.3;"daviplata: $710.243,3";COMPLETED
V-2026-0377;"4/9/2026, 3:06:25 p. m.";Cajero;;870176.11;0;0;0;870176.11;"nequi: $896.834,11";COMPLETED
V-2026-0376;"4/9/2026, 3:06:25 p. m.";Cajero;;929831.27;0;0;0;929831.27;"efectivo: $966.877,27";COMPLETED
V-2026-0375;"4/9/2026, 3:06:25 p. m.";Cajero;;346877.29000000004;0;0;0;346877.29000000004;"tarjeta: $376.970,29";COMPLETED
V-2026-0374;"4/9/2026, 3:06:25 p. m.";Cajero;;868803.8099999999;0;0;0;868803.8099999999;"transferencia: $908.265,81";COMPLETED
V-2026-0373;"4/9/2026, 3:06:25 p. m.";Cajero;;24595.99;0;0;0;24595.99;"efectivo: $47.411,99";COMPLETED
V-2026-0372;"4/9/2026, 3:06:25 p. m.";Cajero;;646829;0;0;0;646829;transferencia: $653.280;COMPLETED
V-2026-0371;"4/9/2026, 3:06:25 p. m.";Cajero;;234500.11;0;0;0;234500.11;"transferencia: $278.532,11";COMPLETED
V-2026-0370;"4/9/2026, 3:06:25 p. m.";Cajero;;336792.88;0;0;0;336792.88;"tarjeta: $380.508,88";COMPLETED
V-2026-0369;"4/9/2026, 3:06:25 p. m.";Cajero;;627184.1000000001;0;0;0;627184.1000000001;"efectivo: $675.372,1";COMPLETED
V-2026-0368;"4/9/2026, 3:06:25 p. m.";Cajero;;286849.21;0;0;0;286849.21;"efectivo: $312.229,21";COMPLETED
V-2026-0367;"4/9/2026, 3:06:25 p. m.";Cajero;;472270.18999999994;0;0;0;472270.18999999994;"transferencia: $506.302,19";COMPLETED
V-2026-0366;"4/9/2026, 3:06:25 p. m.";Cajero;;943476.3900000001;0;0;0;943476.3900000001;"efectivo: $965.806,39";COMPLETED
V-2026-0365;"4/9/2026, 3:06:25 p. m.";Cajero;;384353.89;0;0;0;384353.89;"nequi: $411.396,89";COMPLETED
V-2026-0364;"4/9/2026, 3:06:25 p. m.";Cajero;;156235.68;0;0;0;156235.68;"efectivo: $185.696,68";COMPLETED
V-2026-0363;"4/9/2026, 3:06:25 p. m.";Cajero;;365181.63;0;0;0;365181.63;"tarjeta: $405.460,63";COMPLETED
V-2026-0362;"4/9/2026, 3:06:25 p. m.";Cajero;;1051784.8;0;0;0;1051784.8;"daviplata: $1.064.240,8";COMPLETED
V-2026-0361;"4/9/2026, 3:06:25 p. m.";Cajero;;162841.41999999998;0;0;0;162841.41999999998;"nequi: $165.498,42";COMPLETED
V-2026-0360;"4/9/2026, 3:06:25 p. m.";Cajero;;1129362.07;0;0;0;1129362.07;"transferencia: $1.141.221,07";COMPLETED
V-2026-0359;"4/9/2026, 3:06:25 p. m.";Cajero;;870385.5899999999;0;0;0;870385.5899999999;"transferencia: $898.800,59";COMPLETED
V-2026-0358;"4/9/2026, 3:06:25 p. m.";Cajero;;834015.76;0;0;0;834015.76;"nequi: $883.435,76";COMPLETED
V-2026-0357;"4/9/2026, 3:06:25 p. m.";Cajero;;687011.36;0;0;0;687011.36;"efectivo: $716.968,36";COMPLETED
V-2026-0356;"4/9/2026, 3:06:25 p. m.";Cajero;;954957.6199999999;0;0;0;954957.6199999999;"nequi: $982.818,62";COMPLETED
V-2026-0355;"4/9/2026, 3:06:25 p. m.";Cajero;;261865.3;0;0;0;261865.3;"transferencia: $278.894,3";COMPLETED
V-2026-0354;"4/9/2026, 3:06:25 p. m.";Cajero;;1151703.5299999998;0;0;0;1151703.5299999998;"nequi: $1.166.546,53";COMPLETED
V-2026-0353;"4/9/2026, 3:06:25 p. m.";Cajero;;704903.1000000001;0;0;0;704903.1000000001;"transferencia: $732.374,1";COMPLETED
V-2026-0352;"4/9/2026, 3:06:25 p. m.";Cajero;;23107.11;0;0;0;23107.11;"tarjeta: $59.745,11";COMPLETED
V-2026-0351;"4/9/2026, 3:06:25 p. m.";Cajero;;638782.7999999999;0;0;0;638782.7999999999;"nequi: $662.764,8";COMPLETED
V-2026-0350;"4/9/2026, 3:06:25 p. m.";Cajero;;408446.76;0;0;0;408446.76;"daviplata: $434.315,76";COMPLETED
V-2026-0349;"4/9/2026, 3:06:25 p. m.";Cajero;;13898.7;0;0;0;13898.7;"daviplata: $56.736,7";COMPLETED
V-2026-0348;"4/9/2026, 3:06:25 p. m.";Cajero;;410983.43;0;0;0;410983.43;"daviplata: $416.316,43";COMPLETED
V-2026-0347;"4/9/2026, 3:06:25 p. m.";Cajero;;52635.53;0;0;0;52635.53;"daviplata: $73.542,53";COMPLETED
V-2026-0346;"4/9/2026, 3:06:25 p. m.";Cajero;;931663.5199999999;0;0;0;931663.5199999999;"efectivo: $953.671,52";COMPLETED
V-2026-0345;"4/9/2026, 3:06:25 p. m.";Cajero;;334846.80000000005;0;0;0;334846.80000000005;"daviplata: $381.917,8";COMPLETED
V-2026-0344;"4/9/2026, 3:06:25 p. m.";Cajero;;1111109.1;0;0;0;1111109.1;"transferencia: $1.129.211,1";COMPLETED
V-2026-0343;"4/9/2026, 3:06:25 p. m.";Cajero;;314128.75;0;0;0;314128.75;"tarjeta: $339.236,75";COMPLETED
V-2026-0342;"4/9/2026, 3:06:25 p. m.";Cajero;;234590;0;0;0;234590;efectivo: $277.651;COMPLETED
V-2026-0341;"4/9/2026, 3:06:25 p. m.";Cajero;;530093.07;0;0;0;530093.07;"daviplata: $538.589,07";COMPLETED
V-2026-0340;"4/9/2026, 3:06:25 p. m.";Cajero;;375793.28;0;0;0;375793.28;"transferencia: $389.508,28";COMPLETED
V-2026-0339;"4/9/2026, 3:06:25 p. m.";Cajero;;289588.5;0;0;0;289588.5;"tarjeta: $318.569,5";COMPLETED
V-2026-0338;"4/9/2026, 3:06:25 p. m.";Cajero;;279910.46;0;0;0;279910.46;"daviplata: $326.531,46";COMPLETED
V-2026-0337;"4/9/2026, 3:06:25 p. m.";Cajero;;565391.4;0;0;0;565391.4;"tarjeta: $593.365,4";COMPLETED
V-2026-0336;"4/9/2026, 3:06:25 p. m.";Cajero;;77646.36;0;0;0;77646.36;"tarjeta: $79.745,36";COMPLETED
V-2026-0335;"4/9/2026, 3:06:25 p. m.";Cajero;;77600.88;0;0;0;77600.88;"efectivo: $104.777,88";COMPLETED
V-2026-0334;"4/9/2026, 3:06:25 p. m.";Cajero;;19347.49;0;0;0;19347.49;"tarjeta: $67.005,49";COMPLETED
V-2026-0333;"4/9/2026, 3:06:25 p. m.";Cajero;;435000.05000000005;0;0;0;435000.05000000005;"transferencia: $443.794,05";COMPLETED
V-2026-0332;"4/9/2026, 3:06:25 p. m.";Cajero;;173502.63;0;0;0;173502.63;"nequi: $210.678,63";COMPLETED
V-2026-0331;"4/9/2026, 3:06:24 p. m.";Cajero;;537425.25;0;0;0;537425.25;"daviplata: $548.876,25";COMPLETED
V-2026-0330;"4/9/2026, 3:06:24 p. m.";Cajero;;453471.03;0;0;0;453471.03;"nequi: $467.431,03";COMPLETED
V-2026-0329;"4/9/2026, 3:06:24 p. m.";Cajero;;264176.26;0;0;0;264176.26;"efectivo: $303.423,26";COMPLETED
V-2026-0328;"4/9/2026, 3:06:24 p. m.";Cajero;;618037.4500000001;0;0;0;618037.4500000001;"efectivo: $657.801,45";COMPLETED
V-2026-0327;"4/9/2026, 3:06:24 p. m.";Cajero;;393385.01;0;0;0;393385.01;"transferencia: $401.884,01";COMPLETED
V-2026-0326;"4/9/2026, 3:06:24 p. m.";Cajero;;292133.51999999996;0;0;0;292133.51999999996;"daviplata: $300.997,52";COMPLETED
V-2026-0325;"4/9/2026, 3:06:24 p. m.";Cajero;;514951.18000000005;0;0;0;514951.18000000005;"tarjeta: $555.007,18";COMPLETED
V-2026-0324;"4/9/2026, 3:06:24 p. m.";Cajero;;151258.39;0;0;0;151258.39;"transferencia: $197.957,39";COMPLETED
V-2026-0323;"4/9/2026, 3:06:24 p. m.";Cajero;;284338.75;0;0;0;284338.75;"daviplata: $296.661,75";COMPLETED
V-2026-0322;"4/9/2026, 3:06:24 p. m.";Cajero;;546507.37;0;0;0;546507.37;"transferencia: $580.176,37";COMPLETED
V-2026-0321;"4/9/2026, 3:06:24 p. m.";Cajero;;113854.1;0;0;0;113854.1;"efectivo: $127.331,1";COMPLETED
V-2026-0320;"4/9/2026, 3:06:24 p. m.";Cajero;;598698.49;0;0;0;598698.49;"tarjeta: $602.083,49";COMPLETED
V-2026-0319;"4/9/2026, 3:06:24 p. m.";Cajero;;386121.48000000004;0;0;0;386121.48000000004;"tarjeta: $423.265,48";COMPLETED
V-2026-0318;"4/9/2026, 3:06:24 p. m.";Cajero;;311615.64;0;0;0;311615.64;"tarjeta: $336.449,64";COMPLETED
V-2026-0317;"4/9/2026, 3:06:24 p. m.";Cajero;;715824.3199999998;0;0;0;715824.3199999998;"daviplata: $765.703,32";COMPLETED
V-2026-0316;"4/9/2026, 3:06:24 p. m.";Cajero;;328984.78;0;0;0;328984.78;"nequi: $336.784,78";COMPLETED
V-2026-0315;"4/9/2026, 3:06:24 p. m.";Cajero;;23922.52;0;0;0;23922.52;"transferencia: $53.228,52";COMPLETED
V-2026-0314;"4/9/2026, 3:06:24 p. m.";Cajero;;21846.15;0;0;0;21846.15;"daviplata: $26.183,15";COMPLETED
V-2026-0313;"4/9/2026, 3:06:24 p. m.";Cajero;;616744.77;0;0;0;616744.77;"transferencia: $644.239,77";COMPLETED
V-2026-0312;"4/9/2026, 3:06:24 p. m.";Cajero;;340376.31;0;0;0;340376.31;"tarjeta: $344.601,31";COMPLETED
V-2026-0311;"4/9/2026, 3:06:24 p. m.";Cajero;;519114.02;0;0;0;519114.02;"daviplata: $536.932,02";COMPLETED
V-2026-0310;"4/9/2026, 3:06:24 p. m.";Cajero;;230591.85;0;0;0;230591.85;"efectivo: $246.784,85";COMPLETED
V-2026-0309;"4/9/2026, 3:06:24 p. m.";Cajero;;1028199.6099999999;0;0;0;1028199.6099999999;"daviplata: $1.061.138,61";COMPLETED
V-2026-0308;"4/9/2026, 3:06:24 p. m.";Cajero;;197318.06000000003;0;0;0;197318.06000000003;"tarjeta: $214.729,06";COMPLETED
V-2026-0307;"4/9/2026, 3:06:24 p. m.";Cajero;;552885.53;0;0;0;552885.53;"efectivo: $555.789,53";COMPLETED
V-2026-0306;"4/9/2026, 3:06:24 p. m.";Cajero;;43849.3;0;0;0;43849.3;"transferencia: $88.851,3";COMPLETED
V-2026-0305;"4/9/2026, 3:06:24 p. m.";Cajero;;1020880.95;0;0;0;1020880.95;"daviplata: $1.053.195,95";COMPLETED
V-2026-0304;"4/9/2026, 3:06:24 p. m.";Cajero;;158158.75;0;0;0;158158.75;"daviplata: $162.126,75";COMPLETED
V-2026-0303;"4/9/2026, 3:06:24 p. m.";Cajero;;921917;0;0;0;921917;nequi: $955.383;COMPLETED
V-2026-0302;"4/9/2026, 3:06:24 p. m.";Cajero;;360205.79;0;0;0;360205.79;"efectivo: $372.473,79";COMPLETED
V-2026-0301;"4/9/2026, 3:06:24 p. m.";Cajero;;72889.96;0;0;0;72889.96;"efectivo: $109.197,96";COMPLETED
V-2026-0300;"4/9/2026, 3:06:24 p. m.";Cajero;;87661.6;0;0;0;87661.6;"tarjeta: $88.391,6";COMPLETED
V-2026-0299;"4/9/2026, 3:06:24 p. m.";Cajero;;348688.56;0;0;0;348688.56;"daviplata: $360.684,56";COMPLETED
V-2026-0298;"4/9/2026, 3:06:24 p. m.";Cajero;;459999.30000000005;0;0;0;459999.30000000005;"nequi: $465.483,3";COMPLETED
V-2026-0297;"4/9/2026, 3:06:24 p. m.";Cajero;;336832.58;0;0;0;336832.58;"nequi: $361.859,58";COMPLETED
V-2026-0296;"4/9/2026, 3:06:24 p. m.";Cajero;;635332.3600000001;0;0;0;635332.3600000001;"tarjeta: $664.475,36";COMPLETED
V-2026-0295;"4/9/2026, 3:06:24 p. m.";Cajero;;705153.56;0;0;0;705153.56;"nequi: $748.469,56";COMPLETED
V-2026-0294;"4/9/2026, 3:06:24 p. m.";Cajero;;113773.79999999999;0;0;0;113773.79999999999;"daviplata: $114.140,8";COMPLETED
V-2026-0293;"4/9/2026, 3:06:24 p. m.";Cajero;;362893.47000000003;0;0;0;362893.47000000003;"transferencia: $407.932,47";COMPLETED
V-2026-0292;"4/9/2026, 3:06:24 p. m.";Cajero;;1007931.0800000001;0;0;0;1007931.0800000001;"daviplata: $1.044.981,08";COMPLETED
V-2026-0291;"4/9/2026, 3:06:24 p. m.";Cajero;;483445.96;0;0;0;483445.96;"transferencia: $500.364,96";COMPLETED
V-2026-0290;"4/9/2026, 3:06:24 p. m.";Cajero;;948596.72;0;0;0;948596.72;"tarjeta: $979.010,72";COMPLETED
V-2026-0289;"4/9/2026, 3:06:24 p. m.";Cajero;;55785.939999999995;0;0;0;55785.939999999995;"efectivo: $58.510,94";COMPLETED
V-2026-0288;"4/9/2026, 3:06:24 p. m.";Cajero;;890363.2300000001;0;0;0;890363.2300000001;"tarjeta: $900.975,23";COMPLETED
V-2026-0287;"4/9/2026, 3:06:24 p. m.";Cajero;;541488.64;0;0;0;541488.64;"daviplata: $570.825,64";COMPLETED
V-2026-0286;"4/9/2026, 3:06:24 p. m.";Cajero;;915570.9500000001;0;0;0;915570.9500000001;"tarjeta: $957.411,95";COMPLETED
V-2026-0285;"4/9/2026, 3:06:24 p. m.";Cajero;;52082.47;0;0;0;52082.47;"daviplata: $88.621,47";COMPLETED
V-2026-0284;"4/9/2026, 3:06:24 p. m.";Cajero;;499382.57999999996;0;0;0;499382.57999999996;"nequi: $510.537,58";COMPLETED
V-2026-0283;"4/9/2026, 3:06:24 p. m.";Cajero;;287100.8;0;0;0;287100.8;"transferencia: $307.836,8";COMPLETED
V-2026-0282;"4/9/2026, 3:06:24 p. m.";Cajero;;215969.53;0;0;0;215969.53;"daviplata: $221.624,53";COMPLETED
V-2026-0281;"4/9/2026, 3:06:24 p. m.";Cajero;;491426.75999999995;0;0;0;491426.75999999995;"transferencia: $497.443,76";COMPLETED
V-2026-0280;"4/9/2026, 3:06:24 p. m.";Cajero;;528829.6900000001;0;0;0;528829.6900000001;"nequi: $538.927,69";COMPLETED
V-2026-0279;"4/9/2026, 3:06:24 p. m.";Cajero;;395286.5;0;0;0;395286.5;"efectivo: $444.005,5";COMPLETED
V-2026-0278;"4/9/2026, 3:06:24 p. m.";Cajero;;598843.52;0;0;0;598843.52;"tarjeta: $603.712,52";COMPLETED
V-2026-0277;"4/9/2026, 3:06:24 p. m.";Cajero;;521493.76;0;0;0;521493.76;"daviplata: $529.594,76";COMPLETED
V-2026-0276;"4/9/2026, 3:06:24 p. m.";Cajero;;462002.41;0;0;0;462002.41;"efectivo: $470.966,41";COMPLETED
V-2026-0275;"4/9/2026, 3:06:24 p. m.";Cajero;;458724.16;0;0;0;458724.16;"nequi: $476.373,16";COMPLETED
V-2026-0274;"4/9/2026, 3:06:24 p. m.";Cajero;;359922.67999999993;0;0;0;359922.67999999993;"daviplata: $372.161,68";COMPLETED
V-2026-0273;"4/9/2026, 3:06:24 p. m.";Cajero;;611138.83;0;0;0;611138.83;"nequi: $658.660,83";COMPLETED
V-2026-0272;"4/9/2026, 3:06:24 p. m.";Cajero;;480475.55;0;0;0;480475.55;"tarjeta: $505.377,55";COMPLETED
V-2026-0271;"4/9/2026, 3:06:24 p. m.";Cajero;;439072.53;0;0;0;439072.53;"daviplata: $477.209,53";COMPLETED
V-2026-0270;"4/9/2026, 3:06:24 p. m.";Cajero;;473592.31;0;0;0;473592.31;"efectivo: $512.643,31";COMPLETED
V-2026-0269;"4/9/2026, 3:06:24 p. m.";Cajero;;143167.98;0;0;0;143167.98;"daviplata: $147.304,98";COMPLETED
V-2026-0268;"4/9/2026, 3:06:24 p. m.";Cajero;;413574.75;0;0;0;413574.75;"daviplata: $420.285,75";COMPLETED
V-2026-0267;"4/9/2026, 3:06:24 p. m.";Cajero;;885792.9500000001;0;0;0;885792.9500000001;"nequi: $905.926,95";COMPLETED
V-2026-0266;"4/9/2026, 3:06:24 p. m.";Cajero;;72475.46;0;0;0;72475.46;"transferencia: $76.349,46";COMPLETED
V-2026-0265;"4/9/2026, 3:06:24 p. m.";Cajero;;820338.4600000001;0;0;0;820338.4600000001;"tarjeta: $859.673,46";COMPLETED
V-2026-0264;"4/9/2026, 3:06:24 p. m.";Cajero;;629467.3;0;0;0;629467.3;"efectivo: $663.278,3";COMPLETED
V-2026-0263;"4/9/2026, 3:06:24 p. m.";Cajero;;416128.98;0;0;0;416128.98;"efectivo: $455.997,98";COMPLETED
V-2026-0262;"4/9/2026, 3:06:24 p. m.";Cajero;;225076.56;0;0;0;225076.56;"efectivo: $225.357,56";COMPLETED
V-2026-0261;"4/9/2026, 3:06:24 p. m.";Cajero;;362949;0;0;0;362949;nequi: $380.169;COMPLETED
V-2026-0260;"4/9/2026, 3:06:24 p. m.";Cajero;;21223.89;0;0;0;21223.89;"nequi: $46.823,89";COMPLETED
V-2026-0259;"4/9/2026, 3:06:24 p. m.";Cajero;;309279.4;0;0;0;309279.4;"nequi: $336.404,4";COMPLETED
V-2026-0258;"4/9/2026, 3:06:24 p. m.";Cajero;;240962.44;0;0;0;240962.44;"nequi: $287.157,44";COMPLETED
V-2026-0257;"4/9/2026, 3:06:24 p. m.";Cajero;;628350.3;0;0;0;628350.3;"nequi: $654.421,3";COMPLETED
V-2026-0256;"4/9/2026, 3:06:24 p. m.";Cajero;;689731.85;0;0;0;689731.85;"transferencia: $724.350,85";COMPLETED
V-2026-0255;"4/9/2026, 3:06:24 p. m.";Cajero;;171197.29;0;0;0;171197.29;"daviplata: $190.600,29";COMPLETED
V-2026-0254;"4/9/2026, 3:06:24 p. m.";Cajero;;247959.19999999998;0;0;0;247959.19999999998;"nequi: $273.476,2";COMPLETED
V-2026-0253;"4/9/2026, 3:06:24 p. m.";Cajero;;383716.85;0;0;0;383716.85;"efectivo: $419.657,85";COMPLETED
V-2026-0252;"4/9/2026, 3:06:24 p. m.";Cajero;;1158132.74;0;0;0;1158132.74;"nequi: $1.182.553,74";COMPLETED
V-2026-0251;"4/9/2026, 3:06:24 p. m.";Cajero;;422791.75;0;0;0;422791.75;"efectivo: $462.349,75";COMPLETED
V-2026-0250;"4/9/2026, 3:06:24 p. m.";Cajero;;536819.01;0;0;0;536819.01;"tarjeta: $573.841,01";COMPLETED
V-2026-0249;"4/9/2026, 3:06:24 p. m.";Cajero;;634542.24;0;0;0;634542.24;"transferencia: $682.042,24";COMPLETED
V-2026-0248;"4/9/2026, 3:06:24 p. m.";Cajero;;697576.8400000001;0;0;0;697576.8400000001;"efectivo: $709.925,84";COMPLETED
V-2026-0247;"4/9/2026, 3:06:24 p. m.";Cajero;;88999.41;0;0;0;88999.41;"tarjeta: $96.570,41";COMPLETED
V-2026-0246;"4/9/2026, 3:06:24 p. m.";Cajero;;694759.8400000002;0;0;0;694759.8400000002;"daviplata: $725.926,84";COMPLETED
V-2026-0245;"4/9/2026, 3:06:24 p. m.";Cajero;;1122458.84;0;0;0;1122458.84;"tarjeta: $1.169.168,84";COMPLETED
V-2026-0244;"4/9/2026, 3:06:24 p. m.";Cajero;;614105.59;0;0;0;614105.59;"daviplata: $662.447,59";COMPLETED
V-2026-0243;"4/9/2026, 3:06:24 p. m.";Cajero;;408180.05;0;0;0;408180.05;"efectivo: $412.405,05";COMPLETED
V-2026-0242;"4/9/2026, 3:06:24 p. m.";Cajero;;934797.8899999999;0;0;0;934797.8899999999;"transferencia: $948.632,89";COMPLETED
V-2026-0241;"4/9/2026, 3:06:24 p. m.";Cajero;;395559.54000000004;0;0;0;395559.54000000004;"tarjeta: $407.348,54";COMPLETED
V-2026-0240;"4/9/2026, 3:06:24 p. m.";Cajero;;1228862.39;0;0;0;1228862.39;"daviplata: $1.273.304,39";COMPLETED
V-2026-0239;"4/9/2026, 3:06:24 p. m.";Cajero;;504306.87;0;0;0;504306.87;"tarjeta: $514.663,87";COMPLETED
V-2026-0238;"4/9/2026, 3:06:24 p. m.";Cajero;;612367.8899999999;0;0;0;612367.8899999999;"daviplata: $639.900,89";COMPLETED
V-2026-0237;"4/9/2026, 3:06:24 p. m.";Cajero;;234685.38;0;0;0;234685.38;"tarjeta: $277.391,38";COMPLETED
V-2026-0236;"4/9/2026, 3:06:24 p. m.";Cajero;;691006.54;0;0;0;691006.54;"tarjeta: $730.049,54";COMPLETED
V-2026-0235;"4/9/2026, 3:06:24 p. m.";Cajero;;673602.1900000001;0;0;0;673602.1900000001;"tarjeta: $695.190,19";COMPLETED
V-2026-0234;"4/9/2026, 3:06:24 p. m.";Cajero;;436801.89;0;0;0;436801.89;"transferencia: $484.263,89";COMPLETED
V-2026-0233;"4/9/2026, 3:06:24 p. m.";Cajero;;568943.49;0;0;0;568943.49;"daviplata: $616.570,49";COMPLETED
V-2026-0232;"4/9/2026, 3:06:24 p. m.";Cajero;;239650.39;0;0;0;239650.39;"tarjeta: $267.799,39";COMPLETED
V-2026-0231;"4/9/2026, 3:06:24 p. m.";Cajero;;768480.53;0;0;0;768480.53;"nequi: $769.485,53";COMPLETED
V-2026-0230;"4/9/2026, 3:06:24 p. m.";Cajero;;1013038.8200000001;0;0;0;1013038.8200000001;"daviplata: $1.061.849,82";COMPLETED
V-2026-0229;"4/9/2026, 3:06:24 p. m.";Cajero;;219201.5;0;0;0;219201.5;"daviplata: $241.208,5";COMPLETED
V-2026-0228;"4/9/2026, 3:06:24 p. m.";Cajero;;827114.73;0;0;0;827114.73;"daviplata: $876.265,73";COMPLETED
V-2026-0227;"4/9/2026, 3:06:24 p. m.";Cajero;;185150.53999999998;0;0;0;185150.53999999998;"daviplata: $220.706,54";COMPLETED
V-2026-0226;"4/9/2026, 3:06:24 p. m.";Cajero;;591147.39;0;0;0;591147.39;"transferencia: $595.164,39";COMPLETED
V-2026-0225;"4/9/2026, 3:06:24 p. m.";Cajero;;372012.72;0;0;0;372012.72;"tarjeta: $410.537,72";COMPLETED
V-2026-0224;"4/9/2026, 3:06:24 p. m.";Cajero;;462931.20999999996;0;0;0;462931.20999999996;"tarjeta: $469.698,21";COMPLETED
V-2026-0223;"4/9/2026, 3:06:24 p. m.";Cajero;;230260.75;0;0;0;230260.75;"daviplata: $240.396,75";COMPLETED
V-2026-0222;"4/9/2026, 3:06:24 p. m.";Cajero;;461052.85;0;0;0;461052.85;"tarjeta: $495.394,85";COMPLETED
V-2026-0221;"4/9/2026, 3:06:24 p. m.";Cajero;;753385.21;0;0;0;753385.21;"daviplata: $770.309,21";COMPLETED
V-2026-0220;"4/9/2026, 3:06:24 p. m.";Cajero;;211125.23;0;0;0;211125.23;"tarjeta: $222.854,23";COMPLETED
V-2026-0219;"4/9/2026, 3:06:24 p. m.";Cajero;;582401.05;0;0;0;582401.05;"nequi: $626.444,05";COMPLETED
V-2026-0218;"4/9/2026, 3:06:24 p. m.";Cajero;;219910.3;0;0;0;219910.3;"nequi: $252.840,3";COMPLETED
V-2026-0217;"4/9/2026, 3:06:24 p. m.";Cajero;;593798.27;0;0;0;593798.27;"tarjeta: $643.190,27";COMPLETED
V-2026-0216;"4/9/2026, 3:06:24 p. m.";Cajero;;188409.15000000002;0;0;0;188409.15000000002;"efectivo: $233.089,15";COMPLETED
V-2026-0215;"4/9/2026, 3:06:24 p. m.";Cajero;;148294;0;0;0;148294;tarjeta: $159.555;COMPLETED
V-2026-0214;"4/9/2026, 3:06:24 p. m.";Cajero;;171290.08;0;0;0;171290.08;"nequi: $178.135,08";COMPLETED
V-2026-0213;"4/9/2026, 3:06:24 p. m.";Cajero;;405211.52999999997;0;0;0;405211.52999999997;"efectivo: $438.815,53";COMPLETED
V-2026-0212;"4/9/2026, 3:06:24 p. m.";Cajero;;924387.42;0;0;0;924387.42;"efectivo: $946.355,42";COMPLETED
V-2026-0211;"4/9/2026, 3:06:24 p. m.";Cajero;;430568.48;0;0;0;430568.48;"nequi: $442.070,48";COMPLETED
V-2026-0210;"4/9/2026, 3:06:24 p. m.";Cajero;;250840.17;0;0;0;250840.17;"nequi: $262.965,17";COMPLETED
V-2026-0209;"4/9/2026, 3:06:24 p. m.";Cajero;;194680.3;0;0;0;194680.3;"daviplata: $241.846,3";COMPLETED
V-2026-0208;"4/9/2026, 3:06:24 p. m.";Cajero;;685807.73;0;0;0;685807.73;"nequi: $718.840,73";COMPLETED
V-2026-0207;"4/9/2026, 3:06:24 p. m.";Cajero;;507559.75;0;0;0;507559.75;"transferencia: $524.533,75";COMPLETED
V-2026-0206;"4/9/2026, 3:06:24 p. m.";Cajero;;290359.1;0;0;0;290359.1;"nequi: $329.299,1";COMPLETED
V-2026-0205;"4/9/2026, 3:06:23 p. m.";Cajero;;31993.2;0;0;0;31993.2;"transferencia: $43.593,2";COMPLETED
V-2026-0204;"4/9/2026, 3:06:23 p. m.";Cajero;;329529.55000000005;0;0;0;329529.55000000005;"tarjeta: $365.035,55";COMPLETED
V-2026-0203;"4/9/2026, 3:06:23 p. m.";Cajero;;210194.36;0;0;0;210194.36;"nequi: $231.320,36";COMPLETED
V-2026-0202;"4/9/2026, 3:06:23 p. m.";Cajero;;451372.83;0;0;0;451372.83;"daviplata: $471.568,83";COMPLETED
V-2026-0201;"4/9/2026, 3:06:23 p. m.";Cajero;;495457.83999999997;0;0;0;495457.83999999997;"transferencia: $515.661,84";COMPLETED
V-2026-0200;"4/9/2026, 3:06:23 p. m.";Cajero;;580778.3300000001;0;0;0;580778.3300000001;"efectivo: $620.516,33";COMPLETED
V-2026-0199;"4/9/2026, 3:06:23 p. m.";Cajero;;858226.4199999999;0;0;0;858226.4199999999;"efectivo: $866.875,42";COMPLETED
V-2026-0198;"4/9/2026, 3:06:23 p. m.";Cajero;;261762.53000000003;0;0;0;261762.53000000003;"daviplata: $305.896,53";COMPLETED
V-2026-0197;"4/9/2026, 3:06:23 p. m.";Cajero;;657010.03;0;0;0;657010.03;"nequi: $681.138,03";COMPLETED
V-2026-0196;"4/9/2026, 3:06:23 p. m.";Cajero;;1021935.8699999999;0;0;0;1021935.8699999999;"nequi: $1.063.705,87";COMPLETED
V-2026-0195;"4/9/2026, 3:06:23 p. m.";Cajero;;190282.82;0;0;0;190282.82;"efectivo: $233.288,82";COMPLETED
V-2026-0194;"4/9/2026, 3:06:23 p. m.";Cajero;;33560.15;0;0;0;33560.15;"daviplata: $74.083,15";COMPLETED
V-2026-0193;"4/9/2026, 3:06:23 p. m.";Cajero;;609354.03;0;0;0;609354.03;"nequi: $648.067,03";COMPLETED
V-2026-0192;"4/9/2026, 3:06:23 p. m.";Cajero;;220385.47;0;0;0;220385.47;"tarjeta: $227.860,47";COMPLETED
V-2026-0191;"4/9/2026, 3:06:23 p. m.";Cajero;;424717.85;0;0;0;424717.85;"daviplata: $429.027,85";COMPLETED
V-2026-0190;"4/9/2026, 3:06:23 p. m.";Cajero;;627553.0900000001;0;0;0;627553.0900000001;"tarjeta: $668.807,09";COMPLETED
V-2026-0189;"4/9/2026, 3:06:23 p. m.";Cajero;;544526.8700000001;0;0;0;544526.8700000001;"efectivo: $554.235,87";COMPLETED
V-2026-0188;"4/9/2026, 3:06:23 p. m.";Cajero;;729494.9;0;0;0;729494.9;"efectivo: $772.030,9";COMPLETED
V-2026-0187;"4/9/2026, 3:06:23 p. m.";Cajero;;955628.0499999998;0;0;0;955628.0499999998;"tarjeta: $968.866,05";COMPLETED
V-2026-0186;"4/9/2026, 3:06:23 p. m.";Cajero;;384800.44999999995;0;0;0;384800.44999999995;"transferencia: $415.627,45";COMPLETED
V-2026-0185;"4/9/2026, 3:06:23 p. m.";Cajero;;69716.02;0;0;0;69716.02;"daviplata: $83.580,02";COMPLETED
V-2026-0184;"4/9/2026, 3:06:23 p. m.";Cajero;;968183.7699999999;0;0;0;968183.7699999999;"tarjeta: $1.000.424,77";COMPLETED
V-2026-0183;"4/9/2026, 3:06:23 p. m.";Cajero;;618681.93;0;0;0;618681.93;"efectivo: $648.332,93";COMPLETED
V-2026-0182;"4/9/2026, 3:06:23 p. m.";Cajero;;515045.73;0;0;0;515045.73;"efectivo: $528.656,73";COMPLETED
V-2026-0181;"4/9/2026, 3:06:23 p. m.";Cajero;;424867.85000000003;0;0;0;424867.85000000003;"transferencia: $432.985,85";COMPLETED
V-2026-0180;"4/9/2026, 3:06:23 p. m.";Cajero;;30081.24;0;0;0;30081.24;"nequi: $43.211,24";COMPLETED
V-2026-0179;"4/9/2026, 3:06:23 p. m.";Cajero;;471883.5999999999;0;0;0;471883.5999999999;"daviplata: $501.117,6";COMPLETED
V-2026-0178;"4/9/2026, 3:06:23 p. m.";Cajero;;682977.08;0;0;0;682977.08;"nequi: $723.426,08";COMPLETED
V-2026-0177;"4/9/2026, 3:06:23 p. m.";Cajero;;432680.93;0;0;0;432680.93;"tarjeta: $459.612,93";COMPLETED
V-2026-0176;"4/9/2026, 3:06:23 p. m.";Cajero;;1241049.53;0;0;0;1241049.53;"nequi: $1.271.383,53";COMPLETED
V-2026-0175;"4/9/2026, 3:06:23 p. m.";Cajero;;184484.27;0;0;0;184484.27;"daviplata: $209.747,27";COMPLETED
V-2026-0174;"4/9/2026, 3:06:23 p. m.";Cajero;;406915.19000000006;0;0;0;406915.19000000006;"nequi: $420.778,19";COMPLETED
V-2026-0173;"4/9/2026, 3:06:23 p. m.";Cajero;;197599.98;0;0;0;197599.98;"tarjeta: $233.091,98";COMPLETED
V-2026-0172;"4/9/2026, 3:06:23 p. m.";Cajero;;546993;0;0;0;546993;tarjeta: $568.482;COMPLETED
V-2026-0171;"4/9/2026, 3:06:23 p. m.";Cajero;;587743.87;0;0;0;587743.87;"tarjeta: $625.687,87";COMPLETED
V-2026-0170;"4/9/2026, 3:06:23 p. m.";Cajero;;345516.19999999995;0;0;0;345516.19999999995;"tarjeta: $395.014,2";COMPLETED
V-2026-0169;"4/9/2026, 3:06:23 p. m.";Cajero;;169497.26;0;0;0;169497.26;"daviplata: $178.045,26";COMPLETED
V-2026-0168;"4/9/2026, 3:06:23 p. m.";Cajero;;47726.04;0;0;0;47726.04;"transferencia: $76.713,04";COMPLETED
V-2026-0167;"4/9/2026, 3:06:23 p. m.";Cajero;;477374.82;0;0;0;477374.82;"daviplata: $479.597,82";COMPLETED
V-2026-0166;"4/9/2026, 3:06:23 p. m.";Cajero;;70753.96;0;0;0;70753.96;"daviplata: $82.611,96";COMPLETED
V-2026-0165;"4/9/2026, 3:06:23 p. m.";Cajero;;44248.46;0;0;0;44248.46;"efectivo: $88.216,46";COMPLETED
V-2026-0164;"4/9/2026, 3:06:23 p. m.";Cajero;;948253.85;0;0;0;948253.85;"transferencia: $993.667,85";COMPLETED
V-2026-0163;"4/9/2026, 3:06:23 p. m.";Cajero;;304373.97000000003;0;0;0;304373.97000000003;"transferencia: $347.172,97";COMPLETED
V-2026-0162;"4/9/2026, 3:06:23 p. m.";Cajero;;774161.6;0;0;0;774161.6;"tarjeta: $798.046,6";COMPLETED
V-2026-0161;"4/9/2026, 3:06:23 p. m.";Cajero;;544966.35;0;0;0;544966.35;"tarjeta: $587.683,35";COMPLETED
V-2026-0160;"4/9/2026, 3:06:23 p. m.";Cajero;;258277.84000000003;0;0;0;258277.84000000003;"tarjeta: $262.187,84";COMPLETED
V-2026-0159;"4/9/2026, 3:06:23 p. m.";Cajero;;357686.79;0;0;0;357686.79;"daviplata: $381.201,79";COMPLETED
V-2026-0158;"4/9/2026, 3:06:23 p. m.";Cajero;;688873.67;0;0;0;688873.67;"efectivo: $738.595,67";COMPLETED
V-2026-0157;"4/9/2026, 3:06:23 p. m.";Cajero;;653031.4600000001;0;0;0;653031.4600000001;"transferencia: $673.252,46";COMPLETED
V-2026-0156;"4/9/2026, 3:06:23 p. m.";Cajero;;8226.63;0;0;0;8226.63;"daviplata: $25.991,63";COMPLETED
V-2026-0155;"4/9/2026, 3:06:23 p. m.";Cajero;;468579.01;0;0;0;468579.01;"efectivo: $492.285,01";COMPLETED
V-2026-0154;"4/9/2026, 3:06:23 p. m.";Cajero;;853224.96;0;0;0;853224.96;"tarjeta: $889.912,96";COMPLETED
V-2026-0153;"4/9/2026, 3:06:23 p. m.";Cajero;;191254.55;0;0;0;191254.55;"efectivo: $201.410,55";COMPLETED
V-2026-0152;"4/9/2026, 3:06:23 p. m.";Cajero;;483811.01;0;0;0;483811.01;"tarjeta: $496.218,01";COMPLETED
V-2026-0151;"4/9/2026, 3:06:23 p. m.";Cajero;;417797.17;0;0;0;417797.17;"tarjeta: $418.387,17";COMPLETED
V-2026-0150;"4/9/2026, 3:06:23 p. m.";Cajero;;770124.99;0;0;0;770124.99;"tarjeta: $774.488,99";COMPLETED
V-2026-0149;"4/9/2026, 3:06:23 p. m.";Cajero;;348028.25;0;0;0;348028.25;"nequi: $395.847,25";COMPLETED
V-2026-0148;"4/9/2026, 3:06:23 p. m.";Cajero;;190340.87000000002;0;0;0;190340.87000000002;"efectivo: $197.053,87";COMPLETED
V-2026-0147;"4/9/2026, 3:06:23 p. m.";Cajero;;327604.3;0;0;0;327604.3;"efectivo: $330.777,3";COMPLETED
V-2026-0146;"4/9/2026, 3:06:23 p. m.";Cajero;;127112.16;0;0;0;127112.16;"tarjeta: $129.029,16";COMPLETED
V-2026-0145;"4/9/2026, 3:06:23 p. m.";Cajero;;231926.00000000003;0;0;0;231926.00000000003;tarjeta: $232.413;COMPLETED
V-2026-0144;"4/9/2026, 3:06:23 p. m.";Cajero;;369576.51;0;0;0;369576.51;"daviplata: $406.234,51";COMPLETED
V-2026-0143;"4/9/2026, 3:06:23 p. m.";Cajero;;495031.93;0;0;0;495031.93;"tarjeta: $502.348,93";COMPLETED
V-2026-0142;"4/9/2026, 3:06:23 p. m.";Cajero;;1138222.4300000002;0;0;0;1138222.4300000002;"tarjeta: $1.160.350,43";COMPLETED
V-2026-0141;"4/9/2026, 3:06:23 p. m.";Cajero;;434841.14;0;0;0;434841.14;"tarjeta: $484.347,14";COMPLETED
V-2026-0140;"4/9/2026, 3:06:23 p. m.";Cajero;;568464.91;0;0;0;568464.91;"daviplata: $570.630,91";COMPLETED
V-2026-0139;"4/9/2026, 3:06:23 p. m.";Cajero;;528843.95;0;0;0;528843.95;"transferencia: $530.796,95";COMPLETED
V-2026-0138;"4/9/2026, 3:06:23 p. m.";Cajero;;696127.89;0;0;0;696127.89;"nequi: $734.001,89";COMPLETED
V-2026-0137;"4/9/2026, 3:06:23 p. m.";Cajero;;54203.549999999996;0;0;0;54203.549999999996;"nequi: $78.986,55";COMPLETED
V-2026-0136;"4/9/2026, 3:06:23 p. m.";Cajero;;197748.75;0;0;0;197748.75;"efectivo: $238.309,75";COMPLETED
V-2026-0135;"4/9/2026, 3:06:23 p. m.";Cajero;;55931.84;0;0;0;55931.84;"daviplata: $75.362,84";COMPLETED
V-2026-0134;"4/9/2026, 3:06:23 p. m.";Cajero;;999564.21;0;0;0;999564.21;"nequi: $1.031.836,21";COMPLETED
V-2026-0133;"4/9/2026, 3:06:23 p. m.";Cajero;;914255.0299999999;0;0;0;914255.0299999999;"tarjeta: $945.122,03";COMPLETED
V-2026-0132;"4/9/2026, 3:06:23 p. m.";Cajero;;386969.5;0;0;0;386969.5;"daviplata: $418.208,5";COMPLETED
V-2026-0131;"4/9/2026, 3:06:23 p. m.";Cajero;;76700.8;0;0;0;76700.8;"tarjeta: $120.848,8";COMPLETED
V-2026-0130;"4/9/2026, 3:06:23 p. m.";Cajero;;540422.37;0;0;0;540422.37;"transferencia: $584.849,37";COMPLETED
V-2026-0129;"4/9/2026, 3:06:23 p. m.";Cajero;;97092.5;0;0;0;97092.5;"nequi: $107.975,5";COMPLETED
V-2026-0128;"4/9/2026, 3:06:23 p. m.";Cajero;;505981.98999999993;0;0;0;505981.98999999993;"transferencia: $534.167,99";COMPLETED
V-2026-0127;"4/9/2026, 3:06:23 p. m.";Cajero;;532346.11;0;0;0;532346.11;"nequi: $534.441,11";COMPLETED
V-2026-0126;"4/9/2026, 3:06:23 p. m.";Cajero;;430298.37999999995;0;0;0;430298.37999999995;"daviplata: $439.685,38";COMPLETED
V-2026-0125;"4/9/2026, 3:06:23 p. m.";Cajero;;248605.6;0;0;0;248605.6;"tarjeta: $278.472,6";COMPLETED
V-2026-0124;"4/9/2026, 3:06:23 p. m.";Cajero;;972492.6699999999;0;0;0;972492.6699999999;"tarjeta: $1.008.587,67";COMPLETED
V-2026-0123;"4/9/2026, 3:06:23 p. m.";Cajero;;843190.96;0;0;0;843190.96;"tarjeta: $876.702,96";COMPLETED
V-2026-0122;"4/9/2026, 3:06:23 p. m.";Cajero;;374928.1;0;0;0;374928.1;"tarjeta: $410.318,1";COMPLETED
V-2026-0121;"4/9/2026, 3:06:23 p. m.";Cajero;;642572.78;0;0;0;642572.78;"nequi: $689.124,78";COMPLETED
V-2026-0120;"4/9/2026, 3:06:23 p. m.";Cajero;;1033289.34;0;0;0;1033289.34;"efectivo: $1.054.634,34";COMPLETED
V-2026-0119;"4/9/2026, 3:06:23 p. m.";Cajero;;37518.130000000005;0;0;0;37518.130000000005;"tarjeta: $65.859,13";COMPLETED
V-2026-0118;"4/9/2026, 3:06:23 p. m.";Cajero;;226527.58000000002;0;0;0;226527.58000000002;"efectivo: $253.297,58";COMPLETED
V-2026-0117;"4/9/2026, 3:06:23 p. m.";Cajero;;463874.55000000005;0;0;0;463874.55000000005;"efectivo: $493.529,55";COMPLETED
V-2026-0116;"4/9/2026, 3:06:23 p. m.";Cajero;;541597.5700000001;0;0;0;541597.5700000001;"daviplata: $553.161,57";COMPLETED
V-2026-0115;"4/9/2026, 3:06:23 p. m.";Cajero;;194984.64;0;0;0;194984.64;"nequi: $211.803,64";COMPLETED
V-2026-0114;"4/9/2026, 3:06:23 p. m.";Cajero;;947737.55;0;0;0;947737.55;"transferencia: $971.581,55";COMPLETED
V-2026-0113;"4/9/2026, 3:06:23 p. m.";Cajero;;896581.6199999998;0;0;0;896581.6199999998;"efectivo: $909.104,62";COMPLETED
V-2026-0112;"4/9/2026, 3:06:23 p. m.";Cajero;;223129.95;0;0;0;223129.95;"efectivo: $229.504,95";COMPLETED
V-2026-0111;"4/9/2026, 3:06:23 p. m.";Cajero;;469302.62999999995;0;0;0;469302.62999999995;"efectivo: $510.500,63";COMPLETED
V-2026-0110;"4/9/2026, 3:06:23 p. m.";Cajero;;610073.51;0;0;0;610073.51;"nequi: $631.044,51";COMPLETED
V-2026-0109;"4/9/2026, 3:06:23 p. m.";Cajero;;997464.15;0;0;0;997464.15;"efectivo: $1.042.824,15";COMPLETED
V-2026-0108;"4/9/2026, 3:06:23 p. m.";Cajero;;447106.01;0;0;0;447106.01;"daviplata: $481.869,01";COMPLETED
V-2026-0107;"4/9/2026, 3:06:23 p. m.";Cajero;;384149.81000000006;0;0;0;384149.81000000006;"efectivo: $387.941,81";COMPLETED
V-2026-0106;"4/9/2026, 3:06:23 p. m.";Cajero;;224410.71000000002;0;0;0;224410.71000000002;"efectivo: $228.135,71";COMPLETED
V-2026-0105;"4/9/2026, 3:06:23 p. m.";Cajero;;135485.73;0;0;0;135485.73;"transferencia: $137.651,73";COMPLETED
V-2026-0104;"4/9/2026, 3:06:23 p. m.";Cajero;;612845.9;0;0;0;612845.9;"efectivo: $641.322,9";COMPLETED
V-2026-0103;"4/9/2026, 3:06:23 p. m.";Cajero;;144731.92;0;0;0;144731.92;"tarjeta: $181.525,92";COMPLETED
V-2026-0102;"4/9/2026, 3:06:23 p. m.";Cajero;;155402.28999999998;0;0;0;155402.28999999998;"daviplata: $194.504,29";COMPLETED
V-2026-0101;"4/9/2026, 3:06:23 p. m.";Cajero;;1232176.01;0;0;0;1232176.01;"daviplata: $1.263.292,01";COMPLETED
V-2026-0100;"4/9/2026, 3:06:23 p. m.";Cajero;;501595.19999999995;0;0;0;501595.19999999995;"tarjeta: $515.999,2";COMPLETED
V-2026-0099;"4/9/2026, 3:06:23 p. m.";Cajero;;124795.97;0;0;0;124795.97;"nequi: $148.289,97";COMPLETED
V-2026-0098;"4/9/2026, 3:06:23 p. m.";Cajero;;912020.5000000002;0;0;0;912020.5000000002;"efectivo: $948.574,5";COMPLETED
V-2026-0097;"4/9/2026, 3:06:23 p. m.";Cajero;;294328.82;0;0;0;294328.82;"efectivo: $335.460,82";COMPLETED
V-2026-0096;"4/9/2026, 3:06:23 p. m.";Cajero;;599476.4;0;0;0;599476.4;"nequi: $631.245,4";COMPLETED
V-2026-0095;"4/9/2026, 3:06:23 p. m.";Cajero;;719129.3200000001;0;0;0;719129.3200000001;"tarjeta: $742.195,32";COMPLETED
V-2026-0094;"4/9/2026, 3:06:23 p. m.";Cajero;;560975.35;0;0;0;560975.35;"nequi: $575.127,35";COMPLETED
V-2026-0093;"4/9/2026, 3:06:23 p. m.";Cajero;;598178.89;0;0;0;598178.89;"tarjeta: $635.892,89";COMPLETED
V-2026-0092;"4/9/2026, 3:06:23 p. m.";Cajero;;457339.81999999995;0;0;0;457339.81999999995;"transferencia: $473.176,82";COMPLETED
V-2026-0091;"4/9/2026, 3:06:22 p. m.";Cajero;;768978.93;0;0;0;768978.93;"efectivo: $797.928,93";COMPLETED
V-2026-0090;"4/9/2026, 3:06:22 p. m.";Cajero;;497963.41000000003;0;0;0;497963.41000000003;"daviplata: $520.298,41";COMPLETED
V-2026-0089;"4/9/2026, 3:06:22 p. m.";Cajero;;724553.78;0;0;0;724553.78;"transferencia: $736.291,78";COMPLETED
V-2026-0088;"4/9/2026, 3:06:22 p. m.";Cajero;;780974.8;0;0;0;780974.8;"daviplata: $803.812,8";COMPLETED
V-2026-0087;"4/9/2026, 3:06:22 p. m.";Cajero;;383641.66000000003;0;0;0;383641.66000000003;"efectivo: $399.668,66";COMPLETED
V-2026-0086;"4/9/2026, 3:06:22 p. m.";Cajero;;133227.47;0;0;0;133227.47;"transferencia: $150.784,47";COMPLETED
V-2026-0085;"4/9/2026, 3:06:22 p. m.";Cajero;;614461.5700000001;0;0;0;614461.5700000001;"transferencia: $622.378,57";COMPLETED
V-2026-0084;"4/9/2026, 3:06:22 p. m.";Cajero;;600511.99;0;0;0;600511.99;"daviplata: $630.003,99";COMPLETED
V-2026-0083;"4/9/2026, 3:06:22 p. m.";Cajero;;12338.82;0;0;0;12338.82;"nequi: $39.541,82";COMPLETED
V-2026-0082;"4/9/2026, 3:06:22 p. m.";Cajero;;917628.1599999999;0;0;0;917628.1599999999;"transferencia: $947.986,16";COMPLETED
V-2026-0081;"4/9/2026, 3:06:22 p. m.";Cajero;;247192.94999999998;0;0;0;247192.94999999998;"nequi: $289.630,95";COMPLETED
V-2026-0080;"4/9/2026, 3:06:22 p. m.";Cajero;;116173.71;0;0;0;116173.71;"transferencia: $146.707,71";COMPLETED
V-2026-0079;"4/9/2026, 3:06:22 p. m.";Cajero;;712726.26;0;0;0;712726.26;"tarjeta: $749.080,26";COMPLETED
V-2026-0078;"4/9/2026, 3:06:22 p. m.";Cajero;;12744.09;0;0;0;12744.09;"efectivo: $24.891,09";COMPLETED
V-2026-0077;"4/9/2026, 3:06:22 p. m.";Cajero;;499609.74;0;0;0;499609.74;"nequi: $516.209,74";COMPLETED
V-2026-0076;"4/9/2026, 3:06:22 p. m.";Cajero;;1730877.8899999997;0;0;0;1730877.8899999997;"daviplata: $1.775.444,89";COMPLETED
V-2026-0075;"4/9/2026, 3:06:22 p. m.";Cajero;;722782.18;0;0;0;722782.18;"transferencia: $762.851,18";COMPLETED
V-2026-0074;"4/9/2026, 3:06:22 p. m.";Cajero;;139598.03;0;0;0;139598.03;"nequi: $148.463,03";COMPLETED
V-2026-0073;"4/9/2026, 3:06:22 p. m.";Cajero;;60533.01;0;0;0;60533.01;"daviplata: $78.516,01";COMPLETED
V-2026-0072;"4/9/2026, 3:06:22 p. m.";Cajero;;375212.51000000007;0;0;0;375212.51000000007;"efectivo: $406.871,51";COMPLETED
V-2026-0071;"4/9/2026, 3:06:22 p. m.";Cajero;;768801.25;0;0;0;768801.25;"nequi: $818.530,25";COMPLETED
V-2026-0070;"4/9/2026, 3:06:22 p. m.";Cajero;;383258.87;0;0;0;383258.87;"daviplata: $424.237,87";COMPLETED
V-2026-0069;"4/9/2026, 3:06:22 p. m.";Cajero;;1013565.4400000001;0;0;0;1013565.4400000001;"tarjeta: $1.028.596,44";COMPLETED
V-2026-0068;"4/9/2026, 3:06:22 p. m.";Cajero;;400992.69999999995;0;0;0;400992.69999999995;"transferencia: $439.444,7";COMPLETED
V-2026-0067;"4/9/2026, 3:06:22 p. m.";Cajero;;279552.38;0;0;0;279552.38;"efectivo: $295.730,38";COMPLETED
V-2026-0066;"4/9/2026, 3:06:22 p. m.";Cajero;;345531.21;0;0;0;345531.21;"efectivo: $388.044,21";COMPLETED
V-2026-0065;"4/9/2026, 3:06:22 p. m.";Cajero;;1554471.43;0;0;0;1554471.43;"daviplata: $1.570.078,43";COMPLETED
V-2026-0064;"4/9/2026, 3:06:22 p. m.";Cajero;;48670.479999999996;0;0;0;48670.479999999996;"nequi: $56.075,48";COMPLETED
V-2026-0063;"4/9/2026, 3:06:22 p. m.";Cajero;;313628.53;0;0;0;313628.53;"tarjeta: $348.615,53";COMPLETED
V-2026-0062;"4/9/2026, 3:06:22 p. m.";Cajero;;764800.61;0;0;0;764800.61;"efectivo: $788.433,61";COMPLETED
V-2026-0061;"4/9/2026, 3:06:22 p. m.";Cajero;;767142.27;0;0;0;767142.27;"nequi: $810.755,27";COMPLETED
V-2026-0060;"4/9/2026, 3:06:22 p. m.";Cajero;;364995.48;0;0;0;364995.48;"efectivo: $384.481,48";COMPLETED
V-2026-0059;"4/9/2026, 3:06:22 p. m.";Cajero;;625310.27;0;0;0;625310.27;"efectivo: $655.797,27";COMPLETED
V-2026-0058;"4/9/2026, 3:06:22 p. m.";Cajero;;334029.87;0;0;0;334029.87;"daviplata: $369.532,87";COMPLETED
V-2026-0057;"4/9/2026, 3:06:22 p. m.";Cajero;;164110.72;0;0;0;164110.72;"nequi: $166.357,72";COMPLETED
V-2026-0056;"4/9/2026, 3:06:22 p. m.";Cajero;;956736.37;0;0;0;956736.37;"tarjeta: $957.333,37";COMPLETED
V-2026-0055;"4/9/2026, 3:06:22 p. m.";Cajero;;515891.09;0;0;0;515891.09;"transferencia: $523.890,09";COMPLETED
V-2026-0054;"4/9/2026, 3:06:22 p. m.";Cajero;;65538.45000000001;0;0;0;65538.45000000001;"nequi: $85.414,45";COMPLETED
V-2026-0053;"4/9/2026, 3:06:22 p. m.";Cajero;;667012.0900000001;0;0;0;667012.0900000001;"efectivo: $716.158,09";COMPLETED
V-2026-0052;"4/9/2026, 3:06:22 p. m.";Cajero;;140100.33;0;0;0;140100.33;"daviplata: $173.612,33";COMPLETED
V-2026-0051;"4/9/2026, 3:06:22 p. m.";Cajero;;818989.25;0;0;0;818989.25;"efectivo: $866.660,25";COMPLETED
V-2026-0050;"4/9/2026, 3:06:22 p. m.";Cajero;;11454.8;0;0;0;11454.8;"daviplata: $34.199,8";COMPLETED
V-2026-0049;"4/9/2026, 3:06:22 p. m.";Cajero;;1039036.7100000001;0;0;0;1039036.7100000001;"nequi: $1.082.103,71";COMPLETED
V-2026-0048;"4/9/2026, 3:06:22 p. m.";Cajero;;105618.79;0;0;0;105618.79;"nequi: $136.214,79";COMPLETED
V-2026-0047;"4/9/2026, 3:06:22 p. m.";Cajero;;475272.30000000005;0;0;0;475272.30000000005;"daviplata: $519.187,3";COMPLETED
V-2026-0046;"4/9/2026, 3:06:22 p. m.";Cajero;;1456796.64;0;0;0;1456796.64;"efectivo: $1.501.358,64";COMPLETED
V-2026-0045;"4/9/2026, 3:06:22 p. m.";Cajero;;296632.18000000005;0;0;0;296632.18000000005;"efectivo: $323.423,18";COMPLETED
V-2026-0044;"4/9/2026, 3:06:22 p. m.";Cajero;;71187.83;0;0;0;71187.83;"daviplata: $85.080,83";COMPLETED
V-2026-0043;"4/9/2026, 3:06:22 p. m.";Cajero;;889740.19;0;0;0;889740.19;"transferencia: $904.881,19";COMPLETED
V-2026-0042;"4/9/2026, 3:06:22 p. m.";Cajero;;20695.58;0;0;0;20695.58;"tarjeta: $42.497,58";COMPLETED
V-2026-0041;"4/9/2026, 3:06:22 p. m.";Cajero;;27163.6;0;0;0;27163.6;"tarjeta: $75.201,6";COMPLETED
V-2026-0040;"4/9/2026, 3:06:22 p. m.";Cajero;;335294.56;0;0;0;335294.56;"daviplata: $377.687,56";COMPLETED
V-2026-0039;"4/9/2026, 3:06:22 p. m.";Cajero;;245031.9;0;0;0;245031.9;"efectivo: $257.786,9";COMPLETED
V-2026-0038;"4/9/2026, 3:06:22 p. m.";Cajero;;480557.22;0;0;0;480557.22;"daviplata: $508.345,22";COMPLETED
V-2026-0037;"4/9/2026, 3:06:22 p. m.";Cajero;;479195.24;0;0;0;479195.24;"transferencia: $495.556,24";COMPLETED
V-2026-0036;"4/9/2026, 3:06:22 p. m.";Cajero;;504234.21;0;0;0;504234.21;"efectivo: $511.551,21";COMPLETED
V-2026-0035;"4/9/2026, 3:06:22 p. m.";Cajero;;82212.63;0;0;0;82212.63;"tarjeta: $98.396,63";COMPLETED
V-2026-0034;"4/9/2026, 3:06:22 p. m.";Cajero;;279072.9;0;0;0;279072.9;"nequi: $300.597,9";COMPLETED
V-2026-0033;"4/9/2026, 3:06:22 p. m.";Cajero;;23154.699999999997;0;0;0;23154.699999999997;"tarjeta: $41.143,7";COMPLETED
V-2026-0032;"4/9/2026, 3:06:22 p. m.";Cajero;;681923.9199999999;0;0;0;681923.9199999999;"nequi: $698.524,92";COMPLETED
V-2026-0031;"4/9/2026, 3:06:22 p. m.";Cajero;;289752.27;0;0;0;289752.27;"transferencia: $332.006,27";COMPLETED
V-2026-0030;"4/9/2026, 3:06:22 p. m.";Cajero;;166356.4;0;0;0;166356.4;"efectivo: $214.047,4";COMPLETED
V-2026-0029;"4/9/2026, 3:06:22 p. m.";Cajero;;865790.0399999999;0;0;0;865790.0399999999;"daviplata: $883.166,04";COMPLETED
V-2026-0028;"4/9/2026, 3:06:22 p. m.";Cajero;;308802.77;0;0;0;308802.77;"tarjeta: $352.385,77";COMPLETED
V-2026-0027;"4/9/2026, 3:06:22 p. m.";Cajero;;283005.37;0;0;0;283005.37;"daviplata: $304.701,37";COMPLETED
V-2026-0026;"4/9/2026, 3:06:22 p. m.";Cajero;;111305.6;0;0;0;111305.6;"transferencia: $113.058,6";COMPLETED
V-2026-0025;"4/9/2026, 3:06:22 p. m.";Cajero;;313398.78;0;0;0;313398.78;"transferencia: $363.033,78";COMPLETED
V-2026-0024;"4/9/2026, 3:06:22 p. m.";Cajero;;380360.88999999996;0;0;0;380360.88999999996;"nequi: $399.654,89";COMPLETED
V-2026-0023;"4/9/2026, 3:06:22 p. m.";Cajero;;185175.5;0;0;0;185175.5;"tarjeta: $195.996,5";COMPLETED
V-2026-0022;"4/9/2026, 3:06:22 p. m.";Cajero;;562837.06;0;0;0;562837.06;"efectivo: $580.886,06";COMPLETED
V-2026-0021;"4/9/2026, 3:06:22 p. m.";Cajero;;518743.47;0;0;0;518743.47;"daviplata: $544.896,47";COMPLETED
V-2026-0020;"4/9/2026, 3:06:22 p. m.";Cajero;;65698.09;0;0;0;65698.09;"tarjeta: $66.028,09";COMPLETED
V-2026-0019;"4/9/2026, 3:06:22 p. m.";Cajero;;3744.64;0;0;0;3744.64;"nequi: $53.220,64";COMPLETED
V-2026-0018;"4/9/2026, 3:06:22 p. m.";Cajero;;412326.15;0;0;0;412326.15;"tarjeta: $433.972,15";COMPLETED
V-2026-0017;"4/9/2026, 3:06:22 p. m.";Cajero;;188922.86;0;0;0;188922.86;"efectivo: $215.853,86";COMPLETED
V-2026-0016;"4/9/2026, 3:06:22 p. m.";Cajero;;574274.87;0;0;0;574274.87;"nequi: $622.849,87";COMPLETED
V-2026-0015;"4/9/2026, 3:06:22 p. m.";Cajero;;370595.23;0;0;0;370595.23;"tarjeta: $414.269,23";COMPLETED
V-2026-0014;"4/9/2026, 3:06:22 p. m.";Cajero;;527528.95;0;0;0;527528.95;"nequi: $540.058,95";COMPLETED
V-2026-0013;"4/9/2026, 3:06:22 p. m.";Cajero;;70941.93000000001;0;0;0;70941.93000000001;"nequi: $72.463,93";COMPLETED
V-2026-0012;"4/9/2026, 3:06:22 p. m.";Cajero;;1365763.08;0;0;0;1365763.08;"nequi: $1.372.232,08";COMPLETED
V-2026-0011;"4/9/2026, 3:06:22 p. m.";Cajero;;656361.11;0;0;0;656361.11;"tarjeta: $699.177,11";COMPLETED
V-2026-0010;"4/9/2026, 3:06:22 p. m.";Cajero;;537681.37;0;0;0;537681.37;"efectivo: $555.331,37";COMPLETED
V-2026-0009;"4/9/2026, 3:06:22 p. m.";Cajero;;410362.81;0;0;0;410362.81;"nequi: $418.749,81";COMPLETED
V-2026-0008;"4/9/2026, 3:06:22 p. m.";Cajero;;208053.34999999998;0;0;0;208053.34999999998;"efectivo: $226.966,35";COMPLETED
V-2026-0007;"4/9/2026, 3:06:22 p. m.";Cajero;;43523.299999999996;0;0;0;43523.299999999996;"transferencia: $45.655,3";COMPLETED
V-2026-0006;"4/9/2026, 3:06:22 p. m.";Cajero;;568343.8600000001;0;0;0;568343.8600000001;"daviplata: $602.740,86";COMPLETED
V-2026-0005;"4/9/2026, 3:06:22 p. m.";Cajero;;138322.34999999998;0;0;0;138322.34999999998;"daviplata: $178.244,35";COMPLETED
V-2026-0004;"4/9/2026, 3:06:22 p. m.";Cajero;;717589.1799999999;0;0;0;717589.1799999999;"daviplata: $721.523,18";COMPLETED
V-2026-0003;"4/9/2026, 3:06:22 p. m.";Cajero;;104526.45999999999;0;0;0;104526.45999999999;"nequi: $120.656,46";COMPLETED
V-2026-0002;"4/9/2026, 3:06:22 p. m.";Cajero;;280591.71;0;0;0;280591.71;"daviplata: $283.853,71";COMPLETED
V-2026-0001;"4/9/2026, 3:06:22 p. m.";Cajero;;586584.36;0;0;0;586584.36;"transferencia: $596.393,36";COMPLETED
